Image Index,Finding Labels,Follow-up #,Patient ID,Patient Age,Patient Sex,View Position,OriginalImage[Width,Height],OriginalImagePixelSpacing[x,y],binary_label,Atelectasis,Cardiomegaly,Effusion,Infiltration,Mass,Nodule,Pneumonia,Pneumothorax,Consolidation,Edema,Emphysema,Fibrosis,Pleural_Thickening,Hernia
00000002_000.png,No Finding,0,2,80,M,PA,2500,2048,0.171,0.171,0,0,0,0,0,0,0,0,0,0,0,0,0,0,0
00000003_001.png,Hernia,0,3,74,F,PA,2500,2048,0.168,0.168,1,0,0,0,0,0,0,0,0,0,0,0,0,0,1
00000003_002.png,Hernia,1,3,75,F,PA,2048,2500,0.168,0.168,1,0,0,0,0,0,0,0,0,0,0,0,0,0,1
00000003_003.png,Hernia|Infiltration,2,3,76,F,PA,2698,2991,0.143,0.143,1,0,0,0,1,0,0,0,0,0,0,0,0,0,1
00000003_004.png,Hernia,3,3,77,F,PA,2500,2048,0.168,0.168,1,0,0,0,0,0,0,0,0,0,0,0,0,0,1
00000003_005.png,Hernia,4,3,78,F,PA,2686,2991,0.143,0.143,1,0,0,0,0,0,0,0,0,0,0,0,0,0,1
00000003_006.png,Hernia,5,3,79,F,PA,2992,2991,0.143,0.143,1,0,0,0,0,0,0,0,0,0,0,0,0,0,1
00000003_007.png,Hernia,6,3,80,F,PA,2582,2905,0.143,0.143,1,0,0,0,0,0,0,0,0,0,0,0,0,0,1
00000003_000.png,Hernia,7,3,81,F,PA,2582,2991,0.143,0.143,1,0,0,0,0,0,0,0,0,0,0,0,0,0,1
00000004_000.png,Mass|Nodule,0,4,82,M,AP,2500,2048,0.168,0.168,1,0,0,0,0,1,1,0,0,0,0,0,0,0,0
00000005_000.png,No Finding,0,5,69,F,PA,2048,2500,0.168,0.168,0,0,0,0,0,0,0,0,0,0,0,0,0,0,0
00000005_001.png,No Finding,1,5,69,F,AP,2500,2048,0.168,0.168,0,0,0,0,0,0,0,0,0,0,0,0,0,0,0
00000005_002.png,No Finding,2,5,69,F,AP,2500,2048,0.168,0.168,0,0,0,0,0,0,0,0,0,0,0,0,0,0,0
00000005_003.png,No Finding,3,5,69,F,PA,2992,2991,0.143,0.143,0,0,0,0,0,0,0,0,0,0,0,0,0,0,0
00000005_004.png,No Finding,4,5,70,F,PA,2986,2991,0.143,0.143,0,0,0,0,0,0,0,0,0,0,0,0,0,0,0
00000005_005.png,No Finding,5,5,70,F,PA,2514,2991,0.143,0.143,0,0,0,0,0,0,0,0,0,0,0,0,0,0,0
00000005_006.png,Infiltration,6,5,70,F,PA,2992,2991,0.143,0.143,1,0,0,0,1,0,0,0,0,0,0,0,0,0,0
00000005_007.png,Effusion|Infiltration,7,5,70,F,PA,2566,2681,0.143,0.143,1,0,0,1,1,0,0,0,0,0,0,0,0,0,0
00000006_000.png,No Finding,0,6,81,M,PA,2500,2048,0.168,0.168,0,0,0,0,0,0,0,0,0,0,0,0,0,0,0
00000010_000.png,Infiltration,0,10,84,F,PA,2992,2991,0.143,0.143,1,0,0,0,1,0,0,0,0,0,0,0,0,0,0
00000011_000.png,Effusion,0,11,74,M,PA,2638,2449,0.143,0.143,1,0,0,1,0,0,0,0,0,0,0,0,0,0,0
00000011_001.png,No Finding,1,11,74,M,PA,2500,2048,0.168,0.168,0,0,0,0,0,0,0,0,0,0,0,0,0,0,0
00000011_002.png,No Finding,2,11,75,M,PA,2714,2781,0.143,0.143,0,0,0,0,0,0,0,0,0,0,0,0,0,0,0
00000011_003.png,No Finding,3,11,75,M,PA,2500,2048,0.168,0.168,0,0,0,0,0,0,0,0,0,0,0,0,0,0,0
00000011_004.png,No Finding,4,11,75,M,PA,2500,2048,0.168,0.168,0,0,0,0,0,0,0,0,0,0,0,0,0,0,0
00000011_005.png,Infiltration,5,11,75,M,AP,2500,2048,0.168,0.168,1,0,0,0,1,0,0,0,0,0,0,0,0,0,0
00000011_007.png,Infiltration,7,11,75,M,PA,2782,2753,0.143,0.143,1,0,0,0,1,0,0,0,0,0,0,0,0,0,0
00000011_008.png,No Finding,8,11,75,M,PA,2826,2685,0.143,0.143,0,0,0,0,0,0,0,0,0,0,0,0,0,0,0
00000012_000.png,Effusion|Mass,0,12,76,M,PA,2992,2991,0.143,0.143,1,0,0,1,0,1,0,0,0,0,0,0,0,0,0
00000014_000.png,No Finding,0,14,60,F,PA,2048,2500,0.171,0.171,0,0,0,0,0,0,0,0,0,0,0,0,0,0,0
00000016_000.png,No Finding,0,16,71,M,PA,2992,2991,0.143,0.143,0,0,0,0,0,0,0,0,0,0,0,0,0,0,0
00000017_000.png,Effusion|Infiltration|Nodule,0,17,77,M,PA,2500,2048,0.168,0.168,1,0,0,1,1,0,1,0,0,0,0,0,0,0,0
00000017_001.png,No Finding,1,17,77,M,AP,2500,2048,0.168,0.168,0,0,0,0,0,0,0,0,0,0,0,0,0,0,0
00000017_002.png,No Finding,2,17,77,M,AP,2500,2048,0.168,0.168,0,0,0,0,0,0,0,0,0,0,0,0,0,0,0
00000020_001.png,Fibrosis|Infiltration,0,20,47,M,PA,2992,2991,0.143,0.143,1,0,0,0,1,0,0,0,0,0,0,0,1,0,0
00000020_002.png,Fibrosis|Infiltration|Pleural_Thickening,1,20,48,M,PA,2414,2991,0.143,0.143,1,0,0,0,1,0,0,0,0,0,0,0,1,1,0
00000020_000.png,Pleural_Thickening,2,20,53,M,PA,2978,2991,0.143,0.143,1,0,0,0,0,0,0,0,0,0,0,0,0,1,0
00000021_000.png,Nodule,0,21,77,M,PA,2500,2048,0.168,0.168,1,0,0,0,0,0,1,0,0,0,0,0,0,0,0
00000021_001.png,Infiltration,1,21,80,M,PA,3056,2496,0.139,0.139,1,0,0,0,1,0,0,0,0,0,0,0,0,0,0
00000022_000.png,No Finding,0,22,47,M,PA,2048,2500,0.171,0.171,0,0,0,0,0,0,0,0,0,0,0,0,0,0,0
00000022_001.png,Fibrosis,1,22,48,M,PA,2500,2048,0.168,0.168,1,0,0,0,0,0,0,0,0,0,0,0,1,0,0
00000023_000.png,No Finding,0,23,63,F,PA,2048,2500,0.168,0.168,0,0,0,0,0,0,0,0,0,0,0,0,0,0,0
00000023_001.png,No Finding,1,23,63,F,AP,2500,2048,0.168,0.168,0,0,0,0,0,0,0,0,0,0,0,0,0,0,0
00000023_002.png,Effusion|Infiltration,2,23,63,F,PA,2048,2500,0.168,0.168,1,0,0,1,1,0,0,0,0,0,0,0,0,0,0
00000023_003.png,No Finding,3,23,63,F,PA,2048,2500,0.168,0.168,0,0,0,0,0,0,0,0,0,0,0,0,0,0,0
00000023_004.png,Infiltration|Mass|Nodule,4,23,63,F,PA,2500,2048,0.168,0.168,1,0,0,0,1,1,1,0,0,0,0,0,0,0,0
00000024_000.png,Fibrosis,0,24,52,M,PA,2048,2500,0.168,0.168,1,0,0,0,0,0,0,0,0,0,0,0,1,0,0
00000025_000.png,Effusion,0,25,71,M,PA,2048,2500,0.171,0.171,1,0,0,1,0,0,0,0,0,0,0,0,0,0,0
00000028_000.png,Pleural_Thickening,0,28,63,M,PA,2048,2500,0.168,0.168,1,0,0,0,0,0,0,0,0,0,0,0,0,1,0
00000029_000.png,No Finding,0,29,59,F,PA,2500,2048,0.171,0.171,0,0,0,0,0,0,0,0,0,0,0,0,0,0,0
00000035_000.png,No Finding,0,35,79,M,PA,2754,2873,0.143,0.143,0,0,0,0,0,0,0,0,0,0,0,0,0,0,0
00000035_001.png,No Finding,1,35,80,M,PA,2718,2973,0.143,0.143,0,0,0,0,0,0,0,0,0,0,0,0,0,0,0
00000036_000.png,Effusion|Infiltration,0,36,81,M,PA,2992,2991,0.143,0.143,1,0,0,1,1,0,0,0,0,0,0,0,0,0,0
00000037_000.png,No Finding,0,37,72,M,PA,2708,2638,0.143,0.143,0,0,0,0,0,0,0,0,0,0,0,0,0,0,0
00000038_000.png,Cardiomegaly|Effusion,0,38,75,M,PA,2992,2991,0.143,0.143,1,0,1,1,0,0,0,0,0,0,0,0,0,0,0
00000038_002.png,No Finding,2,38,76,M,PA,2021,2020,0.1943109999999999,0.1943109999999999,0,0,0,0,0,0,0,0,0,0,0,0,0,0,0
00000038_003.png,Cardiomegaly,3,38,76,M,AP,3056,2544,0.139,0.139,1,0,1,0,0,0,0,0,0,0,0,0,0,0,0
00000038_004.png,No Finding,4,38,76,M,AP,3056,2544,0.139,0.139,0,0,0,0,0,0,0,0,0,0,0,0,0,0,0
00000038_005.png,No Finding,5,38,76,M,PA,2021,2021,0.1943109999999999,0.1943109999999999,0,0,0,0,0,0,0,0,0,0,0,0,0,0,0
00000038_007.png,No Finding,7,38,77,M,PA,2021,2021,0.1943109999999999,0.1943109999999999,0,0,0,0,0,0,0,0,0,0,0,0,0,0,0
00000039_000.png,No Finding,0,39,75,M,PA,2500,2048,0.168,0.168,0,0,0,0,0,0,0,0,0,0,0,0,0,0,0
00000039_001.png,No Finding,1,39,75,M,PA,2992,2991,0.143,0.143,0,0,0,0,0,0,0,0,0,0,0,0,0,0,0
00000039_002.png,No Finding,2,39,75,M,AP,2500,2048,0.168,0.168,0,0,0,0,0,0,0,0,0,0,0,0,0,0,0
00000039_003.png,No Finding,3,39,75,M,PA,2464,2715,0.143,0.143,0,0,0,0,0,0,0,0,0,0,0,0,0,0,0
00000039_004.png,Effusion,4,39,75,M,PA,2718,2991,0.143,0.143,1,0,0,1,0,0,0,0,0,0,0,0,0,0,0
00000040_000.png,No Finding,0,40,66,M,PA,2500,2048,0.168,0.168,0,0,0,0,0,0,0,0,0,0,0,0,0,0,0
00000040_001.png,Emphysema,1,40,66,M,AP,2500,2048,0.168,0.168,1,0,0,0,0,0,0,0,0,0,0,1,0,0,0
00000040_002.png,No Finding,2,40,66,M,AP,2500,2048,0.168,0.168,0,0,0,0,0,0,0,0,0,0,0,0,0,0,0
00000040_003.png,Consolidation|Mass,3,40,67,M,PA,2500,2048,0.168,0.168,1,0,0,0,0,1,0,0,0,1,0,0,0,0,0
00000041_000.png,Emphysema|Infiltration,0,41,62,F,PA,2048,2500,0.168,0.168,1,0,0,0,1,0,0,0,0,0,0,1,0,0,0
00000041_001.png,Emphysema,1,41,62,F,AP,2500,2048,0.168,0.168,1,0,0,0,0,0,0,0,0,0,0,1,0,0,0
00000041_003.png,No Finding,2,41,62,F,PA,2992,2991,0.143,0.143,0,0,0,0,0,0,0,0,0,0,0,0,0,0,0
00000041_002.png,Emphysema|Pneumothorax,3,41,62,F,PA,2678,2991,0.143,0.143,1,0,0,0,0,0,0,0,1,0,0,1,0,0,0
00000041_004.png,No Finding,4,41,62,F,PA,2422,2991,0.143,0.143,0,0,0,0,0,0,0,0,0,0,0,0,0,0,0
00000041_005.png,Emphysema,5,41,62,F,PA,2840,2894,0.143,0.143,1,0,0,0,0,0,0,0,0,0,0,1,0,0,0
00000041_006.png,Effusion,6,41,62,F,PA,2276,2441,0.143,0.143,1,0,0,1,0,0,0,0,0,0,0,0,0,0,0
00000042_000.png,No Finding,0,42,71,M,AP,3056,2544,0.139,0.139,0,0,0,0,0,0,0,0,0,0,0,0,0,0,0
00000042_001.png,No Finding,1,42,71,M,AP,3056,2544,0.139,0.139,0,0,0,0,0,0,0,0,0,0,0,0,0,0,0
00000042_002.png,No Finding,2,42,71,M,AP,3056,2544,0.139,0.139,0,0,0,0,0,0,0,0,0,0,0,0,0,0,0
00000042_003.png,No Finding,3,42,71,M,AP,3056,2544,0.139,0.139,0,0,0,0,0,0,0,0,0,0,0,0,0,0,0
00000042_004.png,No Finding,4,42,71,M,AP,2808,2544,0.139,0.139,0,0,0,0,0,0,0,0,0,0,0,0,0,0,0
00000042_005.png,No Finding,5,42,71,M,PA,2992,2991,0.143,0.143,0,0,0,0,0,0,0,0,0,0,0,0,0,0,0
00000042_006.png,Infiltration,6,42,71,M,AP,3056,2544,0.139,0.139,1,0,0,0,1,0,0,0,0,0,0,0,0,0,0
00000042_007.png,No Finding,7,42,71,M,PA,2992,2991,0.143,0.143,0,0,0,0,0,0,0,0,0,0,0,0,0,0,0
00000042_008.png,No Finding,8,42,71,M,AP,3056,2544,0.139,0.139,0,0,0,0,0,0,0,0,0,0,0,0,0,0,0
00000043_000.png,Infiltration,0,43,66,M,PA,2794,2991,0.143,0.143,1,0,0,0,1,0,0,0,0,0,0,0,0,0,0
00000047_000.png,No Finding,0,47,73,F,PA,2048,2500,0.168,0.168,0,0,0,0,0,0,0,0,0,0,0,0,0,0,0
00000047_001.png,No Finding,1,47,73,F,PA,2766,2991,0.143,0.143,0,0,0,0,0,0,0,0,0,0,0,0,0,0,0
00000047_002.png,No Finding,2,47,73,F,PA,2614,2621,0.143,0.143,0,0,0,0,0,0,0,0,0,0,0,0,0,0,0
00000047_005.png,No Finding,5,47,73,F,AP,2500,2048,0.168,0.168,0,0,0,0,0,0,0,0,0,0,0,0,0,0,0
00000047_007.png,No Finding,7,47,73,F,PA,2992,2991,0.143,0.143,0,0,0,0,0,0,0,0,0,0,0,0,0,0,0
00000048_000.png,No Finding,0,48,46,F,PA,2834,2641,0.143,0.143,0,0,0,0,0,0,0,0,0,0,0,0,0,0,0
00000050_002.png,No Finding,0,50,72,M,PA,2500,2048,0.168,0.168,0,0,0,0,0,0,0,0,0,0,0,0,0,0,0
00000050_003.png,No Finding,1,50,73,M,PA,2992,2991,0.143,0.143,0,0,0,0,0,0,0,0,0,0,0,0,0,0,0
00000050_000.png,No Finding,2,50,78,M,AP,3056,2544,0.139,0.139,0,0,0,0,0,0,0,0,0,0,0,0,0,0,0
00000050_001.png,No Finding,3,50,79,M,PA,2021,2021,0.1943109999999999,0.1943109999999999,0,0,0,0,0,0,0,0,0,0,0,0,0,0,0
00000051_000.png,Infiltration,0,51,55,M,PA,3056,2544,0.139,0.139,1,0,0,0,1,0,0,0,0,0,0,0,0,0,0
00000054_003.png,No Finding,0,54,62,F,PA,2500,2048,0.168,0.168,0,0,0,0,0,0,0,0,0,0,0,0,0,0,0
00000054_004.png,No Finding,1,54,63,F,PA,2048,2500,0.168,0.168,0,0,0,0,0,0,0,0,0,0,0,0,0,0,0
00000054_005.png,No Finding,2,54,64,F,PA,2826,2991,0.143,0.143,0,0,0,0,0,0,0,0,0,0,0,0,0,0,0
00000054_006.png,Infiltration,3,54,65,F,PA,2992,2991,0.143,0.143,1,0,0,0,1,0,0,0,0,0,0,0,0,0,0
00000054_007.png,No Finding,4,54,67,F,PA,2992,2991,0.143,0.143,0,0,0,0,0,0,0,0,0,0,0,0,0,0,0
00000054_008.png,No Finding,5,54,68,F,PA,2500,2048,0.168,0.168,0,0,0,0,0,0,0,0,0,0,0,0,0,0,0
00000054_009.png,No Finding,6,54,69,F,PA,2798,2991,0.143,0.143,0,0,0,0,0,0,0,0,0,0,0,0,0,0,0
00000054_000.png,Infiltration,7,54,71,F,PA,2910,2882,0.143,0.143,1,0,0,0,1,0,0,0,0,0,0,0,0,0,0
00000054_001.png,No Finding,8,54,72,F,PA,2544,3056,0.139,0.139,0,0,0,0,0,0,0,0,0,0,0,0,0,0,0
00000054_002.png,No Finding,9,54,73,F,PA,2021,2021,0.1943109999999999,0.1943109999999999,0,0,0,0,0,0,0,0,0,0,0,0,0,0,0
00000055_000.png,No Finding,0,55,80,F,PA,2048,2500,0.171,0.171,0,0,0,0,0,0,0,0,0,0,0,0,0,0,0
00000056_000.png,Nodule|Pneumonia,0,56,76,M,PA,2500,2048,0.168,0.168,1,0,0,0,0,0,1,1,0,0,0,0,0,0,0
00000056_001.png,Effusion,1,56,76,M,PA,2992,2991,0.143,0.143,1,0,0,1,0,0,0,0,0,0,0,0,0,0,0
00000061_000.png,Infiltration|Nodule,0,61,77,M,PA,3056,2500,0.139,0.139,1,0,0,0,1,0,1,0,0,0,0,0,0,0,0
00000061_001.png,Mass,1,61,77,M,PA,2530,2717,0.143,0.143,1,0,0,0,0,1,0,0,0,0,0,0,0,0,0
00000061_002.png,Effusion,2,61,77,M,PA,2992,2991,0.143,0.143,1,0,0,1,0,0,0,0,0,0,0,0,0,0,0
00000061_003.png,Effusion|Pleural_Thickening,3,61,77,M,PA,3056,2472,0.139,0.139,1,0,0,1,0,0,0,0,0,0,0,0,0,1,0
00000061_005.png,Effusion|Infiltration,5,61,77,M,AP,3056,2544,0.139,0.139,1,0,0,1,1,0,0,0,0,0,0,0,0,0,0
00000061_006.png,Effusion,6,61,77,M,AP,3056,2544,0.139,0.139,1,0,0,1,0,0,0,0,0,0,0,0,0,0,0
00000061_007.png,Effusion,7,61,77,M,AP,2500,2048,0.168,0.168,1,0,0,1,0,0,0,0,0,0,0,0,0,0,0
00000061_008.png,Effusion,8,61,77,M,AP,2500,2048,0.168,0.168,1,0,0,1,0,0,0,0,0,0,0,0,0,0,0
00000061_009.png,Effusion|Infiltration,9,61,77,M,AP,3056,2544,0.139,0.139,1,0,0,1,1,0,0,0,0,0,0,0,0,0,0
00000061_010.png,Effusion|Infiltration,10,61,77,M,AP,3056,2544,0.139,0.139,1,0,0,1,1,0,0,0,0,0,0,0,0,0,0
00000061_011.png,Effusion,11,61,77,M,AP,3056,2524,0.139,0.139,1,0,0,1,0,0,0,0,0,0,0,0,0,0,0
00000061_012.png,Edema|Effusion|Infiltration|Pleural_Thickening|Pneumonia,12,61,77,M,AP,3056,2544,0.139,0.139,1,0,0,1,1,0,0,1,0,0,1,0,0,1,0
00000061_013.png,Effusion|Fibrosis,13,61,77,M,AP,3056,2544,0.139,0.139,1,0,0,1,0,0,0,0,0,0,0,0,1,0,0
00000061_014.png,Effusion|Fibrosis,14,61,77,M,AP,3056,2544,0.139,0.139,1,0,0,1,0,0,0,0,0,0,0,0,1,0,0
00000061_015.png,Pneumonia,15,61,77,M,AP,3056,2544,0.139,0.139,1,0,0,0,0,0,0,1,0,0,0,0,0,0,0
00000061_016.png,No Finding,16,61,77,M,AP,3056,2544,0.139,0.139,0,0,0,0,0,0,0,0,0,0,0,0,0,0,0
00000061_017.png,Edema|Effusion|Infiltration,17,61,77,M,AP,3056,2544,0.139,0.139,1,0,0,1,1,0,0,0,0,0,1,0,0,0,0
00000061_018.png,Infiltration,18,61,77,M,AP,3056,2544,0.139,0.139,1,0,0,0,1,0,0,0,0,0,0,0,0,0,0
00000061_019.png,No Finding,19,61,77,M,AP,3056,2544,0.139,0.139,0,0,0,0,0,0,0,0,0,0,0,0,0,0,0
00000061_020.png,Edema|Effusion,20,61,77,M,AP,3056,2544,0.139,0.139,1,0,0,1,0,0,0,0,0,0,1,0,0,0,0
00000061_021.png,No Finding,21,61,77,M,AP,3056,2544,0.139,0.139,0,0,0,0,0,0,0,0,0,0,0,0,0,0,0
00000061_022.png,No Finding,22,61,77,M,AP,3056,2544,0.139,0.139,0,0,0,0,0,0,0,0,0,0,0,0,0,0,0
00000061_023.png,Consolidation|Effusion|Infiltration|Mass,23,61,77,M,AP,3056,2544,0.139,0.139,1,0,0,1,1,1,0,0,0,1,0,0,0,0,0
00000061_024.png,Infiltration,24,61,77,M,AP,3056,2544,0.139,0.139,1,0,0,0,1,0,0,0,0,0,0,0,0,0,0
00000061_025.png,Consolidation|Effusion|Infiltration|Nodule,25,61,77,M,AP,3056,2544,0.139,0.139,1,0,0,1,1,0,1,0,0,1,0,0,0,0,0
00000063_000.png,Infiltration,0,63,62,M,PA,2021,2021,0.1943109999999999,0.1943109999999999,1,0,0,0,1,0,0,0,0,0,0,0,0,0,0
00000065_000.png,No Finding,0,65,46,M,PA,2500,2048,0.168,0.168,0,0,0,0,0,0,0,0,0,0,0,0,0,0,0
00000067_000.png,Fibrosis,0,67,61,F,PA,2992,2991,0.143,0.143,1,0,0,0,0,0,0,0,0,0,0,0,1,0,0
00000067_002.png,No Finding,2,67,66,F,PA,2992,2991,0.143,0.143,0,0,0,0,0,0,0,0,0,0,0,0,0,0,0
00000069_000.png,Cardiomegaly,0,69,77,F,PA,2578,2991,0.143,0.143,1,0,1,0,0,0,0,0,0,0,0,0,0,0,0
00000073_000.png,No Finding,0,73,61,F,PA,2048,2500,0.171,0.171,0,0,0,0,0,0,0,0,0,0,0,0,0,0,0
00000073_001.png,No Finding,1,73,62,F,PA,2048,2500,0.168,0.168,0,0,0,0,0,0,0,0,0,0,0,0,0,0,0
00000073_002.png,Emphysema,2,73,62,F,AP,2048,2500,0.168,0.168,1,0,0,0,0,0,0,0,0,0,0,1,0,0,0
00000073_003.png,No Finding,3,73,63,F,PA,2048,2500,0.168,0.168,0,0,0,0,0,0,0,0,0,0,0,0,0,0,0
00000073_004.png,No Finding,4,73,64,F,PA,2992,2991,0.143,0.143,0,0,0,0,0,0,0,0,0,0,0,0,0,0,0
00000073_005.png,No Finding,5,73,65,F,PA,2992,2991,0.143,0.143,0,0,0,0,0,0,0,0,0,0,0,0,0,0,0
00000073_006.png,No Finding,6,73,66,F,PA,2946,2597,0.143,0.143,0,0,0,0,0,0,0,0,0,0,0,0,0,0,0
00000073_007.png,No Finding,7,73,66,F,PA,2992,2991,0.143,0.143,0,0,0,0,0,0,0,0,0,0,0,0,0,0,0
00000073_008.png,No Finding,8,73,67,F,PA,2618,2725,0.143,0.143,0,0,0,0,0,0,0,0,0,0,0,0,0,0,0
00000073_009.png,No Finding,9,73,68,F,PA,2480,3056,0.139,0.139,0,0,0,0,0,0,0,0,0,0,0,0,0,0,0
00000075_000.png,Cardiomegaly,0,75,61,F,PA,2482,2991,0.143,0.143,1,0,1,0,0,0,0,0,0,0,0,0,0,0,0
00000075_001.png,Cardiomegaly,1,75,61,F,PA,2742,2889,0.143,0.143,1,0,1,0,0,0,0,0,0,0,0,0,0,0,0
00000076_000.png,Effusion,0,76,80,M,PA,2500,2048,0.171,0.171,1,0,0,1,0,0,0,0,0,0,0,0,0,0,0
00000078_000.png,No Finding,0,78,73,F,PA,2992,2991,0.143,0.143,0,0,0,0,0,0,0,0,0,0,0,0,0,0,0
00000079_000.png,Mass,0,79,62,M,PA,2500,2048,0.168,0.168,1,0,0,0,0,1,0,0,0,0,0,0,0,0,0
00000080_000.png,No Finding,0,80,64,F,PA,2992,2991,0.143,0.143,0,0,0,0,0,0,0,0,0,0,0,0,0,0,0
00000080_002.png,No Finding,2,80,66,F,PA,1835,2021,0.1943109999999999,0.1943109999999999,0,0,0,0,0,0,0,0,0,0,0,0,0,0,0
00000080_003.png,No Finding,3,80,67,F,AP,3056,2544,0.139,0.139,0,0,0,0,0,0,0,0,0,0,0,0,0,0,0
00000080_005.png,No Finding,5,80,67,F,PA,1884,2021,0.1943109999999999,0.1943109999999999,0,0,0,0,0,0,0,0,0,0,0,0,0,0,0
00000082_000.png,No Finding,0,82,51,M,PA,2992,2991,0.143,0.143,0,0,0,0,0,0,0,0,0,0,0,0,0,0,0
00000083_000.png,No Finding,0,83,55,F,PA,2048,2500,0.171,0.171,0,0,0,0,0,0,0,0,0,0,0,0,0,0,0
00000084_000.png,Effusion,0,84,57,F,PA,2048,2500,0.171,0.171,1,0,0,1,0,0,0,0,0,0,0,0,0,0,0
00000084_001.png,Effusion,1,84,57,F,PA,2456,2968,0.139,0.139,1,0,0,1,0,0,0,0,0,0,0,0,0,0,0
00000085_000.png,No Finding,0,85,62,M,PA,2686,2725,0.143,0.143,0,0,0,0,0,0,0,0,0,0,0,0,0,0,0
00000086_001.png,Emphysema,0,86,62,M,PA,2500,2048,0.171,0.171,1,0,0,0,0,0,0,0,0,0,0,1,0,0,0
00000086_000.png,No Finding,2,86,75,M,PA,2021,2021,0.1943109999999999,0.1943109999999999,0,0,0,0,0,0,0,0,0,0,0,0,0,0,0
00000087_000.png,No Finding,0,87,71,F,AP,3056,2544,0.139,0.139,0,0,0,0,0,0,0,0,0,0,0,0,0,0,0
00000087_001.png,No Finding,1,87,71,F,PA,2992,2991,0.143,0.143,0,0,0,0,0,0,0,0,0,0,0,0,0,0,0
00000088_000.png,Cardiomegaly|Effusion,0,88,44,F,PA,2048,2500,0.171,0.171,1,0,1,1,0,0,0,0,0,0,0,0,0,0,0
00000090_000.png,No Finding,0,90,67,F,PA,2310,2991,0.143,0.143,0,0,0,0,0,0,0,0,0,0,0,0,0,0,0
00000090_001.png,No Finding,1,90,67,F,AP,2500,2048,0.168,0.168,0,0,0,0,0,0,0,0,0,0,0,0,0,0,0
00000090_002.png,No Finding,2,90,67,F,AP,2500,2048,0.168,0.168,0,0,0,0,0,0,0,0,0,0,0,0,0,0,0
00000090_003.png,Effusion,3,90,67,F,AP,2500,2048,0.168,0.168,1,0,0,1,0,0,0,0,0,0,0,0,0,0,0
00000090_005.png,Effusion|Emphysema|Infiltration,5,90,67,F,AP,2500,2048,0.168,0.168,1,0,0,1,1,0,0,0,0,0,0,1,0,0,0
00000090_006.png,No Finding,6,90,67,F,PA,2992,2991,0.143,0.143,0,0,0,0,0,0,0,0,0,0,0,0,0,0,0
00000090_007.png,No Finding,7,90,67,F,AP,2500,2048,0.168,0.168,0,0,0,0,0,0,0,0,0,0,0,0,0,0,0
00000090_008.png,Effusion,8,90,67,F,PA,2514,2625,0.143,0.143,1,0,0,1,0,0,0,0,0,0,0,0,0,0,0
00000090_009.png,Pneumothorax,9,90,67,F,PA,2992,2991,0.143,0.143,1,0,0,0,0,0,0,0,1,0,0,0,0,0,0
00000090_010.png,No Finding,10,90,68,F,PA,2598,2885,0.143,0.143,0,0,0,0,0,0,0,0,0,0,0,0,0,0,0
00000091_000.png,No Finding,0,91,69,M,PA,2834,2849,0.143,0.143,0,0,0,0,0,0,0,0,0,0,0,0,0,0,0
00000091_001.png,Nodule,1,91,69,M,AP,2500,2048,0.168,0.168,1,0,0,0,0,0,1,0,0,0,0,0,0,0,0
00000091_002.png,Infiltration|Mass,2,91,69,M,PA,2992,2991,0.143,0.143,1,0,0,0,1,1,0,0,0,0,0,0,0,0,0
00000091_003.png,Mass,3,91,69,M,PA,2910,2991,0.143,0.143,1,0,0,0,0,1,0,0,0,0,0,0,0,0,0
00000091_004.png,Infiltration,4,91,69,M,PA,2992,2991,0.143,0.143,1,0,0,0,1,0,0,0,0,0,0,0,0,0,0
00000091_005.png,Effusion|Infiltration,5,91,69,M,PA,2500,2048,0.168,0.168,1,0,0,1,1,0,0,0,0,0,0,0,0,0,0
00000091_006.png,No Finding,6,91,70,M,PA,2992,2991,0.143,0.143,0,0,0,0,0,0,0,0,0,0,0,0,0,0,0
00000091_007.png,No Finding,7,91,70,M,AP,2500,2048,0.168,0.168,0,0,0,0,0,0,0,0,0,0,0,0,0,0,0
00000091_009.png,Effusion,9,91,70,M,AP,2500,2048,0.168,0.168,1,0,0,1,0,0,0,0,0,0,0,0,0,0,0
00000092_000.png,No Finding,0,92,54,F,PA,2048,2500,0.171,0.171,0,0,0,0,0,0,0,0,0,0,0,0,0,0,0
00000092_001.png,Effusion|Fibrosis,1,92,56,F,PA,2678,2649,0.143,0.143,1,0,0,1,0,0,0,0,0,0,0,0,1,0,0
00000092_002.png,Fibrosis,2,92,57,F,PA,2674,2991,0.143,0.143,1,0,0,0,0,0,0,0,0,0,0,0,1,0,0
00000092_003.png,Fibrosis,3,92,58,F,PA,2992,2991,0.143,0.143,1,0,0,0,0,0,0,0,0,0,0,0,1,0,0
00000093_000.png,Nodule,0,93,74,M,PA,2992,2991,0.143,0.143,1,0,0,0,0,0,1,0,0,0,0,0,0,0,0
00000093_001.png,Nodule,1,93,75,M,PA,2500,2048,0.168,0.168,1,0,0,0,0,0,1,0,0,0,0,0,0,0,0
00000093_002.png,No Finding,2,93,75,M,PA,2992,2991,0.143,0.143,0,0,0,0,0,0,0,0,0,0,0,0,0,0,0
00000095_000.png,No Finding,0,95,50,F,PA,2048,2500,0.171,0.171,0,0,0,0,0,0,0,0,0,0,0,0,0,0,0
00000096_000.png,Cardiomegaly,0,96,67,F,PA,2646,2829,0.143,0.143,1,0,1,0,0,0,0,0,0,0,0,0,0,0,0
00000096_002.png,Effusion,2,96,67,F,PA,2992,2991,0.143,0.143,1,0,0,1,0,0,0,0,0,0,0,0,0,0,0
00000096_006.png,Effusion,6,96,67,F,PA,2242,2546,0.143,0.143,1,0,0,1,0,0,0,0,0,0,0,0,0,0,0
00000096_007.png,Consolidation|Effusion,7,96,67,F,PA,2992,2991,0.143,0.143,1,0,0,1,0,0,0,0,0,1,0,0,0,0,0
00000096_008.png,No Finding,8,96,67,F,PA,2562,2965,0.143,0.143,0,0,0,0,0,0,0,0,0,0,0,0,0,0,0
00000098_000.png,No Finding,0,98,62,F,PA,2021,2021,0.1943109999999999,0.1943109999999999,0,0,0,0,0,0,0,0,0,0,0,0,0,0,0
00000099_002.png,Effusion,2,99,55,F,PA,2048,2500,0.168,0.168,1,0,0,1,0,0,0,0,0,0,0,0,0,0,0
00000099_003.png,Effusion,3,99,56,F,PA,2830,2801,0.143,0.143,1,0,0,1,0,0,0,0,0,0,0,0,0,0,0
00000099_004.png,Infiltration,4,99,56,F,PA,2272,2526,0.143,0.143,1,0,0,0,1,0,0,0,0,0,0,0,0,0,0
00000099_006.png,No Finding,6,99,57,F,AP,2048,2500,0.168,0.168,0,0,0,0,0,0,0,0,0,0,0,0,0,0,0
00000099_007.png,Consolidation|Effusion,7,99,57,F,AP,2500,2048,0.168,0.168,1,0,0,1,0,0,0,0,0,1,0,0,0,0,0
00000099_008.png,Effusion,8,99,57,F,AP,2500,2048,0.168,0.168,1,0,0,1,0,0,0,0,0,0,0,0,0,0,0
00000099_009.png,Effusion,9,99,57,F,PA,2822,2829,0.143,0.143,1,0,0,1,0,0,0,0,0,0,0,0,0,0,0
00000099_012.png,Effusion,12,99,58,F,PA,2624,2430,0.143,0.143,1,0,0,1,0,0,0,0,0,0,0,0,0,0,0
00000099_013.png,Effusion|Fibrosis,13,99,59,F,PA,2454,2645,0.143,0.143,1,0,0,1,0,0,0,0,0,0,0,0,1,0,0
00000100_001.png,No Finding,1,100,64,M,PA,2992,2991,0.143,0.143,0,0,0,0,0,0,0,0,0,0,0,0,0,0,0
00000101_000.png,Nodule,0,101,33,M,PA,2500,2048,0.171,0.171,1,0,0,0,0,0,1,0,0,0,0,0,0,0,0
00000102_000.png,Infiltration,0,102,60,F,PA,2021,2021,0.1943109999999999,0.1943109999999999,1,0,0,0,1,0,0,0,0,0,0,0,0,0,0
00000104_000.png,Pleural_Thickening,0,104,68,F,PA,2906,2991,0.143,0.143,1,0,0,0,0,0,0,0,0,0,0,0,0,1,0
00000104_001.png,No Finding,1,104,69,F,PA,2734,2991,0.143,0.143,0,0,0,0,0,0,0,0,0,0,0,0,0,0,0
00000105_001.png,No Finding,0,105,51,M,PA,2500,2048,0.171,0.171,0,0,0,0,0,0,0,0,0,0,0,0,0,0,0
00000105_002.png,Infiltration,1,105,51,M,AP,2500,2048,0.171,0.171,1,0,0,0,1,0,0,0,0,0,0,0,0,0,0
00000105_003.png,No Finding,2,105,52,M,PA,2500,2048,0.171,0.171,0,0,0,0,0,0,0,0,0,0,0,0,0,0,0
00000105_004.png,Nodule,3,105,52,M,PA,2500,2048,0.171,0.171,1,0,0,0,0,0,1,0,0,0,0,0,0,0,0
00000105_005.png,Nodule,4,105,54,M,PA,2500,2048,0.168,0.168,1,0,0,0,0,0,1,0,0,0,0,0,0,0,0
00000105_000.png,No Finding,5,105,64,M,PA,2021,2021,0.1943109999999999,0.1943109999999999,0,0,0,0,0,0,0,0,0,0,0,0,0,0,0
00000106_000.png,No Finding,0,106,59,F,PA,2500,2048,0.171,0.171,0,0,0,0,0,0,0,0,0,0,0,0,0,0,0
00000107_000.png,No Finding,0,107,60,F,PA,2048,2500,0.171,0.171,0,0,0,0,0,0,0,0,0,0,0,0,0,0,0
00000107_001.png,Pleural_Thickening,1,107,62,F,PA,2048,2500,0.168,0.168,1,0,0,0,0,0,0,0,0,0,0,0,0,1,0
00000108_000.png,No Finding,0,108,42,F,PA,2048,2500,0.171,0.171,0,0,0,0,0,0,0,0,0,0,0,0,0,0,0
00000108_001.png,No Finding,1,108,42,F,AP,2500,2048,0.171,0.171,0,0,0,0,0,0,0,0,0,0,0,0,0,0,0
00000111_000.png,Hernia,0,111,86,F,PA,2048,2500,0.168,0.168,1,0,0,0,0,0,0,0,0,0,0,0,0,0,1
00000113_000.png,No Finding,0,113,73,M,PA,2992,2991,0.143,0.143,0,0,0,0,0,0,0,0,0,0,0,0,0,0,0
00000114_000.png,Infiltration,0,114,65,M,PA,2992,2991,0.143,0.143,1,0,0,0,1,0,0,0,0,0,0,0,0,0,0
00000115_000.png,No Finding,0,115,49,F,PA,2048,2500,0.171,0.171,0,0,0,0,0,0,0,0,0,0,0,0,0,0,0
00000115_001.png,Infiltration,1,115,56,F,PA,2634,2461,0.143,0.143,1,0,0,0,1,0,0,0,0,0,0,0,0,0,0
00000116_000.png,Cardiomegaly,0,116,73,F,PA,2048,2500,0.168,0.168,1,0,1,0,0,0,0,0,0,0,0,0,0,0,0
00000116_001.png,Effusion,1,116,74,F,AP,2500,2048,0.168,0.168,1,0,0,1,0,0,0,0,0,0,0,0,0,0,0
00000116_002.png,Effusion,2,116,74,F,AP,2500,2048,0.168,0.168,1,0,0,1,0,0,0,0,0,0,0,0,0,0,0
00000116_003.png,Effusion,3,116,74,F,AP,2500,2048,0.168,0.168,1,0,0,1,0,0,0,0,0,0,0,0,0,0,0
00000116_004.png,Effusion,4,116,74,F,AP,2500,2048,0.168,0.168,1,0,0,1,0,0,0,0,0,0,0,0,0,0,0
00000116_006.png,Effusion,5,116,74,F,AP,2500,2048,0.168,0.168,1,0,0,1,0,0,0,0,0,0,0,0,0,0,0
00000116_005.png,Effusion,6,116,74,F,AP,2500,2048,0.168,0.168,1,0,0,1,0,0,0,0,0,0,0,0,0,0,0
00000116_007.png,Consolidation|Effusion|Infiltration,7,116,74,F,AP,2500,2048,0.168,0.168,1,0,0,1,1,0,0,0,0,1,0,0,0,0,0
00000116_009.png,Effusion,8,116,74,F,AP,2500,2048,0.168,0.168,1,0,0,1,0,0,0,0,0,0,0,0,0,0,0
00000116_008.png,Effusion,9,116,74,F,AP,2500,2048,0.168,0.168,1,0,0,1,0,0,0,0,0,0,0,0,0,0,0
00000116_010.png,Cardiomegaly|Effusion,10,116,74,F,AP,2500,2048,0.168,0.168,1,0,1,1,0,0,0,0,0,0,0,0,0,0,0
00000116_011.png,Effusion,11,116,74,F,AP,2500,2048,0.168,0.168,1,0,0,1,0,0,0,0,0,0,0,0,0,0,0
00000116_012.png,Pneumothorax,12,116,74,F,AP,2500,2048,0.168,0.168,1,0,0,0,0,0,0,0,1,0,0,0,0,0,0
00000116_013.png,Cardiomegaly|Consolidation,13,116,74,F,AP,2500,2048,0.168,0.168,1,0,1,0,0,0,0,0,0,1,0,0,0,0,0
00000116_014.png,Consolidation,14,116,74,F,AP,2500,2048,0.168,0.168,1,0,0,0,0,0,0,0,0,1,0,0,0,0,0
00000116_015.png,Consolidation,15,116,74,F,AP,2500,2048,0.168,0.168,1,0,0,0,0,0,0,0,0,1,0,0,0,0,0
00000116_016.png,Cardiomegaly,16,116,74,F,AP,2500,2048,0.168,0.168,1,0,1,0,0,0,0,0,0,0,0,0,0,0,0
00000116_018.png,Consolidation|Effusion,17,116,74,F,AP,2500,2048,0.168,0.168,1,0,0,1,0,0,0,0,0,1,0,0,0,0,0
00000116_017.png,Consolidation|Effusion,18,116,74,F,AP,2500,2048,0.168,0.168,1,0,0,1,0,0,0,0,0,1,0,0,0,0,0
00000116_019.png,Consolidation,19,116,74,F,AP,2500,2048,0.168,0.168,1,0,0,0,0,0,0,0,0,1,0,0,0,0,0
00000116_020.png,Effusion,20,116,74,F,AP,2500,2048,0.168,0.168,1,0,0,1,0,0,0,0,0,0,0,0,0,0,0
00000116_021.png,Effusion|Pneumothorax,21,116,74,F,AP,2500,2048,0.168,0.168,1,0,0,1,0,0,0,0,1,0,0,0,0,0,0
00000116_022.png,Effusion,22,116,74,F,AP,2500,2048,0.168,0.168,1,0,0,1,0,0,0,0,0,0,0,0,0,0,0
00000116_023.png,Effusion|Infiltration,23,116,74,F,AP,2500,2048,0.168,0.168,1,0,0,1,1,0,0,0,0,0,0,0,0,0,0
00000116_024.png,Effusion|Infiltration,24,116,74,F,AP,2500,2048,0.168,0.168,1,0,0,1,1,0,0,0,0,0,0,0,0,0,0
00000116_025.png,Effusion|Infiltration,25,116,74,F,AP,2500,2048,0.168,0.168,1,0,0,1,1,0,0,0,0,0,0,0,0,0,0
00000116_026.png,Infiltration,26,116,74,F,AP,2500,2048,0.168,0.168,1,0,0,0,1,0,0,0,0,0,0,0,0,0,0
00000116_027.png,No Finding,27,116,74,F,AP,2500,2048,0.168,0.168,0,0,0,0,0,0,0,0,0,0,0,0,0,0,0
00000116_028.png,Effusion,28,116,74,F,AP,2500,2048,0.168,0.168,1,0,0,1,0,0,0,0,0,0,0,0,0,0,0
00000116_030.png,No Finding,29,116,74,F,AP,2500,2048,0.168,0.168,0,0,0,0,0,0,0,0,0,0,0,0,0,0,0
00000116_031.png,Cardiomegaly|Consolidation,31,116,74,F,AP,2500,2048,0.168,0.168,1,0,1,0,0,0,0,0,0,1,0,0,0,0,0
00000116_032.png,Cardiomegaly|Consolidation,32,116,74,F,AP,2500,2048,0.168,0.168,1,0,1,0,0,0,0,0,0,1,0,0,0,0,0
00000116_033.png,Effusion,33,116,74,F,AP,2500,2048,0.168,0.168,1,0,0,1,0,0,0,0,0,0,0,0,0,0,0
00000116_034.png,Cardiomegaly|Effusion|Pleural_Thickening,34,116,74,F,AP,2500,2048,0.168,0.168,1,0,1,1,0,0,0,0,0,0,0,0,0,1,0
00000116_036.png,Effusion,35,116,74,F,AP,2500,2048,0.168,0.168,1,0,0,1,0,0,0,0,0,0,0,0,0,0,0
00000116_037.png,Cardiomegaly|Effusion,37,116,74,F,AP,2500,2048,0.168,0.168,1,0,1,1,0,0,0,0,0,0,0,0,0,0,0
00000116_038.png,No Finding,38,116,74,F,AP,2500,2048,0.168,0.168,0,0,0,0,0,0,0,0,0,0,0,0,0,0,0
00000116_039.png,No Finding,39,116,74,F,AP,2500,2048,0.168,0.168,0,0,0,0,0,0,0,0,0,0,0,0,0,0,0
00000116_040.png,Cardiomegaly|Consolidation,40,116,74,F,AP,2500,2048,0.168,0.168,1,0,1,0,0,0,0,0,0,1,0,0,0,0,0
00000117_000.png,Effusion,0,117,78,F,PA,2048,2500,0.171,0.171,1,0,0,1,0,0,0,0,0,0,0,0,0,0,0
00000117_001.png,Effusion,1,117,78,F,PA,2048,2500,0.171,0.171,1,0,0,1,0,0,0,0,0,0,0,0,0,0,0
00000118_000.png,Emphysema,0,118,73,M,AP,3056,2544,0.139,0.139,1,0,0,0,0,0,0,0,0,0,0,1,0,0,0
00000118_002.png,Emphysema|Pneumothorax,2,118,73,M,PA,2992,2991,0.143,0.143,1,0,0,0,0,0,0,0,1,0,0,1,0,0,0
00000118_004.png,Emphysema|Pneumothorax,4,118,73,M,PA,2992,2991,0.143,0.143,1,0,0,0,0,0,0,0,1,0,0,1,0,0,0
00000118_005.png,Pneumothorax,5,118,73,M,PA,2992,2991,0.143,0.143,1,0,0,0,0,0,0,0,1,0,0,0,0,0,0
00000118_008.png,No Finding,8,118,73,M,PA,3056,2544,0.139,0.139,0,0,0,0,0,0,0,0,0,0,0,0,0,0,0
00000118_009.png,Pneumothorax,9,118,73,M,AP,3056,2544,0.139,0.139,1,0,0,0,0,0,0,0,1,0,0,0,0,0,0
00000118_010.png,Pneumothorax,10,118,73,M,PA,2992,2991,0.143,0.143,1,0,0,0,0,0,0,0,1,0,0,0,0,0,0
00000118_011.png,Pneumothorax,11,118,73,M,PA,2774,2991,0.143,0.143,1,0,0,0,0,0,0,0,1,0,0,0,0,0,0
00000118_012.png,No Finding,12,118,73,M,PA,2622,2991,0.143,0.143,0,0,0,0,0,0,0,0,0,0,0,0,0,0,0
00000118_013.png,Infiltration,13,118,73,M,PA,2992,2991,0.143,0.143,1,0,0,0,1,0,0,0,0,0,0,0,0,0,0
00000118_014.png,No Finding,14,118,73,M,PA,2992,2991,0.143,0.143,0,0,0,0,0,0,0,0,0,0,0,0,0,0,0
00000118_015.png,Effusion,15,118,73,M,PA,2992,2991,0.143,0.143,1,0,0,1,0,0,0,0,0,0,0,0,0,0,0
00000118_016.png,No Finding,16,118,73,M,PA,2992,2991,0.143,0.143,0,0,0,0,0,0,0,0,0,0,0,0,0,0,0
00000119_000.png,Infiltration,1,119,60,M,PA,2992,2991,0.143,0.143,1,0,0,0,1,0,0,0,0,0,0,0,0,0,0
00000122_000.png,No Finding,0,122,52,M,PA,2500,2048,0.171,0.171,0,0,0,0,0,0,0,0,0,0,0,0,0,0,0
00000123_000.png,Cardiomegaly|Emphysema,0,123,50,M,PA,2048,2500,0.171,0.171,1,0,1,0,0,0,0,0,0,0,0,1,0,0,0
00000124_000.png,Cardiomegaly|Infiltration,0,124,69,M,PA,2794,2745,0.143,0.143,1,0,1,0,1,0,0,0,0,0,0,0,0,0,0
00000126_000.png,No Finding,0,126,49,M,PA,2500,2048,0.168,0.168,0,0,0,0,0,0,0,0,0,0,0,0,0,0,0
00000127_000.png,No Finding,0,127,56,F,PA,2048,2500,0.168,0.168,0,0,0,0,0,0,0,0,0,0,0,0,0,0,0
00000127_001.png,No Finding,1,127,56,F,PA,2398,2991,0.143,0.143,0,0,0,0,0,0,0,0,0,0,0,0,0,0,0
00000127_002.png,Effusion,2,127,56,F,AP,2500,2048,0.168,0.168,1,0,0,1,0,0,0,0,0,0,0,0,0,0,0
00000127_003.png,Effusion,3,127,56,F,AP,2500,2048,0.168,0.168,1,0,0,1,0,0,0,0,0,0,0,0,0,0,0
00000127_004.png,Effusion,4,127,56,F,AP,2500,2048,0.168,0.168,1,0,0,1,0,0,0,0,0,0,0,0,0,0,0
00000127_005.png,Effusion,5,127,56,F,AP,2500,2048,0.168,0.168,1,0,0,1,0,0,0,0,0,0,0,0,0,0,0
00000127_006.png,No Finding,6,127,56,F,AP,2500,2048,0.168,0.168,0,0,0,0,0,0,0,0,0,0,0,0,0,0,0
00000127_007.png,Effusion,7,127,56,F,AP,2500,2048,0.168,0.168,1,0,0,1,0,0,0,0,0,0,0,0,0,0,0
00000127_008.png,No Finding,8,127,56,F,PA,2326,2460,0.143,0.143,0,0,0,0,0,0,0,0,0,0,0,0,0,0,0
00000128_000.png,Cardiomegaly|Nodule,0,128,66,F,PA,2048,2500,0.171,0.171,1,0,1,0,0,0,1,0,0,0,0,0,0,0,0
00000129_000.png,No Finding,0,129,66,F,PA,2462,2991,0.143,0.143,0,0,0,0,0,0,0,0,0,0,0,0,0,0,0
00000129_001.png,No Finding,1,129,67,F,PA,2992,2991,0.143,0.143,0,0,0,0,0,0,0,0,0,0,0,0,0,0,0
00000130_000.png,No Finding,0,130,51,F,PA,2048,2500,0.171,0.171,0,0,0,0,0,0,0,0,0,0,0,0,0,0,0
00000131_002.png,Cardiomegaly|Emphysema,0,131,54,M,PA,2500,2048,0.168,0.168,1,0,1,0,0,0,0,0,0,0,0,1,0,0,0
00000131_000.png,Infiltration,1,131,63,M,PA,2682,2596,0.143,0.143,1,0,0,0,1,0,0,0,0,0,0,0,0,0,0
00000131_001.png,Cardiomegaly,2,131,65,M,PA,2021,2021,0.1943109999999999,0.1943109999999999,1,0,1,0,0,0,0,0,0,0,0,0,0,0,0
00000132_000.png,No Finding,0,132,58,F,PA,2048,2500,0.168,0.168,0,0,0,0,0,0,0,0,0,0,0,0,0,0,0
00000132_001.png,Consolidation|Edema,1,132,60,F,PA,2992,2991,0.143,0.143,1,0,0,0,0,0,0,0,0,1,1,0,0,0,0
00000132_002.png,Consolidation|Pleural_Thickening,2,132,60,F,PA,2750,2991,0.143,0.143,1,0,0,0,0,0,0,0,0,1,0,0,0,1,0
00000132_003.png,Effusion,3,132,61,F,PA,2048,2500,0.168,0.168,1,0,0,1,0,0,0,0,0,0,0,0,0,0,0
00000132_004.png,Effusion|Fibrosis|Nodule|Pleural_Thickening,4,132,63,F,PA,2594,2991,0.143,0.143,1,0,0,1,0,0,1,0,0,0,0,0,1,1,0
00000132_005.png,Effusion|Fibrosis|Mass|Nodule|Pleural_Thickening,5,132,64,F,PA,2670,2991,0.143,0.143,1,0,0,1,0,1,1,0,0,0,0,0,1,1,0
00000132_006.png,Infiltration,6,132,64,F,PA,2638,2991,0.143,0.143,1,0,0,0,1,0,0,0,0,0,0,0,0,0,0
00000133_000.png,Effusion|Nodule,0,133,67,M,PA,2992,2991,0.143,0.143,1,0,0,1,0,0,1,0,0,0,0,0,0,0,0
00000133_001.png,No Finding,1,133,68,M,PA,2986,2991,0.143,0.143,0,0,0,0,0,0,0,0,0,0,0,0,0,0,0
00000133_002.png,No Finding,2,133,68,M,AP,3056,2544,0.139,0.139,0,0,0,0,0,0,0,0,0,0,0,0,0,0,0
00000134_000.png,Infiltration,0,134,76,F,AP,2048,2500,0.168,0.168,1,0,0,0,1,0,0,0,0,0,0,0,0,0,0
00000136_000.png,No Finding,0,136,58,F,PA,2750,2657,0.143,0.143,0,0,0,0,0,0,0,0,0,0,0,0,0,0,0
00000137_000.png,No Finding,0,137,52,M,PA,2992,2991,0.143,0.143,0,0,0,0,0,0,0,0,0,0,0,0,0,0,0
00000137_001.png,No Finding,1,137,52,M,AP,3056,2544,0.139,0.139,0,0,0,0,0,0,0,0,0,0,0,0,0,0,0
00000138_000.png,No Finding,0,138,61,F,PA,2048,2500,0.171,0.171,0,0,0,0,0,0,0,0,0,0,0,0,0,0,0
00000138_001.png,No Finding,1,138,62,F,PA,2048,2500,0.168,0.168,0,0,0,0,0,0,0,0,0,0,0,0,0,0,0
00000138_003.png,No Finding,3,138,63,F,PA,2992,2991,0.143,0.143,0,0,0,0,0,0,0,0,0,0,0,0,0,0,0
00000138_004.png,Nodule,4,138,65,F,PA,2822,2541,0.143,0.143,1,0,0,0,0,0,1,0,0,0,0,0,0,0,0
00000138_005.png,Effusion|Nodule|Pleural_Thickening,5,138,66,F,PA,2642,2991,0.143,0.143,1,0,0,1,0,0,1,0,0,0,0,0,0,1,0
00000138_006.png,Pleural_Thickening,6,138,68,F,PA,2350,2705,0.143,0.143,1,0,0,0,0,0,0,0,0,0,0,0,0,1,0
00000139_000.png,No Finding,0,139,58,F,PA,2048,2500,0.171,0.171,0,0,0,0,0,0,0,0,0,0,0,0,0,0,0
00000139_001.png,No Finding,1,139,58,F,PA,2048,2500,0.171,0.171,0,0,0,0,0,0,0,0,0,0,0,0,0,0,0
00000139_002.png,No Finding,2,139,58,F,PA,2048,2500,0.171,0.171,0,0,0,0,0,0,0,0,0,0,0,0,0,0,0
00000141_000.png,No Finding,0,141,31,M,PA,2500,2048,0.171,0.171,0,0,0,0,0,0,0,0,0,0,0,0,0,0,0
00000143_003.png,No Finding,0,143,89,M,PA,2302,2991,0.143,0.143,0,0,0,0,0,0,0,0,0,0,0,0,0,0,0
00000143_004.png,No Finding,1,143,90,M,PA,2558,2991,0.143,0.143,0,0,0,0,0,0,0,0,0,0,0,0,0,0,0
00000143_005.png,No Finding,2,143,90,M,PA,2500,2048,0.168,0.168,0,0,0,0,0,0,0,0,0,0,0,0,0,0,0
00000143_006.png,Infiltration,3,143,90,M,PA,2466,2758,0.143,0.143,1,0,0,0,1,0,0,0,0,0,0,0,0,0,0
00000143_007.png,No Finding,4,143,91,M,AP,2500,2048,0.168,0.168,0,0,0,0,0,0,0,0,0,0,0,0,0,0,0
00000143_010.png,No Finding,7,143,91,M,PA,2048,2500,0.168,0.168,0,0,0,0,0,0,0,0,0,0,0,0,0,0,0
00000143_000.png,No Finding,10,143,94,M,AP,3056,2544,0.139,0.139,0,0,0,0,0,0,0,0,0,0,0,0,0,0,0
00000143_001.png,No Finding,11,143,94,M,PA,2892,2894,0.143,0.143,0,0,0,0,0,0,0,0,0,0,0,0,0,0,0
00000143_002.png,Effusion|Infiltration,12,143,94,M,PA,2926,2322,0.143,0.143,1,0,0,1,1,0,0,0,0,0,0,0,0,0,0
00000144_000.png,No Finding,0,144,82,M,PA,2500,2048,0.168,0.168,0,0,0,0,0,0,0,0,0,0,0,0,0,0,0
00000144_001.png,Pneumonia,1,144,82,M,AP,2500,2048,0.168,0.168,1,0,0,0,0,0,0,1,0,0,0,0,0,0,0
00000144_002.png,No Finding,2,144,82,M,AP,2500,2048,0.168,0.168,0,0,0,0,0,0,0,0,0,0,0,0,0,0,0
00000144_003.png,Effusion,3,144,82,M,PA,2500,2048,0.168,0.168,1,0,0,1,0,0,0,0,0,0,0,0,0,0,0
00000146_000.png,No Finding,0,146,54,F,PA,2048,2500,0.168,0.168,0,0,0,0,0,0,0,0,0,0,0,0,0,0,0
00000147_000.png,Infiltration,0,147,66,F,PA,2898,2991,0.143,0.143,1,0,0,0,1,0,0,0,0,0,0,0,0,0,0
00000148_000.png,No Finding,0,148,59,M,PA,2500,2048,0.168,0.168,0,0,0,0,0,0,0,0,0,0,0,0,0,0,0
00000148_001.png,Effusion,1,148,61,M,PA,2992,2991,0.143,0.143,1,0,0,1,0,0,0,0,0,0,0,0,0,0,0
00000148_002.png,Effusion|Fibrosis,2,148,61,M,PA,2992,2801,0.143,0.143,1,0,0,1,0,0,0,0,0,0,0,0,1,0,0
00000148_003.png,No Finding,3,148,61,M,PA,2758,2805,0.143,0.143,0,0,0,0,0,0,0,0,0,0,0,0,0,0,0
00000149_000.png,No Finding,0,149,68,M,PA,2992,2991,0.143,0.143,0,0,0,0,0,0,0,0,0,0,0,0,0,0,0
00000149_001.png,No Finding,1,149,70,M,PA,2650,2781,0.143,0.143,0,0,0,0,0,0,0,0,0,0,0,0,0,0,0
00000149_003.png,No Finding,3,149,70,M,PA,2892,2898,0.143,0.143,0,0,0,0,0,0,0,0,0,0,0,0,0,0,0
00000149_004.png,No Finding,4,149,70,M,PA,2678,2991,0.143,0.143,0,0,0,0,0,0,0,0,0,0,0,0,0,0,0
00000149_007.png,Fibrosis|Infiltration,7,149,70,M,PA,2500,2048,0.168,0.168,1,0,0,0,1,0,0,0,0,0,0,0,1,0,0
00000149_008.png,No Finding,8,149,70,M,PA,2682,2689,0.143,0.143,0,0,0,0,0,0,0,0,0,0,0,0,0,0,0
00000149_009.png,No Finding,9,149,70,M,PA,2838,2991,0.143,0.143,0,0,0,0,0,0,0,0,0,0,0,0,0,0,0
00000151_000.png,No Finding,0,151,54,M,PA,2500,2048,0.171,0.171,0,0,0,0,0,0,0,0,0,0,0,0,0,0,0
00000151_001.png,No Finding,1,151,55,M,PA,2500,2048,0.168,0.168,0,0,0,0,0,0,0,0,0,0,0,0,0,0,0
00000151_002.png,No Finding,2,151,57,M,PA,2806,2721,0.143,0.143,0,0,0,0,0,0,0,0,0,0,0,0,0,0,0
00000152_000.png,No Finding,0,152,65,M,PA,3056,2544,0.139,0.139,0,0,0,0,0,0,0,0,0,0,0,0,0,0,0
00000154_000.png,Infiltration,0,154,54,F,PA,2992,2991,0.143,0.143,1,0,0,0,1,0,0,0,0,0,0,0,0,0,0
00000154_001.png,Infiltration|Nodule,1,154,55,F,PA,2048,2500,0.168,0.168,1,0,0,0,1,0,1,0,0,0,0,0,0,0,0
00000155_001.png,No Finding,0,155,52,F,PA,2936,2948,0.143,0.143,0,0,0,0,0,0,0,0,0,0,0,0,0,0,0
00000155_000.png,Cardiomegaly,1,155,58,F,PA,2822,2991,0.143,0.143,1,0,1,0,0,0,0,0,0,0,0,0,0,0,0
00000156_000.png,Cardiomegaly|Infiltration,0,156,81,M,AP,2500,2048,0.171,0.171,1,0,1,0,1,0,0,0,0,0,0,0,0,0,0
00000156_001.png,Cardiomegaly|Effusion,1,156,81,M,AP,2500,2048,0.171,0.171,1,0,1,1,0,0,0,0,0,0,0,0,0,0,0
00000159_000.png,Fibrosis,0,159,51,M,PA,2992,2991,0.143,0.143,1,0,0,0,0,0,0,0,0,0,0,0,1,0,0
00000160_000.png,No Finding,0,160,69,F,PA,2992,2991,0.143,0.143,0,0,0,0,0,0,0,0,0,0,0,0,0,0,0
00000161_000.png,No Finding,0,161,66,F,PA,2048,2500,0.168,0.168,0,0,0,0,0,0,0,0,0,0,0,0,0,0,0
00000162_000.png,No Finding,0,162,70,F,PA,2048,2500,0.171,0.171,0,0,0,0,0,0,0,0,0,0,0,0,0,0,0
00000164_000.png,Nodule,0,164,69,M,PA,2992,2981,0.143,0.143,1,0,0,0,0,0,1,0,0,0,0,0,0,0,0
00000165_000.png,No Finding,0,165,76,M,PA,2992,2991,0.143,0.143,0,0,0,0,0,0,0,0,0,0,0,0,0,0,0
00000165_001.png,Pneumonia,1,165,76,M,PA,2992,2991,0.143,0.143,1,0,0,0,0,0,0,1,0,0,0,0,0,0,0
00000165_002.png,No Finding,2,165,76,M,AP,2500,2048,0.168,0.168,0,0,0,0,0,0,0,0,0,0,0,0,0,0,0
00000165_003.png,Emphysema,3,165,77,M,PA,2992,2991,0.143,0.143,1,0,0,0,0,0,0,0,0,0,0,1,0,0,0
00000165_004.png,Pleural_Thickening,4,165,77,M,PA,2992,2991,0.143,0.143,1,0,0,0,0,0,0,0,0,0,0,0,0,1,0
00000165_005.png,Pleural_Thickening,5,165,77,M,PA,2992,2991,0.143,0.143,1,0,0,0,0,0,0,0,0,0,0,0,0,1,0
00000165_006.png,Pleural_Thickening,6,165,77,M,PA,2500,2048,0.168,0.168,1,0,0,0,0,0,0,0,0,0,0,0,0,1,0
00000165_007.png,Nodule,7,165,77,M,PA,2992,2991,0.143,0.143,1,0,0,0,0,0,1,0,0,0,0,0,0,0,0
00000165_008.png,No Finding,8,165,78,M,PA,2940,2900,0.143,0.143,0,0,0,0,0,0,0,0,0,0,0,0,0,0,0
00000166_000.png,No Finding,0,166,70,M,PA,3056,2544,0.139,0.139,0,0,0,0,0,0,0,0,0,0,0,0,0,0,0
00000168_000.png,No Finding,0,168,63,M,PA,2500,2048,0.168,0.168,0,0,0,0,0,0,0,0,0,0,0,0,0,0,0
00000168_001.png,No Finding,1,168,65,M,AP,2500,2048,0.168,0.168,0,0,0,0,0,0,0,0,0,0,0,0,0,0,0
00000169_000.png,No Finding,0,169,73,M,PA,2882,2916,0.143,0.143,0,0,0,0,0,0,0,0,0,0,0,0,0,0,0
00000169_001.png,No Finding,1,169,74,M,PA,2758,2991,0.143,0.143,0,0,0,0,0,0,0,0,0,0,0,0,0,0,0
00000170_000.png,No Finding,0,170,52,F,PA,2510,2991,0.143,0.143,0,0,0,0,0,0,0,0,0,0,0,0,0,0,0
00000172_000.png,No Finding,0,172,78,F,PA,2048,2500,0.171,0.171,0,0,0,0,0,0,0,0,0,0,0,0,0,0,0
00000172_001.png,No Finding,1,172,81,F,PA,2500,2048,0.168,0.168,0,0,0,0,0,0,0,0,0,0,0,0,0,0,0
00000172_002.png,No Finding,2,172,82,F,PA,2992,2991,0.143,0.143,0,0,0,0,0,0,0,0,0,0,0,0,0,0,0
00000172_003.png,No Finding,3,172,83,F,PA,2048,2500,0.168,0.168,0,0,0,0,0,0,0,0,0,0,0,0,0,0,0
00000172_004.png,No Finding,4,172,85,F,PA,2588,2496,0.143,0.143,0,0,0,0,0,0,0,0,0,0,0,0,0,0,0
00000172_005.png,No Finding,5,172,85,F,PA,2774,2991,0.143,0.143,0,0,0,0,0,0,0,0,0,0,0,0,0,0,0
00000172_006.png,No Finding,6,172,87,F,PA,2992,2991,0.143,0.143,0,0,0,0,0,0,0,0,0,0,0,0,0,0,0
00000173_000.png,Infiltration,0,173,67,F,PA,2048,2500,0.168,0.168,1,0,0,0,1,0,0,0,0,0,0,0,0,0,0
00000173_001.png,No Finding,1,173,68,F,PA,2992,2991,0.143,0.143,0,0,0,0,0,0,0,0,0,0,0,0,0,0,0
00000181_000.png,No Finding,0,181,45,F,PA,2048,2500,0.171,0.171,0,0,0,0,0,0,0,0,0,0,0,0,0,0,0
00000181_001.png,Fibrosis,1,181,47,F,PA,2500,2048,0.171,0.171,1,0,0,0,0,0,0,0,0,0,0,0,1,0,0
00000181_002.png,No Finding,2,181,50,F,AP,2500,2048,0.168,0.168,0,0,0,0,0,0,0,0,0,0,0,0,0,0,0
00000181_004.png,No Finding,3,181,50,F,AP,2500,2048,0.168,0.168,0,0,0,0,0,0,0,0,0,0,0,0,0,0,0
00000181_003.png,Effusion,4,181,50,F,AP,2500,2048,0.168,0.168,1,0,0,1,0,0,0,0,0,0,0,0,0,0,0
00000181_005.png,Effusion,5,181,50,F,AP,2500,2048,0.168,0.168,1,0,0,1,0,0,0,0,0,0,0,0,0,0,0
00000181_006.png,Infiltration,6,181,50,F,AP,2500,2048,0.168,0.168,1,0,0,0,1,0,0,0,0,0,0,0,0,0,0
00000181_007.png,Infiltration,7,181,50,F,AP,2500,2048,0.168,0.168,1,0,0,0,1,0,0,0,0,0,0,0,0,0,0
00000181_008.png,Infiltration,8,181,50,F,AP,2500,2048,0.168,0.168,1,0,0,0,1,0,0,0,0,0,0,0,0,0,0
00000181_009.png,Infiltration,9,181,50,F,AP,2500,2048,0.168,0.168,1,0,0,0,1,0,0,0,0,0,0,0,0,0,0
00000181_010.png,Infiltration,10,181,50,F,AP,2500,2048,0.168,0.168,1,0,0,0,1,0,0,0,0,0,0,0,0,0,0
00000181_012.png,No Finding,12,181,50,F,AP,2500,2048,0.168,0.168,0,0,0,0,0,0,0,0,0,0,0,0,0,0,0
00000181_013.png,Consolidation|Infiltration|Mass,13,181,50,F,AP,2500,2048,0.168,0.168,1,0,0,0,1,1,0,0,0,1,0,0,0,0,0
00000181_014.png,No Finding,14,181,50,F,AP,2500,2048,0.168,0.168,0,0,0,0,0,0,0,0,0,0,0,0,0,0,0
00000181_015.png,Consolidation|Infiltration,15,181,50,F,AP,2500,2048,0.168,0.168,1,0,0,0,1,0,0,0,0,1,0,0,0,0,0
00000181_016.png,Infiltration,16,181,50,F,AP,2500,2048,0.168,0.168,1,0,0,0,1,0,0,0,0,0,0,0,0,0,0
00000181_017.png,Infiltration,17,181,50,F,AP,2500,2048,0.168,0.168,1,0,0,0,1,0,0,0,0,0,0,0,0,0,0
00000181_018.png,Consolidation|Infiltration,18,181,50,F,AP,2500,2048,0.168,0.168,1,0,0,0,1,0,0,0,0,1,0,0,0,0,0
00000181_019.png,Effusion,19,181,50,F,AP,2500,2048,0.168,0.168,1,0,0,1,0,0,0,0,0,0,0,0,0,0,0
00000181_020.png,No Finding,20,181,50,F,AP,2500,2048,0.168,0.168,0,0,0,0,0,0,0,0,0,0,0,0,0,0,0
00000181_021.png,Infiltration,21,181,50,F,AP,2500,2048,0.168,0.168,1,0,0,0,1,0,0,0,0,0,0,0,0,0,0
00000181_022.png,No Finding,22,181,50,F,AP,2500,2048,0.168,0.168,0,0,0,0,0,0,0,0,0,0,0,0,0,0,0
00000181_023.png,No Finding,23,181,50,F,AP,2500,2048,0.168,0.168,0,0,0,0,0,0,0,0,0,0,0,0,0,0,0
00000181_024.png,No Finding,24,181,50,F,AP,2500,2048,0.168,0.168,0,0,0,0,0,0,0,0,0,0,0,0,0,0,0
00000181_025.png,No Finding,25,181,50,F,AP,2500,2048,0.168,0.168,0,0,0,0,0,0,0,0,0,0,0,0,0,0,0
00000181_027.png,No Finding,26,181,50,F,AP,2500,2048,0.168,0.168,0,0,0,0,0,0,0,0,0,0,0,0,0,0,0
00000181_026.png,No Finding,27,181,50,F,AP,2500,2048,0.168,0.168,0,0,0,0,0,0,0,0,0,0,0,0,0,0,0
00000181_028.png,Consolidation|Infiltration,28,181,50,F,AP,2500,2048,0.168,0.168,1,0,0,0,1,0,0,0,0,1,0,0,0,0,0
00000181_029.png,Consolidation|Infiltration,29,181,50,F,AP,2500,2048,0.168,0.168,1,0,0,0,1,0,0,0,0,1,0,0,0,0,0
00000181_031.png,No Finding,30,181,50,F,AP,2500,2048,0.168,0.168,0,0,0,0,0,0,0,0,0,0,0,0,0,0,0
00000181_030.png,Infiltration,31,181,50,F,AP,2500,2048,0.168,0.168,1,0,0,0,1,0,0,0,0,0,0,0,0,0,0
00000181_032.png,Infiltration,32,181,50,F,AP,2048,2500,0.168,0.168,1,0,0,0,1,0,0,0,0,0,0,0,0,0,0
00000181_033.png,Consolidation,33,181,50,F,AP,2500,2048,0.168,0.168,1,0,0,0,0,0,0,0,0,1,0,0,0,0,0
00000181_034.png,No Finding,34,181,50,F,AP,2500,2048,0.168,0.168,0,0,0,0,0,0,0,0,0,0,0,0,0,0,0
00000181_035.png,Infiltration,35,181,50,F,AP,2500,2048,0.168,0.168,1,0,0,0,1,0,0,0,0,0,0,0,0,0,0
00000181_036.png,Infiltration,36,181,50,F,AP,2500,2048,0.168,0.168,1,0,0,0,1,0,0,0,0,0,0,0,0,0,0
00000181_038.png,Consolidation,37,181,50,F,AP,2500,2048,0.168,0.168,1,0,0,0,0,0,0,0,0,1,0,0,0,0,0
00000181_039.png,No Finding,38,181,50,F,AP,2500,2048,0.168,0.168,0,0,0,0,0,0,0,0,0,0,0,0,0,0,0
00000181_037.png,Consolidation,39,181,50,F,AP,2500,2048,0.168,0.168,1,0,0,0,0,0,0,0,0,1,0,0,0,0,0
00000181_041.png,No Finding,41,181,50,F,AP,2500,2048,0.168,0.168,0,0,0,0,0,0,0,0,0,0,0,0,0,0,0
00000181_042.png,Effusion,42,181,50,F,AP,2500,2048,0.168,0.168,1,0,0,1,0,0,0,0,0,0,0,0,0,0,0
00000181_043.png,Consolidation|Infiltration,43,181,50,F,AP,2500,2048,0.168,0.168,1,0,0,0,1,0,0,0,0,1,0,0,0,0,0
00000181_046.png,Infiltration,46,181,50,F,AP,2500,2048,0.168,0.168,1,0,0,0,1,0,0,0,0,0,0,0,0,0,0
00000181_047.png,Consolidation,47,181,50,F,AP,2500,2048,0.168,0.168,1,0,0,0,0,0,0,0,0,1,0,0,0,0,0
00000181_049.png,No Finding,49,181,50,F,AP,2500,2048,0.168,0.168,0,0,0,0,0,0,0,0,0,0,0,0,0,0,0
00000181_051.png,No Finding,51,181,50,F,AP,2500,2048,0.168,0.168,0,0,0,0,0,0,0,0,0,0,0,0,0,0,0
00000181_052.png,Fibrosis,52,181,50,F,PA,2992,2991,0.143,0.143,1,0,0,0,0,0,0,0,0,0,0,0,1,0,0
00000181_053.png,No Finding,53,181,50,F,AP,2500,2048,0.168,0.168,0,0,0,0,0,0,0,0,0,0,0,0,0,0,0
00000181_055.png,Edema|Effusion,55,181,50,F,PA,2992,2991,0.143,0.143,1,0,0,1,0,0,0,0,0,0,1,0,0,0,0
00000181_056.png,No Finding,56,181,50,F,PA,2986,2991,0.143,0.143,0,0,0,0,0,0,0,0,0,0,0,0,0,0,0
00000181_057.png,No Finding,57,181,50,F,PA,2992,2991,0.143,0.143,0,0,0,0,0,0,0,0,0,0,0,0,0,0,0
00000181_058.png,Effusion,58,181,52,F,AP,2500,2048,0.168,0.168,1,0,0,1,0,0,0,0,0,0,0,0,0,0,0
00000181_059.png,Effusion,59,181,52,F,AP,2500,2048,0.168,0.168,1,0,0,1,0,0,0,0,0,0,0,0,0,0,0
00000181_060.png,Effusion,60,181,52,F,AP,2500,2048,0.168,0.168,1,0,0,1,0,0,0,0,0,0,0,0,0,0,0
00000181_062.png,Effusion|Infiltration,62,181,52,F,PA,2992,2989,0.143,0.143,1,0,0,1,1,0,0,0,0,0,0,0,0,0,0
00000181_063.png,No Finding,63,181,55,F,AP,3028,2544,0.139,0.139,0,0,0,0,0,0,0,0,0,0,0,0,0,0,0
00000181_064.png,No Finding,64,181,55,F,AP,3056,2544,0.139,0.139,0,0,0,0,0,0,0,0,0,0,0,0,0,0,0
00000181_065.png,No Finding,65,181,55,F,AP,3056,2544,0.139,0.139,0,0,0,0,0,0,0,0,0,0,0,0,0,0,0
00000182_000.png,No Finding,0,182,74,M,PA,3056,2544,0.139,0.139,0,0,0,0,0,0,0,0,0,0,0,0,0,0,0
00000183_000.png,Infiltration,0,183,80,F,PA,2488,3020,0.139,0.139,1,0,0,0,1,0,0,0,0,0,0,0,0,0,0
00000183_001.png,No Finding,1,183,81,F,PA,2696,2851,0.143,0.143,0,0,0,0,0,0,0,0,0,0,0,0,0,0,0
00000183_002.png,Infiltration,2,183,81,F,PA,2992,2991,0.143,0.143,1,0,0,0,1,0,0,0,0,0,0,0,0,0,0
00000186_000.png,No Finding,0,186,64,M,PA,2992,2991,0.143,0.143,0,0,0,0,0,0,0,0,0,0,0,0,0,0,0
00000187_000.png,Pleural_Thickening,0,187,49,M,PA,2968,2456,0.139,0.139,1,0,0,0,0,0,0,0,0,0,0,0,0,1,0
00000187_001.png,No Finding,1,187,50,M,PA,2048,2500,0.171,0.171,0,0,0,0,0,0,0,0,0,0,0,0,0,0,0
00000187_002.png,No Finding,2,187,51,M,PA,2500,2048,0.168,0.168,0,0,0,0,0,0,0,0,0,0,0,0,0,0,0
00000190_000.png,No Finding,0,190,29,M,PA,2500,2048,0.168,0.168,0,0,0,0,0,0,0,0,0,0,0,0,0,0,0
00000190_001.png,No Finding,1,190,30,M,PA,2500,2048,0.168,0.168,0,0,0,0,0,0,0,0,0,0,0,0,0,0,0
00000190_002.png,No Finding,2,190,32,M,PA,2630,2737,0.143,0.143,0,0,0,0,0,0,0,0,0,0,0,0,0,0,0
00000190_003.png,No Finding,3,190,32,M,PA,2774,2991,0.143,0.143,0,0,0,0,0,0,0,0,0,0,0,0,0,0,0
00000190_004.png,No Finding,4,190,32,M,PA,2992,2991,0.143,0.143,0,0,0,0,0,0,0,0,0,0,0,0,0,0,0
00000190_005.png,No Finding,5,190,33,M,PA,2500,2048,0.168,0.168,0,0,0,0,0,0,0,0,0,0,0,0,0,0,0
00000191_000.png,No Finding,0,191,83,M,PA,2726,2633,0.143,0.143,0,0,0,0,0,0,0,0,0,0,0,0,0,0,0
00000192_000.png,No Finding,0,192,87,M,PA,2598,2813,0.143,0.143,0,0,0,0,0,0,0,0,0,0,0,0,0,0,0
00000194_000.png,No Finding,0,194,80,F,PA,2500,2048,0.168,0.168,0,0,0,0,0,0,0,0,0,0,0,0,0,0,0
00000194_001.png,No Finding,1,194,81,F,PA,2500,2048,0.168,0.168,0,0,0,0,0,0,0,0,0,0,0,0,0,0,0
00000194_002.png,No Finding,2,194,83,F,PA,2048,2500,0.168,0.168,0,0,0,0,0,0,0,0,0,0,0,0,0,0,0
00000194_003.png,No Finding,3,194,84,F,PA,2726,2991,0.143,0.143,0,0,0,0,0,0,0,0,0,0,0,0,0,0,0
00000194_004.png,No Finding,4,194,84,F,PA,2614,2991,0.143,0.143,0,0,0,0,0,0,0,0,0,0,0,0,0,0,0
00000194_005.png,No Finding,5,194,86,F,PA,2608,2352,0.143,0.143,0,0,0,0,0,0,0,0,0,0,0,0,0,0,0
00000198_000.png,No Finding,0,198,70,M,PA,2021,2021,0.1943109999999999,0.1943109999999999,0,0,0,0,0,0,0,0,0,0,0,0,0,0,0
00000200_000.png,Nodule,0,200,75,M,PA,2500,2048,0.168,0.168,1,0,0,0,0,0,1,0,0,0,0,0,0,0,0
00000200_001.png,Cardiomegaly,1,200,76,M,PA,2992,2991,0.143,0.143,1,0,1,0,0,0,0,0,0,0,0,0,0,0,0
00000201_000.png,No Finding,0,201,69,M,PA,2500,2048,0.171,0.171,0,0,0,0,0,0,0,0,0,0,0,0,0,0,0
00000201_001.png,No Finding,1,201,71,M,AP,2500,2048,0.171,0.171,0,0,0,0,0,0,0,0,0,0,0,0,0,0,0
00000202_000.png,No Finding,0,202,66,M,AP,3056,2544,0.139,0.139,0,0,0,0,0,0,0,0,0,0,0,0,0,0,0
00000202_001.png,No Finding,1,202,66,M,AP,3056,2544,0.139,0.139,0,0,0,0,0,0,0,0,0,0,0,0,0,0,0
00000205_000.png,No Finding,0,205,65,F,PA,2992,2991,0.143,0.143,0,0,0,0,0,0,0,0,0,0,0,0,0,0,0
00000205_001.png,Infiltration,1,205,70,F,PA,2992,2991,0.143,0.143,1,0,0,0,1,0,0,0,0,0,0,0,0,0,0
00000207_000.png,No Finding,0,207,83,F,PA,2990,2853,0.143,0.143,0,0,0,0,0,0,0,0,0,0,0,0,0,0,0
00000213_000.png,No Finding,0,213,36,M,PA,2500,2048,0.168,0.168,0,0,0,0,0,0,0,0,0,0,0,0,0,0,0
00000213_001.png,No Finding,1,213,38,M,PA,2500,2048,0.168,0.168,0,0,0,0,0,0,0,0,0,0,0,0,0,0,0
00000213_002.png,Infiltration,2,213,39,M,PA,2992,2991,0.143,0.143,1,0,0,0,1,0,0,0,0,0,0,0,0,0,0
00000213_004.png,Infiltration,4,213,39,M,PA,2992,2991,0.143,0.143,1,0,0,0,1,0,0,0,0,0,0,0,0,0,0
00000213_005.png,No Finding,5,213,39,M,PA,2992,2991,0.143,0.143,0,0,0,0,0,0,0,0,0,0,0,0,0,0,0
00000214_000.png,No Finding,0,214,78,M,PA,2048,2500,0.171,0.171,0,0,0,0,0,0,0,0,0,0,0,0,0,0,0
00000216_000.png,Pleural_Thickening,0,216,70,M,PA,2992,2991,0.143,0.143,1,0,0,0,0,0,0,0,0,0,0,0,0,1,0
00000217_000.png,No Finding,0,217,66,M,PA,2992,2991,0.143,0.143,0,0,0,0,0,0,0,0,0,0,0,0,0,0,0
00000224_000.png,Fibrosis,0,224,31,F,PA,2426,2965,0.143,0.143,1,0,0,0,0,0,0,0,0,0,0,0,1,0,0
00000224_001.png,Infiltration|Nodule|Pleural_Thickening,1,224,33,F,PA,2992,2991,0.143,0.143,1,0,0,0,1,0,1,0,0,0,0,0,0,1,0
00000225_000.png,No Finding,0,225,63,F,PA,2750,2821,0.143,0.143,0,0,0,0,0,0,0,0,0,0,0,0,0,0,0
00000225_001.png,No Finding,1,225,64,F,PA,2842,2841,0.143,0.143,0,0,0,0,0,0,0,0,0,0,0,0,0,0,0
00000226_000.png,No Finding,0,226,56,F,PA,2722,2948,0.143,0.143,0,0,0,0,0,0,0,0,0,0,0,0,0,0,0
00000229_000.png,No Finding,0,229,27,M,PA,2992,2991,0.143,0.143,0,0,0,0,0,0,0,0,0,0,0,0,0,0,0
00000231_000.png,Infiltration,0,231,56,F,AP,3056,2544,0.139,0.139,1,0,0,0,1,0,0,0,0,0,0,0,0,0,0
00000231_001.png,No Finding,1,231,56,F,AP,3056,2544,0.139,0.139,0,0,0,0,0,0,0,0,0,0,0,0,0,0,0
00000231_002.png,Effusion,2,231,56,F,AP,3056,2544,0.139,0.139,1,0,0,1,0,0,0,0,0,0,0,0,0,0,0
00000231_003.png,Pneumothorax,3,231,56,F,AP,3056,2544,0.139,0.139,1,0,0,0,0,0,0,0,1,0,0,0,0,0,0
00000231_004.png,Effusion|Mass,4,231,56,F,PA,2992,2797,0.143,0.143,1,0,0,1,0,1,0,0,0,0,0,0,0,0,0
00000231_006.png,Effusion,5,231,56,F,AP,3056,2544,0.139,0.139,1,0,0,1,0,0,0,0,0,0,0,0,0,0,0
00000231_005.png,No Finding,6,231,56,F,PA,2180,2646,0.143,0.143,0,0,0,0,0,0,0,0,0,0,0,0,0,0,0
00000231_007.png,No Finding,7,231,56,F,PA,2992,2991,0.143,0.143,0,0,0,0,0,0,0,0,0,0,0,0,0,0,0
00000231_008.png,No Finding,8,231,56,F,PA,2544,3056,0.139,0.139,0,0,0,0,0,0,0,0,0,0,0,0,0,0,0
00000231_009.png,Effusion|Fibrosis|Infiltration,9,231,56,F,PA,2834,2701,0.143,0.143,1,0,0,1,1,0,0,0,0,0,0,0,1,0,0
00000231_010.png,No Finding,10,231,56,F,PA,2338,2991,0.143,0.143,0,0,0,0,0,0,0,0,0,0,0,0,0,0,0
00000231_011.png,Effusion|Pneumothorax,11,231,56,F,PA,2602,2829,0.143,0.143,1,0,0,1,0,0,0,0,1,0,0,0,0,0,0
00000231_012.png,No Finding,12,231,56,F,PA,2490,2991,0.143,0.143,0,0,0,0,0,0,0,0,0,0,0,0,0,0,0
00000231_013.png,No Finding,13,231,56,F,PA,2992,2991,0.143,0.143,0,0,0,0,0,0,0,0,0,0,0,0,0,0,0
00000232_000.png,Fibrosis,0,232,45,M,PA,2992,2991,0.143,0.143,1,0,0,0,0,0,0,0,0,0,0,0,1,0,0
00000232_001.png,Fibrosis|Nodule|Pleural_Thickening,1,232,46,M,PA,2992,2991,0.143,0.143,1,0,0,0,0,0,1,0,0,0,0,0,1,1,0
00000233_000.png,Cardiomegaly,0,233,65,F,PA,2048,2500,0.171,0.171,1,0,1,0,0,0,0,0,0,0,0,0,0,0,0
00000235_000.png,No Finding,0,235,75,F,AP,2048,2500,0.168,0.168,0,0,0,0,0,0,0,0,0,0,0,0,0,0,0
00000237_000.png,No Finding,0,237,30,M,PA,2500,2048,0.168,0.168,0,0,0,0,0,0,0,0,0,0,0,0,0,0,0
00000238_001.png,No Finding,1,238,49,M,PA,2500,2048,0.171,0.171,0,0,0,0,0,0,0,0,0,0,0,0,0,0,0
00000238_002.png,Consolidation,2,238,49,M,PA,2500,2048,0.168,0.168,1,0,0,0,0,0,0,0,0,1,0,0,0,0,0
00000242_002.png,No Finding,0,242,52,F,PA,2500,2048,0.171,0.171,0,0,0,0,0,0,0,0,0,0,0,0,0,0,0
00000242_003.png,No Finding,1,242,53,F,PA,2500,2048,0.168,0.168,0,0,0,0,0,0,0,0,0,0,0,0,0,0,0
00000242_004.png,No Finding,2,242,57,F,PA,2992,2991,0.143,0.143,0,0,0,0,0,0,0,0,0,0,0,0,0,0,0
00000242_005.png,Infiltration,3,242,59,F,PA,2910,2991,0.143,0.143,1,0,0,0,1,0,0,0,0,0,0,0,0,0,0
00000242_000.png,Consolidation,4,242,61,F,PA,2544,3056,0.139,0.139,1,0,0,0,0,0,0,0,0,1,0,0,0,0,0
00000242_001.png,No Finding,5,242,64,F,PA,2021,2021,0.1943109999999999,0.1943109999999999,0,0,0,0,0,0,0,0,0,0,0,0,0,0,0
00000243_000.png,No Finding,0,243,67,M,PA,2500,2048,0.171,0.171,0,0,0,0,0,0,0,0,0,0,0,0,0,0,0
00000243_001.png,Emphysema,1,243,69,M,PA,2500,2048,0.168,0.168,1,0,0,0,0,0,0,0,0,0,0,1,0,0,0
00000244_001.png,No Finding,0,244,37,F,AP,2048,2500,0.168,0.168,0,0,0,0,0,0,0,0,0,0,0,0,0,0,0
00000244_000.png,No Finding,2,244,43,F,AP,3056,2544,0.139,0.139,0,0,0,0,0,0,0,0,0,0,0,0,0,0,0
00000245_000.png,No Finding,0,245,25,M,AP,2500,2048,0.171,0.171,0,0,0,0,0,0,0,0,0,0,0,0,0,0,0
00000245_001.png,Fibrosis|Pleural_Thickening,1,245,29,M,PA,2818,2873,0.143,0.143,1,0,0,0,0,0,0,0,0,0,0,0,1,1,0
00000245_002.png,Infiltration,2,245,32,M,AP,2048,2500,0.168,0.168,1,0,0,0,1,0,0,0,0,0,0,0,0,0,0
00000246_018.png,No Finding,0,246,44,M,PA,2992,2991,0.143,0.143,0,0,0,0,0,0,0,0,0,0,0,0,0,0,0
00000246_019.png,No Finding,1,246,44,M,PA,2500,2048,0.168,0.168,0,0,0,0,0,0,0,0,0,0,0,0,0,0,0
00000246_000.png,No Finding,2,246,50,M,PA,3056,2544,0.139,0.139,0,0,0,0,0,0,0,0,0,0,0,0,0,0,0
00000246_001.png,Infiltration,3,246,51,M,PA,2992,2991,0.143,0.143,1,0,0,0,1,0,0,0,0,0,0,0,0,0,0
00000246_002.png,No Finding,4,246,51,M,PA,3056,2480,0.139,0.139,0,0,0,0,0,0,0,0,0,0,0,0,0,0,0
00000246_003.png,No Finding,5,246,51,M,AP,3056,2544,0.139,0.139,0,0,0,0,0,0,0,0,0,0,0,0,0,0,0
00000246_004.png,No Finding,6,246,51,M,AP,3056,2544,0.139,0.139,0,0,0,0,0,0,0,0,0,0,0,0,0,0,0
00000246_005.png,Emphysema,7,246,51,M,AP,3056,2544,0.139,0.139,1,0,0,0,0,0,0,0,0,0,0,1,0,0,0
00000246_006.png,Emphysema,8,246,51,M,AP,3056,2544,0.139,0.139,1,0,0,0,0,0,0,0,0,0,0,1,0,0,0
00000246_007.png,No Finding,9,246,51,M,AP,3056,2544,0.139,0.139,0,0,0,0,0,0,0,0,0,0,0,0,0,0,0
00000246_008.png,Pneumothorax,10,246,51,M,PA,2544,3056,0.139,0.139,1,0,0,0,0,0,0,0,1,0,0,0,0,0,0
00000246_009.png,No Finding,11,246,51,M,PA,3056,2544,0.139,0.139,0,0,0,0,0,0,0,0,0,0,0,0,0,0,0
00000246_010.png,Pleural_Thickening,12,246,51,M,PA,3056,2544,0.139,0.139,1,0,0,0,0,0,0,0,0,0,0,0,0,1,0
00000246_011.png,Infiltration,13,246,51,M,PA,3056,2544,0.139,0.139,1,0,0,0,1,0,0,0,0,0,0,0,0,0,0
00000246_012.png,Consolidation|Pneumothorax,14,246,51,M,PA,3056,2544,0.139,0.139,1,0,0,0,0,0,0,0,1,1,0,0,0,0,0
00000246_013.png,Effusion|Infiltration|Pneumothorax,15,246,51,M,PA,2544,3056,0.139,0.139,1,0,0,1,1,0,0,0,1,0,0,0,0,0,0
00000246_014.png,Consolidation,16,246,51,M,PA,3056,2544,0.139,0.139,1,0,0,0,0,0,0,0,0,1,0,0,0,0,0
00000246_015.png,Consolidation,17,246,51,M,PA,3056,2544,0.139,0.139,1,0,0,0,0,0,0,0,0,1,0,0,0,0,0
00000246_016.png,Consolidation|Mass,18,246,51,M,PA,3056,2544,0.139,0.139,1,0,0,0,0,1,0,0,0,1,0,0,0,0,0
00000246_017.png,Infiltration,19,246,51,M,PA,3056,2544,0.139,0.139,1,0,0,0,1,0,0,0,0,0,0,0,0,0,0
00000249_000.png,No Finding,0,249,40,M,PA,2992,2991,0.143,0.143,0,0,0,0,0,0,0,0,0,0,0,0,0,0,0
00000250_000.png,No Finding,0,250,49,M,PA,2992,2991,0.143,0.143,0,0,0,0,0,0,0,0,0,0,0,0,0,0,0
00000250_002.png,No Finding,2,250,49,M,PA,2810,2805,0.143,0.143,0,0,0,0,0,0,0,0,0,0,0,0,0,0,0
00000250_003.png,Nodule,3,250,49,M,AP,2500,2048,0.168,0.168,1,0,0,0,0,0,1,0,0,0,0,0,0,0,0
00000250_004.png,Mass,4,250,49,M,PA,2742,2761,0.143,0.143,1,0,0,0,0,1,0,0,0,0,0,0,0,0,0
00000250_005.png,Infiltration,5,250,49,M,AP,2500,2048,0.168,0.168,1,0,0,0,1,0,0,0,0,0,0,0,0,0,0
00000250_006.png,No Finding,6,250,49,M,AP,2500,2048,0.168,0.168,0,0,0,0,0,0,0,0,0,0,0,0,0,0,0
00000250_007.png,Infiltration,7,250,49,M,AP,2500,2048,0.168,0.168,1,0,0,0,1,0,0,0,0,0,0,0,0,0,0
00000250_008.png,Effusion,8,250,49,M,AP,2500,2048,0.168,0.168,1,0,0,1,0,0,0,0,0,0,0,0,0,0,0
00000250_009.png,No Finding,9,250,49,M,AP,2500,2048,0.168,0.168,0,0,0,0,0,0,0,0,0,0,0,0,0,0,0
00000250_010.png,Consolidation|Effusion,10,250,49,M,PA,2992,2991,0.143,0.143,1,0,0,1,0,0,0,0,0,1,0,0,0,0,0
00000250_011.png,No Finding,11,250,49,M,PA,2922,2991,0.143,0.143,0,0,0,0,0,0,0,0,0,0,0,0,0,0,0
00000250_012.png,No Finding,12,250,50,M,AP,2500,2048,0.168,0.168,0,0,0,0,0,0,0,0,0,0,0,0,0,0,0
00000250_013.png,No Finding,13,250,50,M,AP,2500,2048,0.168,0.168,0,0,0,0,0,0,0,0,0,0,0,0,0,0,0
00000250_014.png,Infiltration|Mass,14,250,52,M,PA,2992,2991,0.143,0.143,1,0,0,0,1,1,0,0,0,0,0,0,0,0,0
00000250_015.png,Mass,15,250,52,M,PA,2992,2885,0.143,0.143,1,0,0,0,0,1,0,0,0,0,0,0,0,0,0
00000251_000.png,No Finding,0,251,43,M,AP,2500,2048,0.171,0.171,0,0,0,0,0,0,0,0,0,0,0,0,0,0,0
00000251_004.png,No Finding,4,251,43,M,AP,2500,2048,0.171,0.171,0,0,0,0,0,0,0,0,0,0,0,0,0,0,0
00000253_000.png,No Finding,0,253,37,M,PA,2500,2048,0.168,0.168,0,0,0,0,0,0,0,0,0,0,0,0,0,0,0
00000254_000.png,Emphysema,0,254,64,M,PA,2500,2048,0.168,0.168,1,0,0,0,0,0,0,0,0,0,0,1,0,0,0
00000254_001.png,No Finding,1,254,65,M,AP,2500,2048,0.168,0.168,0,0,0,0,0,0,0,0,0,0,0,0,0,0,0
00000254_002.png,Emphysema,2,254,65,M,AP,2500,2048,0.168,0.168,1,0,0,0,0,0,0,0,0,0,0,1,0,0,0
00000256_000.png,Infiltration,0,256,46,F,PA,2806,2991,0.143,0.143,1,0,0,0,1,0,0,0,0,0,0,0,0,0,0
00000261_000.png,Effusion|Infiltration,0,261,39,F,PA,2992,2991,0.143,0.143,1,0,0,1,1,0,0,0,0,0,0,0,0,0,0
00000261_001.png,Consolidation|Effusion,1,261,39,F,PA,2048,2500,0.168,0.168,1,0,0,1,0,0,0,0,0,1,0,0,0,0,0
00000261_002.png,Pneumonia,2,261,39,F,AP,2500,2048,0.168,0.168,1,0,0,0,0,0,0,1,0,0,0,0,0,0,0
00000261_003.png,Effusion|Infiltration,3,261,39,F,PA,2694,2991,0.143,0.143,1,0,0,1,1,0,0,0,0,0,0,0,0,0,0
00000261_004.png,Pneumothorax,4,261,39,F,AP,2500,2048,0.168,0.168,1,0,0,0,0,0,0,0,1,0,0,0,0,0,0
00000261_005.png,Effusion|Infiltration,5,261,41,F,PA,2992,2991,0.143,0.143,1,0,0,1,1,0,0,0,0,0,0,0,0,0,0
00000261_006.png,Consolidation|Infiltration|Nodule,6,261,41,F,PA,2048,2500,0.168,0.168,1,0,0,0,1,0,1,0,0,1,0,0,0,0,0
00000261_007.png,Infiltration|Pneumonia,7,261,41,F,PA,2992,2991,0.143,0.143,1,0,0,0,1,0,0,1,0,0,0,0,0,0,0
00000262_000.png,No Finding,0,262,42,F,PA,2500,2048,0.168,0.168,0,0,0,0,0,0,0,0,0,0,0,0,0,0,0
00000263_000.png,No Finding,0,263,68,M,PA,2970,2991,0.143,0.143,0,0,0,0,0,0,0,0,0,0,0,0,0,0,0
00000265_000.png,No Finding,0,265,53,M,PA,2500,2048,0.171,0.171,0,0,0,0,0,0,0,0,0,0,0,0,0,0,0
00000265_001.png,No Finding,1,265,54,M,PA,2500,2048,0.168,0.168,0,0,0,0,0,0,0,0,0,0,0,0,0,0,0
00000265_002.png,No Finding,2,265,57,M,PA,2048,2500,0.168,0.168,0,0,0,0,0,0,0,0,0,0,0,0,0,0,0
00000265_003.png,No Finding,3,265,58,M,PA,2992,2991,0.143,0.143,0,0,0,0,0,0,0,0,0,0,0,0,0,0,0
00000265_004.png,No Finding,4,265,59,M,PA,2842,2991,0.143,0.143,0,0,0,0,0,0,0,0,0,0,0,0,0,0,0
00000265_005.png,No Finding,5,265,60,M,PA,2992,2991,0.143,0.143,0,0,0,0,0,0,0,0,0,0,0,0,0,0,0
00000266_000.png,No Finding,0,266,34,M,PA,2992,2991,0.143,0.143,0,0,0,0,0,0,0,0,0,0,0,0,0,0,0
00000268_000.png,No Finding,0,268,49,M,AP,2500,2048,0.168,0.168,0,0,0,0,0,0,0,0,0,0,0,0,0,0,0
00000268_001.png,Infiltration,1,268,49,M,AP,2500,2048,0.168,0.168,1,0,0,0,1,0,0,0,0,0,0,0,0,0,0
00000268_002.png,No Finding,2,268,49,M,AP,2500,2048,0.168,0.168,0,0,0,0,0,0,0,0,0,0,0,0,0,0,0
00000269_000.png,Fibrosis,0,269,43,M,PA,2500,2048,0.171,0.171,1,0,0,0,0,0,0,0,0,0,0,0,1,0,0
00000269_001.png,No Finding,1,269,44,M,PA,2500,2048,0.171,0.171,0,0,0,0,0,0,0,0,0,0,0,0,0,0,0
00000272_000.png,Cardiomegaly,0,272,28,F,PA,2048,2500,0.171,0.171,1,0,1,0,0,0,0,0,0,0,0,0,0,0,0
00000272_001.png,No Finding,1,272,29,F,PA,2048,2500,0.168,0.168,0,0,0,0,0,0,0,0,0,0,0,0,0,0,0
00000272_002.png,No Finding,2,272,30,F,PA,2048,2500,0.168,0.168,0,0,0,0,0,0,0,0,0,0,0,0,0,0,0
00000272_003.png,No Finding,3,272,31,F,PA,2370,2641,0.143,0.143,0,0,0,0,0,0,0,0,0,0,0,0,0,0,0
00000272_004.png,No Finding,4,272,32,F,PA,2606,2991,0.143,0.143,0,0,0,0,0,0,0,0,0,0,0,0,0,0,0
00000272_005.png,No Finding,5,272,35,F,PA,2048,2500,0.168,0.168,0,0,0,0,0,0,0,0,0,0,0,0,0,0,0
00000272_006.png,No Finding,6,272,36,F,PA,2508,2868,0.139,0.139,0,0,0,0,0,0,0,0,0,0,0,0,0,0,0
00000273_004.png,No Finding,0,273,52,F,PA,2048,2500,0.171,0.171,0,0,0,0,0,0,0,0,0,0,0,0,0,0,0
00000273_005.png,No Finding,1,273,54,F,PA,2500,2048,0.171,0.171,0,0,0,0,0,0,0,0,0,0,0,0,0,0,0
00000273_006.png,No Finding,2,273,57,F,PA,2990,2991,0.143,0.143,0,0,0,0,0,0,0,0,0,0,0,0,0,0,0
00000273_007.png,No Finding,3,273,58,F,PA,2992,2991,0.143,0.143,0,0,0,0,0,0,0,0,0,0,0,0,0,0,0
00000273_008.png,No Finding,4,273,59,F,PA,2694,2991,0.143,0.143,0,0,0,0,0,0,0,0,0,0,0,0,0,0,0
00000273_009.png,No Finding,5,273,62,F,PA,2992,2991,0.143,0.143,0,0,0,0,0,0,0,0,0,0,0,0,0,0,0
00000273_001.png,No Finding,7,273,64,F,PA,2992,2991,0.143,0.143,0,0,0,0,0,0,0,0,0,0,0,0,0,0,0
00000273_002.png,Infiltration,8,273,65,F,PA,2021,2021,0.1943109999999999,0.1943109999999999,1,0,0,0,1,0,0,0,0,0,0,0,0,0,0
00000273_003.png,Infiltration,9,273,66,F,PA,2021,2011,0.1943109999999999,0.1943109999999999,1,0,0,0,1,0,0,0,0,0,0,0,0,0,0
00000274_000.png,Fibrosis,0,274,49,F,PA,2048,2500,0.168,0.168,1,0,0,0,0,0,0,0,0,0,0,0,1,0,0
00000274_001.png,No Finding,1,274,51,F,PA,2992,2991,0.143,0.143,0,0,0,0,0,0,0,0,0,0,0,0,0,0,0
00000276_000.png,No Finding,0,276,64,M,PA,2500,2048,0.168,0.168,0,0,0,0,0,0,0,0,0,0,0,0,0,0,0
00000277_001.png,Infiltration,0,277,54,F,PA,2048,2500,0.168,0.168,1,0,0,0,1,0,0,0,0,0,0,0,0,0,0
00000277_002.png,No Finding,1,277,57,F,PA,2892,2957,0.143,0.143,0,0,0,0,0,0,0,0,0,0,0,0,0,0,0
00000277_000.png,No Finding,2,277,64,F,PA,2021,2021,0.1943109999999999,0.1943109999999999,0,0,0,0,0,0,0,0,0,0,0,0,0,0,0
00000278_000.png,No Finding,0,278,52,M,PA,2500,2048,0.171,0.171,0,0,0,0,0,0,0,0,0,0,0,0,0,0,0
00000278_001.png,Pleural_Thickening,1,278,52,M,PA,2500,2048,0.171,0.171,1,0,0,0,0,0,0,0,0,0,0,0,0,1,0
00000278_002.png,No Finding,2,278,52,M,PA,2500,2048,0.171,0.171,0,0,0,0,0,0,0,0,0,0,0,0,0,0,0
00000278_003.png,No Finding,3,278,53,M,PA,2500,2048,0.171,0.171,0,0,0,0,0,0,0,0,0,0,0,0,0,0,0
00000278_004.png,No Finding,4,278,53,M,PA,2500,2048,0.168,0.168,0,0,0,0,0,0,0,0,0,0,0,0,0,0,0
00000278_005.png,No Finding,5,278,53,M,PA,2500,2048,0.168,0.168,0,0,0,0,0,0,0,0,0,0,0,0,0,0,0
00000278_006.png,No Finding,6,278,54,M,PA,2500,2048,0.168,0.168,0,0,0,0,0,0,0,0,0,0,0,0,0,0,0
00000278_007.png,No Finding,7,278,54,M,PA,2500,2048,0.168,0.168,0,0,0,0,0,0,0,0,0,0,0,0,0,0,0
00000278_008.png,Fibrosis|Mass,8,278,54,M,PA,2500,2048,0.168,0.168,1,0,0,0,0,1,0,0,0,0,0,0,1,0,0
00000278_009.png,No Finding,9,278,54,M,PA,2500,2048,0.168,0.168,0,0,0,0,0,0,0,0,0,0,0,0,0,0,0
00000278_010.png,Pleural_Thickening,10,278,54,M,PA,2500,2048,0.168,0.168,1,0,0,0,0,0,0,0,0,0,0,0,0,1,0
00000281_000.png,No Finding,0,281,65,F,PA,2048,2500,0.171,0.171,0,0,0,0,0,0,0,0,0,0,0,0,0,0,0
00000281_001.png,No Finding,1,281,70,F,PA,2546,2469,0.143,0.143,0,0,0,0,0,0,0,0,0,0,0,0,0,0,0
00000281_002.png,No Finding,2,281,71,F,PA,2048,2500,0.168,0.168,0,0,0,0,0,0,0,0,0,0,0,0,0,0,0
00000282_000.png,Consolidation|Effusion|Infiltration|Nodule,0,282,65,F,PA,2048,2500,0.171,0.171,1,0,0,1,1,0,1,0,0,1,0,0,0,0,0
00000282_001.png,No Finding,1,282,65,F,PA,2048,2500,0.171,0.171,0,0,0,0,0,0,0,0,0,0,0,0,0,0,0
00000283_000.png,No Finding,0,283,65,M,PA,2021,2021,0.1943109999999999,0.1943109999999999,0,0,0,0,0,0,0,0,0,0,0,0,0,0,0
00000285_000.png,No Finding,0,285,49,M,PA,3056,2544,0.139,0.139,0,0,0,0,0,0,0,0,0,0,0,0,0,0,0
00000285_001.png,Infiltration,1,285,49,M,PA,2992,2991,0.143,0.143,1,0,0,0,1,0,0,0,0,0,0,0,0,0,0
00000285_002.png,No Finding,2,285,49,M,AP,3056,2544,0.139,0.139,0,0,0,0,0,0,0,0,0,0,0,0,0,0,0
00000285_003.png,No Finding,3,285,49,M,PA,2946,2923,0.143,0.143,0,0,0,0,0,0,0,0,0,0,0,0,0,0,0
00000285_004.png,No Finding,4,285,49,M,PA,2840,2724,0.143,0.143,0,0,0,0,0,0,0,0,0,0,0,0,0,0,0
00000285_005.png,Pneumothorax,5,285,49,M,PA,2778,2991,0.143,0.143,1,0,0,0,0,0,0,0,1,0,0,0,0,0,0
00000285_006.png,Pneumothorax,6,285,49,M,PA,3056,2544,0.139,0.139,1,0,0,0,0,0,0,0,1,0,0,0,0,0,0
00000285_007.png,Infiltration|Pneumothorax,7,285,49,M,PA,2992,2991,0.143,0.143,1,0,0,0,1,0,0,0,1,0,0,0,0,0,0
00000286_000.png,Fibrosis|Pleural_Thickening,0,286,64,F,PA,2698,2445,0.143,0.143,1,0,0,0,0,0,0,0,0,0,0,0,1,1,0
00000287_000.png,Cardiomegaly,0,287,36,F,PA,2048,2500,0.171,0.171,1,0,1,0,0,0,0,0,0,0,0,0,0,0,0
00000288_001.png,No Finding,0,288,62,F,PA,2048,2500,0.168,0.168,0,0,0,0,0,0,0,0,0,0,0,0,0,0,0
00000288_002.png,No Finding,1,288,63,F,PA,2992,2991,0.143,0.143,0,0,0,0,0,0,0,0,0,0,0,0,0,0,0
00000288_003.png,No Finding,2,288,65,F,PA,2506,2991,0.143,0.143,0,0,0,0,0,0,0,0,0,0,0,0,0,0,0
00000288_000.png,Infiltration,4,288,68,F,PA,2544,3056,0.139,0.139,1,0,0,0,1,0,0,0,0,0,0,0,0,0,0
00000291_000.png,No Finding,0,291,64,M,PA,2992,2991,0.143,0.143,0,0,0,0,0,0,0,0,0,0,0,0,0,0,0
00000293_000.png,No Finding,0,293,82,F,PA,2682,2889,0.143,0.143,0,0,0,0,0,0,0,0,0,0,0,0,0,0,0
00000294_000.png,Cardiomegaly,0,294,59,F,PA,2514,2533,0.143,0.143,1,0,1,0,0,0,0,0,0,0,0,0,0,0,0
00000294_001.png,No Finding,1,294,62,F,PA,2346,2517,0.143,0.143,0,0,0,0,0,0,0,0,0,0,0,0,0,0,0
00000295_000.png,No Finding,0,295,55,F,PA,2630,2617,0.143,0.143,0,0,0,0,0,0,0,0,0,0,0,0,0,0,0
00000298_000.png,No Finding,0,298,72,F,PA,2048,2500,0.171,0.171,0,0,0,0,0,0,0,0,0,0,0,0,0,0,0
00000301_000.png,No Finding,0,301,53,F,PA,2526,2349,0.143,0.143,0,0,0,0,0,0,0,0,0,0,0,0,0,0,0
00000301_001.png,No Finding,1,301,53,F,PA,2246,2569,0.143,0.143,0,0,0,0,0,0,0,0,0,0,0,0,0,0,0
00000304_000.png,No Finding,0,304,73,F,PA,2048,2500,0.171,0.171,0,0,0,0,0,0,0,0,0,0,0,0,0,0,0
00000304_001.png,No Finding,1,304,76,F,PA,2048,2500,0.168,0.168,0,0,0,0,0,0,0,0,0,0,0,0,0,0,0
00000304_002.png,No Finding,2,304,77,F,PA,2762,2553,0.143,0.143,0,0,0,0,0,0,0,0,0,0,0,0,0,0,0
00000305_000.png,No Finding,0,305,78,M,PA,2992,2991,0.143,0.143,0,0,0,0,0,0,0,0,0,0,0,0,0,0,0
00000305_002.png,No Finding,2,305,78,M,AP,2500,2048,0.168,0.168,0,0,0,0,0,0,0,0,0,0,0,0,0,0,0
00000308_000.png,No Finding,0,308,63,F,PA,2048,2500,0.168,0.168,0,0,0,0,0,0,0,0,0,0,0,0,0,0,0
00000309_000.png,No Finding,0,309,41,M,AP,2500,2048,0.168,0.168,0,0,0,0,0,0,0,0,0,0,0,0,0,0,0
00000311_000.png,Fibrosis,0,311,46,M,PA,2500,2048,0.171,0.171,1,0,0,0,0,0,0,0,0,0,0,0,1,0,0
00000311_001.png,No Finding,1,311,47,M,PA,2500,2048,0.168,0.168,0,0,0,0,0,0,0,0,0,0,0,0,0,0,0
00000312_000.png,No Finding,0,312,86,M,PA,2992,2991,0.143,0.143,0,0,0,0,0,0,0,0,0,0,0,0,0,0,0
00000312_001.png,Emphysema,1,312,86,M,PA,2992,2991,0.143,0.143,1,0,0,0,0,0,0,0,0,0,0,1,0,0,0
00000312_002.png,No Finding,2,312,86,M,PA,2992,2991,0.143,0.143,0,0,0,0,0,0,0,0,0,0,0,0,0,0,0
00000313_000.png,Infiltration,0,313,33,M,PA,3056,2544,0.139,0.139,1,0,0,0,1,0,0,0,0,0,0,0,0,0,0
00000317_000.png,No Finding,0,317,22,F,PA,2048,2500,0.171,0.171,0,0,0,0,0,0,0,0,0,0,0,0,0,0,0
00000317_001.png,No Finding,1,317,22,F,PA,2048,2500,0.171,0.171,0,0,0,0,0,0,0,0,0,0,0,0,0,0,0
00000317_002.png,No Finding,2,317,25,F,PA,2048,2500,0.168,0.168,0,0,0,0,0,0,0,0,0,0,0,0,0,0,0
00000317_003.png,No Finding,3,317,27,F,PA,2048,2500,0.168,0.168,0,0,0,0,0,0,0,0,0,0,0,0,0,0,0
00000317_004.png,No Finding,4,317,29,F,PA,2758,2644,0.143,0.143,0,0,0,0,0,0,0,0,0,0,0,0,0,0,0
00000318_004.png,No Finding,0,318,53,F,PA,2048,2500,0.171,0.171,0,0,0,0,0,0,0,0,0,0,0,0,0,0,0
00000318_005.png,No Finding,1,318,55,F,PA,2048,2500,0.168,0.168,0,0,0,0,0,0,0,0,0,0,0,0,0,0,0
00000318_006.png,No Finding,2,318,56,F,PA,2048,2500,0.168,0.168,0,0,0,0,0,0,0,0,0,0,0,0,0,0,0
00000318_007.png,No Finding,3,318,57,F,PA,2542,2991,0.143,0.143,0,0,0,0,0,0,0,0,0,0,0,0,0,0,0
00000318_008.png,No Finding,4,318,59,F,PA,2154,2989,0.143,0.143,0,0,0,0,0,0,0,0,0,0,0,0,0,0,0
00000318_009.png,No Finding,5,318,60,F,PA,2426,2991,0.143,0.143,0,0,0,0,0,0,0,0,0,0,0,0,0,0,0
00000318_010.png,Infiltration,6,318,62,F,PA,2630,2991,0.143,0.143,1,0,0,0,1,0,0,0,0,0,0,0,0,0,0
00000318_000.png,No Finding,7,318,63,F,PA,2544,3056,0.139,0.139,0,0,0,0,0,0,0,0,0,0,0,0,0,0,0
00000318_001.png,No Finding,8,318,64,F,PA,2346,2991,0.143,0.143,0,0,0,0,0,0,0,0,0,0,0,0,0,0,0
00000318_002.png,No Finding,9,318,66,F,PA,1694,2021,0.1943109999999999,0.1943109999999999,0,0,0,0,0,0,0,0,0,0,0,0,0,0,0
00000318_003.png,No Finding,10,318,66,F,PA,1864,1950,0.1943109999999999,0.1943109999999999,0,0,0,0,0,0,0,0,0,0,0,0,0,0,0
00000320_000.png,No Finding,0,320,63,M,PA,2500,2048,0.171,0.171,0,0,0,0,0,0,0,0,0,0,0,0,0,0,0
00000321_000.png,No Finding,0,321,71,F,PA,2048,2500,0.171,0.171,0,0,0,0,0,0,0,0,0,0,0,0,0,0,0
00000321_001.png,Infiltration,1,321,73,F,PA,2048,2500,0.168,0.168,1,0,0,0,1,0,0,0,0,0,0,0,0,0,0
00000321_002.png,No Finding,2,321,75,F,PA,2666,2569,0.143,0.143,0,0,0,0,0,0,0,0,0,0,0,0,0,0,0
00000321_003.png,No Finding,3,321,76,F,PA,2048,2500,0.168,0.168,0,0,0,0,0,0,0,0,0,0,0,0,0,0,0
00000321_004.png,No Finding,4,321,77,F,PA,2048,2500,0.168,0.168,0,0,0,0,0,0,0,0,0,0,0,0,0,0,0
00000321_005.png,No Finding,5,321,78,F,PA,2554,2511,0.143,0.143,0,0,0,0,0,0,0,0,0,0,0,0,0,0,0
00000324_000.png,Infiltration,0,324,30,M,AP,2500,2048,0.171,0.171,1,0,0,0,1,0,0,0,0,0,0,0,0,0,0
00000324_001.png,Infiltration|Nodule,1,324,30,M,PA,2500,2048,0.168,0.168,1,0,0,0,1,0,1,0,0,0,0,0,0,0,0
00000324_002.png,No Finding,2,324,32,M,PA,2992,2991,0.143,0.143,0,0,0,0,0,0,0,0,0,0,0,0,0,0,0
00000324_003.png,Fibrosis,3,324,32,M,PA,2992,2909,0.143,0.143,1,0,0,0,0,0,0,0,0,0,0,0,1,0,0
00000324_004.png,Infiltration|Mass,4,324,32,M,PA,2992,2991,0.143,0.143,1,0,0,0,1,1,0,0,0,0,0,0,0,0,0
00000324_005.png,No Finding,5,324,32,M,AP,2500,2048,0.168,0.168,0,0,0,0,0,0,0,0,0,0,0,0,0,0,0
00000324_006.png,No Finding,6,324,32,M,AP,2500,2048,0.168,0.168,0,0,0,0,0,0,0,0,0,0,0,0,0,0,0
00000324_007.png,Fibrosis,7,324,33,M,PA,2910,2769,0.143,0.143,1,0,0,0,0,0,0,0,0,0,0,0,1,0,0
00000324_008.png,No Finding,8,324,33,M,AP,2500,2048,0.168,0.168,0,0,0,0,0,0,0,0,0,0,0,0,0,0,0
00000324_009.png,No Finding,9,324,33,M,AP,2500,2048,0.168,0.168,0,0,0,0,0,0,0,0,0,0,0,0,0,0,0
00000324_010.png,Infiltration,10,324,33,M,AP,2500,2048,0.168,0.168,1,0,0,0,1,0,0,0,0,0,0,0,0,0,0
00000324_011.png,Infiltration,11,324,33,M,AP,2500,2048,0.168,0.168,1,0,0,0,1,0,0,0,0,0,0,0,0,0,0
00000324_012.png,No Finding,12,324,33,M,PA,2992,2991,0.143,0.143,0,0,0,0,0,0,0,0,0,0,0,0,0,0,0
00000324_013.png,No Finding,13,324,33,M,AP,2500,2048,0.168,0.168,0,0,0,0,0,0,0,0,0,0,0,0,0,0,0
00000324_014.png,No Finding,14,324,33,M,AP,2500,2048,0.168,0.168,0,0,0,0,0,0,0,0,0,0,0,0,0,0,0
00000324_017.png,No Finding,17,324,36,M,AP,2500,2048,0.168,0.168,0,0,0,0,0,0,0,0,0,0,0,0,0,0,0
00000327_002.png,No Finding,0,327,54,F,PA,2590,2991,0.143,0.143,0,0,0,0,0,0,0,0,0,0,0,0,0,0,0
00000327_003.png,No Finding,1,327,58,F,PA,2530,2881,0.143,0.143,0,0,0,0,0,0,0,0,0,0,0,0,0,0,0
00000327_004.png,Infiltration,2,327,58,F,PA,2048,2500,0.168,0.168,1,0,0,0,1,0,0,0,0,0,0,0,0,0,0
00000327_000.png,No Finding,3,327,61,F,PA,2526,2991,0.143,0.143,0,0,0,0,0,0,0,0,0,0,0,0,0,0,0
00000327_001.png,No Finding,4,327,62,F,PA,2594,2991,0.143,0.143,0,0,0,0,0,0,0,0,0,0,0,0,0,0,0
00000328_000.png,No Finding,0,328,39,M,PA,2500,2048,0.168,0.168,0,0,0,0,0,0,0,0,0,0,0,0,0,0,0
00000329_000.png,No Finding,0,329,78,M,PA,2500,2048,0.171,0.171,0,0,0,0,0,0,0,0,0,0,0,0,0,0,0
00000330_000.png,Cardiomegaly,0,330,57,F,PA,2614,2991,0.143,0.143,1,0,1,0,0,0,0,0,0,0,0,0,0,0,0
00000331_000.png,Infiltration,0,331,60,F,PA,2500,2048,0.171,0.171,1,0,0,0,1,0,0,0,0,0,0,0,0,0,0
00000331_002.png,No Finding,2,331,67,F,PA,2962,2793,0.143,0.143,0,0,0,0,0,0,0,0,0,0,0,0,0,0,0
00000334_000.png,Fibrosis,0,334,62,F,PA,2048,2500,0.171,0.171,1,0,0,0,0,0,0,0,0,0,0,0,1,0,0
00000334_001.png,No Finding,1,334,63,F,PA,2048,2500,0.171,0.171,0,0,0,0,0,0,0,0,0,0,0,0,0,0,0
00000334_002.png,Emphysema,2,334,66,F,PA,2286,2685,0.143,0.143,1,0,0,0,0,0,0,0,0,0,0,1,0,0,0
00000334_003.png,No Finding,3,334,67,F,PA,2500,2048,0.168,0.168,0,0,0,0,0,0,0,0,0,0,0,0,0,0,0
00000334_004.png,Emphysema,4,334,68,F,PA,2458,2941,0.143,0.143,1,0,0,0,0,0,0,0,0,0,0,1,0,0,0
00000334_005.png,No Finding,5,334,69,F,PA,2670,2991,0.143,0.143,0,0,0,0,0,0,0,0,0,0,0,0,0,0,0
00000335_000.png,No Finding,0,335,38,M,PA,2500,2048,0.171,0.171,0,0,0,0,0,0,0,0,0,0,0,0,0,0,0
00000336_000.png,Nodule,0,336,75,F,PA,2892,2887,0.143,0.143,1,0,0,0,0,0,1,0,0,0,0,0,0,0,0
00000338_000.png,Cardiomegaly,0,338,59,M,PA,2992,2991,0.143,0.143,1,0,1,0,0,0,0,0,0,0,0,0,0,0,0
00000339_000.png,No Finding,0,339,57,F,PA,2992,2991,0.143,0.143,0,0,0,0,0,0,0,0,0,0,0,0,0,0,0
00000339_001.png,Infiltration,1,339,63,F,PA,2992,2991,0.143,0.143,1,0,0,0,1,0,0,0,0,0,0,0,0,0,0
00000340_000.png,No Finding,0,340,75,F,PA,2048,2500,0.171,0.171,0,0,0,0,0,0,0,0,0,0,0,0,0,0,0
00000340_001.png,Infiltration|Nodule,1,340,76,F,PA,2500,2048,0.171,0.171,1,0,0,0,1,0,1,0,0,0,0,0,0,0,0
00000340_002.png,No Finding,2,340,78,F,PA,2048,2500,0.168,0.168,0,0,0,0,0,0,0,0,0,0,0,0,0,0,0
00000340_003.png,Emphysema,3,340,79,F,PA,2774,2521,0.143,0.143,1,0,0,0,0,0,0,0,0,0,0,1,0,0,0
00000341_000.png,No Finding,0,341,52,M,PA,2500,2048,0.171,0.171,0,0,0,0,0,0,0,0,0,0,0,0,0,0,0
00000342_000.png,No Finding,0,342,56,M,PA,2500,2048,0.171,0.171,0,0,0,0,0,0,0,0,0,0,0,0,0,0,0
00000343_000.png,Infiltration,0,343,58,F,PA,2992,2991,0.143,0.143,1,0,0,0,1,0,0,0,0,0,0,0,0,0,0
00000345_000.png,No Finding,0,345,43,F,PA,2798,2837,0.143,0.143,0,0,0,0,0,0,0,0,0,0,0,0,0,0,0
00000346_000.png,No Finding,0,346,66,M,PA,2870,2991,0.143,0.143,0,0,0,0,0,0,0,0,0,0,0,0,0,0,0
00000348_002.png,No Finding,0,348,60,F,PA,2048,2500,0.171,0.171,0,0,0,0,0,0,0,0,0,0,0,0,0,0,0
00000348_003.png,No Finding,1,348,61,F,PA,2500,2048,0.168,0.168,0,0,0,0,0,0,0,0,0,0,0,0,0,0,0
00000348_004.png,No Finding,2,348,62,F,PA,2992,2991,0.143,0.143,0,0,0,0,0,0,0,0,0,0,0,0,0,0,0
00000348_005.png,No Finding,3,348,63,F,PA,2048,2500,0.168,0.168,0,0,0,0,0,0,0,0,0,0,0,0,0,0,0
00000348_006.png,No Finding,4,348,64,F,PA,2610,2991,0.143,0.143,0,0,0,0,0,0,0,0,0,0,0,0,0,0,0
00000348_008.png,Infiltration,6,348,67,F,PA,2566,2685,0.143,0.143,1,0,0,0,1,0,0,0,0,0,0,0,0,0,0
00000348_009.png,No Finding,7,348,68,F,PA,2992,2991,0.143,0.143,0,0,0,0,0,0,0,0,0,0,0,0,0,0,0
00000348_000.png,No Finding,8,348,69,F,PA,2750,2437,0.143,0.143,0,0,0,0,0,0,0,0,0,0,0,0,0,0,0
00000348_001.png,No Finding,9,348,70,F,PA,2590,2553,0.143,0.143,0,0,0,0,0,0,0,0,0,0,0,0,0,0,0
00000349_000.png,No Finding,0,349,56,M,PA,2500,2048,0.171,0.171,0,0,0,0,0,0,0,0,0,0,0,0,0,0,0
00000350_000.png,No Finding,0,350,57,M,PA,2500,2048,0.168,0.168,0,0,0,0,0,0,0,0,0,0,0,0,0,0,0
00000353_000.png,Emphysema,0,353,63,M,PA,2500,2048,0.168,0.168,1,0,0,0,0,0,0,0,0,0,0,1,0,0,0
00000354_000.png,No Finding,0,354,25,M,AP,2500,2048,0.168,0.168,0,0,0,0,0,0,0,0,0,0,0,0,0,0,0
00000356_000.png,No Finding,0,356,30,F,AP,2500,2048,0.168,0.168,0,0,0,0,0,0,0,0,0,0,0,0,0,0,0
00000356_001.png,No Finding,1,356,31,F,AP,2500,2048,0.168,0.168,0,0,0,0,0,0,0,0,0,0,0,0,0,0,0
00000357_000.png,No Finding,0,357,73,F,PA,2762,2851,0.143,0.143,0,0,0,0,0,0,0,0,0,0,0,0,0,0,0
00000358_000.png,No Finding,0,358,60,F,PA,2500,2048,0.171,0.171,0,0,0,0,0,0,0,0,0,0,0,0,0,0,0
00000358_001.png,Infiltration|Pleural_Thickening,1,358,68,F,PA,2622,2991,0.143,0.143,1,0,0,0,1,0,0,0,0,0,0,0,0,1,0
00000360_000.png,No Finding,0,360,44,M,PA,2500,2048,0.171,0.171,0,0,0,0,0,0,0,0,0,0,0,0,0,0,0
00000360_001.png,No Finding,1,360,45,M,PA,2500,2048,0.168,0.168,0,0,0,0,0,0,0,0,0,0,0,0,0,0,0
00000360_002.png,No Finding,2,360,45,M,PA,2048,2500,0.168,0.168,0,0,0,0,0,0,0,0,0,0,0,0,0,0,0
00000360_003.png,Emphysema,3,360,45,M,AP,2500,2048,0.168,0.168,1,0,0,0,0,0,0,0,0,0,0,1,0,0,0
00000360_004.png,Emphysema,4,360,45,M,AP,2500,2048,0.168,0.168,1,0,0,0,0,0,0,0,0,0,0,1,0,0,0
00000360_007.png,No Finding,7,360,45,M,PA,2500,2048,0.168,0.168,0,0,0,0,0,0,0,0,0,0,0,0,0,0,0
00000360_008.png,Infiltration,8,360,46,M,PA,2992,2991,0.143,0.143,1,0,0,0,1,0,0,0,0,0,0,0,0,0,0
00000361_000.png,Nodule,0,361,61,F,PA,2992,2991,0.143,0.143,1,0,0,0,0,0,1,0,0,0,0,0,0,0,0
00000362_000.png,No Finding,0,362,63,M,PA,2992,2991,0.143,0.143,0,0,0,0,0,0,0,0,0,0,0,0,0,0,0
00000362_001.png,No Finding,1,362,63,M,PA,2898,2959,0.143,0.143,0,0,0,0,0,0,0,0,0,0,0,0,0,0,0
00000362_002.png,No Finding,2,362,63,M,PA,2992,2991,0.143,0.143,0,0,0,0,0,0,0,0,0,0,0,0,0,0,0
00000362_003.png,No Finding,3,362,63,M,PA,2992,2991,0.143,0.143,0,0,0,0,0,0,0,0,0,0,0,0,0,0,0
00000362_004.png,No Finding,4,362,63,M,PA,2500,2048,0.168,0.168,0,0,0,0,0,0,0,0,0,0,0,0,0,0,0
00000362_005.png,No Finding,5,362,63,M,PA,2992,2991,0.143,0.143,0,0,0,0,0,0,0,0,0,0,0,0,0,0,0
00000363_000.png,Fibrosis|Infiltration,0,363,83,M,PA,2992,2991,0.143,0.143,1,0,0,0,1,0,0,0,0,0,0,0,1,0,0
00000363_001.png,Consolidation,1,363,83,M,PA,2992,2991,0.143,0.143,1,0,0,0,0,0,0,0,0,1,0,0,0,0,0
00000363_002.png,Effusion|Pleural_Thickening,2,363,83,M,PA,2992,2991,0.143,0.143,1,0,0,1,0,0,0,0,0,0,0,0,0,1,0
00000364_000.png,No Finding,0,364,28,F,AP,2500,2048,0.171,0.171,0,0,0,0,0,0,0,0,0,0,0,0,0,0,0
00000364_001.png,No Finding,1,364,30,F,PA,2048,2500,0.168,0.168,0,0,0,0,0,0,0,0,0,0,0,0,0,0,0
00000365_000.png,No Finding,0,365,52,F,PA,2522,2991,0.143,0.143,0,0,0,0,0,0,0,0,0,0,0,0,0,0,0
00000366_000.png,No Finding,0,366,76,F,PA,2670,2991,0.143,0.143,0,0,0,0,0,0,0,0,0,0,0,0,0,0,0
00000366_001.png,No Finding,1,366,77,F,PA,2048,2500,0.168,0.168,0,0,0,0,0,0,0,0,0,0,0,0,0,0,0
00000368_005.png,No Finding,1,368,35,M,AP,3056,2544,0.139,0.139,0,0,0,0,0,0,0,0,0,0,0,0,0,0,0
00000368_009.png,No Finding,5,368,35,M,AP,3056,2544,0.139,0.139,0,0,0,0,0,0,0,0,0,0,0,0,0,0,0
00000368_010.png,No Finding,6,368,35,M,AP,3056,2544,0.139,0.139,0,0,0,0,0,0,0,0,0,0,0,0,0,0,0
00000368_000.png,No Finding,9,368,36,M,AP,3056,2544,0.139,0.139,0,0,0,0,0,0,0,0,0,0,0,0,0,0,0
00000368_003.png,Pneumothorax,11,368,36,M,AP,3056,2544,0.139,0.139,1,0,0,0,0,0,0,0,1,0,0,0,0,0,0
00000370_003.png,No Finding,0,370,54,F,PA,2048,2500,0.171,0.171,0,0,0,0,0,0,0,0,0,0,0,0,0,0,0
00000370_004.png,No Finding,1,370,58,F,PA,2506,2573,0.143,0.143,0,0,0,0,0,0,0,0,0,0,0,0,0,0,0
00000370_005.png,No Finding,2,370,59,F,PA,2992,2991,0.143,0.143,0,0,0,0,0,0,0,0,0,0,0,0,0,0,0
00000370_007.png,No Finding,4,370,60,F,PA,2678,2991,0.143,0.143,0,0,0,0,0,0,0,0,0,0,0,0,0,0,0
00000370_008.png,Nodule,5,370,60,F,PA,2674,2991,0.143,0.143,1,0,0,0,0,0,1,0,0,0,0,0,0,0,0
00000370_009.png,No Finding,6,370,61,F,PA,2992,2991,0.143,0.143,0,0,0,0,0,0,0,0,0,0,0,0,0,0,0
00000370_010.png,Infiltration,7,370,62,F,PA,2378,2697,0.143,0.143,1,0,0,0,1,0,0,0,0,0,0,0,0,0,0
00000370_011.png,Infiltration,8,370,64,F,PA,2632,2414,0.143,0.143,1,0,0,0,1,0,0,0,0,0,0,0,0,0,0
00000370_000.png,Nodule,9,370,65,F,PA,2992,2991,0.143,0.143,1,0,0,0,0,0,1,0,0,0,0,0,0,0,0
00000370_001.png,No Finding,10,370,66,F,PA,2544,3056,0.139,0.139,0,0,0,0,0,0,0,0,0,0,0,0,0,0,0
00000370_002.png,No Finding,11,370,67,F,PA,1842,2021,0.1943109999999999,0.1943109999999999,0,0,0,0,0,0,0,0,0,0,0,0,0,0,0
00000373_000.png,No Finding,0,373,22,F,PA,2048,2500,0.171,0.171,0,0,0,0,0,0,0,0,0,0,0,0,0,0,0
00000373_001.png,No Finding,1,373,27,F,PA,2048,2500,0.168,0.168,0,0,0,0,0,0,0,0,0,0,0,0,0,0,0
00000374_000.png,Cardiomegaly,0,374,74,M,PA,2500,2048,0.171,0.171,1,0,1,0,0,0,0,0,0,0,0,0,0,0,0
00000375_000.png,No Finding,0,375,63,F,PA,2992,2991,0.143,0.143,0,0,0,0,0,0,0,0,0,0,0,0,0,0,0
00000376_000.png,Pleural_Thickening,0,376,42,M,PA,2500,2048,0.171,0.171,1,0,0,0,0,0,0,0,0,0,0,0,0,1,0
00000376_001.png,No Finding,1,376,45,M,PA,2500,2048,0.168,0.168,0,0,0,0,0,0,0,0,0,0,0,0,0,0,0
00000376_002.png,Emphysema,2,376,46,M,PA,2992,2991,0.143,0.143,1,0,0,0,0,0,0,0,0,0,0,1,0,0,0
00000376_003.png,No Finding,3,376,47,M,PA,2500,2048,0.168,0.168,0,0,0,0,0,0,0,0,0,0,0,0,0,0,0
00000376_004.png,No Finding,4,376,48,M,PA,2992,2991,0.143,0.143,0,0,0,0,0,0,0,0,0,0,0,0,0,0,0
00000376_005.png,Emphysema|Pneumothorax,5,376,48,M,AP,2500,2048,0.168,0.168,1,0,0,0,0,0,0,0,1,0,0,1,0,0,0
00000376_006.png,Infiltration,6,376,48,M,PA,2992,2991,0.143,0.143,1,0,0,0,1,0,0,0,0,0,0,0,0,0,0
00000376_007.png,Emphysema|Mass,7,376,48,M,PA,2500,2048,0.168,0.168,1,0,0,0,0,1,0,0,0,0,0,1,0,0,0
00000376_009.png,Infiltration,9,376,49,M,AP,2500,2048,0.168,0.168,1,0,0,0,1,0,0,0,0,0,0,0,0,0,0
00000376_010.png,Infiltration,10,376,49,M,AP,2500,2048,0.168,0.168,1,0,0,0,1,0,0,0,0,0,0,0,0,0,0
00000376_011.png,No Finding,11,376,49,M,PA,2500,2048,0.168,0.168,0,0,0,0,0,0,0,0,0,0,0,0,0,0,0
00000376_012.png,No Finding,12,376,49,M,PA,2992,2991,0.143,0.143,0,0,0,0,0,0,0,0,0,0,0,0,0,0,0
00000376_013.png,No Finding,13,376,49,M,PA,2992,2991,0.143,0.143,0,0,0,0,0,0,0,0,0,0,0,0,0,0,0
00000376_014.png,Pleural_Thickening,14,376,49,M,AP,2500,2048,0.168,0.168,1,0,0,0,0,0,0,0,0,0,0,0,0,1,0
00000378_000.png,No Finding,0,378,60,M,PA,2048,2500,0.171,0.171,0,0,0,0,0,0,0,0,0,0,0,0,0,0,0
00000379_000.png,No Finding,0,379,80,F,PA,2546,2696,0.143,0.143,0,0,0,0,0,0,0,0,0,0,0,0,0,0,0
00000379_001.png,No Finding,1,379,80,F,AP,3056,2544,0.139,0.139,0,0,0,0,0,0,0,0,0,0,0,0,0,0,0
00000380_000.png,No Finding,0,380,34,F,PA,2544,3056,0.139,0.139,0,0,0,0,0,0,0,0,0,0,0,0,0,0,0
00000381_000.png,Emphysema|Infiltration,0,381,50,M,AP,2500,2048,0.171,0.171,1,0,0,0,1,0,0,0,0,0,0,1,0,0,0
00000381_001.png,Emphysema,1,381,50,M,AP,2500,2048,0.171,0.171,1,0,0,0,0,0,0,0,0,0,0,1,0,0,0
00000381_004.png,No Finding,4,381,58,M,PA,2992,2991,0.143,0.143,0,0,0,0,0,0,0,0,0,0,0,0,0,0,0
00000382_000.png,No Finding,0,382,68,F,PA,2500,2048,0.168,0.168,0,0,0,0,0,0,0,0,0,0,0,0,0,0,0
00000382_001.png,No Finding,1,382,71,F,PA,2710,2991,0.143,0.143,0,0,0,0,0,0,0,0,0,0,0,0,0,0,0
00000382_002.png,Fibrosis,2,382,73,F,PA,2992,2991,0.143,0.143,1,0,0,0,0,0,0,0,0,0,0,0,1,0,0
00000384_000.png,No Finding,0,384,51,M,PA,2992,2991,0.143,0.143,0,0,0,0,0,0,0,0,0,0,0,0,0,0,0
00000385_002.png,No Finding,0,385,64,F,PA,2770,2991,0.143,0.143,0,0,0,0,0,0,0,0,0,0,0,0,0,0,0
00000385_003.png,No Finding,1,385,65,F,PA,2500,2048,0.168,0.168,0,0,0,0,0,0,0,0,0,0,0,0,0,0,0
00000385_004.png,No Finding,2,385,66,F,PA,2992,2991,0.143,0.143,0,0,0,0,0,0,0,0,0,0,0,0,0,0,0
00000385_005.png,Infiltration,3,385,68,F,PA,2482,2991,0.143,0.143,1,0,0,0,1,0,0,0,0,0,0,0,0,0,0
00000385_000.png,Hernia|Infiltration,4,385,70,F,PA,2590,2991,0.143,0.143,1,0,0,0,1,0,0,0,0,0,0,0,0,0,1
00000385_001.png,Hernia,5,385,71,F,PA,2658,2991,0.143,0.143,1,0,0,0,0,0,0,0,0,0,0,0,0,0,1
00000386_000.png,No Finding,0,386,42,M,PA,2500,2048,0.171,0.171,0,0,0,0,0,0,0,0,0,0,0,0,0,0,0
00000389_000.png,No Finding,0,389,65,M,PA,2992,2991,0.143,0.143,0,0,0,0,0,0,0,0,0,0,0,0,0,0,0
00000390_000.png,No Finding,0,390,21,F,PA,2048,2500,0.171,0.171,0,0,0,0,0,0,0,0,0,0,0,0,0,0,0
00000390_001.png,No Finding,1,390,30,F,PA,2694,2933,0.143,0.143,0,0,0,0,0,0,0,0,0,0,0,0,0,0,0
00000391_001.png,No Finding,0,391,76,F,PA,2048,2500,0.171,0.171,0,0,0,0,0,0,0,0,0,0,0,0,0,0,0
00000391_002.png,No Finding,1,391,78,F,PA,2048,2500,0.168,0.168,0,0,0,0,0,0,0,0,0,0,0,0,0,0,0
00000391_003.png,No Finding,2,391,79,F,PA,2386,2991,0.143,0.143,0,0,0,0,0,0,0,0,0,0,0,0,0,0,0
00000391_004.png,No Finding,3,391,80,F,PA,2626,2673,0.143,0.143,0,0,0,0,0,0,0,0,0,0,0,0,0,0,0
00000391_005.png,No Finding,4,391,81,F,PA,2694,2665,0.143,0.143,0,0,0,0,0,0,0,0,0,0,0,0,0,0,0
00000391_006.png,Infiltration,5,391,82,F,PA,2486,2991,0.143,0.143,1,0,0,0,1,0,0,0,0,0,0,0,0,0,0
00000391_007.png,No Finding,6,391,83,F,PA,2454,2991,0.143,0.143,0,0,0,0,0,0,0,0,0,0,0,0,0,0,0
00000391_008.png,Infiltration,7,391,84,F,PA,2604,2939,0.143,0.143,1,0,0,0,1,0,0,0,0,0,0,0,0,0,0
00000391_009.png,No Finding,8,391,84,F,PA,2822,2817,0.143,0.143,0,0,0,0,0,0,0,0,0,0,0,0,0,0,0
00000391_000.png,No Finding,9,391,85,F,PA,2634,2991,0.143,0.143,0,0,0,0,0,0,0,0,0,0,0,0,0,0,0
00000392_000.png,No Finding,0,392,62,F,PA,2598,2991,0.143,0.143,0,0,0,0,0,0,0,0,0,0,0,0,0,0,0
00000393_000.png,No Finding,0,393,33,M,PA,2500,2048,0.171,0.171,0,0,0,0,0,0,0,0,0,0,0,0,0,0,0
00000395_000.png,No Finding,0,395,73,M,PA,2500,2048,0.168,0.168,0,0,0,0,0,0,0,0,0,0,0,0,0,0,0
00000396_000.png,No Finding,0,396,57,M,PA,2992,2657,0.143,0.143,0,0,0,0,0,0,0,0,0,0,0,0,0,0,0
00000397_000.png,No Finding,0,397,54,F,PA,2048,2500,0.171,0.171,0,0,0,0,0,0,0,0,0,0,0,0,0,0,0
00000398_000.png,No Finding,0,398,61,F,PA,2048,2500,0.171,0.171,0,0,0,0,0,0,0,0,0,0,0,0,0,0,0
00000398_001.png,Effusion,1,398,64,F,PA,2048,2500,0.168,0.168,1,0,0,1,0,0,0,0,0,0,0,0,0,0,0
00000398_002.png,Infiltration|Pneumonia,2,398,64,F,PA,2048,2500,0.168,0.168,1,0,0,0,1,0,0,1,0,0,0,0,0,0,0
00000398_003.png,Cardiomegaly|Fibrosis,3,398,64,F,AP,2500,2048,0.168,0.168,1,0,1,0,0,0,0,0,0,0,0,0,1,0,0
00000398_004.png,No Finding,4,398,64,F,PA,2048,2500,0.168,0.168,0,0,0,0,0,0,0,0,0,0,0,0,0,0,0
00000398_005.png,No Finding,5,398,65,F,PA,2388,2291,0.143,0.143,0,0,0,0,0,0,0,0,0,0,0,0,0,0,0
00000398_006.png,Cardiomegaly,6,398,67,F,AP,2500,2048,0.168,0.168,1,0,1,0,0,0,0,0,0,0,0,0,0,0,0
00000398_007.png,No Finding,7,398,68,F,AP,2048,2500,0.168,0.168,0,0,0,0,0,0,0,0,0,0,0,0,0,0,0
00000398_008.png,Infiltration,8,398,68,F,AP,2048,2500,0.168,0.168,1,0,0,0,1,0,0,0,0,0,0,0,0,0,0
00000399_000.png,Nodule,0,399,34,F,PA,2048,2500,0.168,0.168,1,0,0,0,0,0,1,0,0,0,0,0,0,0,0
00000399_001.png,No Finding,1,399,34,F,PA,2048,2500,0.168,0.168,0,0,0,0,0,0,0,0,0,0,0,0,0,0,0
00000400_000.png,Mass,0,400,60,M,PA,2882,2808,0.143,0.143,1,0,0,0,0,1,0,0,0,0,0,0,0,0,0
00000401_000.png,No Finding,0,401,61,F,PA,2048,2500,0.171,0.171,0,0,0,0,0,0,0,0,0,0,0,0,0,0,0
00000402_000.png,Fibrosis,0,402,58,M,PA,2992,2991,0.143,0.143,1,0,0,0,0,0,0,0,0,0,0,0,1,0,0
00000402_001.png,Consolidation|Fibrosis|Infiltration|Nodule,1,402,61,M,AP,2500,2048,0.168,0.168,1,0,0,0,1,0,1,0,0,1,0,0,1,0,0
00000402_002.png,Consolidation|Effusion|Infiltration|Nodule,2,402,61,M,AP,2500,2048,0.168,0.168,1,0,0,1,1,0,1,0,0,1,0,0,0,0,0
00000402_003.png,No Finding,3,402,61,M,AP,2500,2048,0.168,0.168,0,0,0,0,0,0,0,0,0,0,0,0,0,0,0
00000402_004.png,Fibrosis|Infiltration,4,402,61,M,AP,2500,2048,0.168,0.168,1,0,0,0,1,0,0,0,0,0,0,0,1,0,0
00000402_007.png,No Finding,5,402,61,M,AP,2048,2500,0.168,0.168,0,0,0,0,0,0,0,0,0,0,0,0,0,0,0
00000402_006.png,Effusion|Fibrosis|Infiltration,6,402,61,M,AP,2500,2048,0.168,0.168,1,0,0,1,1,0,0,0,0,0,0,0,1,0,0
00000402_005.png,Effusion|Emphysema|Pleural_Thickening,7,402,61,M,AP,2500,2048,0.168,0.168,1,0,0,1,0,0,0,0,0,0,0,1,0,1,0
00000402_008.png,No Finding,8,402,61,M,AP,2500,2048,0.168,0.168,0,0,0,0,0,0,0,0,0,0,0,0,0,0,0
00000402_009.png,Effusion,9,402,61,M,AP,2500,2048,0.168,0.168,1,0,0,1,0,0,0,0,0,0,0,0,0,0,0
00000402_010.png,Effusion|Fibrosis,10,402,61,M,AP,2500,2048,0.168,0.168,1,0,0,1,0,0,0,0,0,0,0,0,1,0,0
00000404_002.png,Pneumothorax,2,404,73,M,PA,2021,2021,0.1943109999999999,0.1943109999999999,1,0,0,0,0,0,0,0,1,0,0,0,0,0,0
00000405_000.png,No Finding,0,405,44,M,PA,2674,2913,0.143,0.143,0,0,0,0,0,0,0,0,0,0,0,0,0,0,0
00000406_000.png,Cardiomegaly,0,406,51,M,PA,2500,2048,0.171,0.171,1,0,1,0,0,0,0,0,0,0,0,0,0,0,0
00000406_001.png,No Finding,1,406,55,M,PA,2992,2991,0.143,0.143,0,0,0,0,0,0,0,0,0,0,0,0,0,0,0
00000407_000.png,No Finding,0,407,69,F,PA,2048,2500,0.168,0.168,0,0,0,0,0,0,0,0,0,0,0,0,0,0,0
00000407_001.png,Fibrosis,1,407,70,F,PA,2048,2500,0.168,0.168,1,0,0,0,0,0,0,0,0,0,0,0,1,0,0
00000408_000.png,No Finding,0,408,74,F,PA,2048,2500,0.171,0.171,0,0,0,0,0,0,0,0,0,0,0,0,0,0,0
00000410_001.png,No Finding,0,410,60,F,PA,2642,2991,0.143,0.143,0,0,0,0,0,0,0,0,0,0,0,0,0,0,0
00000410_002.png,Effusion,1,410,60,F,PA,2530,2991,0.143,0.143,1,0,0,1,0,0,0,0,0,0,0,0,0,0,0
00000410_000.png,No Finding,2,410,60,F,PA,2550,2321,0.143,0.143,0,0,0,0,0,0,0,0,0,0,0,0,0,0,0
00000413_000.png,No Finding,0,413,42,M,PA,2500,2048,0.171,0.171,0,0,0,0,0,0,0,0,0,0,0,0,0,0,0
00000414_000.png,No Finding,0,414,46,M,PA,2500,2048,0.168,0.168,0,0,0,0,0,0,0,0,0,0,0,0,0,0,0
00000418_001.png,No Finding,1,418,38,M,AP,2500,2048,0.168,0.168,0,0,0,0,0,0,0,0,0,0,0,0,0,0,0
00000418_002.png,No Finding,2,418,38,M,AP,2500,2048,0.168,0.168,0,0,0,0,0,0,0,0,0,0,0,0,0,0,0
00000418_003.png,No Finding,3,418,38,M,PA,2746,2991,0.143,0.143,0,0,0,0,0,0,0,0,0,0,0,0,0,0,0
00000419_000.png,No Finding,0,419,50,F,PA,2021,2021,0.1943109999999999,0.1943109999999999,0,0,0,0,0,0,0,0,0,0,0,0,0,0,0
00000420_000.png,No Finding,0,420,63,F,PA,2544,3056,0.139,0.139,0,0,0,0,0,0,0,0,0,0,0,0,0,0,0
00000420_001.png,No Finding,1,420,65,F,PA,2021,2021,0.1943109999999999,0.1943109999999999,0,0,0,0,0,0,0,0,0,0,0,0,0,0,0
00000422_001.png,No Finding,0,422,70,F,PA,2500,2048,0.171,0.171,0,0,0,0,0,0,0,0,0,0,0,0,0,0,0
00000422_002.png,No Finding,1,422,71,F,PA,2048,2500,0.168,0.168,0,0,0,0,0,0,0,0,0,0,0,0,0,0,0
00000422_003.png,No Finding,2,422,74,F,PA,2500,2048,0.168,0.168,0,0,0,0,0,0,0,0,0,0,0,0,0,0,0
00000422_004.png,No Finding,3,422,75,F,PA,2992,2991,0.143,0.143,0,0,0,0,0,0,0,0,0,0,0,0,0,0,0
00000422_005.png,No Finding,4,422,77,F,PA,2992,2991,0.143,0.143,0,0,0,0,0,0,0,0,0,0,0,0,0,0,0
00000422_006.png,Infiltration,5,422,78,F,PA,2930,2991,0.143,0.143,1,0,0,0,1,0,0,0,0,0,0,0,0,0,0
00000422_007.png,Infiltration,6,422,78,F,PA,2842,2991,0.143,0.143,1,0,0,0,1,0,0,0,0,0,0,0,0,0,0
00000422_000.png,No Finding,7,422,80,F,PA,2544,3056,0.139,0.139,0,0,0,0,0,0,0,0,0,0,0,0,0,0,0
00000425_001.png,No Finding,0,425,43,F,PA,2622,2685,0.143,0.143,0,0,0,0,0,0,0,0,0,0,0,0,0,0,0
00000425_000.png,No Finding,1,425,50,F,PA,3056,2544,0.139,0.139,0,0,0,0,0,0,0,0,0,0,0,0,0,0,0
00000426_000.png,No Finding,0,426,49,M,PA,2500,2048,0.168,0.168,0,0,0,0,0,0,0,0,0,0,0,0,0,0,0
00000426_001.png,Fibrosis,1,426,52,M,PA,2950,2991,0.143,0.143,1,0,0,0,0,0,0,0,0,0,0,0,1,0,0
00000426_002.png,No Finding,2,426,53,M,PA,2794,2991,0.143,0.143,0,0,0,0,0,0,0,0,0,0,0,0,0,0,0
00000426_003.png,No Finding,3,426,54,M,PA,2992,2991,0.143,0.143,0,0,0,0,0,0,0,0,0,0,0,0,0,0,0
00000427_000.png,No Finding,0,427,77,F,PA,2830,2889,0.143,0.143,0,0,0,0,0,0,0,0,0,0,0,0,0,0,0
00000427_001.png,No Finding,1,427,81,F,PA,2736,2317,0.143,0.143,0,0,0,0,0,0,0,0,0,0,0,0,0,0,0
00000428_000.png,No Finding,0,428,57,M,PA,2048,2500,0.171,0.171,0,0,0,0,0,0,0,0,0,0,0,0,0,0,0
00000429_000.png,No Finding,0,429,70,F,PA,2048,2500,0.171,0.171,0,0,0,0,0,0,0,0,0,0,0,0,0,0,0
00000429_001.png,No Finding,1,429,77,F,PA,2686,2991,0.143,0.143,0,0,0,0,0,0,0,0,0,0,0,0,0,0,0
00000432_000.png,Cardiomegaly|Emphysema,0,432,72,F,PA,2048,2500,0.171,0.171,1,0,1,0,0,0,0,0,0,0,0,1,0,0,0
00000435_000.png,Cardiomegaly|Effusion|Mass,0,435,67,M,PA,2550,2991,0.143,0.143,1,0,1,1,0,1,0,0,0,0,0,0,0,0,0
00000436_000.png,No Finding,0,436,80,F,PA,2048,2500,0.171,0.171,0,0,0,0,0,0,0,0,0,0,0,0,0,0,0
00000438_000.png,No Finding,0,438,63,M,PA,2500,2048,0.171,0.171,0,0,0,0,0,0,0,0,0,0,0,0,0,0,0
00000442_003.png,Cardiomegaly,0,442,45,F,PA,2992,2991,0.143,0.143,1,0,1,0,0,0,0,0,0,0,0,0,0,0,0
00000442_000.png,Cardiomegaly|Edema|Infiltration|Nodule,1,442,49,F,AP,3056,2544,0.139,0.139,1,0,1,0,1,0,1,0,0,0,1,0,0,0,0
00000442_001.png,Cardiomegaly|Effusion|Infiltration,2,442,49,F,PA,2598,2991,0.143,0.143,1,0,1,1,1,0,0,0,0,0,0,0,0,0,0
00000442_002.png,Cardiomegaly|Effusion,3,442,49,F,PA,2544,3056,0.139,0.139,1,0,1,1,0,0,0,0,0,0,0,0,0,0,0
00000445_000.png,No Finding,0,445,63,F,PA,2602,2573,0.143,0.143,0,0,0,0,0,0,0,0,0,0,0,0,0,0,0
00000446_000.png,Infiltration,0,446,66,M,PA,2992,2991,0.143,0.143,1,0,0,0,1,0,0,0,0,0,0,0,0,0,0
00000446_001.png,No Finding,1,446,66,M,PA,2992,2991,0.143,0.143,0,0,0,0,0,0,0,0,0,0,0,0,0,0,0
00000447_000.png,No Finding,0,447,57,F,PA,2048,2500,0.171,0.171,0,0,0,0,0,0,0,0,0,0,0,0,0,0,0
00000447_001.png,No Finding,1,447,62,F,PA,2422,2745,0.143,0.143,0,0,0,0,0,0,0,0,0,0,0,0,0,0,0
00000447_002.png,No Finding,2,447,63,F,PA,2418,2991,0.143,0.143,0,0,0,0,0,0,0,0,0,0,0,0,0,0,0
00000447_003.png,No Finding,3,447,64,F,PA,2992,2991,0.143,0.143,0,0,0,0,0,0,0,0,0,0,0,0,0,0,0
00000447_004.png,No Finding,4,447,65,F,PA,2470,2991,0.143,0.143,0,0,0,0,0,0,0,0,0,0,0,0,0,0,0
00000447_005.png,Infiltration,5,447,66,F,PA,2630,2991,0.143,0.143,1,0,0,0,1,0,0,0,0,0,0,0,0,0,0
00000448_000.png,Cardiomegaly,0,448,48,M,PA,2500,2048,0.171,0.171,1,0,1,0,0,0,0,0,0,0,0,0,0,0,0
00000448_001.png,No Finding,1,448,48,M,PA,2500,2048,0.171,0.171,0,0,0,0,0,0,0,0,0,0,0,0,0,0,0
00000449_001.png,No Finding,0,449,49,M,PA,2992,2845,0.143,0.143,0,0,0,0,0,0,0,0,0,0,0,0,0,0,0
00000449_002.png,No Finding,1,449,50,M,PA,2992,2991,0.143,0.143,0,0,0,0,0,0,0,0,0,0,0,0,0,0,0
00000449_003.png,No Finding,2,449,51,M,PA,2500,2048,0.168,0.168,0,0,0,0,0,0,0,0,0,0,0,0,0,0,0
00000449_000.png,No Finding,3,449,57,M,PA,2021,2021,0.1943109999999999,0.1943109999999999,0,0,0,0,0,0,0,0,0,0,0,0,0,0,0
00000452_000.png,No Finding,0,452,42,F,PA,2992,2991,0.143,0.143,0,0,0,0,0,0,0,0,0,0,0,0,0,0,0
00000453_000.png,No Finding,0,453,63,M,PA,2992,2991,0.143,0.143,0,0,0,0,0,0,0,0,0,0,0,0,0,0,0
00000454_000.png,No Finding,0,454,28,M,PA,2992,2991,0.143,0.143,0,0,0,0,0,0,0,0,0,0,0,0,0,0,0
00000455_000.png,No Finding,0,455,46,F,PA,2048,2500,0.168,0.168,0,0,0,0,0,0,0,0,0,0,0,0,0,0,0
00000456_000.png,No Finding,0,456,54,M,PA,2992,2991,0.143,0.143,0,0,0,0,0,0,0,0,0,0,0,0,0,0,0
00000456_001.png,No Finding,1,456,58,M,PA,2620,2786,0.143,0.143,0,0,0,0,0,0,0,0,0,0,0,0,0,0,0
00000457_000.png,No Finding,0,457,33,M,PA,2992,2991,0.143,0.143,0,0,0,0,0,0,0,0,0,0,0,0,0,0,0
00000457_001.png,Pleural_Thickening,1,457,33,M,PA,2992,2991,0.143,0.143,1,0,0,0,0,0,0,0,0,0,0,0,0,1,0
00000457_002.png,Cardiomegaly|Effusion,2,457,34,M,PA,2992,2991,0.143,0.143,1,0,1,1,0,0,0,0,0,0,0,0,0,0,0
00000457_003.png,Cardiomegaly|Effusion,3,457,34,M,PA,2854,2991,0.143,0.143,1,0,1,1,0,0,0,0,0,0,0,0,0,0,0
00000459_027.png,Infiltration,0,459,53,F,AP,2500,2048,0.168,0.168,1,0,0,0,1,0,0,0,0,0,0,0,0,0,0
00000459_028.png,No Finding,1,459,53,F,PA,2048,2500,0.168,0.168,0,0,0,0,0,0,0,0,0,0,0,0,0,0,0
00000459_030.png,Fibrosis|Infiltration,3,459,54,F,AP,3056,2544,0.139,0.139,1,0,0,0,1,0,0,0,0,0,0,0,1,0,0
00000459_032.png,Cardiomegaly|Effusion,5,459,54,F,AP,3056,2544,0.139,0.139,1,0,1,1,0,0,0,0,0,0,0,0,0,0,0
00000459_033.png,No Finding,6,459,54,F,AP,3056,2544,0.139,0.139,0,0,0,0,0,0,0,0,0,0,0,0,0,0,0
00000459_034.png,Edema,7,459,54,F,AP,2500,2048,0.168,0.168,1,0,0,0,0,0,0,0,0,0,1,0,0,0,0
00000459_035.png,Infiltration,8,459,54,F,AP,3056,2544,0.139,0.139,1,0,0,0,1,0,0,0,0,0,0,0,0,0,0
00000459_036.png,No Finding,9,459,54,F,AP,3056,2544,0.139,0.139,0,0,0,0,0,0,0,0,0,0,0,0,0,0,0
00000459_037.png,Infiltration,10,459,54,F,AP,3056,2544,0.139,0.139,1,0,0,0,1,0,0,0,0,0,0,0,0,0,0
00000459_038.png,No Finding,11,459,54,F,AP,3056,2544,0.139,0.139,0,0,0,0,0,0,0,0,0,0,0,0,0,0,0
00000459_039.png,Infiltration,12,459,54,F,AP,3056,2544,0.139,0.139,1,0,0,0,1,0,0,0,0,0,0,0,0,0,0
00000459_040.png,No Finding,13,459,54,F,AP,3056,2496,0.139,0.139,0,0,0,0,0,0,0,0,0,0,0,0,0,0,0
00000459_041.png,Edema|Infiltration|Pneumonia,14,459,54,F,AP,3056,2544,0.139,0.139,1,0,0,0,1,0,0,1,0,0,1,0,0,0,0
00000459_042.png,Edema,15,459,54,F,AP,3056,2544,0.139,0.139,1,0,0,0,0,0,0,0,0,0,1,0,0,0,0
00000459_043.png,Edema,16,459,54,F,AP,3056,2544,0.139,0.139,1,0,0,0,0,0,0,0,0,0,1,0,0,0,0
00000459_044.png,Edema,17,459,54,F,AP,3056,2544,0.139,0.139,1,0,0,0,0,0,0,0,0,0,1,0,0,0,0
00000459_045.png,Cardiomegaly|Effusion,18,459,54,F,AP,3056,2544,0.139,0.139,1,0,1,1,0,0,0,0,0,0,0,0,0,0,0
00000459_046.png,No Finding,19,459,54,F,AP,3028,2544,0.139,0.139,0,0,0,0,0,0,0,0,0,0,0,0,0,0,0
00000459_047.png,Consolidation|Infiltration,20,459,54,F,AP,3056,2544,0.139,0.139,1,0,0,0,1,0,0,0,0,1,0,0,0,0,0
00000459_048.png,Infiltration,21,459,54,F,AP,3056,2540,0.139,0.139,1,0,0,0,1,0,0,0,0,0,0,0,0,0,0
00000459_049.png,Infiltration,22,459,54,F,AP,3056,2484,0.139,0.139,1,0,0,0,1,0,0,0,0,0,0,0,0,0,0
00000459_051.png,Edema|Infiltration|Nodule,23,459,54,F,AP,3056,2544,0.139,0.139,1,0,0,0,1,0,1,0,0,0,1,0,0,0,0
00000459_050.png,No Finding,24,459,54,F,AP,2500,2048,0.168,0.168,0,0,0,0,0,0,0,0,0,0,0,0,0,0,0
00000459_052.png,Infiltration,25,459,54,F,PA,2992,2991,0.143,0.143,1,0,0,0,1,0,0,0,0,0,0,0,0,0,0
00000459_053.png,Edema,26,459,54,F,PA,2484,2434,0.143,0.143,1,0,0,0,0,0,0,0,0,0,1,0,0,0,0
00000459_054.png,Infiltration,27,459,54,F,PA,2444,2924,0.139,0.139,1,0,0,0,1,0,0,0,0,0,0,0,0,0,0
00000459_055.png,No Finding,28,459,55,F,AP,3056,2544,0.139,0.139,0,0,0,0,0,0,0,0,0,0,0,0,0,0,0
00000459_056.png,Cardiomegaly|Effusion|Infiltration,29,459,55,F,AP,3056,2544,0.139,0.139,1,0,1,1,1,0,0,0,0,0,0,0,0,0,0
00000459_057.png,No Finding,30,459,55,F,PA,2698,2845,0.143,0.143,0,0,0,0,0,0,0,0,0,0,0,0,0,0,0
00000459_058.png,Edema|Infiltration,31,459,55,F,PA,2992,2991,0.143,0.143,1,0,0,0,1,0,0,0,0,0,1,0,0,0,0
00000459_000.png,No Finding,32,459,55,F,PA,2674,2272,0.143,0.143,0,0,0,0,0,0,0,0,0,0,0,0,0,0,0
00000459_001.png,No Finding,33,459,55,F,AP,3056,2544,0.139,0.139,0,0,0,0,0,0,0,0,0,0,0,0,0,0,0
00000459_002.png,No Finding,34,459,55,F,PA,2992,2991,0.143,0.143,0,0,0,0,0,0,0,0,0,0,0,0,0,0,0
00000459_003.png,Infiltration,35,459,56,F,PA,2992,2991,0.143,0.143,1,0,0,0,1,0,0,0,0,0,0,0,0,0,0
00000459_004.png,No Finding,36,459,56,F,AP,3056,2544,0.139,0.139,0,0,0,0,0,0,0,0,0,0,0,0,0,0,0
00000459_005.png,No Finding,37,459,56,F,AP,3056,2544,0.139,0.139,0,0,0,0,0,0,0,0,0,0,0,0,0,0,0
00000459_006.png,No Finding,38,459,56,F,PA,2992,2969,0.143,0.143,0,0,0,0,0,0,0,0,0,0,0,0,0,0,0
00000459_007.png,No Finding,39,459,56,F,AP,3056,2544,0.139,0.139,0,0,0,0,0,0,0,0,0,0,0,0,0,0,0
00000459_008.png,No Finding,40,459,56,F,AP,3056,2544,0.139,0.139,0,0,0,0,0,0,0,0,0,0,0,0,0,0,0
00000459_009.png,No Finding,41,459,56,F,PA,2992,2991,0.143,0.143,0,0,0,0,0,0,0,0,0,0,0,0,0,0,0
00000459_010.png,Infiltration,42,459,56,F,AP,3016,2544,0.139,0.139,1,0,0,0,1,0,0,0,0,0,0,0,0,0,0
00000459_011.png,No Finding,43,459,56,F,AP,3056,2544,0.139,0.139,0,0,0,0,0,0,0,0,0,0,0,0,0,0,0
00000459_012.png,No Finding,44,459,56,F,PA,2992,2991,0.143,0.143,0,0,0,0,0,0,0,0,0,0,0,0,0,0,0
00000459_013.png,No Finding,45,459,56,F,PA,2382,2777,0.143,0.143,0,0,0,0,0,0,0,0,0,0,0,0,0,0,0
00000459_014.png,No Finding,46,459,56,F,PA,2992,2991,0.143,0.143,0,0,0,0,0,0,0,0,0,0,0,0,0,0,0
00000459_015.png,No Finding,47,459,56,F,PA,2992,2991,0.143,0.143,0,0,0,0,0,0,0,0,0,0,0,0,0,0,0
00000459_016.png,Infiltration,48,459,56,F,PA,2992,2991,0.143,0.143,1,0,0,0,1,0,0,0,0,0,0,0,0,0,0
00000459_017.png,Nodule,49,459,57,F,AP,3056,2544,0.139,0.139,1,0,0,0,0,0,1,0,0,0,0,0,0,0,0
00000459_018.png,Infiltration,50,459,57,F,PA,2866,2937,0.143,0.143,1,0,0,0,1,0,0,0,0,0,0,0,0,0,0
00000459_019.png,No Finding,51,459,57,F,PA,2992,2991,0.143,0.143,0,0,0,0,0,0,0,0,0,0,0,0,0,0,0
00000459_021.png,No Finding,53,459,57,F,PA,2992,2991,0.143,0.143,0,0,0,0,0,0,0,0,0,0,0,0,0,0,0
00000459_022.png,No Finding,54,459,57,F,AP,3056,2544,0.139,0.139,0,0,0,0,0,0,0,0,0,0,0,0,0,0,0
00000459_023.png,No Finding,55,459,57,F,PA,2544,3056,0.139,0.139,0,0,0,0,0,0,0,0,0,0,0,0,0,0,0
00000459_024.png,Consolidation,56,459,57,F,PA,2021,2020,0.1943109999999999,0.1943109999999999,1,0,0,0,0,0,0,0,0,1,0,0,0,0,0
00000459_025.png,No Finding,57,459,58,F,PA,1773,1835,0.1943109999999999,0.1943109999999999,0,0,0,0,0,0,0,0,0,0,0,0,0,0,0
00000459_026.png,No Finding,58,459,58,F,PA,2544,3056,0.139,0.139,0,0,0,0,0,0,0,0,0,0,0,0,0,0,0
00000460_000.png,Infiltration,0,460,40,M,PA,2758,2991,0.143,0.143,1,0,0,0,1,0,0,0,0,0,0,0,0,0,0
00000461_000.png,Fibrosis,0,461,81,F,PA,2048,2500,0.171,0.171,1,0,0,0,0,0,0,0,0,0,0,0,1,0,0
00000461_001.png,No Finding,1,461,84,F,PA,2634,2649,0.143,0.143,0,0,0,0,0,0,0,0,0,0,0,0,0,0,0
00000461_002.png,No Finding,2,461,87,F,PA,2048,2500,0.168,0.168,0,0,0,0,0,0,0,0,0,0,0,0,0,0,0
00000463_000.png,No Finding,0,463,76,F,PA,2048,2500,0.171,0.171,0,0,0,0,0,0,0,0,0,0,0,0,0,0,0
00000463_001.png,No Finding,1,463,77,F,PA,2048,2500,0.171,0.171,0,0,0,0,0,0,0,0,0,0,0,0,0,0,0
00000465_000.png,Infiltration,0,465,59,F,PA,2048,2500,0.171,0.171,1,0,0,0,1,0,0,0,0,0,0,0,0,0,0
00000465_001.png,No Finding,1,465,63,F,PA,2048,2500,0.168,0.168,0,0,0,0,0,0,0,0,0,0,0,0,0,0,0
00000467_001.png,No Finding,1,467,52,M,AP,3056,2544,0.139,0.139,0,0,0,0,0,0,0,0,0,0,0,0,0,0,0
00000467_002.png,Consolidation,2,467,52,M,AP,3056,2544,0.139,0.139,1,0,0,0,0,0,0,0,0,1,0,0,0,0,0
00000467_003.png,Consolidation,3,467,52,M,AP,3056,2544,0.139,0.139,1,0,0,0,0,0,0,0,0,1,0,0,0,0,0
00000467_004.png,Infiltration|Nodule,4,467,52,M,AP,3056,2544,0.139,0.139,1,0,0,0,1,0,1,0,0,0,0,0,0,0,0
00000467_006.png,Consolidation|Infiltration|Nodule,5,467,52,M,AP,3056,2544,0.139,0.139,1,0,0,0,1,0,1,0,0,1,0,0,0,0,0
00000467_005.png,Nodule,6,467,52,M,AP,3056,2544,0.139,0.139,1,0,0,0,0,0,1,0,0,0,0,0,0,0,0
00000467_007.png,Infiltration,7,467,52,M,AP,3056,2544,0.139,0.139,1,0,0,0,1,0,0,0,0,0,0,0,0,0,0
00000467_009.png,No Finding,8,467,52,M,AP,3056,2544,0.139,0.139,0,0,0,0,0,0,0,0,0,0,0,0,0,0,0
00000467_008.png,No Finding,9,467,52,M,AP,3056,2544,0.139,0.139,0,0,0,0,0,0,0,0,0,0,0,0,0,0,0
00000467_010.png,No Finding,10,467,52,M,AP,3056,2544,0.139,0.139,0,0,0,0,0,0,0,0,0,0,0,0,0,0,0
00000467_011.png,Emphysema|Pneumothorax,11,467,52,M,AP,3056,2544,0.139,0.139,1,0,0,0,0,0,0,0,1,0,0,1,0,0,0
00000467_012.png,Consolidation|Infiltration,12,467,52,M,AP,3056,2544,0.139,0.139,1,0,0,0,1,0,0,0,0,1,0,0,0,0,0
00000467_013.png,Pneumothorax,13,467,52,M,AP,3056,2544,0.139,0.139,1,0,0,0,0,0,0,0,1,0,0,0,0,0,0
00000467_014.png,Pneumothorax,14,467,52,M,AP,3056,2544,0.139,0.139,1,0,0,0,0,0,0,0,1,0,0,0,0,0,0
00000468_043.png,No Finding,0,468,22,M,AP,2500,2048,0.171,0.171,0,0,0,0,0,0,0,0,0,0,0,0,0,0,0
00000468_044.png,No Finding,1,468,22,M,PA,2500,2048,0.171,0.171,0,0,0,0,0,0,0,0,0,0,0,0,0,0,0
00000468_045.png,No Finding,2,468,22,M,AP,2048,2500,0.171,0.171,0,0,0,0,0,0,0,0,0,0,0,0,0,0,0
00000468_046.png,No Finding,3,468,22,M,AP,2048,2500,0.171,0.171,0,0,0,0,0,0,0,0,0,0,0,0,0,0,0
00000468_047.png,Infiltration,4,468,22,M,AP,2500,2048,0.171,0.171,1,0,0,0,1,0,0,0,0,0,0,0,0,0,0
00000468_048.png,No Finding,5,468,23,M,PA,2048,2500,0.168,0.168,0,0,0,0,0,0,0,0,0,0,0,0,0,0,0
00000468_049.png,No Finding,6,468,24,M,AP,2500,2048,0.168,0.168,0,0,0,0,0,0,0,0,0,0,0,0,0,0,0
00000468_050.png,No Finding,7,468,24,M,AP,2500,2048,0.168,0.168,0,0,0,0,0,0,0,0,0,0,0,0,0,0,0
00000468_051.png,No Finding,8,468,24,M,PA,2048,2500,0.168,0.168,0,0,0,0,0,0,0,0,0,0,0,0,0,0,0
00000468_052.png,No Finding,9,468,25,M,AP,2048,2500,0.168,0.168,0,0,0,0,0,0,0,0,0,0,0,0,0,0,0
00000468_053.png,No Finding,10,468,25,M,AP,2500,2048,0.168,0.168,0,0,0,0,0,0,0,0,0,0,0,0,0,0,0
00000468_054.png,No Finding,11,468,25,M,AP,2500,2048,0.168,0.168,0,0,0,0,0,0,0,0,0,0,0,0,0,0,0
00000468_055.png,Infiltration,12,468,26,M,AP,2500,2048,0.168,0.168,1,0,0,0,1,0,0,0,0,0,0,0,0,0,0
00000468_056.png,No Finding,13,468,27,M,AP,2500,2048,0.168,0.168,0,0,0,0,0,0,0,0,0,0,0,0,0,0,0
00000468_057.png,No Finding,14,468,27,M,PA,2500,2048,0.168,0.168,0,0,0,0,0,0,0,0,0,0,0,0,0,0,0
00000468_058.png,No Finding,15,468,28,M,AP,2500,2048,0.168,0.168,0,0,0,0,0,0,0,0,0,0,0,0,0,0,0
00000468_059.png,No Finding,16,468,28,M,PA,2600,2970,0.143,0.143,0,0,0,0,0,0,0,0,0,0,0,0,0,0,0
00000468_000.png,Infiltration,19,468,31,M,AP,3056,2544,0.139,0.139,1,0,0,0,1,0,0,0,0,0,0,0,0,0,0
00000468_001.png,Infiltration,20,468,31,M,AP,3056,2544,0.139,0.139,1,0,0,0,1,0,0,0,0,0,0,0,0,0,0
00000468_003.png,Infiltration,21,468,31,M,AP,3056,2544,0.139,0.139,1,0,0,0,1,0,0,0,0,0,0,0,0,0,0
00000468_004.png,Infiltration|Pneumothorax,22,468,31,M,PA,2992,2991,0.143,0.143,1,0,0,0,1,0,0,0,1,0,0,0,0,0,0
00000468_005.png,Emphysema|Pneumothorax,23,468,31,M,PA,2992,2991,0.143,0.143,1,0,0,0,0,0,0,0,1,0,0,1,0,0,0
00000468_006.png,Pneumothorax,24,468,31,M,AP,3056,2544,0.139,0.139,1,0,0,0,0,0,0,0,1,0,0,0,0,0,0
00000468_007.png,Emphysema|Infiltration,25,468,31,M,AP,3056,2544,0.139,0.139,1,0,0,0,1,0,0,0,0,0,0,1,0,0,0
00000468_009.png,Infiltration|Pneumothorax,26,468,31,M,AP,3056,2544,0.139,0.139,1,0,0,0,1,0,0,0,1,0,0,0,0,0,0
00000468_008.png,Infiltration|Pneumothorax,27,468,31,M,AP,3056,2544,0.139,0.139,1,0,0,0,1,0,0,0,1,0,0,0,0,0,0
00000468_010.png,Infiltration|Pneumothorax,28,468,31,M,AP,3056,2544,0.139,0.139,1,0,0,0,1,0,0,0,1,0,0,0,0,0,0
00000468_011.png,Pneumothorax,29,468,31,M,AP,3056,2544,0.139,0.139,1,0,0,0,0,0,0,0,1,0,0,0,0,0,0
00000468_012.png,Infiltration|Nodule,30,468,31,M,AP,3056,2544,0.139,0.139,1,0,0,0,1,0,1,0,0,0,0,0,0,0,0
00000468_014.png,Pneumothorax,32,468,31,M,AP,3056,2544,0.139,0.139,1,0,0,0,0,0,0,0,1,0,0,0,0,0,0
00000468_015.png,No Finding,33,468,31,M,AP,3056,2544,0.139,0.139,0,0,0,0,0,0,0,0,0,0,0,0,0,0,0
00000468_016.png,Pneumothorax,34,468,31,M,AP,3056,2544,0.139,0.139,1,0,0,0,0,0,0,0,1,0,0,0,0,0,0
00000468_018.png,Pneumothorax,36,468,31,M,AP,3056,2544,0.139,0.139,1,0,0,0,0,0,0,0,1,0,0,0,0,0,0
00000468_021.png,No Finding,39,468,31,M,AP,3056,2544,0.139,0.139,0,0,0,0,0,0,0,0,0,0,0,0,0,0,0
00000468_025.png,No Finding,42,468,31,M,AP,3056,2544,0.139,0.139,0,0,0,0,0,0,0,0,0,0,0,0,0,0,0
00000468_024.png,No Finding,43,468,31,M,AP,3056,2544,0.139,0.139,0,0,0,0,0,0,0,0,0,0,0,0,0,0,0
00000468_027.png,No Finding,45,468,31,M,AP,3056,2544,0.139,0.139,0,0,0,0,0,0,0,0,0,0,0,0,0,0,0
00000468_030.png,No Finding,47,468,31,M,AP,3056,2544,0.139,0.139,0,0,0,0,0,0,0,0,0,0,0,0,0,0,0
00000468_029.png,Cardiomegaly|Infiltration|Nodule|Pneumonia,48,468,31,M,AP,3056,2544,0.139,0.139,1,0,1,0,1,0,1,1,0,0,0,0,0,0,0
00000468_034.png,Consolidation,52,468,31,M,PA,2544,3056,0.139,0.139,1,0,0,0,0,0,0,0,0,1,0,0,0,0,0
00000468_035.png,Pleural_Thickening,53,468,31,M,AP,3056,2544,0.139,0.139,1,0,0,0,0,0,0,0,0,0,0,0,0,1,0
00000468_036.png,No Finding,54,468,31,M,AP,3056,2544,0.139,0.139,0,0,0,0,0,0,0,0,0,0,0,0,0,0,0
00000468_037.png,Fibrosis,55,468,31,M,PA,2694,2991,0.143,0.143,1,0,0,0,0,0,0,0,0,0,0,0,1,0,0
00000468_038.png,No Finding,56,468,31,M,PA,2992,2991,0.143,0.143,0,0,0,0,0,0,0,0,0,0,0,0,0,0,0
00000468_039.png,No Finding,57,468,31,M,AP,2964,2544,0.139,0.139,0,0,0,0,0,0,0,0,0,0,0,0,0,0,0
00000468_040.png,Infiltration|Pneumonia|Pneumothorax,58,468,31,M,PA,2992,2991,0.143,0.143,1,0,0,0,1,0,0,1,1,0,0,0,0,0,0
00000468_041.png,Infiltration,59,468,31,M,PA,2992,2991,0.143,0.143,1,0,0,0,1,0,0,0,0,0,0,0,0,0,0
00000468_042.png,No Finding,60,468,32,M,PA,3056,2544,0.139,0.139,0,0,0,0,0,0,0,0,0,0,0,0,0,0,0
00000470_000.png,No Finding,0,470,57,F,PA,2806,2991,0.143,0.143,0,0,0,0,0,0,0,0,0,0,0,0,0,0,0
00000471_000.png,Pleural_Thickening,0,471,46,M,PA,2992,2991,0.143,0.143,1,0,0,0,0,0,0,0,0,0,0,0,0,1,0
00000473_000.png,No Finding,0,473,57,F,PA,2992,2991,0.143,0.143,0,0,0,0,0,0,0,0,0,0,0,0,0,0,0
00000474_000.png,No Finding,0,474,83,M,PA,2500,2048,0.168,0.168,0,0,0,0,0,0,0,0,0,0,0,0,0,0,0
00000475_000.png,No Finding,0,475,44,M,PA,2500,2048,0.168,0.168,0,0,0,0,0,0,0,0,0,0,0,0,0,0,0
00000476_000.png,No Finding,0,476,60,M,PA,2992,2991,0.143,0.143,0,0,0,0,0,0,0,0,0,0,0,0,0,0,0
00000477_000.png,No Finding,0,477,40,F,PA,2048,2500,0.168,0.168,0,0,0,0,0,0,0,0,0,0,0,0,0,0,0
00000478_000.png,Infiltration,0,478,62,F,PA,2048,2500,0.171,0.171,1,0,0,0,1,0,0,0,0,0,0,0,0,0,0
00000478_001.png,Pleural_Thickening,1,478,63,F,PA,2500,2048,0.171,0.171,1,0,0,0,0,0,0,0,0,0,0,0,0,1,0
00000478_002.png,No Finding,2,478,70,F,PA,2610,2991,0.143,0.143,0,0,0,0,0,0,0,0,0,0,0,0,0,0,0
00000481_000.png,No Finding,0,481,55,M,PA,2500,2048,0.168,0.168,0,0,0,0,0,0,0,0,0,0,0,0,0,0,0
00000481_001.png,No Finding,1,481,56,M,PA,2992,2991,0.143,0.143,0,0,0,0,0,0,0,0,0,0,0,0,0,0,0
00000482_000.png,Infiltration,0,482,68,F,PA,2544,3056,0.139,0.139,1,0,0,0,1,0,0,0,0,0,0,0,0,0,0
00000483_000.png,No Finding,0,483,50,M,PA,3056,2544,0.139,0.139,0,0,0,0,0,0,0,0,0,0,0,0,0,0,0
00000484_000.png,No Finding,0,484,68,M,PA,2992,2991,0.143,0.143,0,0,0,0,0,0,0,0,0,0,0,0,0,0,0
00000484_001.png,No Finding,1,484,68,M,AP,2500,2048,0.168,0.168,0,0,0,0,0,0,0,0,0,0,0,0,0,0,0
00000485_000.png,Infiltration,0,485,71,F,PA,2514,2991,0.143,0.143,1,0,0,0,1,0,0,0,0,0,0,0,0,0,0
00000488_000.png,Infiltration,0,488,35,F,AP,2500,2048,0.171,0.171,1,0,0,0,1,0,0,0,0,0,0,0,0,0,0
00000488_001.png,Infiltration,1,488,35,F,AP,2500,2048,0.171,0.171,1,0,0,0,1,0,0,0,0,0,0,0,0,0,0
00000488_002.png,No Finding,2,488,35,F,AP,2500,2048,0.171,0.171,0,0,0,0,0,0,0,0,0,0,0,0,0,0,0
00000488_003.png,No Finding,3,488,36,F,AP,2500,2048,0.171,0.171,0,0,0,0,0,0,0,0,0,0,0,0,0,0,0
00000489_000.png,Infiltration,0,489,41,M,PA,2500,2048,0.168,0.168,1,0,0,0,1,0,0,0,0,0,0,0,0,0,0
00000489_001.png,Infiltration,1,489,41,M,AP,2500,2048,0.168,0.168,1,0,0,0,1,0,0,0,0,0,0,0,0,0,0
00000489_002.png,No Finding,2,489,42,M,AP,2500,2048,0.168,0.168,0,0,0,0,0,0,0,0,0,0,0,0,0,0,0
00000489_003.png,Consolidation,3,489,42,M,AP,2500,2048,0.168,0.168,1,0,0,0,0,0,0,0,0,1,0,0,0,0,0
00000489_004.png,Consolidation|Infiltration,4,489,42,M,AP,2500,2048,0.168,0.168,1,0,0,0,1,0,0,0,0,1,0,0,0,0,0
00000489_005.png,No Finding,5,489,42,M,AP,2500,2048,0.168,0.168,0,0,0,0,0,0,0,0,0,0,0,0,0,0,0
00000489_007.png,Pleural_Thickening,7,489,42,M,PA,2992,2991,0.143,0.143,1,0,0,0,0,0,0,0,0,0,0,0,0,1,0
00000489_008.png,Effusion|Fibrosis|Infiltration,8,489,42,M,PA,2992,2991,0.143,0.143,1,0,0,1,1,0,0,0,0,0,0,0,1,0,0
00000490_001.png,No Finding,0,490,54,M,AP,2500,2048,0.168,0.168,0,0,0,0,0,0,0,0,0,0,0,0,0,0,0
00000490_002.png,No Finding,1,490,54,M,AP,2500,2048,0.168,0.168,0,0,0,0,0,0,0,0,0,0,0,0,0,0,0
00000490_003.png,No Finding,2,490,54,M,AP,2500,2048,0.168,0.168,0,0,0,0,0,0,0,0,0,0,0,0,0,0,0
00000490_004.png,No Finding,3,490,54,M,AP,2500,2048,0.168,0.168,0,0,0,0,0,0,0,0,0,0,0,0,0,0,0
00000490_005.png,No Finding,4,490,54,M,AP,2500,2048,0.168,0.168,0,0,0,0,0,0,0,0,0,0,0,0,0,0,0
00000490_006.png,No Finding,5,490,54,M,AP,2500,2048,0.168,0.168,0,0,0,0,0,0,0,0,0,0,0,0,0,0,0
00000490_000.png,Infiltration,6,490,58,M,PA,2898,2851,0.143,0.143,1,0,0,0,1,0,0,0,0,0,0,0,0,0,0
00000493_000.png,Pneumothorax,0,493,35,F,AP,2500,2048,0.168,0.168,1,0,0,0,0,0,0,0,1,0,0,0,0,0,0
00000494_001.png,No Finding,0,494,61,F,PA,2048,2500,0.168,0.168,0,0,0,0,0,0,0,0,0,0,0,0,0,0,0
00000494_002.png,No Finding,1,494,62,F,PA,2514,2991,0.143,0.143,0,0,0,0,0,0,0,0,0,0,0,0,0,0,0
00000494_003.png,No Finding,2,494,63,F,PA,2048,2500,0.168,0.168,0,0,0,0,0,0,0,0,0,0,0,0,0,0,0
00000494_004.png,No Finding,3,494,64,F,PA,2742,2821,0.143,0.143,0,0,0,0,0,0,0,0,0,0,0,0,0,0,0
00000494_005.png,No Finding,4,494,65,F,PA,2346,2991,0.143,0.143,0,0,0,0,0,0,0,0,0,0,0,0,0,0,0
00000494_006.png,No Finding,5,494,67,F,PA,2614,2991,0.143,0.143,0,0,0,0,0,0,0,0,0,0,0,0,0,0,0
00000494_007.png,No Finding,6,494,68,F,PA,2522,2361,0.143,0.143,0,0,0,0,0,0,0,0,0,0,0,0,0,0,0
00000494_000.png,Infiltration,7,494,69,F,PA,2990,2865,0.143,0.143,1,0,0,0,1,0,0,0,0,0,0,0,0,0,0
00000495_000.png,No Finding,0,495,68,M,PA,2500,2048,0.168,0.168,0,0,0,0,0,0,0,0,0,0,0,0,0,0,0
00000497_000.png,No Finding,0,497,21,M,PA,2048,2500,0.171,0.171,0,0,0,0,0,0,0,0,0,0,0,0,0,0,0
00000498_002.png,No Finding,0,498,62,M,PA,2500,2048,0.168,0.168,0,0,0,0,0,0,0,0,0,0,0,0,0,0,0
00000498_003.png,Cardiomegaly,1,498,65,M,PA,2992,2991,0.143,0.143,1,0,1,0,0,0,0,0,0,0,0,0,0,0,0
00000498_000.png,No Finding,2,498,67,M,PA,2992,2991,0.143,0.143,0,0,0,0,0,0,0,0,0,0,0,0,0,0,0
00000498_001.png,No Finding,3,498,69,M,PA,2021,2021,0.1943109999999999,0.1943109999999999,0,0,0,0,0,0,0,0,0,0,0,0,0,0,0
00000499_000.png,No Finding,0,499,27,F,AP,2500,2048,0.171,0.171,0,0,0,0,0,0,0,0,0,0,0,0,0,0,0
00000499_001.png,No Finding,1,499,28,F,AP,2500,2048,0.168,0.168,0,0,0,0,0,0,0,0,0,0,0,0,0,0,0
00000499_003.png,Effusion|Infiltration,3,499,28,F,PA,2048,2500,0.168,0.168,1,0,0,1,1,0,0,0,0,0,0,0,0,0,0
00000499_004.png,Infiltration|Nodule,4,499,30,F,AP,2500,2048,0.168,0.168,1,0,0,0,1,0,1,0,0,0,0,0,0,0,0
00000499_005.png,No Finding,5,499,32,F,AP,2500,2048,0.168,0.168,0,0,0,0,0,0,0,0,0,0,0,0,0,0,0
00000499_006.png,Infiltration,6,499,33,F,AP,2500,2048,0.168,0.168,1,0,0,0,1,0,0,0,0,0,0,0,0,0,0
00000499_007.png,Consolidation,7,499,34,F,AP,2500,2048,0.168,0.168,1,0,0,0,0,0,0,0,0,1,0,0,0,0,0
00000499_008.png,Pneumonia,8,499,34,F,PA,2052,2271,0.143,0.143,1,0,0,0,0,0,0,1,0,0,0,0,0,0,0
00000499_009.png,Consolidation|Mass,9,499,34,F,PA,2662,2387,0.143,0.143,1,0,0,0,0,1,0,0,0,1,0,0,0,0,0
00000499_010.png,Nodule,10,499,34,F,PA,2992,2991,0.143,0.143,1,0,0,0,0,0,1,0,0,0,0,0,0,0,0
00000499_011.png,Nodule,11,499,34,F,PA,2992,2991,0.143,0.143,1,0,0,0,0,0,1,0,0,0,0,0,0,0,0
00000499_012.png,Consolidation,12,499,34,F,AP,2500,2048,0.168,0.168,1,0,0,0,0,0,0,0,0,1,0,0,0,0,0
00000500_003.png,No Finding,0,500,68,F,PA,2500,2048,0.171,0.171,0,0,0,0,0,0,0,0,0,0,0,0,0,0,0
00000500_004.png,No Finding,1,500,69,F,PA,2048,2500,0.168,0.168,0,0,0,0,0,0,0,0,0,0,0,0,0,0,0
00000500_005.png,No Finding,2,500,71,F,PA,2894,2565,0.143,0.143,0,0,0,0,0,0,0,0,0,0,0,0,0,0,0
00000500_006.png,No Finding,3,500,72,F,PA,2762,2991,0.143,0.143,0,0,0,0,0,0,0,0,0,0,0,0,0,0,0
00000500_007.png,No Finding,4,500,74,F,PA,2638,2991,0.143,0.143,0,0,0,0,0,0,0,0,0,0,0,0,0,0,0
00000500_008.png,No Finding,5,500,75,F,PA,2500,2048,0.168,0.168,0,0,0,0,0,0,0,0,0,0,0,0,0,0,0
00000500_009.png,No Finding,6,500,76,F,PA,2502,2991,0.143,0.143,0,0,0,0,0,0,0,0,0,0,0,0,0,0,0
00000500_000.png,No Finding,7,500,78,F,PA,2992,2991,0.143,0.143,0,0,0,0,0,0,0,0,0,0,0,0,0,0,0
00000500_001.png,No Finding,8,500,79,F,PA,2544,3056,0.139,0.139,0,0,0,0,0,0,0,0,0,0,0,0,0,0,0
00000500_002.png,No Finding,9,500,80,F,PA,2021,2021,0.1943109999999999,0.1943109999999999,0,0,0,0,0,0,0,0,0,0,0,0,0,0,0
00000503_000.png,No Finding,0,503,22,F,PA,2500,2048,0.168,0.168,0,0,0,0,0,0,0,0,0,0,0,0,0,0,0
00000504_000.png,No Finding,0,504,66,M,PA,2754,2991,0.143,0.143,0,0,0,0,0,0,0,0,0,0,0,0,0,0,0
00000505_000.png,No Finding,0,505,72,F,PA,2048,2500,0.171,0.171,0,0,0,0,0,0,0,0,0,0,0,0,0,0,0
00000505_001.png,No Finding,1,505,74,F,PA,2048,2500,0.168,0.168,0,0,0,0,0,0,0,0,0,0,0,0,0,0,0
00000509_000.png,No Finding,0,509,70,F,PA,2048,2500,0.168,0.168,0,0,0,0,0,0,0,0,0,0,0,0,0,0,0
00000509_001.png,No Finding,1,509,75,F,PA,2534,2615,0.143,0.143,0,0,0,0,0,0,0,0,0,0,0,0,0,0,0
00000510_000.png,No Finding,0,510,31,F,PA,2048,2500,0.168,0.168,0,0,0,0,0,0,0,0,0,0,0,0,0,0,0
00000511_000.png,No Finding,0,511,56,M,PA,2466,2991,0.143,0.143,0,0,0,0,0,0,0,0,0,0,0,0,0,0,0
00000511_001.png,No Finding,1,511,57,M,PA,2826,2781,0.143,0.143,0,0,0,0,0,0,0,0,0,0,0,0,0,0,0
00000514_000.png,No Finding,0,514,51,F,PA,2048,2500,0.168,0.168,0,0,0,0,0,0,0,0,0,0,0,0,0,0,0
00000514_001.png,No Finding,1,514,51,F,AP,2500,2048,0.168,0.168,0,0,0,0,0,0,0,0,0,0,0,0,0,0,0
00000514_002.png,No Finding,2,514,51,F,AP,2500,2048,0.168,0.168,0,0,0,0,0,0,0,0,0,0,0,0,0,0,0
00000514_003.png,No Finding,3,514,52,F,AP,2500,2048,0.168,0.168,0,0,0,0,0,0,0,0,0,0,0,0,0,0,0
00000514_004.png,No Finding,4,514,54,F,PA,2442,2725,0.143,0.143,0,0,0,0,0,0,0,0,0,0,0,0,0,0,0
00000514_005.png,No Finding,5,514,54,F,PA,2542,2991,0.143,0.143,0,0,0,0,0,0,0,0,0,0,0,0,0,0,0
00000514_006.png,No Finding,6,514,58,F,PA,2992,2991,0.143,0.143,0,0,0,0,0,0,0,0,0,0,0,0,0,0,0
00000516_000.png,No Finding,0,516,65,F,PA,2048,2500,0.168,0.168,0,0,0,0,0,0,0,0,0,0,0,0,0,0,0
00000517_001.png,Fibrosis,0,517,63,F,AP,2048,2500,0.168,0.168,1,0,0,0,0,0,0,0,0,0,0,0,1,0,0
00000517_002.png,No Finding,1,517,64,F,PA,2498,2991,0.143,0.143,0,0,0,0,0,0,0,0,0,0,0,0,0,0,0
00000517_003.png,No Finding,2,517,65,F,PA,2858,2521,0.143,0.143,0,0,0,0,0,0,0,0,0,0,0,0,0,0,0
00000517_004.png,No Finding,3,517,67,F,PA,2982,2991,0.143,0.143,0,0,0,0,0,0,0,0,0,0,0,0,0,0,0
00000517_005.png,No Finding,4,517,68,F,PA,2478,2337,0.143,0.143,0,0,0,0,0,0,0,0,0,0,0,0,0,0,0
00000517_006.png,Pleural_Thickening,5,517,68,F,PA,2490,2889,0.143,0.143,1,0,0,0,0,0,0,0,0,0,0,0,0,1,0
00000517_000.png,Fibrosis,6,517,69,F,PA,2544,3056,0.139,0.139,1,0,0,0,0,0,0,0,0,0,0,0,1,0,0
00000518_000.png,No Finding,0,518,40,M,PA,2500,2048,0.171,0.171,0,0,0,0,0,0,0,0,0,0,0,0,0,0,0
00000519_000.png,No Finding,0,519,34,F,PA,2021,2021,0.1943109999999999,0.1943109999999999,0,0,0,0,0,0,0,0,0,0,0,0,0,0,0
00000520_000.png,No Finding,0,520,63,M,PA,2992,2991,0.143,0.143,0,0,0,0,0,0,0,0,0,0,0,0,0,0,0
00000521_000.png,No Finding,0,521,32,M,PA,2500,2048,0.171,0.171,0,0,0,0,0,0,0,0,0,0,0,0,0,0,0
00000522_001.png,No Finding,1,522,18,M,AP,2500,2048,0.171,0.171,0,0,0,0,0,0,0,0,0,0,0,0,0,0,0
00000522_002.png,No Finding,2,522,18,M,AP,2500,2048,0.171,0.171,0,0,0,0,0,0,0,0,0,0,0,0,0,0,0
00000522_003.png,No Finding,3,522,18,M,AP,2500,2048,0.171,0.171,0,0,0,0,0,0,0,0,0,0,0,0,0,0,0
00000522_004.png,No Finding,4,522,19,M,AP,2500,2048,0.171,0.171,0,0,0,0,0,0,0,0,0,0,0,0,0,0,0
00000522_005.png,No Finding,5,522,21,M,AP,2500,2048,0.168,0.168,0,0,0,0,0,0,0,0,0,0,0,0,0,0,0
00000523_000.png,No Finding,0,523,57,F,PA,2544,3056,0.139,0.139,0,0,0,0,0,0,0,0,0,0,0,0,0,0,0
00000524_000.png,No Finding,0,524,47,M,PA,2500,2048,0.171,0.171,0,0,0,0,0,0,0,0,0,0,0,0,0,0,0
00000524_001.png,Fibrosis|Pleural_Thickening,1,524,50,M,PA,2500,2048,0.168,0.168,1,0,0,0,0,0,0,0,0,0,0,0,1,1,0
00000524_002.png,Fibrosis,2,524,52,M,PA,2500,2048,0.168,0.168,1,0,0,0,0,0,0,0,0,0,0,0,1,0,0
00000524_003.png,Infiltration,3,524,56,M,PA,3056,2492,0.139,0.139,1,0,0,0,1,0,0,0,0,0,0,0,0,0,0
00000525_000.png,No Finding,0,525,37,M,PA,2526,2801,0.143,0.143,0,0,0,0,0,0,0,0,0,0,0,0,0,0,0
00000526_000.png,No Finding,0,526,53,M,PA,2686,2725,0.143,0.143,0,0,0,0,0,0,0,0,0,0,0,0,0,0,0
00000526_001.png,No Finding,1,526,53,M,PA,2992,2991,0.143,0.143,0,0,0,0,0,0,0,0,0,0,0,0,0,0,0
00000527_000.png,No Finding,0,527,55,M,PA,2500,2048,0.168,0.168,0,0,0,0,0,0,0,0,0,0,0,0,0,0,0
00000530_000.png,No Finding,0,530,44,F,PA,2992,2991,0.143,0.143,0,0,0,0,0,0,0,0,0,0,0,0,0,0,0
00000531_002.png,Infiltration,0,531,47,M,PA,2992,2991,0.143,0.143,1,0,0,0,1,0,0,0,0,0,0,0,0,0,0
00000531_003.png,No Finding,1,531,47,M,PA,2500,2048,0.168,0.168,0,0,0,0,0,0,0,0,0,0,0,0,0,0,0
00000531_004.png,No Finding,2,531,48,M,PA,2810,2991,0.143,0.143,0,0,0,0,0,0,0,0,0,0,0,0,0,0,0
00000531_005.png,No Finding,3,531,49,M,PA,2992,2991,0.143,0.143,0,0,0,0,0,0,0,0,0,0,0,0,0,0,0
00000531_006.png,No Finding,4,531,49,M,PA,2992,2991,0.143,0.143,0,0,0,0,0,0,0,0,0,0,0,0,0,0,0
00000531_000.png,Infiltration,5,531,50,M,PA,2992,2991,0.143,0.143,1,0,0,0,1,0,0,0,0,0,0,0,0,0,0
00000531_001.png,No Finding,6,531,51,M,PA,2992,2991,0.143,0.143,0,0,0,0,0,0,0,0,0,0,0,0,0,0,0
00000532_000.png,No Finding,0,532,61,F,PA,2992,2991,0.143,0.143,0,0,0,0,0,0,0,0,0,0,0,0,0,0,0
00000534_000.png,No Finding,0,534,63,F,AP,2500,2048,0.171,0.171,0,0,0,0,0,0,0,0,0,0,0,0,0,0,0
00000534_001.png,No Finding,1,534,64,F,AP,2500,2048,0.171,0.171,0,0,0,0,0,0,0,0,0,0,0,0,0,0,0
00000537_000.png,Nodule,0,537,58,M,PA,2500,2048,0.171,0.171,1,0,0,0,0,0,1,0,0,0,0,0,0,0,0
00000538_000.png,No Finding,0,538,72,F,PA,2992,2991,0.143,0.143,0,0,0,0,0,0,0,0,0,0,0,0,0,0,0
00000538_001.png,No Finding,1,538,73,F,PA,2598,2541,0.143,0.143,0,0,0,0,0,0,0,0,0,0,0,0,0,0,0
00000538_002.png,Infiltration,2,538,74,F,PA,2822,2761,0.143,0.143,1,0,0,0,1,0,0,0,0,0,0,0,0,0,0
00000538_003.png,No Finding,3,538,75,F,PA,2506,2991,0.143,0.143,0,0,0,0,0,0,0,0,0,0,0,0,0,0,0
00000538_004.png,No Finding,4,538,76,F,PA,2992,2991,0.143,0.143,0,0,0,0,0,0,0,0,0,0,0,0,0,0,0
00000538_005.png,No Finding,5,538,76,F,PA,2442,2991,0.143,0.143,0,0,0,0,0,0,0,0,0,0,0,0,0,0,0
00000540_000.png,No Finding,0,540,71,F,PA,2992,2991,0.143,0.143,0,0,0,0,0,0,0,0,0,0,0,0,0,0,0
00000540_002.png,No Finding,2,540,71,F,AP,3056,2544,0.139,0.139,0,0,0,0,0,0,0,0,0,0,0,0,0,0,0
00000541_002.png,No Finding,0,541,47,F,PA,2394,2457,0.143,0.143,0,0,0,0,0,0,0,0,0,0,0,0,0,0,0
00000541_003.png,No Finding,1,541,48,F,PA,2992,2991,0.143,0.143,0,0,0,0,0,0,0,0,0,0,0,0,0,0,0
00000541_004.png,No Finding,2,541,51,F,PA,2754,2633,0.143,0.143,0,0,0,0,0,0,0,0,0,0,0,0,0,0,0
00000541_000.png,No Finding,3,541,53,F,PA,2554,2835,0.143,0.143,0,0,0,0,0,0,0,0,0,0,0,0,0,0,0
00000541_001.png,No Finding,4,541,54,F,PA,2346,2991,0.143,0.143,0,0,0,0,0,0,0,0,0,0,0,0,0,0,0
00000542_000.png,No Finding,0,542,50,F,PA,2798,2801,0.143,0.143,0,0,0,0,0,0,0,0,0,0,0,0,0,0,0
00000542_001.png,No Finding,1,542,52,F,PA,2992,2991,0.143,0.143,0,0,0,0,0,0,0,0,0,0,0,0,0,0,0
00000543_000.png,No Finding,0,543,20,M,PA,2048,2500,0.171,0.171,0,0,0,0,0,0,0,0,0,0,0,0,0,0,0
00000546_000.png,No Finding,0,546,38,F,AP,2500,2048,0.171,0.171,0,0,0,0,0,0,0,0,0,0,0,0,0,0,0
00000547_001.png,No Finding,0,547,48,F,PA,2500,2048,0.171,0.171,0,0,0,0,0,0,0,0,0,0,0,0,0,0,0
00000547_002.png,No Finding,1,547,48,F,PA,2048,2500,0.171,0.171,0,0,0,0,0,0,0,0,0,0,0,0,0,0,0
00000547_003.png,No Finding,2,547,49,F,PA,2500,2048,0.168,0.168,0,0,0,0,0,0,0,0,0,0,0,0,0,0,0
00000547_004.png,Infiltration,3,547,52,F,PA,2738,2501,0.143,0.143,1,0,0,0,1,0,0,0,0,0,0,0,0,0,0
00000547_005.png,Cardiomegaly,4,547,52,F,PA,2878,2991,0.143,0.143,1,0,1,0,0,0,0,0,0,0,0,0,0,0,0
00000547_006.png,Pneumothorax,5,547,53,F,PA,2886,2991,0.143,0.143,1,0,0,0,0,0,0,0,1,0,0,0,0,0,0
00000547_007.png,No Finding,6,547,54,F,PA,2874,2833,0.143,0.143,0,0,0,0,0,0,0,0,0,0,0,0,0,0,0
00000547_008.png,No Finding,7,547,56,F,PA,2992,2991,0.143,0.143,0,0,0,0,0,0,0,0,0,0,0,0,0,0,0
00000547_009.png,No Finding,8,547,57,F,PA,2806,2991,0.143,0.143,0,0,0,0,0,0,0,0,0,0,0,0,0,0,0
00000547_000.png,No Finding,9,547,58,F,PA,2534,2991,0.143,0.143,0,0,0,0,0,0,0,0,0,0,0,0,0,0,0
00000549_002.png,No Finding,0,549,63,F,PA,2500,2048,0.168,0.168,0,0,0,0,0,0,0,0,0,0,0,0,0,0,0
00000549_003.png,No Finding,1,549,64,F,PA,2694,2991,0.143,0.143,0,0,0,0,0,0,0,0,0,0,0,0,0,0,0
00000549_004.png,No Finding,2,549,66,F,PA,2854,2661,0.143,0.143,0,0,0,0,0,0,0,0,0,0,0,0,0,0,0
00000549_000.png,No Finding,3,549,67,F,PA,2992,2991,0.143,0.143,0,0,0,0,0,0,0,0,0,0,0,0,0,0,0
00000549_001.png,Infiltration,4,549,68,F,PA,3056,2544,0.139,0.139,1,0,0,0,1,0,0,0,0,0,0,0,0,0,0
00000551_000.png,No Finding,0,551,69,F,PA,2590,2991,0.143,0.143,0,0,0,0,0,0,0,0,0,0,0,0,0,0,0
00000553_000.png,No Finding,0,553,41,M,PA,2992,2991,0.143,0.143,0,0,0,0,0,0,0,0,0,0,0,0,0,0,0
00000554_000.png,No Finding,0,554,55,F,PA,2726,2669,0.143,0.143,0,0,0,0,0,0,0,0,0,0,0,0,0,0,0
00000554_001.png,No Finding,1,554,56,F,PA,2418,2991,0.143,0.143,0,0,0,0,0,0,0,0,0,0,0,0,0,0,0
00000557_000.png,No Finding,0,557,58,F,PA,2048,2500,0.171,0.171,0,0,0,0,0,0,0,0,0,0,0,0,0,0,0
00000559_000.png,No Finding,0,559,61,M,PA,2992,2991,0.143,0.143,0,0,0,0,0,0,0,0,0,0,0,0,0,0,0
00000560_000.png,No Finding,0,560,53,F,PA,2048,2500,0.168,0.168,0,0,0,0,0,0,0,0,0,0,0,0,0,0,0
00000560_001.png,No Finding,1,560,53,F,AP,2500,2048,0.168,0.168,0,0,0,0,0,0,0,0,0,0,0,0,0,0,0
00000560_002.png,Effusion|Infiltration,2,560,53,F,AP,2500,2048,0.168,0.168,1,0,0,1,1,0,0,0,0,0,0,0,0,0,0
00000561_002.png,No Finding,0,561,58,M,PA,2962,2957,0.143,0.143,0,0,0,0,0,0,0,0,0,0,0,0,0,0,0
00000561_003.png,No Finding,1,561,61,M,PA,3056,2484,0.139,0.139,0,0,0,0,0,0,0,0,0,0,0,0,0,0,0
00000561_000.png,No Finding,2,561,64,M,PA,3056,2544,0.139,0.139,0,0,0,0,0,0,0,0,0,0,0,0,0,0,0
00000561_001.png,No Finding,3,561,65,M,PA,3056,2544,0.139,0.139,0,0,0,0,0,0,0,0,0,0,0,0,0,0,0
00000563_000.png,No Finding,0,563,65,M,PA,2992,2991,0.143,0.143,0,0,0,0,0,0,0,0,0,0,0,0,0,0,0
00000564_000.png,No Finding,0,564,16,M,PA,2048,2500,0.171,0.171,0,0,0,0,0,0,0,0,0,0,0,0,0,0,0
00000567_000.png,No Finding,0,567,53,M,PA,3056,2544,0.139,0.139,0,0,0,0,0,0,0,0,0,0,0,0,0,0,0
00000570_000.png,No Finding,0,570,53,M,PA,2500,2048,0.171,0.171,0,0,0,0,0,0,0,0,0,0,0,0,0,0,0
00000570_001.png,No Finding,1,570,59,M,PA,2992,2991,0.143,0.143,0,0,0,0,0,0,0,0,0,0,0,0,0,0,0
00000572_000.png,No Finding,0,572,58,M,PA,2500,2048,0.168,0.168,0,0,0,0,0,0,0,0,0,0,0,0,0,0,0
00000572_001.png,Effusion,1,572,58,M,PA,2992,2991,0.143,0.143,1,0,0,1,0,0,0,0,0,0,0,0,0,0,0
00000572_002.png,Effusion,2,572,58,M,AP,2500,2048,0.168,0.168,1,0,0,1,0,0,0,0,0,0,0,0,0,0,0
00000575_000.png,No Finding,0,575,42,F,PA,2048,2500,0.168,0.168,0,0,0,0,0,0,0,0,0,0,0,0,0,0,0
00000576_000.png,No Finding,0,576,42,M,PA,2048,2500,0.171,0.171,0,0,0,0,0,0,0,0,0,0,0,0,0,0,0
00000576_001.png,No Finding,1,576,43,M,PA,2048,2500,0.171,0.171,0,0,0,0,0,0,0,0,0,0,0,0,0,0,0
00000576_002.png,No Finding,2,576,46,M,PA,2750,2737,0.143,0.143,0,0,0,0,0,0,0,0,0,0,0,0,0,0,0
00000578_000.png,Cardiomegaly,0,578,41,M,PA,2500,2048,0.171,0.171,1,0,1,0,0,0,0,0,0,0,0,0,0,0,0
00000580_003.png,No Finding,0,580,53,M,PA,2500,2048,0.171,0.171,0,0,0,0,0,0,0,0,0,0,0,0,0,0,0
00000580_004.png,No Finding,1,580,55,M,PA,2500,2048,0.168,0.168,0,0,0,0,0,0,0,0,0,0,0,0,0,0,0
00000580_005.png,Effusion|Fibrosis|Infiltration,2,580,57,M,PA,2992,2991,0.143,0.143,1,0,0,1,1,0,0,0,0,0,0,0,1,0,0
00000580_006.png,Pleural_Thickening,3,580,60,M,PA,2774,2991,0.143,0.143,1,0,0,0,0,0,0,0,0,0,0,0,0,1,0
00000580_007.png,Infiltration|Pleural_Thickening,4,580,61,M,PA,2836,2889,0.143,0.143,1,0,0,0,1,0,0,0,0,0,0,0,0,1,0
00000580_000.png,Nodule,6,580,63,M,PA,2992,2991,0.143,0.143,1,0,0,0,0,0,1,0,0,0,0,0,0,0,0
00000580_001.png,Mass|Pleural_Thickening,7,580,65,M,PA,2021,2021,0.1943109999999999,0.1943109999999999,1,0,0,0,0,1,0,0,0,0,0,0,0,1,0
00000580_002.png,Effusion|Infiltration,8,580,66,M,PA,1930,1874,0.1943109999999999,0.1943109999999999,1,0,0,1,1,0,0,0,0,0,0,0,0,0,0
00000581_000.png,No Finding,0,581,49,F,PA,2048,2500,0.168,0.168,0,0,0,0,0,0,0,0,0,0,0,0,0,0,0
00000584_000.png,No Finding,0,584,55,M,PA,2738,2737,0.143,0.143,0,0,0,0,0,0,0,0,0,0,0,0,0,0,0
00000586_000.png,Fibrosis,0,586,63,F,PA,2992,2991,0.143,0.143,1,0,0,0,0,0,0,0,0,0,0,0,1,0,0
00000586_001.png,Infiltration,1,586,65,F,PA,2992,2991,0.143,0.143,1,0,0,0,1,0,0,0,0,0,0,0,0,0,0
00000587_000.png,No Finding,0,587,76,M,PA,2992,2991,0.143,0.143,0,0,0,0,0,0,0,0,0,0,0,0,0,0,0
00000588_000.png,No Finding,0,588,19,M,PA,2048,2500,0.171,0.171,0,0,0,0,0,0,0,0,0,0,0,0,0,0,0
00000588_001.png,No Finding,1,588,19,M,AP,2500,2048,0.171,0.171,0,0,0,0,0,0,0,0,0,0,0,0,0,0,0
00000588_002.png,No Finding,2,588,19,M,AP,2500,2048,0.171,0.171,0,0,0,0,0,0,0,0,0,0,0,0,0,0,0
00000588_003.png,No Finding,3,588,19,M,AP,2048,2500,0.171,0.171,0,0,0,0,0,0,0,0,0,0,0,0,0,0,0
00000588_004.png,No Finding,4,588,19,M,AP,2500,2048,0.171,0.171,0,0,0,0,0,0,0,0,0,0,0,0,0,0,0
00000588_005.png,No Finding,5,588,19,M,AP,2500,2048,0.171,0.171,0,0,0,0,0,0,0,0,0,0,0,0,0,0,0
00000588_006.png,No Finding,6,588,19,M,AP,2500,2048,0.171,0.171,0,0,0,0,0,0,0,0,0,0,0,0,0,0,0
00000589_000.png,No Finding,0,589,64,M,PA,2500,2048,0.171,0.171,0,0,0,0,0,0,0,0,0,0,0,0,0,0,0
00000590_000.png,No Finding,0,590,24,M,PA,2048,2500,0.168,0.168,0,0,0,0,0,0,0,0,0,0,0,0,0,0,0
00000591_000.png,No Finding,0,591,62,M,AP,2500,2048,0.168,0.168,0,0,0,0,0,0,0,0,0,0,0,0,0,0,0
00000591_001.png,Effusion,1,591,62,M,PA,2500,2048,0.168,0.168,1,0,0,1,0,0,0,0,0,0,0,0,0,0,0
00000591_002.png,Effusion,2,591,62,M,PA,2500,2048,0.168,0.168,1,0,0,1,0,0,0,0,0,0,0,0,0,0,0
00000591_003.png,Effusion,3,591,62,M,AP,2048,2500,0.168,0.168,1,0,0,1,0,0,0,0,0,0,0,0,0,0,0
00000591_004.png,Effusion|Infiltration|Pleural_Thickening|Pneumonia,4,591,62,M,PA,2500,2048,0.168,0.168,1,0,0,1,1,0,0,1,0,0,0,0,0,1,0
00000591_005.png,Effusion,5,591,62,M,PA,2500,2048,0.168,0.168,1,0,0,1,0,0,0,0,0,0,0,0,0,0,0
00000591_006.png,Effusion|Infiltration,6,591,63,M,PA,2858,2991,0.143,0.143,1,0,0,1,1,0,0,0,0,0,0,0,0,0,0
00000591_007.png,Effusion|Pleural_Thickening,7,591,63,M,PA,2992,2991,0.143,0.143,1,0,0,1,0,0,0,0,0,0,0,0,0,1,0
00000591_009.png,Effusion,9,591,63,M,PA,2992,2991,0.143,0.143,1,0,0,1,0,0,0,0,0,0,0,0,0,0,0
00000591_010.png,Effusion,10,591,63,M,PA,2990,2753,0.143,0.143,1,0,0,1,0,0,0,0,0,0,0,0,0,0,0
00000591_011.png,Effusion,11,591,64,M,PA,2500,2048,0.168,0.168,1,0,0,1,0,0,0,0,0,0,0,0,0,0,0
00000591_012.png,Effusion,12,591,64,M,PA,2992,2991,0.143,0.143,1,0,0,1,0,0,0,0,0,0,0,0,0,0,0
00000591_013.png,Effusion|Infiltration,13,591,64,M,PA,2992,2991,0.143,0.143,1,0,0,1,1,0,0,0,0,0,0,0,0,0,0
00000591_014.png,Effusion,14,591,65,M,PA,2992,2991,0.143,0.143,1,0,0,1,0,0,0,0,0,0,0,0,0,0,0
00000591_015.png,Effusion,15,591,65,M,PA,2992,2991,0.143,0.143,1,0,0,1,0,0,0,0,0,0,0,0,0,0,0
00000591_016.png,Effusion|Infiltration,16,591,65,M,PA,2992,2991,0.143,0.143,1,0,0,1,1,0,0,0,0,0,0,0,0,0,0
00000591_017.png,Effusion,17,591,65,M,AP,2500,2048,0.168,0.168,1,0,0,1,0,0,0,0,0,0,0,0,0,0,0
00000591_018.png,Effusion,18,591,65,M,PA,2992,2991,0.143,0.143,1,0,0,1,0,0,0,0,0,0,0,0,0,0,0
00000591_019.png,Effusion,19,591,65,M,PA,2992,2991,0.143,0.143,1,0,0,1,0,0,0,0,0,0,0,0,0,0,0
00000592_000.png,Mass,0,592,56,F,PA,2990,2991,0.143,0.143,1,0,0,0,0,1,0,0,0,0,0,0,0,0,0
00000592_001.png,Effusion|Mass,1,592,58,F,PA,2766,2697,0.143,0.143,1,0,0,1,0,1,0,0,0,0,0,0,0,0,0
00000592_002.png,Mass,2,592,59,F,PA,2708,2368,0.143,0.143,1,0,0,0,0,1,0,0,0,0,0,0,0,0,0
00000593_000.png,No Finding,0,593,77,M,PA,2500,2048,0.171,0.171,0,0,0,0,0,0,0,0,0,0,0,0,0,0,0
00000594_000.png,No Finding,0,594,67,M,PA,2878,2991,0.143,0.143,0,0,0,0,0,0,0,0,0,0,0,0,0,0,0
00000598_000.png,No Finding,0,598,78,F,PA,2048,2500,0.168,0.168,0,0,0,0,0,0,0,0,0,0,0,0,0,0,0
00000601_000.png,Mass,0,601,71,M,PA,2992,2991,0.143,0.143,1,0,0,0,0,1,0,0,0,0,0,0,0,0,0
00000604_000.png,No Finding,0,604,54,F,PA,2682,2991,0.143,0.143,0,0,0,0,0,0,0,0,0,0,0,0,0,0,0
00000605_000.png,No Finding,0,605,60,F,AP,2500,2048,0.168,0.168,0,0,0,0,0,0,0,0,0,0,0,0,0,0,0
00000607_000.png,Cardiomegaly,0,607,71,M,PA,2048,2500,0.171,0.171,1,0,1,0,0,0,0,0,0,0,0,0,0,0,0
00000608_002.png,Effusion|Infiltration,2,608,79,F,AP,3056,2544,0.139,0.139,1,0,0,1,1,0,0,0,0,0,0,0,0,0,0
00000608_003.png,Pneumothorax,3,608,79,F,AP,3056,2544,0.139,0.139,1,0,0,0,0,0,0,0,1,0,0,0,0,0,0
00000609_000.png,No Finding,0,609,19,F,PA,2048,2500,0.171,0.171,0,0,0,0,0,0,0,0,0,0,0,0,0,0,0
00000609_001.png,No Finding,1,609,22,F,PA,2048,2500,0.168,0.168,0,0,0,0,0,0,0,0,0,0,0,0,0,0,0
00000610_000.png,No Finding,0,610,49,F,PA,2500,2048,0.168,0.168,0,0,0,0,0,0,0,0,0,0,0,0,0,0,0
00000610_001.png,No Finding,1,610,55,F,PA,2544,3056,0.139,0.139,0,0,0,0,0,0,0,0,0,0,0,0,0,0,0
00000614_000.png,No Finding,0,614,49,M,PA,2992,2991,0.143,0.143,0,0,0,0,0,0,0,0,0,0,0,0,0,0,0
00000615_000.png,No Finding,0,615,77,F,PA,2500,2048,0.168,0.168,0,0,0,0,0,0,0,0,0,0,0,0,0,0,0
00000616_000.png,No Finding,0,616,34,M,PA,2818,2609,0.143,0.143,0,0,0,0,0,0,0,0,0,0,0,0,0,0,0
00000617_000.png,No Finding,0,617,63,F,PA,2048,2500,0.168,0.168,0,0,0,0,0,0,0,0,0,0,0,0,0,0,0
00000618_001.png,Mass,0,618,53,F,PA,2634,2757,0.143,0.143,1,0,0,0,0,1,0,0,0,0,0,0,0,0,0
00000618_002.png,Mass,1,618,53,F,PA,2430,2553,0.143,0.143,1,0,0,0,0,1,0,0,0,0,0,0,0,0,0
00000618_003.png,No Finding,2,618,53,F,PA,2386,2991,0.143,0.143,0,0,0,0,0,0,0,0,0,0,0,0,0,0,0
00000618_004.png,No Finding,3,618,53,F,AP,2728,2544,0.139,0.139,0,0,0,0,0,0,0,0,0,0,0,0,0,0,0
00000618_005.png,Infiltration|Mass,4,618,53,F,PA,2484,2716,0.139,0.139,1,0,0,0,1,1,0,0,0,0,0,0,0,0,0
00000618_006.png,Mass,5,618,53,F,PA,2794,2991,0.143,0.143,1,0,0,0,0,1,0,0,0,0,0,0,0,0,0
00000618_007.png,Mass,6,618,53,F,AP,2696,2544,0.139,0.139,1,0,0,0,0,1,0,0,0,0,0,0,0,0,0
00000618_009.png,No Finding,7,618,53,F,AP,3056,2544,0.139,0.139,0,0,0,0,0,0,0,0,0,0,0,0,0,0,0
00000618_010.png,No Finding,8,618,53,F,AP,2716,2544,0.139,0.139,0,0,0,0,0,0,0,0,0,0,0,0,0,0,0
00000618_008.png,Consolidation|Mass,9,618,54,F,PA,2418,2991,0.143,0.143,1,0,0,0,0,1,0,0,0,1,0,0,0,0,0
00000618_011.png,Consolidation|Mass,10,618,54,F,PA,2486,2113,0.143,0.143,1,0,0,0,0,1,0,0,0,1,0,0,0,0,0
00000618_000.png,No Finding,11,618,54,F,PA,2596,2364,0.143,0.143,0,0,0,0,0,0,0,0,0,0,0,0,0,0,0
00000619_000.png,No Finding,0,619,46,M,PA,2992,2991,0.143,0.143,0,0,0,0,0,0,0,0,0,0,0,0,0,0,0
00000619_001.png,Infiltration|Pleural_Thickening,1,619,47,M,PA,2992,2991,0.143,0.143,1,0,0,0,1,0,0,0,0,0,0,0,0,1,0
00000619_002.png,No Finding,2,619,49,M,PA,2500,2048,0.168,0.168,0,0,0,0,0,0,0,0,0,0,0,0,0,0,0
00000620_000.png,Infiltration,0,620,49,F,PA,2992,2991,0.143,0.143,1,0,0,0,1,0,0,0,0,0,0,0,0,0,0
00000620_001.png,No Finding,1,620,51,F,PA,2544,3056,0.139,0.139,0,0,0,0,0,0,0,0,0,0,0,0,0,0,0
00000620_002.png,No Finding,2,620,53,F,PA,2020,2020,0.1943109999999999,0.1943109999999999,0,0,0,0,0,0,0,0,0,0,0,0,0,0,0
00000621_004.png,Infiltration,0,621,63,F,PA,2048,2500,0.171,0.171,1,0,0,0,1,0,0,0,0,0,0,0,0,0,0
00000621_005.png,Nodule,1,621,64,F,PA,2048,2500,0.168,0.168,1,0,0,0,0,0,1,0,0,0,0,0,0,0,0
00000621_006.png,No Finding,2,621,65,F,PA,2048,2500,0.168,0.168,0,0,0,0,0,0,0,0,0,0,0,0,0,0,0
00000621_007.png,No Finding,3,621,66,F,PA,2048,2500,0.168,0.168,0,0,0,0,0,0,0,0,0,0,0,0,0,0,0
00000621_008.png,No Finding,4,621,67,F,PA,2992,2991,0.143,0.143,0,0,0,0,0,0,0,0,0,0,0,0,0,0,0
00000621_009.png,No Finding,5,621,68,F,PA,2694,2553,0.143,0.143,0,0,0,0,0,0,0,0,0,0,0,0,0,0,0
00000621_010.png,No Finding,6,621,69,F,PA,2518,2991,0.143,0.143,0,0,0,0,0,0,0,0,0,0,0,0,0,0,0
00000621_011.png,No Finding,7,621,70,F,PA,2992,2991,0.143,0.143,0,0,0,0,0,0,0,0,0,0,0,0,0,0,0
00000621_012.png,No Finding,8,621,71,F,PA,2558,2596,0.143,0.143,0,0,0,0,0,0,0,0,0,0,0,0,0,0,0
00000621_013.png,No Finding,9,621,72,F,PA,2544,3004,0.139,0.139,0,0,0,0,0,0,0,0,0,0,0,0,0,0,0
00000621_000.png,No Finding,10,621,73,F,PA,2482,2991,0.143,0.143,0,0,0,0,0,0,0,0,0,0,0,0,0,0,0
00000621_001.png,Infiltration,11,621,74,F,PA,2992,2991,0.143,0.143,1,0,0,0,1,0,0,0,0,0,0,0,0,0,0
00000621_002.png,Infiltration,12,621,75,F,PA,2021,2021,0.1943109999999999,0.1943109999999999,1,0,0,0,1,0,0,0,0,0,0,0,0,0,0
00000621_003.png,No Finding,13,621,76,F,PA,2544,3056,0.139,0.139,0,0,0,0,0,0,0,0,0,0,0,0,0,0,0
00000623_004.png,No Finding,0,623,51,F,PA,2048,2500,0.168,0.168,0,0,0,0,0,0,0,0,0,0,0,0,0,0,0
00000623_005.png,No Finding,1,623,52,F,PA,2048,2500,0.168,0.168,0,0,0,0,0,0,0,0,0,0,0,0,0,0,0
00000623_006.png,No Finding,2,623,53,F,PA,2666,2361,0.143,0.143,0,0,0,0,0,0,0,0,0,0,0,0,0,0,0
00000623_007.png,No Finding,3,623,54,F,PA,2802,2985,0.143,0.143,0,0,0,0,0,0,0,0,0,0,0,0,0,0,0
00000623_008.png,No Finding,4,623,55,F,PA,2992,2991,0.143,0.143,0,0,0,0,0,0,0,0,0,0,0,0,0,0,0
00000623_009.png,No Finding,5,623,57,F,PA,2414,2991,0.143,0.143,0,0,0,0,0,0,0,0,0,0,0,0,0,0,0
00000623_010.png,No Finding,6,623,58,F,PA,2518,2991,0.143,0.143,0,0,0,0,0,0,0,0,0,0,0,0,0,0,0
00000623_000.png,No Finding,7,623,59,F,PA,2454,2991,0.143,0.143,0,0,0,0,0,0,0,0,0,0,0,0,0,0,0
00000623_001.png,No Finding,8,623,60,F,PA,2992,2991,0.143,0.143,0,0,0,0,0,0,0,0,0,0,0,0,0,0,0
00000623_002.png,Infiltration,9,623,61,F,PA,1705,2021,0.1943109999999999,0.1943109999999999,1,0,0,0,1,0,0,0,0,0,0,0,0,0,0
00000623_003.png,No Finding,10,623,62,F,PA,2021,2020,0.1943109999999999,0.1943109999999999,0,0,0,0,0,0,0,0,0,0,0,0,0,0,0
00000624_004.png,No Finding,0,624,50,F,PA,2322,2533,0.143,0.143,0,0,0,0,0,0,0,0,0,0,0,0,0,0,0
00000624_005.png,No Finding,1,624,50,F,PA,2710,2581,0.143,0.143,0,0,0,0,0,0,0,0,0,0,0,0,0,0,0
00000624_006.png,No Finding,2,624,55,F,PA,2992,2991,0.143,0.143,0,0,0,0,0,0,0,0,0,0,0,0,0,0,0
00000624_000.png,Infiltration,3,624,56,F,PA,2474,2991,0.143,0.143,1,0,0,0,1,0,0,0,0,0,0,0,0,0,0
00000624_001.png,Mass,4,624,56,F,AP,3056,2544,0.139,0.139,1,0,0,0,0,1,0,0,0,0,0,0,0,0,0
00000624_002.png,Infiltration,5,624,56,F,AP,3056,2544,0.139,0.139,1,0,0,0,1,0,0,0,0,0,0,0,0,0,0
00000624_003.png,No Finding,6,624,56,F,AP,3056,2544,0.139,0.139,0,0,0,0,0,0,0,0,0,0,0,0,0,0,0
00000625_001.png,No Finding,1,625,64,M,PA,2500,2048,0.168,0.168,0,0,0,0,0,0,0,0,0,0,0,0,0,0,0
00000626_000.png,No Finding,0,626,46,M,PA,2500,2048,0.171,0.171,0,0,0,0,0,0,0,0,0,0,0,0,0,0,0
00000626_001.png,Nodule,1,626,47,M,PA,2500,2048,0.168,0.168,1,0,0,0,0,0,1,0,0,0,0,0,0,0,0
00000627_000.png,No Finding,0,627,57,M,AP,2500,2048,0.171,0.171,0,0,0,0,0,0,0,0,0,0,0,0,0,0,0
00000627_001.png,No Finding,1,627,57,M,AP,2500,2048,0.171,0.171,0,0,0,0,0,0,0,0,0,0,0,0,0,0,0
00000627_002.png,No Finding,2,627,57,M,AP,2500,2048,0.171,0.171,0,0,0,0,0,0,0,0,0,0,0,0,0,0,0
00000627_003.png,No Finding,3,627,58,M,AP,2500,2048,0.168,0.168,0,0,0,0,0,0,0,0,0,0,0,0,0,0,0
00000627_005.png,No Finding,4,627,58,M,AP,2500,2048,0.168,0.168,0,0,0,0,0,0,0,0,0,0,0,0,0,0,0
00000627_006.png,No Finding,5,627,58,M,AP,2500,2048,0.168,0.168,0,0,0,0,0,0,0,0,0,0,0,0,0,0,0
00000627_004.png,Infiltration,6,627,58,M,AP,2500,2048,0.168,0.168,1,0,0,0,1,0,0,0,0,0,0,0,0,0,0
00000627_007.png,No Finding,7,627,58,M,AP,2500,2048,0.168,0.168,0,0,0,0,0,0,0,0,0,0,0,0,0,0,0
00000627_008.png,No Finding,8,627,58,M,AP,2500,2048,0.168,0.168,0,0,0,0,0,0,0,0,0,0,0,0,0,0,0
00000627_010.png,No Finding,10,627,58,M,AP,2500,2048,0.168,0.168,0,0,0,0,0,0,0,0,0,0,0,0,0,0,0
00000627_012.png,No Finding,12,627,58,M,AP,2500,2048,0.168,0.168,0,0,0,0,0,0,0,0,0,0,0,0,0,0,0
00000627_013.png,No Finding,13,627,58,M,AP,2500,2048,0.168,0.168,0,0,0,0,0,0,0,0,0,0,0,0,0,0,0
00000627_014.png,No Finding,14,627,58,M,AP,2500,2048,0.168,0.168,0,0,0,0,0,0,0,0,0,0,0,0,0,0,0
00000627_015.png,No Finding,15,627,58,M,AP,2500,2048,0.168,0.168,0,0,0,0,0,0,0,0,0,0,0,0,0,0,0
00000627_016.png,No Finding,16,627,58,M,AP,2500,2048,0.168,0.168,0,0,0,0,0,0,0,0,0,0,0,0,0,0,0
00000627_017.png,No Finding,17,627,58,M,AP,2500,2048,0.168,0.168,0,0,0,0,0,0,0,0,0,0,0,0,0,0,0
00000627_018.png,No Finding,18,627,58,M,AP,2500,2048,0.168,0.168,0,0,0,0,0,0,0,0,0,0,0,0,0,0,0
00000627_019.png,Infiltration,19,627,58,M,PA,2500,2048,0.168,0.168,1,0,0,0,1,0,0,0,0,0,0,0,0,0,0
00000627_020.png,No Finding,20,627,58,M,PA,2500,2048,0.168,0.168,0,0,0,0,0,0,0,0,0,0,0,0,0,0,0
00000627_022.png,Fibrosis,22,627,58,M,PA,2500,2048,0.168,0.168,1,0,0,0,0,0,0,0,0,0,0,0,1,0,0
00000627_024.png,Effusion,24,627,58,M,AP,2500,2048,0.168,0.168,1,0,0,1,0,0,0,0,0,0,0,0,0,0,0
00000627_025.png,No Finding,25,627,58,M,AP,2500,2048,0.168,0.168,0,0,0,0,0,0,0,0,0,0,0,0,0,0,0
00000627_026.png,No Finding,26,627,58,M,AP,2500,2048,0.168,0.168,0,0,0,0,0,0,0,0,0,0,0,0,0,0,0
00000627_027.png,No Finding,27,627,58,M,AP,2500,2048,0.168,0.168,0,0,0,0,0,0,0,0,0,0,0,0,0,0,0
00000627_029.png,Consolidation,29,627,58,M,AP,2500,2048,0.168,0.168,1,0,0,0,0,0,0,0,0,1,0,0,0,0,0
00000627_030.png,Consolidation,30,627,58,M,AP,2500,2048,0.168,0.168,1,0,0,0,0,0,0,0,0,1,0,0,0,0,0
00000627_031.png,No Finding,31,627,58,M,AP,2500,2048,0.168,0.168,0,0,0,0,0,0,0,0,0,0,0,0,0,0,0
00000627_032.png,No Finding,32,627,58,M,AP,2500,2048,0.168,0.168,0,0,0,0,0,0,0,0,0,0,0,0,0,0,0
00000627_033.png,No Finding,33,627,58,M,AP,2500,2048,0.168,0.168,0,0,0,0,0,0,0,0,0,0,0,0,0,0,0
00000627_034.png,Infiltration,34,627,58,M,AP,2500,2048,0.168,0.168,1,0,0,0,1,0,0,0,0,0,0,0,0,0,0
00000627_035.png,Infiltration,35,627,58,M,AP,2500,2048,0.168,0.168,1,0,0,0,1,0,0,0,0,0,0,0,0,0,0
00000627_036.png,Mass,36,627,58,M,AP,2500,2048,0.168,0.168,1,0,0,0,0,1,0,0,0,0,0,0,0,0,0
00000627_037.png,Infiltration,37,627,58,M,AP,2500,2048,0.168,0.168,1,0,0,0,1,0,0,0,0,0,0,0,0,0,0
00000628_002.png,No Finding,0,628,28,F,PA,2690,2437,0.143,0.143,0,0,0,0,0,0,0,0,0,0,0,0,0,0,0
00000628_000.png,No Finding,1,628,31,F,PA,2938,2991,0.143,0.143,0,0,0,0,0,0,0,0,0,0,0,0,0,0,0
00000628_001.png,No Finding,2,628,31,F,AP,3056,2544,0.139,0.139,0,0,0,0,0,0,0,0,0,0,0,0,0,0,0
00000629_000.png,No Finding,0,629,23,F,AP,2500,2048,0.168,0.168,0,0,0,0,0,0,0,0,0,0,0,0,0,0,0
00000630_000.png,No Finding,0,630,52,F,PA,2706,2991,0.143,0.143,0,0,0,0,0,0,0,0,0,0,0,0,0,0,0
00000631_000.png,No Finding,0,631,24,M,PA,2048,2500,0.168,0.168,0,0,0,0,0,0,0,0,0,0,0,0,0,0,0
00000631_001.png,No Finding,1,631,25,M,AP,2500,2048,0.168,0.168,0,0,0,0,0,0,0,0,0,0,0,0,0,0,0
00000631_002.png,Consolidation|Pneumothorax,2,631,25,M,AP,2500,2048,0.168,0.168,1,0,0,0,0,0,0,0,1,1,0,0,0,0,0
00000631_003.png,Emphysema|Pneumothorax,3,631,25,M,PA,2992,2991,0.143,0.143,1,0,0,0,0,0,0,0,1,0,0,1,0,0,0
00000631_004.png,Pneumothorax,4,631,25,M,PA,2992,2991,0.143,0.143,1,0,0,0,0,0,0,0,1,0,0,0,0,0,0
00000631_005.png,No Finding,5,631,25,M,AP,2500,2048,0.168,0.168,0,0,0,0,0,0,0,0,0,0,0,0,0,0,0
00000631_006.png,No Finding,6,631,25,M,PA,2694,2991,0.143,0.143,0,0,0,0,0,0,0,0,0,0,0,0,0,0,0
00000631_007.png,No Finding,7,631,25,M,PA,2654,2991,0.143,0.143,0,0,0,0,0,0,0,0,0,0,0,0,0,0,0
00000633_000.png,No Finding,0,633,57,F,PA,2682,2991,0.143,0.143,0,0,0,0,0,0,0,0,0,0,0,0,0,0,0
00000633_001.png,No Finding,1,633,57,F,PA,2562,2839,0.143,0.143,0,0,0,0,0,0,0,0,0,0,0,0,0,0,0
00000634_004.png,Nodule,0,634,61,F,PA,2048,2500,0.171,0.171,1,0,0,0,0,0,1,0,0,0,0,0,0,0,0
00000634_005.png,No Finding,1,634,65,F,PA,2992,2991,0.143,0.143,0,0,0,0,0,0,0,0,0,0,0,0,0,0,0
00000634_006.png,No Finding,2,634,68,F,PA,2570,2633,0.143,0.143,0,0,0,0,0,0,0,0,0,0,0,0,0,0,0
00000634_007.png,No Finding,3,634,68,F,PA,2842,2813,0.143,0.143,0,0,0,0,0,0,0,0,0,0,0,0,0,0,0
00000634_008.png,No Finding,4,634,70,F,PA,2690,2840,0.143,0.143,0,0,0,0,0,0,0,0,0,0,0,0,0,0,0
00000634_000.png,Hernia,5,634,71,F,PA,2786,2991,0.143,0.143,1,0,0,0,0,0,0,0,0,0,0,0,0,0,1
00000634_001.png,Infiltration,6,634,72,F,PA,2992,2991,0.143,0.143,1,0,0,0,1,0,0,0,0,0,0,0,0,0,0
00000634_002.png,No Finding,7,634,73,F,PA,2544,3056,0.139,0.139,0,0,0,0,0,0,0,0,0,0,0,0,0,0,0
00000634_003.png,Infiltration,8,634,74,F,PA,2021,2020,0.1943109999999999,0.1943109999999999,1,0,0,0,1,0,0,0,0,0,0,0,0,0,0
00000635_000.png,Fibrosis|Infiltration,0,635,48,F,PA,2048,2500,0.171,0.171,1,0,0,0,1,0,0,0,0,0,0,0,1,0,0
00000635_001.png,Infiltration,1,635,51,F,PA,2778,2793,0.143,0.143,1,0,0,0,1,0,0,0,0,0,0,0,0,0,0
00000636_000.png,No Finding,0,636,68,M,PA,2048,2500,0.171,0.171,0,0,0,0,0,0,0,0,0,0,0,0,0,0,0
00000637_000.png,No Finding,0,637,55,F,PA,2522,2991,0.143,0.143,0,0,0,0,0,0,0,0,0,0,0,0,0,0,0
00000639_000.png,Pleural_Thickening,0,639,67,M,PA,2500,2048,0.171,0.171,1,0,0,0,0,0,0,0,0,0,0,0,0,1,0
00000640_000.png,Infiltration,0,640,62,M,AP,2500,2048,0.171,0.171,1,0,0,0,1,0,0,0,0,0,0,0,0,0,0
00000640_001.png,Nodule,1,640,62,M,AP,2500,2048,0.171,0.171,1,0,0,0,0,0,1,0,0,0,0,0,0,0,0
00000644_000.png,No Finding,0,644,56,F,PA,2500,2048,0.171,0.171,0,0,0,0,0,0,0,0,0,0,0,0,0,0,0
00000644_001.png,No Finding,1,644,57,F,PA,2048,2500,0.168,0.168,0,0,0,0,0,0,0,0,0,0,0,0,0,0,0
00000646_003.png,No Finding,0,646,51,F,PA,2048,2500,0.171,0.171,0,0,0,0,0,0,0,0,0,0,0,0,0,0,0
00000646_004.png,No Finding,1,646,52,F,PA,2048,2500,0.168,0.168,0,0,0,0,0,0,0,0,0,0,0,0,0,0,0
00000646_005.png,No Finding,2,646,54,F,PA,2992,2991,0.143,0.143,0,0,0,0,0,0,0,0,0,0,0,0,0,0,0
00000646_006.png,Cardiomegaly|Effusion,3,646,56,F,PA,2706,2865,0.143,0.143,1,0,1,1,0,0,0,0,0,0,0,0,0,0,0
00000646_007.png,No Finding,4,646,59,F,PA,2496,2752,0.139,0.139,0,0,0,0,0,0,0,0,0,0,0,0,0,0,0
00000646_000.png,Infiltration,5,646,61,F,PA,2750,2991,0.143,0.143,1,0,0,0,1,0,0,0,0,0,0,0,0,0,0
00000646_001.png,Nodule,6,646,62,F,PA,2544,3056,0.139,0.139,1,0,0,0,0,0,1,0,0,0,0,0,0,0,0
00000646_002.png,No Finding,7,646,63,F,PA,1772,1677,0.1943109999999999,0.1943109999999999,0,0,0,0,0,0,0,0,0,0,0,0,0,0,0
00000647_000.png,No Finding,0,647,71,F,PA,2021,2021,0.1943109999999999,0.1943109999999999,0,0,0,0,0,0,0,0,0,0,0,0,0,0,0
00000648_000.png,No Finding,0,648,42,F,PA,2992,2991,0.143,0.143,0,0,0,0,0,0,0,0,0,0,0,0,0,0,0
00000648_001.png,Infiltration,1,648,46,F,PA,2992,2991,0.143,0.143,1,0,0,0,1,0,0,0,0,0,0,0,0,0,0
00000649_000.png,Pleural_Thickening,0,649,58,M,PA,2500,2048,0.168,0.168,1,0,0,0,0,0,0,0,0,0,0,0,0,1,0
00000650_000.png,No Finding,0,650,88,F,PA,2544,3056,0.139,0.139,0,0,0,0,0,0,0,0,0,0,0,0,0,0,0
00000652_000.png,No Finding,0,652,45,F,PA,2048,2500,0.168,0.168,0,0,0,0,0,0,0,0,0,0,0,0,0,0,0
00000652_001.png,No Finding,1,652,48,F,PA,2048,2500,0.168,0.168,0,0,0,0,0,0,0,0,0,0,0,0,0,0,0
00000652_002.png,No Finding,2,652,49,F,PA,2992,2991,0.143,0.143,0,0,0,0,0,0,0,0,0,0,0,0,0,0,0
00000652_003.png,No Finding,3,652,49,F,AP,2500,2048,0.168,0.168,0,0,0,0,0,0,0,0,0,0,0,0,0,0,0
00000652_004.png,No Finding,4,652,49,F,AP,2500,2048,0.168,0.168,0,0,0,0,0,0,0,0,0,0,0,0,0,0,0
00000652_005.png,No Finding,5,652,49,F,AP,2500,2048,0.168,0.168,0,0,0,0,0,0,0,0,0,0,0,0,0,0,0
00000652_006.png,Edema|Infiltration,6,652,49,F,AP,2500,2048,0.168,0.168,1,0,0,0,1,0,0,0,0,0,1,0,0,0,0
00000652_007.png,Edema,7,652,49,F,AP,2500,2048,0.168,0.168,1,0,0,0,0,0,0,0,0,0,1,0,0,0,0
00000652_008.png,No Finding,8,652,49,F,PA,2630,2991,0.143,0.143,0,0,0,0,0,0,0,0,0,0,0,0,0,0,0
00000652_010.png,No Finding,10,652,50,F,AP,2500,2048,0.168,0.168,0,0,0,0,0,0,0,0,0,0,0,0,0,0,0
00000652_011.png,No Finding,11,652,50,F,PA,2594,2685,0.143,0.143,0,0,0,0,0,0,0,0,0,0,0,0,0,0,0
00000652_012.png,Infiltration,12,652,50,F,PA,2992,2991,0.143,0.143,1,0,0,0,1,0,0,0,0,0,0,0,0,0,0
00000652_013.png,Infiltration,13,652,50,F,AP,2500,2048,0.168,0.168,1,0,0,0,1,0,0,0,0,0,0,0,0,0,0
00000652_014.png,No Finding,14,652,50,F,AP,2500,2048,0.168,0.168,0,0,0,0,0,0,0,0,0,0,0,0,0,0,0
00000652_015.png,No Finding,15,652,50,F,AP,2500,2048,0.168,0.168,0,0,0,0,0,0,0,0,0,0,0,0,0,0,0
00000652_016.png,Infiltration|Nodule,16,652,50,F,AP,2500,2048,0.168,0.168,1,0,0,0,1,0,1,0,0,0,0,0,0,0,0
00000652_017.png,No Finding,17,652,50,F,AP,2500,2048,0.168,0.168,0,0,0,0,0,0,0,0,0,0,0,0,0,0,0
00000652_018.png,No Finding,18,652,50,F,AP,2500,2048,0.168,0.168,0,0,0,0,0,0,0,0,0,0,0,0,0,0,0
00000652_019.png,No Finding,19,652,50,F,AP,2500,2048,0.168,0.168,0,0,0,0,0,0,0,0,0,0,0,0,0,0,0
00000652_020.png,No Finding,20,652,50,F,AP,2500,2048,0.168,0.168,0,0,0,0,0,0,0,0,0,0,0,0,0,0,0
00000652_021.png,No Finding,21,652,50,F,AP,2500,2048,0.168,0.168,0,0,0,0,0,0,0,0,0,0,0,0,0,0,0
00000652_022.png,No Finding,22,652,50,F,AP,2500,2048,0.168,0.168,0,0,0,0,0,0,0,0,0,0,0,0,0,0,0
00000652_023.png,No Finding,23,652,50,F,AP,2500,2048,0.168,0.168,0,0,0,0,0,0,0,0,0,0,0,0,0,0,0
00000652_024.png,No Finding,24,652,51,F,PA,2048,2500,0.168,0.168,0,0,0,0,0,0,0,0,0,0,0,0,0,0,0
00000652_025.png,Infiltration,25,652,51,F,PA,2714,2991,0.143,0.143,1,0,0,0,1,0,0,0,0,0,0,0,0,0,0
00000653_000.png,No Finding,0,653,77,M,PA,2992,2991,0.143,0.143,0,0,0,0,0,0,0,0,0,0,0,0,0,0,0
00000653_001.png,No Finding,1,653,78,M,PA,2992,2991,0.143,0.143,0,0,0,0,0,0,0,0,0,0,0,0,0,0,0
00000654_000.png,No Finding,0,654,68,M,PA,2710,2665,0.143,0.143,0,0,0,0,0,0,0,0,0,0,0,0,0,0,0
00000654_001.png,No Finding,1,654,68,M,PA,2992,2991,0.143,0.143,0,0,0,0,0,0,0,0,0,0,0,0,0,0,0
00000657_000.png,No Finding,0,657,59,F,PA,2482,2991,0.143,0.143,0,0,0,0,0,0,0,0,0,0,0,0,0,0,0
00000659_000.png,No Finding,0,659,39,M,PA,2500,2048,0.171,0.171,0,0,0,0,0,0,0,0,0,0,0,0,0,0,0
00000659_001.png,No Finding,1,659,41,M,PA,2500,2048,0.171,0.171,0,0,0,0,0,0,0,0,0,0,0,0,0,0,0
00000659_002.png,No Finding,2,659,42,M,PA,2500,2048,0.168,0.168,0,0,0,0,0,0,0,0,0,0,0,0,0,0,0
00000660_000.png,No Finding,0,660,60,F,PA,2048,2500,0.171,0.171,0,0,0,0,0,0,0,0,0,0,0,0,0,0,0
00000661_001.png,Cardiomegaly|Infiltration,0,661,52,M,PA,2500,2048,0.168,0.168,1,0,1,0,1,0,0,0,0,0,0,0,0,0,0
00000661_000.png,Cardiomegaly,1,661,57,M,PA,2021,2021,0.1943109999999999,0.1943109999999999,1,0,1,0,0,0,0,0,0,0,0,0,0,0,0
00000662_003.png,No Finding,0,662,48,F,PA,2500,2048,0.171,0.171,0,0,0,0,0,0,0,0,0,0,0,0,0,0,0
00000662_004.png,No Finding,1,662,50,F,PA,2500,2048,0.168,0.168,0,0,0,0,0,0,0,0,0,0,0,0,0,0,0
00000662_005.png,No Finding,2,662,51,F,PA,2734,2991,0.143,0.143,0,0,0,0,0,0,0,0,0,0,0,0,0,0,0
00000662_006.png,No Finding,3,662,52,F,PA,2048,2500,0.168,0.168,0,0,0,0,0,0,0,0,0,0,0,0,0,0,0
00000662_007.png,No Finding,4,662,53,F,PA,2992,2989,0.143,0.143,0,0,0,0,0,0,0,0,0,0,0,0,0,0,0
00000662_008.png,No Finding,5,662,54,F,PA,2500,2048,0.168,0.168,0,0,0,0,0,0,0,0,0,0,0,0,0,0,0
00000662_009.png,Infiltration,6,662,55,F,PA,2992,2991,0.143,0.143,1,0,0,0,1,0,0,0,0,0,0,0,0,0,0
00000662_010.png,Infiltration,7,662,56,F,PA,2992,2991,0.143,0.143,1,0,0,0,1,0,0,0,0,0,0,0,0,0,0
00000662_000.png,No Finding,8,662,58,F,PA,2682,2991,0.143,0.143,0,0,0,0,0,0,0,0,0,0,0,0,0,0,0
00000662_001.png,No Finding,9,662,59,F,PA,2992,2991,0.143,0.143,0,0,0,0,0,0,0,0,0,0,0,0,0,0,0
00000662_002.png,No Finding,10,662,60,F,PA,2021,2021,0.1943109999999999,0.1943109999999999,0,0,0,0,0,0,0,0,0,0,0,0,0,0,0
00000663_000.png,No Finding,0,663,25,M,PA,2048,2500,0.171,0.171,0,0,0,0,0,0,0,0,0,0,0,0,0,0,0
00000664_000.png,No Finding,0,664,27,F,PA,2992,2991,0.143,0.143,0,0,0,0,0,0,0,0,0,0,0,0,0,0,0
00000665_000.png,No Finding,0,665,58,M,PA,2500,2048,0.171,0.171,0,0,0,0,0,0,0,0,0,0,0,0,0,0,0
00000667_000.png,No Finding,0,667,50,M,PA,2594,2991,0.143,0.143,0,0,0,0,0,0,0,0,0,0,0,0,0,0,0
00000668_000.png,No Finding,0,668,73,M,PA,2992,2991,0.143,0.143,0,0,0,0,0,0,0,0,0,0,0,0,0,0,0
00000669_000.png,No Finding,0,669,47,M,PA,2048,2500,0.168,0.168,0,0,0,0,0,0,0,0,0,0,0,0,0,0,0
00000670_000.png,No Finding,0,670,53,F,PA,1774,2021,0.1943109999999999,0.1943109999999999,0,0,0,0,0,0,0,0,0,0,0,0,0,0,0
00000672_000.png,Fibrosis,0,672,53,F,PA,2048,2500,0.171,0.171,1,0,0,0,0,0,0,0,0,0,0,0,1,0,0
00000673_000.png,No Finding,0,673,47,F,PA,2752,2577,0.143,0.143,0,0,0,0,0,0,0,0,0,0,0,0,0,0,0
00000674_000.png,No Finding,0,674,74,F,PA,2366,2851,0.143,0.143,0,0,0,0,0,0,0,0,0,0,0,0,0,0,0
00000675_000.png,No Finding,0,675,58,M,PA,2798,2991,0.143,0.143,0,0,0,0,0,0,0,0,0,0,0,0,0,0,0
00000676_001.png,No Finding,0,676,59,F,PA,2048,2500,0.171,0.171,0,0,0,0,0,0,0,0,0,0,0,0,0,0,0
00000676_002.png,Infiltration,1,676,64,F,PA,2946,2991,0.143,0.143,1,0,0,0,1,0,0,0,0,0,0,0,0,0,0
00000676_003.png,No Finding,2,676,65,F,PA,2670,2991,0.143,0.143,0,0,0,0,0,0,0,0,0,0,0,0,0,0,0
00000676_004.png,Fibrosis,3,676,69,F,PA,2430,2322,0.143,0.143,1,0,0,0,0,0,0,0,0,0,0,0,1,0,0
00000676_000.png,Fibrosis,4,676,70,F,PA,2992,2991,0.143,0.143,1,0,0,0,0,0,0,0,0,0,0,0,1,0,0
00000678_000.png,Edema,0,678,30,F,AP,3056,2544,0.139,0.139,1,0,0,0,0,0,0,0,0,0,1,0,0,0,0
00000682_000.png,No Finding,0,682,62,F,PA,2048,2500,0.171,0.171,0,0,0,0,0,0,0,0,0,0,0,0,0,0,0
00000682_001.png,Emphysema,1,682,63,F,PA,2500,2048,0.168,0.168,1,0,0,0,0,0,0,0,0,0,0,1,0,0,0
00000682_002.png,Emphysema,2,682,66,F,PA,2048,2500,0.168,0.168,1,0,0,0,0,0,0,0,0,0,0,1,0,0,0
00000682_003.png,No Finding,3,682,68,F,PA,2992,2991,0.143,0.143,0,0,0,0,0,0,0,0,0,0,0,0,0,0,0
00000682_004.png,No Finding,4,682,69,F,PA,2992,2991,0.143,0.143,0,0,0,0,0,0,0,0,0,0,0,0,0,0,0
00000684_000.png,No Finding,0,684,57,M,PA,2500,2048,0.171,0.171,0,0,0,0,0,0,0,0,0,0,0,0,0,0,0
00000685_000.png,No Finding,0,685,59,M,PA,2500,2048,0.171,0.171,0,0,0,0,0,0,0,0,0,0,0,0,0,0,0
00000686_000.png,Infiltration,0,686,81,F,PA,2992,2991,0.143,0.143,1,0,0,0,1,0,0,0,0,0,0,0,0,0,0
00000687_000.png,No Finding,0,687,66,M,PA,2486,2991,0.143,0.143,0,0,0,0,0,0,0,0,0,0,0,0,0,0,0
00000688_001.png,Cardiomegaly,1,688,64,F,PA,2866,2991,0.143,0.143,1,0,1,0,0,0,0,0,0,0,0,0,0,0,0
00000689_000.png,No Finding,0,689,60,M,PA,2992,2991,0.143,0.143,0,0,0,0,0,0,0,0,0,0,0,0,0,0,0
00000690_000.png,No Finding,0,690,41,F,PA,2500,2048,0.171,0.171,0,0,0,0,0,0,0,0,0,0,0,0,0,0,0
00000691_000.png,No Finding,0,691,57,M,PA,2992,2991,0.143,0.143,0,0,0,0,0,0,0,0,0,0,0,0,0,0,0
00000693_002.png,Infiltration,1,693,58,M,PA,2992,2991,0.143,0.143,1,0,0,0,1,0,0,0,0,0,0,0,0,0,0
00000693_004.png,Mass,3,693,61,M,PA,2500,2048,0.168,0.168,1,0,0,0,0,1,0,0,0,0,0,0,0,0,0
00000693_005.png,No Finding,4,693,61,M,AP,2500,2048,0.168,0.168,0,0,0,0,0,0,0,0,0,0,0,0,0,0,0
00000693_000.png,No Finding,6,693,65,M,AP,3056,2544,0.139,0.139,0,0,0,0,0,0,0,0,0,0,0,0,0,0,0
00000695_000.png,Nodule,0,695,55,F,PA,2020,2021,0.1943109999999999,0.1943109999999999,1,0,0,0,0,0,1,0,0,0,0,0,0,0,0
00000696_000.png,No Finding,0,696,18,F,PA,2048,2500,0.168,0.168,0,0,0,0,0,0,0,0,0,0,0,0,0,0,0
00000697_004.png,No Finding,0,697,54,M,PA,2500,2048,0.171,0.171,0,0,0,0,0,0,0,0,0,0,0,0,0,0,0
00000697_005.png,No Finding,1,697,55,M,PA,2500,2048,0.168,0.168,0,0,0,0,0,0,0,0,0,0,0,0,0,0,0
00000697_006.png,Nodule,2,697,58,M,PA,2992,2991,0.143,0.143,1,0,0,0,0,0,1,0,0,0,0,0,0,0,0
00000697_008.png,No Finding,4,697,59,M,PA,2992,2991,0.143,0.143,0,0,0,0,0,0,0,0,0,0,0,0,0,0,0
00000697_009.png,Infiltration,5,697,60,M,PA,2992,2849,0.143,0.143,1,0,0,0,1,0,0,0,0,0,0,0,0,0,0
00000697_010.png,Infiltration,6,697,62,M,PA,2992,2991,0.143,0.143,1,0,0,0,1,0,0,0,0,0,0,0,0,0,0
00000697_000.png,No Finding,7,697,63,M,PA,2992,2991,0.143,0.143,0,0,0,0,0,0,0,0,0,0,0,0,0,0,0
00000697_001.png,No Finding,8,697,64,M,PA,2992,2991,0.143,0.143,0,0,0,0,0,0,0,0,0,0,0,0,0,0,0
00000697_003.png,No Finding,10,697,66,M,PA,2021,2021,0.1943109999999999,0.1943109999999999,0,0,0,0,0,0,0,0,0,0,0,0,0,0,0
00000699_000.png,No Finding,0,699,56,M,PA,2992,2991,0.143,0.143,0,0,0,0,0,0,0,0,0,0,0,0,0,0,0
00000699_001.png,No Finding,1,699,56,M,PA,2992,2991,0.143,0.143,0,0,0,0,0,0,0,0,0,0,0,0,0,0,0
00000700_001.png,No Finding,0,700,53,F,PA,2048,2500,0.171,0.171,0,0,0,0,0,0,0,0,0,0,0,0,0,0,0
00000700_000.png,No Finding,1,700,64,F,PA,2544,3056,0.139,0.139,0,0,0,0,0,0,0,0,0,0,0,0,0,0,0
00000702_000.png,No Finding,0,702,16,F,PA,2048,2500,0.171,0.171,0,0,0,0,0,0,0,0,0,0,0,0,0,0,0
00000702_001.png,No Finding,1,702,21,F,PA,2048,2500,0.168,0.168,0,0,0,0,0,0,0,0,0,0,0,0,0,0,0
00000702_002.png,No Finding,2,702,22,F,PA,2048,2500,0.168,0.168,0,0,0,0,0,0,0,0,0,0,0,0,0,0,0
00000702_003.png,No Finding,3,702,26,F,PA,2586,2991,0.143,0.143,0,0,0,0,0,0,0,0,0,0,0,0,0,0,0
00000703_000.png,No Finding,0,703,19,F,AP,2048,2500,0.168,0.168,0,0,0,0,0,0,0,0,0,0,0,0,0,0,0
00000704_000.png,No Finding,0,704,40,M,PA,2992,2991,0.143,0.143,0,0,0,0,0,0,0,0,0,0,0,0,0,0,0
00000704_001.png,No Finding,1,704,40,M,PA,3056,2544,0.139,0.139,0,0,0,0,0,0,0,0,0,0,0,0,0,0,0
00000704_002.png,No Finding,2,704,40,M,PA,3056,2544,0.139,0.139,0,0,0,0,0,0,0,0,0,0,0,0,0,0,0
00000704_003.png,No Finding,3,704,41,M,PA,2992,2991,0.143,0.143,0,0,0,0,0,0,0,0,0,0,0,0,0,0,0
00000705_000.png,No Finding,0,705,58,F,PA,2992,2991,0.143,0.143,0,0,0,0,0,0,0,0,0,0,0,0,0,0,0
00000705_001.png,No Finding,1,705,60,F,PA,2544,3056,0.139,0.139,0,0,0,0,0,0,0,0,0,0,0,0,0,0,0
00000705_002.png,No Finding,2,705,61,F,PA,2021,2021,0.1943109999999999,0.1943109999999999,0,0,0,0,0,0,0,0,0,0,0,0,0,0,0
00000707_000.png,Emphysema|Infiltration|Nodule,0,707,44,M,AP,2500,2048,0.168,0.168,1,0,0,0,1,0,1,0,0,0,0,1,0,0,0
00000708_000.png,No Finding,0,708,40,M,AP,2500,2048,0.168,0.168,0,0,0,0,0,0,0,0,0,0,0,0,0,0,0
00000709_003.png,No Finding,0,709,60,F,PA,2048,2500,0.168,0.168,0,0,0,0,0,0,0,0,0,0,0,0,0,0,0
00000709_004.png,No Finding,1,709,61,F,PA,2500,2048,0.168,0.168,0,0,0,0,0,0,0,0,0,0,0,0,0,0,0
00000709_005.png,No Finding,2,709,63,F,PA,2950,2991,0.143,0.143,0,0,0,0,0,0,0,0,0,0,0,0,0,0,0
00000709_006.png,No Finding,3,709,65,F,PA,2658,2991,0.143,0.143,0,0,0,0,0,0,0,0,0,0,0,0,0,0,0
00000709_007.png,No Finding,4,709,66,F,PA,2610,2991,0.143,0.143,0,0,0,0,0,0,0,0,0,0,0,0,0,0,0
00000709_008.png,Infiltration,5,709,67,F,PA,2458,2991,0.143,0.143,1,0,0,0,1,0,0,0,0,0,0,0,0,0,0
00000709_000.png,No Finding,6,709,69,F,PA,2544,3056,0.139,0.139,0,0,0,0,0,0,0,0,0,0,0,0,0,0,0
00000709_001.png,Infiltration,7,709,71,F,PA,2544,3056,0.139,0.139,1,0,0,0,1,0,0,0,0,0,0,0,0,0,0
00000709_002.png,Infiltration,8,709,72,F,PA,1851,1772,0.1943109999999999,0.1943109999999999,1,0,0,0,1,0,0,0,0,0,0,0,0,0,0
00000710_000.png,Infiltration|Mass,0,710,55,F,PA,2048,2500,0.171,0.171,1,0,0,0,1,1,0,0,0,0,0,0,0,0,0
00000710_001.png,Fibrosis,1,710,56,F,AP,2500,2048,0.171,0.171,1,0,0,0,0,0,0,0,0,0,0,0,1,0,0
00000710_002.png,No Finding,2,710,56,F,AP,2500,2048,0.168,0.168,0,0,0,0,0,0,0,0,0,0,0,0,0,0,0
00000710_003.png,Fibrosis|Pneumonia,3,710,57,F,PA,2048,2500,0.168,0.168,1,0,0,0,0,0,0,1,0,0,0,0,1,0,0
00000710_004.png,Mass,4,710,57,F,AP,2500,2048,0.168,0.168,1,0,0,0,0,1,0,0,0,0,0,0,0,0,0
00000710_005.png,Effusion|Emphysema,5,710,58,F,PA,2486,2725,0.143,0.143,1,0,0,1,0,0,0,0,0,0,0,1,0,0,0
00000710_006.png,No Finding,6,710,58,F,PA,2048,2500,0.168,0.168,0,0,0,0,0,0,0,0,0,0,0,0,0,0,0
00000711_005.png,Mass,0,711,33,F,AP,2500,2048,0.168,0.168,1,0,0,0,0,1,0,0,0,0,0,0,0,0,0
00000711_006.png,Mass,1,711,33,F,AP,2500,2048,0.168,0.168,1,0,0,0,0,1,0,0,0,0,0,0,0,0,0
00000711_007.png,Mass,2,711,33,F,PA,2048,2500,0.168,0.168,1,0,0,0,0,1,0,0,0,0,0,0,0,0,0
00000711_008.png,Nodule,3,711,34,F,PA,2500,2048,0.168,0.168,1,0,0,0,0,0,1,0,0,0,0,0,0,0,0
00000711_010.png,Nodule,5,711,34,F,AP,2500,2048,0.168,0.168,1,0,0,0,0,0,1,0,0,0,0,0,0,0,0
00000711_011.png,Emphysema,6,711,34,F,AP,2500,2048,0.168,0.168,1,0,0,0,0,0,0,0,0,0,0,1,0,0,0
00000711_000.png,Mass,8,711,43,F,PA,2992,2991,0.143,0.143,1,0,0,0,0,1,0,0,0,0,0,0,0,0,0
00000711_001.png,No Finding,9,711,45,F,AP,3056,2544,0.139,0.139,0,0,0,0,0,0,0,0,0,0,0,0,0,0,0
00000711_002.png,No Finding,10,711,45,F,AP,3056,2544,0.139,0.139,0,0,0,0,0,0,0,0,0,0,0,0,0,0,0
00000711_003.png,Effusion|Infiltration,11,711,45,F,AP,3056,2544,0.139,0.139,1,0,0,1,1,0,0,0,0,0,0,0,0,0,0
00000712_000.png,No Finding,0,712,56,M,PA,2936,2888,0.143,0.143,0,0,0,0,0,0,0,0,0,0,0,0,0,0,0
00000712_001.png,No Finding,1,712,58,M,PA,2908,2897,0.143,0.143,0,0,0,0,0,0,0,0,0,0,0,0,0,0,0
00000714_000.png,No Finding,0,714,69,F,PA,2048,2500,0.171,0.171,0,0,0,0,0,0,0,0,0,0,0,0,0,0,0
00000714_001.png,Nodule,1,714,70,F,PA,2048,2500,0.168,0.168,1,0,0,0,0,0,1,0,0,0,0,0,0,0,0
00000715_000.png,No Finding,0,715,63,M,PA,2048,2500,0.171,0.171,0,0,0,0,0,0,0,0,0,0,0,0,0,0,0
00000715_001.png,No Finding,1,715,64,M,PA,2500,2048,0.171,0.171,0,0,0,0,0,0,0,0,0,0,0,0,0,0,0
00000716_001.png,No Finding,0,716,30,F,PA,2602,2521,0.143,0.143,0,0,0,0,0,0,0,0,0,0,0,0,0,0,0
00000716_002.png,No Finding,1,716,31,F,PA,2936,2948,0.143,0.143,0,0,0,0,0,0,0,0,0,0,0,0,0,0,0
00000716_003.png,No Finding,2,716,33,F,PA,2992,2991,0.143,0.143,0,0,0,0,0,0,0,0,0,0,0,0,0,0,0
00000716_000.png,Nodule,3,716,38,F,PA,2544,3056,0.139,0.139,1,0,0,0,0,0,1,0,0,0,0,0,0,0,0
00000717_000.png,No Finding,0,717,52,M,PA,2500,2048,0.168,0.168,0,0,0,0,0,0,0,0,0,0,0,0,0,0,0
00000718_000.png,No Finding,0,718,32,F,PA,2934,2609,0.143,0.143,0,0,0,0,0,0,0,0,0,0,0,0,0,0,0
00000718_001.png,No Finding,1,718,32,F,AP,2500,2048,0.168,0.168,0,0,0,0,0,0,0,0,0,0,0,0,0,0,0
00000720_000.png,No Finding,0,720,46,M,PA,3056,2544,0.139,0.139,0,0,0,0,0,0,0,0,0,0,0,0,0,0,0
00000720_001.png,No Finding,1,720,46,M,PA,2992,2991,0.143,0.143,0,0,0,0,0,0,0,0,0,0,0,0,0,0,0
00000720_003.png,Infiltration,3,720,46,M,AP,3056,2544,0.139,0.139,1,0,0,0,1,0,0,0,0,0,0,0,0,0,0
00000720_006.png,Effusion|Infiltration,6,720,47,M,PA,3056,2544,0.139,0.139,1,0,0,1,1,0,0,0,0,0,0,0,0,0,0
00000723_002.png,Fibrosis|Infiltration,0,723,40,M,PA,2500,2048,0.171,0.171,1,0,0,0,1,0,0,0,0,0,0,0,1,0,0
00000723_003.png,Effusion|Fibrosis,1,723,40,M,PA,2048,2500,0.171,0.171,1,0,0,1,0,0,0,0,0,0,0,0,1,0,0
00000723_000.png,No Finding,4,723,53,M,PA,1990,2021,0.194314,0.194314,0,0,0,0,0,0,0,0,0,0,0,0,0,0,0
00000723_001.png,No Finding,5,723,54,M,PA,2021,2021,0.1943109999999999,0.1943109999999999,0,0,0,0,0,0,0,0,0,0,0,0,0,0,0
00000724_000.png,Fibrosis,0,724,55,F,PA,2048,2500,0.171,0.171,1,0,0,0,0,0,0,0,0,0,0,0,1,0,0
00000725_000.png,No Finding,0,725,58,M,PA,2500,2048,0.168,0.168,0,0,0,0,0,0,0,0,0,0,0,0,0,0,0
00000726_000.png,No Finding,0,726,52,M,PA,2654,2717,0.143,0.143,0,0,0,0,0,0,0,0,0,0,0,0,0,0,0
00000727_001.png,No Finding,1,727,53,F,PA,2992,2991,0.143,0.143,0,0,0,0,0,0,0,0,0,0,0,0,0,0,0
00000727_002.png,No Finding,2,727,54,F,PA,2418,2989,0.143,0.143,0,0,0,0,0,0,0,0,0,0,0,0,0,0,0
00000727_003.png,No Finding,3,727,54,F,PA,2838,2991,0.143,0.143,0,0,0,0,0,0,0,0,0,0,0,0,0,0,0
00000727_004.png,No Finding,4,727,55,F,AP,2500,2048,0.168,0.168,0,0,0,0,0,0,0,0,0,0,0,0,0,0,0
00000727_005.png,No Finding,5,727,55,F,PA,2786,2991,0.143,0.143,0,0,0,0,0,0,0,0,0,0,0,0,0,0,0
00000727_006.png,Effusion|Infiltration,6,727,55,F,PA,2602,2991,0.143,0.143,1,0,0,1,1,0,0,0,0,0,0,0,0,0,0
00000727_007.png,No Finding,7,727,56,F,PA,2270,2991,0.143,0.143,0,0,0,0,0,0,0,0,0,0,0,0,0,0,0
00000727_008.png,No Finding,8,727,58,F,PA,2386,2991,0.143,0.143,0,0,0,0,0,0,0,0,0,0,0,0,0,0,0
00000727_009.png,Infiltration,9,727,58,F,PA,2990,2991,0.143,0.143,1,0,0,0,1,0,0,0,0,0,0,0,0,0,0
00000729_000.png,No Finding,0,729,52,M,PA,2048,2500,0.168,0.168,0,0,0,0,0,0,0,0,0,0,0,0,0,0,0
00000731_003.png,Fibrosis|Nodule,0,731,41,M,PA,2500,2048,0.171,0.171,1,0,0,0,0,0,1,0,0,0,0,0,1,0,0
00000731_004.png,No Finding,1,731,43,M,PA,2500,2048,0.171,0.171,0,0,0,0,0,0,0,0,0,0,0,0,0,0,0
00000731_005.png,No Finding,2,731,46,M,PA,2782,2991,0.143,0.143,0,0,0,0,0,0,0,0,0,0,0,0,0,0,0
00000731_006.png,No Finding,3,731,50,M,PA,2992,2991,0.143,0.143,0,0,0,0,0,0,0,0,0,0,0,0,0,0,0
00000731_007.png,No Finding,4,731,51,M,PA,2992,2991,0.143,0.143,0,0,0,0,0,0,0,0,0,0,0,0,0,0,0
00000731_008.png,No Finding,5,731,52,M,PA,2992,2991,0.143,0.143,0,0,0,0,0,0,0,0,0,0,0,0,0,0,0
00000731_000.png,No Finding,6,731,53,M,PA,2992,2991,0.143,0.143,0,0,0,0,0,0,0,0,0,0,0,0,0,0,0
00000731_001.png,No Finding,7,731,54,M,PA,3056,2544,0.139,0.139,0,0,0,0,0,0,0,0,0,0,0,0,0,0,0
00000731_002.png,No Finding,8,731,55,M,PA,2021,2021,0.1943109999999999,0.1943109999999999,0,0,0,0,0,0,0,0,0,0,0,0,0,0,0
00000732_000.png,Effusion,0,732,85,F,PA,2354,2991,0.143,0.143,1,0,0,1,0,0,0,0,0,0,0,0,0,0,0
00000732_001.png,Emphysema,1,732,85,F,AP,2500,2048,0.168,0.168,1,0,0,0,0,0,0,0,0,0,0,1,0,0,0
00000732_002.png,Pneumothorax,2,732,85,F,AP,2500,2048,0.168,0.168,1,0,0,0,0,0,0,0,1,0,0,0,0,0,0
00000732_003.png,No Finding,3,732,85,F,PA,2992,2991,0.143,0.143,0,0,0,0,0,0,0,0,0,0,0,0,0,0,0
00000732_004.png,Cardiomegaly|Effusion|Fibrosis|Pleural_Thickening|Pneumothorax,4,732,85,F,PA,2992,2991,0.143,0.143,1,0,1,1,0,0,0,0,1,0,0,0,1,1,0
00000732_005.png,Cardiomegaly|Effusion|Fibrosis|Pleural_Thickening|Pneumothorax,5,732,85,F,AP,2500,2048,0.168,0.168,1,0,1,1,0,0,0,0,1,0,0,0,1,1,0
00000732_006.png,Effusion|Emphysema,6,732,85,F,PA,2686,2991,0.143,0.143,1,0,0,1,0,0,0,0,0,0,0,1,0,0,0
00000732_007.png,Effusion|Pneumothorax,7,732,85,F,PA,2992,2991,0.143,0.143,1,0,0,1,0,0,0,0,1,0,0,0,0,0,0
00000732_008.png,Cardiomegaly|Effusion|Pleural_Thickening,8,732,86,F,PA,2558,2745,0.143,0.143,1,0,1,1,0,0,0,0,0,0,0,0,0,1,0
00000732_009.png,Effusion,9,732,87,F,PA,2596,2639,0.143,0.143,1,0,0,1,0,0,0,0,0,0,0,0,0,0,0
00000732_010.png,No Finding,10,732,87,F,PA,2330,2889,0.143,0.143,0,0,0,0,0,0,0,0,0,0,0,0,0,0,0
00000733_000.png,Nodule,0,733,65,M,PA,2500,2048,0.171,0.171,1,0,0,0,0,0,1,0,0,0,0,0,0,0,0
00000733_001.png,Fibrosis|Infiltration,1,733,67,M,PA,2500,2048,0.168,0.168,1,0,0,0,1,0,0,0,0,0,0,0,1,0,0
00000733_002.png,Fibrosis,2,733,71,M,PA,2620,2341,0.143,0.143,1,0,0,0,0,0,0,0,0,0,0,0,1,0,0
00000733_003.png,Fibrosis,3,733,72,M,PA,2746,2991,0.143,0.143,1,0,0,0,0,0,0,0,0,0,0,0,1,0,0
00000736_000.png,No Finding,0,736,43,F,PA,2658,2653,0.143,0.143,0,0,0,0,0,0,0,0,0,0,0,0,0,0,0
00000738_000.png,No Finding,0,738,25,F,PA,2048,2500,0.171,0.171,0,0,0,0,0,0,0,0,0,0,0,0,0,0,0
00000739_000.png,No Finding,0,739,59,M,PA,2992,2991,0.143,0.143,0,0,0,0,0,0,0,0,0,0,0,0,0,0,0
00000739_001.png,No Finding,1,739,61,M,PA,2021,2021,0.1943109999999999,0.1943109999999999,0,0,0,0,0,0,0,0,0,0,0,0,0,0,0
00000740_001.png,No Finding,1,740,80,M,AP,2500,2048,0.171,0.171,0,0,0,0,0,0,0,0,0,0,0,0,0,0,0
00000741_002.png,No Finding,0,741,49,F,PA,2500,2048,0.171,0.171,0,0,0,0,0,0,0,0,0,0,0,0,0,0,0
00000741_003.png,No Finding,1,741,53,F,PA,2682,2489,0.143,0.143,0,0,0,0,0,0,0,0,0,0,0,0,0,0,0
00000741_004.png,No Finding,2,741,54,F,PA,2822,2991,0.143,0.143,0,0,0,0,0,0,0,0,0,0,0,0,0,0,0
00000741_005.png,No Finding,3,741,55,F,PA,2422,2991,0.143,0.143,0,0,0,0,0,0,0,0,0,0,0,0,0,0,0
00000741_006.png,No Finding,4,741,56,F,PA,2992,2991,0.143,0.143,0,0,0,0,0,0,0,0,0,0,0,0,0,0,0
00000741_008.png,No Finding,6,741,58,F,PA,3056,2544,0.139,0.139,0,0,0,0,0,0,0,0,0,0,0,0,0,0,0
00000741_000.png,Infiltration,7,741,60,F,PA,2702,2991,0.143,0.143,1,0,0,0,1,0,0,0,0,0,0,0,0,0,0
00000741_001.png,No Finding,8,741,61,F,PA,2544,3056,0.139,0.139,0,0,0,0,0,0,0,0,0,0,0,0,0,0,0
00000742_000.png,Effusion,0,742,67,M,PA,2048,2500,0.171,0.171,1,0,0,1,0,0,0,0,0,0,0,0,0,0,0
00000742_002.png,Effusion,2,742,67,M,PA,2500,2048,0.171,0.171,1,0,0,1,0,0,0,0,0,0,0,0,0,0,0
00000742_003.png,No Finding,3,742,68,M,PA,2500,2048,0.171,0.171,0,0,0,0,0,0,0,0,0,0,0,0,0,0,0
00000742_004.png,No Finding,4,742,69,M,AP,2500,2048,0.171,0.171,0,0,0,0,0,0,0,0,0,0,0,0,0,0,0
00000744_000.png,No Finding,0,744,68,M,PA,2500,2048,0.168,0.168,0,0,0,0,0,0,0,0,0,0,0,0,0,0,0
00000744_001.png,Nodule,1,744,72,M,PA,2992,2991,0.143,0.143,1,0,0,0,0,0,1,0,0,0,0,0,0,0,0
00000744_002.png,Infiltration,2,744,72,M,AP,2500,2048,0.168,0.168,1,0,0,0,1,0,0,0,0,0,0,0,0,0,0
00000744_003.png,Consolidation|Infiltration|Pneumothorax,3,744,72,M,AP,2500,2048,0.168,0.168,1,0,0,0,1,0,0,0,1,1,0,0,0,0,0
00000744_004.png,Pneumothorax,4,744,72,M,PA,2992,2991,0.143,0.143,1,0,0,0,0,0,0,0,1,0,0,0,0,0,0
00000744_007.png,Mass|Pneumothorax,7,744,72,M,PA,2992,2991,0.143,0.143,1,0,0,0,0,1,0,0,1,0,0,0,0,0,0
00000744_008.png,Mass|Pneumothorax,8,744,72,M,PA,2992,2991,0.143,0.143,1,0,0,0,0,1,0,0,1,0,0,0,0,0,0
00000744_009.png,Mass|Pneumothorax,9,744,72,M,PA,2990,2991,0.143,0.143,1,0,0,0,0,1,0,0,1,0,0,0,0,0,0
00000744_010.png,Effusion|Mass|Pneumothorax,10,744,72,M,PA,2898,2991,0.143,0.143,1,0,0,1,0,1,0,0,1,0,0,0,0,0,0
00000744_011.png,Mass|Pneumothorax,11,744,72,M,PA,2992,2991,0.143,0.143,1,0,0,0,0,1,0,0,1,0,0,0,0,0,0
00000744_012.png,Mass|Pneumothorax,12,744,72,M,PA,2992,2991,0.143,0.143,1,0,0,0,0,1,0,0,1,0,0,0,0,0,0
00000744_013.png,No Finding,13,744,72,M,PA,2500,2048,0.168,0.168,0,0,0,0,0,0,0,0,0,0,0,0,0,0,0
00000746_000.png,No Finding,0,746,22,F,PA,2952,2596,0.143,0.143,0,0,0,0,0,0,0,0,0,0,0,0,0,0,0
00000748_000.png,No Finding,0,748,23,F,PA,2048,2500,0.168,0.168,0,0,0,0,0,0,0,0,0,0,0,0,0,0,0
00000749_000.png,No Finding,0,749,67,F,PA,2048,2500,0.168,0.168,0,0,0,0,0,0,0,0,0,0,0,0,0,0,0
00000750_000.png,No Finding,0,750,23,M,PA,2886,2991,0.143,0.143,0,0,0,0,0,0,0,0,0,0,0,0,0,0,0
00000751_000.png,No Finding,0,751,57,F,PA,2434,2605,0.143,0.143,0,0,0,0,0,0,0,0,0,0,0,0,0,0,0
00000752_001.png,No Finding,0,752,21,F,PA,2992,2991,0.143,0.143,0,0,0,0,0,0,0,0,0,0,0,0,0,0,0
00000752_000.png,No Finding,1,752,28,F,PA,2992,2661,0.143,0.143,0,0,0,0,0,0,0,0,0,0,0,0,0,0,0
00000754_000.png,No Finding,0,754,43,M,PA,2546,2991,0.143,0.143,0,0,0,0,0,0,0,0,0,0,0,0,0,0,0
00000754_001.png,No Finding,1,754,43,M,AP,3040,2544,0.139,0.139,0,0,0,0,0,0,0,0,0,0,0,0,0,0,0
00000754_002.png,No Finding,2,754,43,M,AP,2544,3024,0.139,0.139,0,0,0,0,0,0,0,0,0,0,0,0,0,0,0
00000754_004.png,No Finding,4,754,43,M,AP,3056,2544,0.139,0.139,0,0,0,0,0,0,0,0,0,0,0,0,0,0,0
00000754_005.png,No Finding,5,754,43,M,AP,3056,2544,0.139,0.139,0,0,0,0,0,0,0,0,0,0,0,0,0,0,0
00000754_006.png,No Finding,6,754,43,M,PA,3056,2544,0.139,0.139,0,0,0,0,0,0,0,0,0,0,0,0,0,0,0
00000755_000.png,No Finding,0,755,52,F,PA,2048,2500,0.168,0.168,0,0,0,0,0,0,0,0,0,0,0,0,0,0,0
00000758_000.png,No Finding,0,758,42,F,PA,2048,2500,0.171,0.171,0,0,0,0,0,0,0,0,0,0,0,0,0,0,0
00000758_001.png,Emphysema,1,758,42,F,AP,2500,2048,0.171,0.171,1,0,0,0,0,0,0,0,0,0,0,1,0,0,0
00000758_002.png,Pneumothorax,2,758,42,F,PA,2048,2500,0.171,0.171,1,0,0,0,0,0,0,0,1,0,0,0,0,0,0
00000759_000.png,No Finding,0,759,63,M,PA,2021,2021,0.1943109999999999,0.1943109999999999,0,0,0,0,0,0,0,0,0,0,0,0,0,0,0
00000761_008.png,No Finding,0,761,41,F,PA,2048,2500,0.171,0.171,0,0,0,0,0,0,0,0,0,0,0,0,0,0,0
00000761_009.png,No Finding,1,761,41,F,AP,2500,2048,0.171,0.171,0,0,0,0,0,0,0,0,0,0,0,0,0,0,0
00000761_011.png,Effusion|Pleural_Thickening,3,761,44,F,AP,2500,2048,0.168,0.168,1,0,0,1,0,0,0,0,0,0,0,0,0,1,0
00000761_000.png,Effusion,4,761,53,F,AP,3056,2544,0.139,0.139,1,0,0,1,0,0,0,0,0,0,0,0,0,0,0
00000761_002.png,Effusion,6,761,53,F,PA,2021,2021,0.1943109999999999,0.1943109999999999,1,0,0,1,0,0,0,0,0,0,0,0,0,0,0
00000761_003.png,No Finding,7,761,53,F,AP,3056,2544,0.139,0.139,0,0,0,0,0,0,0,0,0,0,0,0,0,0,0
00000761_004.png,No Finding,8,761,53,F,AP,3056,2544,0.139,0.139,0,0,0,0,0,0,0,0,0,0,0,0,0,0,0
00000761_005.png,No Finding,9,761,53,F,AP,2544,3056,0.139,0.139,0,0,0,0,0,0,0,0,0,0,0,0,0,0,0
00000761_006.png,Cardiomegaly,10,761,53,F,AP,3056,2544,0.139,0.139,1,0,1,0,0,0,0,0,0,0,0,0,0,0,0
00000761_007.png,No Finding,11,761,53,F,AP,3056,2544,0.139,0.139,0,0,0,0,0,0,0,0,0,0,0,0,0,0,0
00000763_000.png,No Finding,0,763,16,M,PA,2048,2500,0.168,0.168,0,0,0,0,0,0,0,0,0,0,0,0,0,0,0
00000764_000.png,No Finding,0,764,40,M,PA,2500,2048,0.171,0.171,0,0,0,0,0,0,0,0,0,0,0,0,0,0,0
00000764_001.png,No Finding,1,764,44,M,PA,2992,2991,0.143,0.143,0,0,0,0,0,0,0,0,0,0,0,0,0,0,0
00000764_002.png,No Finding,2,764,48,M,PA,2500,2048,0.168,0.168,0,0,0,0,0,0,0,0,0,0,0,0,0,0,0
00000764_003.png,No Finding,3,764,48,M,AP,3056,2544,0.139,0.139,0,0,0,0,0,0,0,0,0,0,0,0,0,0,0
00000767_000.png,No Finding,0,767,32,F,PA,2048,2500,0.171,0.171,0,0,0,0,0,0,0,0,0,0,0,0,0,0,0
00000768_000.png,No Finding,0,768,54,M,PA,2596,2901,0.143,0.143,0,0,0,0,0,0,0,0,0,0,0,0,0,0,0
00000769_000.png,No Finding,0,769,48,M,PA,2992,2991,0.143,0.143,0,0,0,0,0,0,0,0,0,0,0,0,0,0,0
00000770_000.png,No Finding,0,770,43,F,PA,2048,2500,0.171,0.171,0,0,0,0,0,0,0,0,0,0,0,0,0,0,0
00000770_001.png,No Finding,1,770,48,F,PA,2770,2661,0.143,0.143,0,0,0,0,0,0,0,0,0,0,0,0,0,0,0
00000771_000.png,No Finding,0,771,73,M,PA,2500,2048,0.171,0.171,0,0,0,0,0,0,0,0,0,0,0,0,0,0,0
00000772_001.png,No Finding,0,772,45,F,PA,2992,2991,0.143,0.143,0,0,0,0,0,0,0,0,0,0,0,0,0,0,0
00000772_002.png,Nodule|Pneumonia,1,772,45,F,PA,2802,2833,0.143,0.143,1,0,0,0,0,0,1,1,0,0,0,0,0,0,0
00000772_003.png,Infiltration,2,772,45,F,PA,2992,2991,0.143,0.143,1,0,0,0,1,0,0,0,0,0,0,0,0,0,0
00000772_004.png,No Finding,3,772,46,F,PA,2992,2991,0.143,0.143,0,0,0,0,0,0,0,0,0,0,0,0,0,0,0
00000772_005.png,No Finding,4,772,46,F,AP,3056,2544,0.139,0.139,0,0,0,0,0,0,0,0,0,0,0,0,0,0,0
00000772_006.png,No Finding,5,772,46,F,PA,2718,2991,0.143,0.143,0,0,0,0,0,0,0,0,0,0,0,0,0,0,0
00000772_007.png,No Finding,6,772,46,F,PA,2992,2991,0.143,0.143,0,0,0,0,0,0,0,0,0,0,0,0,0,0,0
00000772_008.png,No Finding,7,772,47,F,AP,3056,2544,0.139,0.139,0,0,0,0,0,0,0,0,0,0,0,0,0,0,0
00000772_009.png,No Finding,8,772,47,F,AP,3056,2544,0.139,0.139,0,0,0,0,0,0,0,0,0,0,0,0,0,0,0
00000772_000.png,Infiltration,9,772,47,F,PA,2992,2991,0.143,0.143,1,0,0,0,1,0,0,0,0,0,0,0,0,0,0
00000773_000.png,No Finding,0,773,66,M,PA,2500,2048,0.171,0.171,0,0,0,0,0,0,0,0,0,0,0,0,0,0,0
00000774_000.png,No Finding,0,774,45,F,AP,2500,2048,0.171,0.171,0,0,0,0,0,0,0,0,0,0,0,0,0,0,0
00000775_000.png,Fibrosis,0,775,78,F,PA,2992,2991,0.143,0.143,1,0,0,0,0,0,0,0,0,0,0,0,1,0,0
00000776_000.png,No Finding,0,776,44,M,PA,3056,2544,0.139,0.139,0,0,0,0,0,0,0,0,0,0,0,0,0,0,0
00000778_000.png,Fibrosis|Infiltration,0,778,67,F,PA,2992,2991,0.143,0.143,1,0,0,0,1,0,0,0,0,0,0,0,1,0,0
00000779_000.png,Nodule,0,779,34,M,PA,2048,2500,0.171,0.171,1,0,0,0,0,0,1,0,0,0,0,0,0,0,0
00000779_001.png,No Finding,1,779,34,M,PA,2500,2048,0.171,0.171,0,0,0,0,0,0,0,0,0,0,0,0,0,0,0
00000780_000.png,Effusion,0,780,62,F,PA,2992,2991,0.143,0.143,1,0,0,1,0,0,0,0,0,0,0,0,0,0,0
00000781_003.png,No Finding,0,781,59,F,PA,2048,2500,0.171,0.171,0,0,0,0,0,0,0,0,0,0,0,0,0,0,0
00000781_004.png,No Finding,1,781,62,F,PA,2048,2500,0.168,0.168,0,0,0,0,0,0,0,0,0,0,0,0,0,0,0
00000781_005.png,No Finding,2,781,64,F,PA,2754,2629,0.143,0.143,0,0,0,0,0,0,0,0,0,0,0,0,0,0,0
00000781_006.png,No Finding,3,781,65,F,PA,2726,2991,0.143,0.143,0,0,0,0,0,0,0,0,0,0,0,0,0,0,0
00000781_007.png,No Finding,4,781,66,F,PA,2572,2330,0.143,0.143,0,0,0,0,0,0,0,0,0,0,0,0,0,0,0
00000781_008.png,No Finding,5,781,67,F,PA,2352,2352,0.143,0.143,0,0,0,0,0,0,0,0,0,0,0,0,0,0,0
00000781_009.png,No Finding,6,781,68,F,PA,2504,3056,0.139,0.139,0,0,0,0,0,0,0,0,0,0,0,0,0,0,0
00000781_000.png,No Finding,7,781,68,F,PA,2544,3056,0.139,0.139,0,0,0,0,0,0,0,0,0,0,0,0,0,0,0
00000781_001.png,No Finding,8,781,70,F,PA,2992,2991,0.143,0.143,0,0,0,0,0,0,0,0,0,0,0,0,0,0,0
00000781_002.png,Nodule,9,781,71,F,PA,3056,2544,0.139,0.139,1,0,0,0,0,0,1,0,0,0,0,0,0,0,0
00000783_000.png,No Finding,0,783,53,M,AP,3056,2544,0.139,0.139,0,0,0,0,0,0,0,0,0,0,0,0,0,0,0
00000783_001.png,Infiltration,1,783,53,M,PA,2992,2991,0.143,0.143,1,0,0,0,1,0,0,0,0,0,0,0,0,0,0
00000783_002.png,No Finding,2,783,53,M,AP,3056,2544,0.139,0.139,0,0,0,0,0,0,0,0,0,0,0,0,0,0,0
00000784_000.png,No Finding,0,784,39,M,PA,2500,2048,0.168,0.168,0,0,0,0,0,0,0,0,0,0,0,0,0,0,0
00000785_001.png,Nodule,1,785,38,F,AP,3056,2544,0.139,0.139,1,0,0,0,0,0,1,0,0,0,0,0,0,0,0
00000785_002.png,No Finding,2,785,38,F,PA,2992,2991,0.143,0.143,0,0,0,0,0,0,0,0,0,0,0,0,0,0,0
00000787_000.png,No Finding,0,787,45,F,AP,2500,2048,0.168,0.168,0,0,0,0,0,0,0,0,0,0,0,0,0,0,0
00000787_001.png,No Finding,1,787,45,F,AP,2500,2048,0.168,0.168,0,0,0,0,0,0,0,0,0,0,0,0,0,0,0
00000787_002.png,Cardiomegaly,2,787,48,F,PA,2992,2991,0.143,0.143,1,0,1,0,0,0,0,0,0,0,0,0,0,0,0
00000787_003.png,No Finding,3,787,48,F,AP,2500,2048,0.168,0.168,0,0,0,0,0,0,0,0,0,0,0,0,0,0,0
00000787_004.png,No Finding,4,787,48,F,AP,2500,2048,0.168,0.168,0,0,0,0,0,0,0,0,0,0,0,0,0,0,0
00000789_000.png,No Finding,0,789,46,F,PA,2048,2500,0.171,0.171,0,0,0,0,0,0,0,0,0,0,0,0,0,0,0
00000790_000.png,Cardiomegaly|Effusion,0,790,33,F,PA,2048,2500,0.168,0.168,1,0,1,1,0,0,0,0,0,0,0,0,0,0,0
00000790_001.png,No Finding,1,790,33,F,AP,2500,2048,0.168,0.168,0,0,0,0,0,0,0,0,0,0,0,0,0,0,0
00000790_002.png,No Finding,2,790,33,F,AP,2500,2048,0.171,0.171,0,0,0,0,0,0,0,0,0,0,0,0,0,0,0
00000792_000.png,No Finding,0,792,56,M,PA,2500,2048,0.168,0.168,0,0,0,0,0,0,0,0,0,0,0,0,0,0,0
00000792_001.png,No Finding,1,792,60,M,PA,2992,2991,0.143,0.143,0,0,0,0,0,0,0,0,0,0,0,0,0,0,0
00000793_000.png,No Finding,0,793,29,F,PA,2500,2048,0.168,0.168,0,0,0,0,0,0,0,0,0,0,0,0,0,0,0
00000794_000.png,No Finding,0,794,38,F,PA,2048,2500,0.171,0.171,0,0,0,0,0,0,0,0,0,0,0,0,0,0,0
00000794_001.png,No Finding,1,794,42,F,PA,2454,2577,0.143,0.143,0,0,0,0,0,0,0,0,0,0,0,0,0,0,0
00000796_003.png,No Finding,0,796,62,F,PA,2500,2048,0.168,0.168,0,0,0,0,0,0,0,0,0,0,0,0,0,0,0
00000796_004.png,No Finding,1,796,63,F,PA,2048,2500,0.168,0.168,0,0,0,0,0,0,0,0,0,0,0,0,0,0,0
00000796_005.png,No Finding,2,796,65,F,AP,2048,2500,0.168,0.168,0,0,0,0,0,0,0,0,0,0,0,0,0,0,0
00000796_006.png,No Finding,3,796,66,F,PA,2500,2048,0.168,0.168,0,0,0,0,0,0,0,0,0,0,0,0,0,0,0
00000796_007.png,No Finding,4,796,67,F,PA,2306,2330,0.143,0.143,0,0,0,0,0,0,0,0,0,0,0,0,0,0,0
00000796_008.png,No Finding,5,796,68,F,PA,2992,2991,0.143,0.143,0,0,0,0,0,0,0,0,0,0,0,0,0,0,0
00000796_009.png,Infiltration,6,796,69,F,PA,2532,2538,0.143,0.143,1,0,0,0,1,0,0,0,0,0,0,0,0,0,0
00000796_000.png,No Finding,7,796,71,F,PA,2482,2991,0.143,0.143,0,0,0,0,0,0,0,0,0,0,0,0,0,0,0
00000796_001.png,No Finding,8,796,72,F,PA,2646,2991,0.143,0.143,0,0,0,0,0,0,0,0,0,0,0,0,0,0,0
00000796_002.png,No Finding,9,796,73,F,PA,2544,3056,0.139,0.139,0,0,0,0,0,0,0,0,0,0,0,0,0,0,0
00000797_000.png,No Finding,0,797,46,F,AP,3056,2544,0.139,0.139,0,0,0,0,0,0,0,0,0,0,0,0,0,0,0
00000797_001.png,No Finding,1,797,46,F,AP,3056,2544,0.139,0.139,0,0,0,0,0,0,0,0,0,0,0,0,0,0,0
00000797_002.png,No Finding,2,797,46,F,AP,3056,2544,0.139,0.139,0,0,0,0,0,0,0,0,0,0,0,0,0,0,0
00000797_003.png,No Finding,3,797,46,F,AP,3056,2544,0.139,0.139,0,0,0,0,0,0,0,0,0,0,0,0,0,0,0
00000797_004.png,No Finding,4,797,46,F,AP,3056,2544,0.139,0.139,0,0,0,0,0,0,0,0,0,0,0,0,0,0,0
00000798_000.png,No Finding,0,798,60,F,PA,2048,2500,0.168,0.168,0,0,0,0,0,0,0,0,0,0,0,0,0,0,0
00000798_001.png,Cardiomegaly|Infiltration|Pneumothorax,1,798,60,F,PA,2048,2500,0.168,0.168,1,0,1,0,1,0,0,0,1,0,0,0,0,0,0
00000798_002.png,No Finding,2,798,63,F,PA,2992,2991,0.143,0.143,0,0,0,0,0,0,0,0,0,0,0,0,0,0,0
00000798_003.png,No Finding,3,798,63,F,PA,2992,2991,0.143,0.143,0,0,0,0,0,0,0,0,0,0,0,0,0,0,0
00000798_004.png,No Finding,4,798,63,F,AP,2500,2048,0.168,0.168,0,0,0,0,0,0,0,0,0,0,0,0,0,0,0
00000798_005.png,Effusion|Infiltration|Nodule,5,798,63,F,PA,2810,2777,0.143,0.143,1,0,0,1,1,0,1,0,0,0,0,0,0,0,0
00000798_006.png,No Finding,6,798,64,F,PA,2430,2991,0.143,0.143,0,0,0,0,0,0,0,0,0,0,0,0,0,0,0
00000798_007.png,No Finding,7,798,64,F,PA,2992,2991,0.143,0.143,0,0,0,0,0,0,0,0,0,0,0,0,0,0,0
00000798_008.png,No Finding,8,798,64,F,PA,2338,2665,0.143,0.143,0,0,0,0,0,0,0,0,0,0,0,0,0,0,0
00000798_009.png,Infiltration,9,798,64,F,AP,2500,2048,0.168,0.168,1,0,0,0,1,0,0,0,0,0,0,0,0,0,0
00000798_010.png,No Finding,10,798,64,F,AP,2500,2048,0.168,0.168,0,0,0,0,0,0,0,0,0,0,0,0,0,0,0
00000798_011.png,Infiltration,11,798,64,F,AP,2500,2048,0.168,0.168,1,0,0,0,1,0,0,0,0,0,0,0,0,0,0
00000798_012.png,No Finding,12,798,64,F,AP,2500,2048,0.168,0.168,0,0,0,0,0,0,0,0,0,0,0,0,0,0,0
00000798_013.png,No Finding,13,798,64,F,AP,2500,2048,0.168,0.168,0,0,0,0,0,0,0,0,0,0,0,0,0,0,0
00000798_014.png,No Finding,14,798,64,F,AP,2500,2048,0.168,0.168,0,0,0,0,0,0,0,0,0,0,0,0,0,0,0
00000798_015.png,No Finding,15,798,64,F,AP,2048,2500,0.168,0.168,0,0,0,0,0,0,0,0,0,0,0,0,0,0,0
00000798_016.png,No Finding,16,798,64,F,AP,2500,2048,0.168,0.168,0,0,0,0,0,0,0,0,0,0,0,0,0,0,0
00000798_017.png,No Finding,17,798,64,F,AP,2500,2048,0.168,0.168,0,0,0,0,0,0,0,0,0,0,0,0,0,0,0
00000798_018.png,No Finding,18,798,64,F,AP,2500,2048,0.168,0.168,0,0,0,0,0,0,0,0,0,0,0,0,0,0,0
00000798_019.png,No Finding,19,798,64,F,AP,2500,2048,0.168,0.168,0,0,0,0,0,0,0,0,0,0,0,0,0,0,0
00000798_020.png,No Finding,20,798,64,F,AP,2500,2048,0.168,0.168,0,0,0,0,0,0,0,0,0,0,0,0,0,0,0
00000798_021.png,Consolidation,21,798,64,F,AP,2500,2048,0.168,0.168,1,0,0,0,0,0,0,0,0,1,0,0,0,0,0
00000798_022.png,Consolidation|Effusion,22,798,64,F,AP,2500,2048,0.168,0.168,1,0,0,1,0,0,0,0,0,1,0,0,0,0,0
00000798_023.png,No Finding,23,798,64,F,AP,2500,2048,0.168,0.168,0,0,0,0,0,0,0,0,0,0,0,0,0,0,0
00000798_024.png,Consolidation,24,798,64,F,AP,2500,2048,0.168,0.168,1,0,0,0,0,0,0,0,0,1,0,0,0,0,0
00000798_025.png,Pneumonia,25,798,64,F,AP,2500,2048,0.168,0.168,1,0,0,0,0,0,0,1,0,0,0,0,0,0,0
00000798_026.png,Consolidation,26,798,64,F,AP,2500,2048,0.168,0.168,1,0,0,0,0,0,0,0,0,1,0,0,0,0,0
00000798_027.png,No Finding,27,798,64,F,AP,2500,2048,0.168,0.168,0,0,0,0,0,0,0,0,0,0,0,0,0,0,0
00000798_028.png,Consolidation|Effusion,28,798,64,F,AP,2500,2048,0.168,0.168,1,0,0,1,0,0,0,0,0,1,0,0,0,0,0
00000798_029.png,Consolidation|Effusion,29,798,64,F,AP,2500,2048,0.168,0.168,1,0,0,1,0,0,0,0,0,1,0,0,0,0,0
00000798_030.png,No Finding,30,798,64,F,AP,2500,2048,0.168,0.168,0,0,0,0,0,0,0,0,0,0,0,0,0,0,0
00000798_032.png,Effusion|Infiltration,31,798,64,F,AP,2500,2048,0.168,0.168,1,0,0,1,1,0,0,0,0,0,0,0,0,0,0
00000798_031.png,Infiltration,32,798,64,F,AP,2500,2048,0.168,0.168,1,0,0,0,1,0,0,0,0,0,0,0,0,0,0
00000798_033.png,Infiltration,33,798,64,F,AP,2500,2048,0.168,0.168,1,0,0,0,1,0,0,0,0,0,0,0,0,0,0
00000798_034.png,Consolidation|Effusion|Nodule,34,798,64,F,AP,2500,2048,0.168,0.168,1,0,0,1,0,0,1,0,0,1,0,0,0,0,0
00000798_035.png,No Finding,35,798,64,F,AP,2500,2048,0.168,0.168,0,0,0,0,0,0,0,0,0,0,0,0,0,0,0
00000798_036.png,Effusion,36,798,64,F,AP,2500,2048,0.168,0.168,1,0,0,1,0,0,0,0,0,0,0,0,0,0,0
00000798_037.png,Consolidation|Effusion,37,798,64,F,AP,2500,2048,0.168,0.168,1,0,0,1,0,0,0,0,0,1,0,0,0,0,0
00000798_038.png,No Finding,38,798,64,F,AP,2500,2048,0.168,0.168,0,0,0,0,0,0,0,0,0,0,0,0,0,0,0
00000798_039.png,Effusion|Infiltration|Pneumonia,39,798,64,F,AP,2500,2048,0.168,0.168,1,0,0,1,1,0,0,1,0,0,0,0,0,0,0
00000798_040.png,No Finding,40,798,64,F,AP,2500,2048,0.168,0.168,0,0,0,0,0,0,0,0,0,0,0,0,0,0,0
00000800_001.png,Cardiomegaly|Effusion,1,800,50,F,PA,2048,2500,0.168,0.168,1,0,1,1,0,0,0,0,0,0,0,0,0,0,0
00000801_000.png,Emphysema,0,801,45,F,PA,2500,2048,0.171,0.171,1,0,0,0,0,0,0,0,0,0,0,1,0,0,0
00000802_000.png,No Finding,0,802,32,M,PA,2500,2048,0.168,0.168,0,0,0,0,0,0,0,0,0,0,0,0,0,0,0
00000805_002.png,No Finding,0,805,42,F,PA,2658,2921,0.143,0.143,0,0,0,0,0,0,0,0,0,0,0,0,0,0,0
00000805_003.png,No Finding,1,805,46,F,PA,2992,2991,0.143,0.143,0,0,0,0,0,0,0,0,0,0,0,0,0,0,0
00000805_000.png,No Finding,2,805,48,F,PA,2992,2991,0.143,0.143,0,0,0,0,0,0,0,0,0,0,0,0,0,0,0
00000805_001.png,No Finding,3,805,51,F,PA,2021,2021,0.1943109999999999,0.1943109999999999,0,0,0,0,0,0,0,0,0,0,0,0,0,0,0
00000807_000.png,Pleural_Thickening,0,807,61,F,PA,2048,2500,0.171,0.171,1,0,0,0,0,0,0,0,0,0,0,0,0,1,0
00000809_001.png,No Finding,0,809,39,M,PA,2500,2048,0.168,0.168,0,0,0,0,0,0,0,0,0,0,0,0,0,0,0
00000809_002.png,No Finding,1,809,41,M,PA,2992,2991,0.143,0.143,0,0,0,0,0,0,0,0,0,0,0,0,0,0,0
00000809_003.png,No Finding,2,809,46,M,PA,2910,2991,0.143,0.143,0,0,0,0,0,0,0,0,0,0,0,0,0,0,0
00000809_004.png,No Finding,3,809,47,M,PA,2992,2991,0.143,0.143,0,0,0,0,0,0,0,0,0,0,0,0,0,0,0
00000809_000.png,No Finding,4,809,49,M,PA,2890,2513,0.143,0.143,0,0,0,0,0,0,0,0,0,0,0,0,0,0,0
00000814_000.png,No Finding,0,814,66,F,PA,2992,2991,0.143,0.143,0,0,0,0,0,0,0,0,0,0,0,0,0,0,0
00000814_001.png,Cardiomegaly,1,814,66,F,PA,2374,2597,0.143,0.143,1,0,1,0,0,0,0,0,0,0,0,0,0,0,0
00000814_002.png,Effusion,2,814,66,F,PA,2992,2991,0.143,0.143,1,0,0,1,0,0,0,0,0,0,0,0,0,0,0
00000814_003.png,No Finding,3,814,66,F,PA,2406,2777,0.143,0.143,0,0,0,0,0,0,0,0,0,0,0,0,0,0,0
00000814_004.png,Effusion|Infiltration,4,814,66,F,PA,2742,2991,0.143,0.143,1,0,0,1,1,0,0,0,0,0,0,0,0,0,0
00000814_005.png,Effusion,5,814,66,F,PA,2742,2873,0.143,0.143,1,0,0,1,0,0,0,0,0,0,0,0,0,0,0
00000814_007.png,No Finding,7,814,66,F,PA,2616,2847,0.143,0.143,0,0,0,0,0,0,0,0,0,0,0,0,0,0,0
00000814_008.png,Effusion,8,814,66,F,PA,2048,2500,0.168,0.168,1,0,0,1,0,0,0,0,0,0,0,0,0,0,0
00000815_000.png,No Finding,0,815,18,F,PA,2582,2273,0.143,0.143,0,0,0,0,0,0,0,0,0,0,0,0,0,0,0
00000815_001.png,No Finding,1,815,20,F,AP,2500,2048,0.168,0.168,0,0,0,0,0,0,0,0,0,0,0,0,0,0,0
00000815_002.png,No Finding,2,815,21,F,PA,2726,2677,0.143,0.143,0,0,0,0,0,0,0,0,0,0,0,0,0,0,0
00000820_000.png,Consolidation|Infiltration|Nodule,0,820,41,M,AP,2500,2048,0.171,0.171,1,0,0,0,1,0,1,0,0,1,0,0,0,0,0
00000820_001.png,Consolidation|Infiltration|Nodule,1,820,41,M,AP,2500,2048,0.171,0.171,1,0,0,0,1,0,1,0,0,1,0,0,0,0,0
00000820_002.png,Infiltration,2,820,41,M,AP,2500,2048,0.171,0.171,1,0,0,0,1,0,0,0,0,0,0,0,0,0,0
00000820_003.png,Infiltration,3,820,41,M,AP,2500,2048,0.171,0.171,1,0,0,0,1,0,0,0,0,0,0,0,0,0,0
00000820_004.png,Infiltration,4,820,41,M,AP,2500,2048,0.171,0.171,1,0,0,0,1,0,0,0,0,0,0,0,0,0,0
00000820_005.png,Infiltration,5,820,41,M,AP,2500,2048,0.171,0.171,1,0,0,0,1,0,0,0,0,0,0,0,0,0,0
00000820_006.png,Infiltration|Nodule,6,820,41,M,AP,2500,2048,0.171,0.171,1,0,0,0,1,0,1,0,0,0,0,0,0,0,0
00000820_007.png,Infiltration,7,820,41,M,AP,2500,2048,0.171,0.171,1,0,0,0,1,0,0,0,0,0,0,0,0,0,0
00000820_008.png,No Finding,8,820,41,M,AP,2500,2048,0.171,0.171,0,0,0,0,0,0,0,0,0,0,0,0,0,0,0
00000820_009.png,Nodule,9,820,41,M,AP,2500,2048,0.171,0.171,1,0,0,0,0,0,1,0,0,0,0,0,0,0,0
00000820_010.png,Infiltration,10,820,42,M,AP,2500,2048,0.171,0.171,1,0,0,0,1,0,0,0,0,0,0,0,0,0,0
00000820_011.png,Infiltration,11,820,42,M,AP,2500,2048,0.171,0.171,1,0,0,0,1,0,0,0,0,0,0,0,0,0,0
00000820_012.png,Infiltration|Nodule,12,820,42,M,PA,2500,2048,0.171,0.171,1,0,0,0,1,0,1,0,0,0,0,0,0,0,0
00000820_013.png,Fibrosis,13,820,45,M,AP,2500,2048,0.168,0.168,1,0,0,0,0,0,0,0,0,0,0,0,1,0,0
00000820_014.png,No Finding,14,820,47,M,AP,2500,2048,0.168,0.168,0,0,0,0,0,0,0,0,0,0,0,0,0,0,0
00000820_015.png,Infiltration,15,820,47,M,AP,2500,2048,0.168,0.168,1,0,0,0,1,0,0,0,0,0,0,0,0,0,0
00000820_016.png,Infiltration,16,820,47,M,AP,2500,2048,0.168,0.168,1,0,0,0,1,0,0,0,0,0,0,0,0,0,0
00000820_017.png,No Finding,17,820,48,M,AP,2500,2048,0.168,0.168,0,0,0,0,0,0,0,0,0,0,0,0,0,0,0
00000820_018.png,No Finding,18,820,48,M,PA,2606,2991,0.143,0.143,0,0,0,0,0,0,0,0,0,0,0,0,0,0,0
00000820_019.png,No Finding,19,820,48,M,AP,2500,2048,0.168,0.168,0,0,0,0,0,0,0,0,0,0,0,0,0,0,0
00000820_020.png,No Finding,20,820,49,M,PA,2710,2991,0.143,0.143,0,0,0,0,0,0,0,0,0,0,0,0,0,0,0
00000820_021.png,No Finding,21,820,49,M,AP,2500,2048,0.168,0.168,0,0,0,0,0,0,0,0,0,0,0,0,0,0,0
00000820_022.png,No Finding,22,820,49,M,AP,2048,2500,0.168,0.168,0,0,0,0,0,0,0,0,0,0,0,0,0,0,0
00000820_023.png,Pleural_Thickening,23,820,49,M,AP,2500,2048,0.168,0.168,1,0,0,0,0,0,0,0,0,0,0,0,0,1,0
00000820_024.png,Effusion|Fibrosis,24,820,49,M,AP,2500,2048,0.168,0.168,1,0,0,1,0,0,0,0,0,0,0,0,1,0,0
00000820_025.png,Fibrosis,25,820,49,M,AP,2500,2048,0.168,0.168,1,0,0,0,0,0,0,0,0,0,0,0,1,0,0
00000820_026.png,No Finding,26,820,49,M,AP,2500,2048,0.168,0.168,0,0,0,0,0,0,0,0,0,0,0,0,0,0,0
00000820_027.png,No Finding,27,820,49,M,PA,2992,2991,0.143,0.143,0,0,0,0,0,0,0,0,0,0,0,0,0,0,0
00000820_028.png,Emphysema|Fibrosis,28,820,49,M,AP,2500,2048,0.168,0.168,1,0,0,0,0,0,0,0,0,0,0,1,1,0,0
00000820_029.png,Emphysema|Infiltration,29,820,50,M,AP,2500,2048,0.168,0.168,1,0,0,0,1,0,0,0,0,0,0,1,0,0,0
00000820_030.png,Emphysema,30,820,50,M,AP,2500,2048,0.168,0.168,1,0,0,0,0,0,0,0,0,0,0,1,0,0,0
00000820_031.png,Effusion|Emphysema|Fibrosis|Mass|Nodule,31,820,50,M,AP,2500,2048,0.168,0.168,1,0,0,1,0,1,1,0,0,0,0,1,1,0,0
00000821_000.png,No Finding,0,821,52,M,PA,2992,2991,0.143,0.143,0,0,0,0,0,0,0,0,0,0,0,0,0,0,0
00000821_001.png,No Finding,1,821,52,M,PA,2992,2991,0.143,0.143,0,0,0,0,0,0,0,0,0,0,0,0,0,0,0
00000822_000.png,No Finding,0,822,37,F,PA,2048,2500,0.171,0.171,0,0,0,0,0,0,0,0,0,0,0,0,0,0,0
00000823_000.png,Cardiomegaly|Effusion,0,823,22,F,PA,2992,2991,0.143,0.143,1,0,1,1,0,0,0,0,0,0,0,0,0,0,0
00000823_004.png,No Finding,4,823,24,F,PA,2992,2991,0.143,0.143,0,0,0,0,0,0,0,0,0,0,0,0,0,0,0
00000823_005.png,Cardiomegaly,5,823,24,F,PA,2992,2991,0.143,0.143,1,0,1,0,0,0,0,0,0,0,0,0,0,0,0
00000824_000.png,No Finding,0,824,35,M,PA,2500,2048,0.168,0.168,0,0,0,0,0,0,0,0,0,0,0,0,0,0,0
00000824_001.png,No Finding,1,824,36,M,PA,2500,2048,0.168,0.168,0,0,0,0,0,0,0,0,0,0,0,0,0,0,0
00000825_000.png,Infiltration|Pleural_Thickening,0,825,81,F,PA,2048,2500,0.171,0.171,1,0,0,0,1,0,0,0,0,0,0,0,0,1,0
00000825_001.png,No Finding,1,825,82,F,PA,2500,2048,0.171,0.171,0,0,0,0,0,0,0,0,0,0,0,0,0,0,0
00000825_002.png,Fibrosis,2,825,83,F,PA,2500,2048,0.168,0.168,1,0,0,0,0,0,0,0,0,0,0,0,1,0,0
00000825_003.png,Cardiomegaly,3,825,87,F,PA,2500,2048,0.168,0.168,1,0,1,0,0,0,0,0,0,0,0,0,0,0,0
00000825_004.png,No Finding,4,825,87,F,PA,2500,2048,0.168,0.168,0,0,0,0,0,0,0,0,0,0,0,0,0,0,0
00000826_000.png,No Finding,0,826,67,F,PA,2282,2991,0.143,0.143,0,0,0,0,0,0,0,0,0,0,0,0,0,0,0
00000827_000.png,Infiltration,0,827,28,M,AP,2500,2048,0.168,0.168,1,0,0,0,1,0,0,0,0,0,0,0,0,0,0
00000827_001.png,No Finding,1,827,28,M,PA,2666,2521,0.143,0.143,0,0,0,0,0,0,0,0,0,0,0,0,0,0,0
00000827_002.png,No Finding,2,827,29,M,AP,2500,2048,0.168,0.168,0,0,0,0,0,0,0,0,0,0,0,0,0,0,0
00000827_003.png,No Finding,3,827,29,M,AP,2500,2048,0.168,0.168,0,0,0,0,0,0,0,0,0,0,0,0,0,0,0
00000827_004.png,Consolidation,4,827,31,M,AP,2500,2048,0.168,0.168,1,0,0,0,0,0,0,0,0,1,0,0,0,0,0
00000827_005.png,Mass,5,827,31,M,PA,2992,2991,0.143,0.143,1,0,0,0,0,1,0,0,0,0,0,0,0,0,0
00000827_006.png,No Finding,6,827,31,M,AP,2048,2500,0.168,0.168,0,0,0,0,0,0,0,0,0,0,0,0,0,0,0
00000827_008.png,Consolidation|Effusion,8,827,31,M,AP,2500,2048,0.168,0.168,1,0,0,1,0,0,0,0,0,1,0,0,0,0,0
00000827_009.png,No Finding,9,827,31,M,AP,2500,2048,0.168,0.168,0,0,0,0,0,0,0,0,0,0,0,0,0,0,0
00000827_010.png,No Finding,10,827,31,M,AP,2500,2048,0.168,0.168,0,0,0,0,0,0,0,0,0,0,0,0,0,0,0
00000827_011.png,No Finding,11,827,31,M,AP,2500,2048,0.168,0.168,0,0,0,0,0,0,0,0,0,0,0,0,0,0,0
00000827_012.png,Fibrosis|Hernia,12,827,31,M,PA,2992,2991,0.143,0.143,1,0,0,0,0,0,0,0,0,0,0,0,1,0,1
00000827_013.png,No Finding,13,827,31,M,PA,2582,2991,0.143,0.143,0,0,0,0,0,0,0,0,0,0,0,0,0,0,0
00000827_015.png,No Finding,15,827,31,M,PA,2602,2697,0.143,0.143,0,0,0,0,0,0,0,0,0,0,0,0,0,0,0
00000827_017.png,Pneumothorax,17,827,31,M,PA,2746,2793,0.143,0.143,1,0,0,0,0,0,0,0,1,0,0,0,0,0,0
00000827_018.png,Effusion|Pneumothorax,18,827,31,M,PA,2454,2991,0.143,0.143,1,0,0,1,0,0,0,0,1,0,0,0,0,0,0
00000827_020.png,Pneumothorax,20,827,31,M,PA,2626,2785,0.143,0.143,1,0,0,0,0,0,0,0,1,0,0,0,0,0,0
00000827_021.png,Effusion|Pneumothorax,21,827,31,M,PA,2666,2991,0.143,0.143,1,0,0,1,0,0,0,0,1,0,0,0,0,0,0
00000829_000.png,No Finding,0,829,40,F,PA,2992,2991,0.143,0.143,0,0,0,0,0,0,0,0,0,0,0,0,0,0,0
00000831_000.png,No Finding,0,831,17,M,AP,2048,2500,0.171,0.171,0,0,0,0,0,0,0,0,0,0,0,0,0,0,0
00000831_002.png,No Finding,2,831,17,M,AP,2500,2048,0.171,0.171,0,0,0,0,0,0,0,0,0,0,0,0,0,0,0
00000831_003.png,Pleural_Thickening,3,831,19,M,AP,2048,2500,0.168,0.168,1,0,0,0,0,0,0,0,0,0,0,0,0,1,0
00000831_004.png,Infiltration,4,831,24,M,AP,2500,2048,0.168,0.168,1,0,0,0,1,0,0,0,0,0,0,0,0,0,0
00000831_005.png,No Finding,5,831,24,M,AP,2500,2048,0.168,0.168,0,0,0,0,0,0,0,0,0,0,0,0,0,0,0
00000831_006.png,Consolidation|Infiltration|Nodule,6,831,24,M,AP,2500,2048,0.168,0.168,1,0,0,0,1,0,1,0,0,1,0,0,0,0,0
00000831_007.png,Consolidation,7,831,24,M,AP,2500,2048,0.168,0.168,1,0,0,0,0,0,0,0,0,1,0,0,0,0,0
00000831_008.png,No Finding,8,831,24,M,AP,2500,2048,0.168,0.168,0,0,0,0,0,0,0,0,0,0,0,0,0,0,0
00000831_009.png,No Finding,9,831,24,M,AP,2500,2048,0.168,0.168,0,0,0,0,0,0,0,0,0,0,0,0,0,0,0
00000831_010.png,Consolidation|Mass|Nodule,10,831,24,M,AP,2500,2048,0.168,0.168,1,0,0,0,0,1,1,0,0,1,0,0,0,0,0
00000831_011.png,Infiltration|Nodule,11,831,24,M,AP,2500,2048,0.168,0.168,1,0,0,0,1,0,1,0,0,0,0,0,0,0,0
00000831_012.png,Consolidation|Infiltration|Nodule,12,831,24,M,AP,2500,2048,0.168,0.168,1,0,0,0,1,0,1,0,0,1,0,0,0,0,0
00000833_000.png,No Finding,0,833,40,M,PA,2992,2991,0.143,0.143,0,0,0,0,0,0,0,0,0,0,0,0,0,0,0
00000833_001.png,No Finding,1,833,40,M,PA,2500,2048,0.168,0.168,0,0,0,0,0,0,0,0,0,0,0,0,0,0,0
00000833_002.png,No Finding,2,833,42,M,PA,2992,2991,0.143,0.143,0,0,0,0,0,0,0,0,0,0,0,0,0,0,0
00000834_000.png,No Finding,0,834,67,M,PA,2992,2991,0.143,0.143,0,0,0,0,0,0,0,0,0,0,0,0,0,0,0
00000834_001.png,No Finding,1,834,70,M,PA,2021,2021,0.1943109999999999,0.1943109999999999,0,0,0,0,0,0,0,0,0,0,0,0,0,0,0
00000835_000.png,No Finding,0,835,67,F,PA,2658,2801,0.143,0.143,0,0,0,0,0,0,0,0,0,0,0,0,0,0,0
00000836_000.png,No Finding,0,836,46,F,PA,2834,2991,0.143,0.143,0,0,0,0,0,0,0,0,0,0,0,0,0,0,0
00000837_000.png,Cardiomegaly,0,837,74,M,PA,2048,2500,0.168,0.168,1,0,1,0,0,0,0,0,0,0,0,0,0,0,0
00000838_000.png,No Finding,0,838,75,F,PA,2048,2500,0.168,0.168,0,0,0,0,0,0,0,0,0,0,0,0,0,0,0
00000842_000.png,No Finding,0,842,38,M,PA,2500,2048,0.168,0.168,0,0,0,0,0,0,0,0,0,0,0,0,0,0,0
00000844_000.png,No Finding,0,844,56,F,AP,2500,2048,0.168,0.168,0,0,0,0,0,0,0,0,0,0,0,0,0,0,0
00000845_002.png,No Finding,0,845,59,F,PA,2992,2991,0.143,0.143,0,0,0,0,0,0,0,0,0,0,0,0,0,0,0
00000845_003.png,No Finding,1,845,59,F,PA,2992,2991,0.143,0.143,0,0,0,0,0,0,0,0,0,0,0,0,0,0,0
00000845_000.png,Cardiomegaly,2,845,65,F,PA,2992,2991,0.143,0.143,1,0,1,0,0,0,0,0,0,0,0,0,0,0,0
00000845_001.png,Cardiomegaly|Effusion,3,845,66,F,PA,2021,2021,0.1943109999999999,0.1943109999999999,1,0,1,1,0,0,0,0,0,0,0,0,0,0,0
00000846_000.png,No Finding,0,846,46,F,PA,2048,2500,0.171,0.171,0,0,0,0,0,0,0,0,0,0,0,0,0,0,0
00000847_000.png,No Finding,0,847,39,M,PA,2992,2991,0.143,0.143,0,0,0,0,0,0,0,0,0,0,0,0,0,0,0
00000847_001.png,No Finding,1,847,41,M,PA,2500,2048,0.168,0.168,0,0,0,0,0,0,0,0,0,0,0,0,0,0,0
00000849_000.png,Nodule,0,849,53,F,PA,2048,2500,0.168,0.168,1,0,0,0,0,0,1,0,0,0,0,0,0,0,0
00000850_000.png,No Finding,0,850,55,M,PA,2021,2020,0.1943109999999999,0.1943109999999999,0,0,0,0,0,0,0,0,0,0,0,0,0,0,0
00000851_000.png,No Finding,0,851,61,M,PA,2500,2048,0.171,0.171,0,0,0,0,0,0,0,0,0,0,0,0,0,0,0
00000853_000.png,No Finding,0,853,13,F,PA,2048,2500,0.171,0.171,0,0,0,0,0,0,0,0,0,0,0,0,0,0,0
00000853_001.png,Infiltration|Pleural_Thickening,1,853,14,F,PA,2048,2500,0.171,0.171,1,0,0,0,1,0,0,0,0,0,0,0,0,1,0
00000853_002.png,No Finding,2,853,14,F,PA,2048,2500,0.171,0.171,0,0,0,0,0,0,0,0,0,0,0,0,0,0,0
00000854_000.png,No Finding,0,854,56,M,PA,2500,2048,0.168,0.168,0,0,0,0,0,0,0,0,0,0,0,0,0,0,0
00000855_000.png,No Finding,0,855,36,M,PA,2500,2048,0.168,0.168,0,0,0,0,0,0,0,0,0,0,0,0,0,0,0
00000856_000.png,Effusion,0,856,66,M,AP,2048,2500,0.171,0.171,1,0,0,1,0,0,0,0,0,0,0,0,0,0,0
00000857_000.png,No Finding,0,857,36,M,PA,2990,2991,0.143,0.143,0,0,0,0,0,0,0,0,0,0,0,0,0,0,0
00000857_001.png,No Finding,1,857,36,M,AP,2500,2048,0.168,0.168,0,0,0,0,0,0,0,0,0,0,0,0,0,0,0
00000857_002.png,No Finding,2,857,40,M,PA,2992,2991,0.143,0.143,0,0,0,0,0,0,0,0,0,0,0,0,0,0,0
00000857_003.png,No Finding,3,857,41,M,PA,2992,2991,0.143,0.143,0,0,0,0,0,0,0,0,0,0,0,0,0,0,0
00000857_004.png,Infiltration,4,857,41,M,AP,2048,2500,0.168,0.168,1,0,0,0,1,0,0,0,0,0,0,0,0,0,0
00000857_005.png,Infiltration,5,857,41,M,AP,2500,2048,0.168,0.168,1,0,0,0,1,0,0,0,0,0,0,0,0,0,0
00000857_006.png,Infiltration,6,857,41,M,AP,2500,2048,0.168,0.168,1,0,0,0,1,0,0,0,0,0,0,0,0,0,0
00000857_007.png,No Finding,7,857,41,M,AP,2500,2048,0.168,0.168,0,0,0,0,0,0,0,0,0,0,0,0,0,0,0
00000857_008.png,No Finding,8,857,42,M,PA,2874,2801,0.143,0.143,0,0,0,0,0,0,0,0,0,0,0,0,0,0,0
00000857_009.png,No Finding,9,857,42,M,AP,3056,2544,0.139,0.139,0,0,0,0,0,0,0,0,0,0,0,0,0,0,0
00000859_000.png,No Finding,0,859,45,F,AP,2500,2048,0.168,0.168,0,0,0,0,0,0,0,0,0,0,0,0,0,0,0
00000859_002.png,Pneumothorax,2,859,45,F,PA,2048,2500,0.168,0.168,1,0,0,0,0,0,0,0,1,0,0,0,0,0,0
00000860_000.png,No Finding,0,860,52,M,PA,2500,2048,0.171,0.171,0,0,0,0,0,0,0,0,0,0,0,0,0,0,0
00000860_001.png,No Finding,1,860,57,M,PA,2500,2048,0.168,0.168,0,0,0,0,0,0,0,0,0,0,0,0,0,0,0
00000860_002.png,No Finding,2,860,59,M,PA,2992,2991,0.143,0.143,0,0,0,0,0,0,0,0,0,0,0,0,0,0,0
00000861_003.png,No Finding,0,861,56,F,PA,2992,2991,0.143,0.143,0,0,0,0,0,0,0,0,0,0,0,0,0,0,0
00000861_004.png,No Finding,1,861,56,F,PA,2992,2991,0.143,0.143,0,0,0,0,0,0,0,0,0,0,0,0,0,0,0
00000861_000.png,No Finding,2,861,62,F,PA,2510,2573,0.143,0.143,0,0,0,0,0,0,0,0,0,0,0,0,0,0,0
00000862_000.png,No Finding,0,862,43,M,PA,2992,2529,0.143,0.143,0,0,0,0,0,0,0,0,0,0,0,0,0,0,0
00000864_000.png,Cardiomegaly,0,864,70,M,PA,2500,2048,0.171,0.171,1,0,1,0,0,0,0,0,0,0,0,0,0,0,0
00000866_000.png,No Finding,0,866,52,M,PA,2500,2048,0.171,0.171,0,0,0,0,0,0,0,0,0,0,0,0,0,0,0
00000867_000.png,No Finding,0,867,55,M,PA,2992,2991,0.143,0.143,0,0,0,0,0,0,0,0,0,0,0,0,0,0,0
00000869_006.png,No Finding,0,869,68,F,PA,2990,2991,0.143,0.143,0,0,0,0,0,0,0,0,0,0,0,0,0,0,0
00000869_009.png,No Finding,3,869,70,F,PA,2814,2991,0.143,0.143,0,0,0,0,0,0,0,0,0,0,0,0,0,0,0
00000869_000.png,No Finding,4,869,75,F,PA,2544,3056,0.139,0.139,0,0,0,0,0,0,0,0,0,0,0,0,0,0,0
00000869_001.png,No Finding,5,869,75,F,PA,2992,2991,0.143,0.143,0,0,0,0,0,0,0,0,0,0,0,0,0,0,0
00000869_004.png,No Finding,8,869,75,F,PA,2992,2991,0.143,0.143,0,0,0,0,0,0,0,0,0,0,0,0,0,0,0
00000869_005.png,No Finding,9,869,76,F,PA,2992,2991,0.143,0.143,0,0,0,0,0,0,0,0,0,0,0,0,0,0,0
00000871_000.png,No Finding,0,871,17,M,PA,2500,2048,0.168,0.168,0,0,0,0,0,0,0,0,0,0,0,0,0,0,0
00000873_000.png,Infiltration,0,873,69,M,PA,2806,2733,0.143,0.143,1,0,0,0,1,0,0,0,0,0,0,0,0,0,0
00000873_001.png,No Finding,1,873,69,M,PA,2500,2048,0.168,0.168,0,0,0,0,0,0,0,0,0,0,0,0,0,0,0
00000873_002.png,No Finding,2,873,69,M,PA,2544,2900,0.139,0.139,0,0,0,0,0,0,0,0,0,0,0,0,0,0,0
00000874_000.png,Infiltration,0,874,73,M,PA,2730,2833,0.143,0.143,1,0,0,0,1,0,0,0,0,0,0,0,0,0,0
00000876_000.png,No Finding,0,876,25,F,PA,3056,2544,0.139,0.139,0,0,0,0,0,0,0,0,0,0,0,0,0,0,0
00000877_001.png,No Finding,0,877,35,M,PA,2914,2991,0.143,0.143,0,0,0,0,0,0,0,0,0,0,0,0,0,0,0
00000877_002.png,No Finding,1,877,35,M,AP,2500,2048,0.168,0.168,0,0,0,0,0,0,0,0,0,0,0,0,0,0,0
00000877_006.png,Consolidation,5,877,36,M,PA,2992,2991,0.143,0.143,1,0,0,0,0,0,0,0,0,1,0,0,0,0,0
00000877_007.png,No Finding,6,877,38,M,PA,2992,2991,0.143,0.143,0,0,0,0,0,0,0,0,0,0,0,0,0,0,0
00000877_010.png,No Finding,9,877,38,M,AP,2048,2500,0.168,0.168,0,0,0,0,0,0,0,0,0,0,0,0,0,0,0
00000877_011.png,No Finding,10,877,38,M,AP,2500,2048,0.168,0.168,0,0,0,0,0,0,0,0,0,0,0,0,0,0,0
00000877_012.png,No Finding,11,877,38,M,AP,2500,2048,0.168,0.168,0,0,0,0,0,0,0,0,0,0,0,0,0,0,0
00000877_014.png,Infiltration,12,877,38,M,AP,2500,2048,0.168,0.168,1,0,0,0,1,0,0,0,0,0,0,0,0,0,0
00000877_013.png,No Finding,13,877,38,M,AP,2500,2048,0.168,0.168,0,0,0,0,0,0,0,0,0,0,0,0,0,0,0
00000877_015.png,No Finding,14,877,38,M,AP,2500,2048,0.168,0.168,0,0,0,0,0,0,0,0,0,0,0,0,0,0,0
00000877_016.png,No Finding,15,877,38,M,AP,2500,2048,0.168,0.168,0,0,0,0,0,0,0,0,0,0,0,0,0,0,0
00000877_017.png,No Finding,16,877,38,M,AP,2500,2048,0.168,0.168,0,0,0,0,0,0,0,0,0,0,0,0,0,0,0
00000877_019.png,No Finding,17,877,38,M,AP,2500,2048,0.168,0.168,0,0,0,0,0,0,0,0,0,0,0,0,0,0,0
00000877_018.png,Infiltration,18,877,38,M,AP,2500,2048,0.168,0.168,1,0,0,0,1,0,0,0,0,0,0,0,0,0,0
00000877_020.png,No Finding,19,877,38,M,AP,2500,2048,0.168,0.168,0,0,0,0,0,0,0,0,0,0,0,0,0,0,0
00000877_021.png,No Finding,20,877,38,M,AP,2500,2048,0.168,0.168,0,0,0,0,0,0,0,0,0,0,0,0,0,0,0
00000877_022.png,No Finding,21,877,38,M,AP,2500,2048,0.168,0.168,0,0,0,0,0,0,0,0,0,0,0,0,0,0,0
00000877_023.png,No Finding,22,877,38,M,AP,2500,2048,0.168,0.168,0,0,0,0,0,0,0,0,0,0,0,0,0,0,0
00000877_024.png,No Finding,23,877,38,M,AP,2500,2048,0.168,0.168,0,0,0,0,0,0,0,0,0,0,0,0,0,0,0
00000877_026.png,No Finding,25,877,38,M,AP,2500,2048,0.168,0.168,0,0,0,0,0,0,0,0,0,0,0,0,0,0,0
00000877_027.png,No Finding,26,877,38,M,AP,2500,2048,0.168,0.168,0,0,0,0,0,0,0,0,0,0,0,0,0,0,0
00000877_028.png,Consolidation|Infiltration,27,877,38,M,AP,2500,2048,0.168,0.168,1,0,0,0,1,0,0,0,0,1,0,0,0,0,0
00000877_029.png,No Finding,28,877,38,M,AP,2500,2048,0.168,0.168,0,0,0,0,0,0,0,0,0,0,0,0,0,0,0
00000877_030.png,Edema|Effusion|Infiltration|Pneumonia,29,877,38,M,AP,2500,2048,0.168,0.168,1,0,0,1,1,0,0,1,0,0,1,0,0,0,0
00000877_031.png,Consolidation,30,877,38,M,AP,2500,2048,0.168,0.168,1,0,0,0,0,0,0,0,0,1,0,0,0,0,0
00000877_032.png,No Finding,31,877,38,M,AP,2500,2048,0.168,0.168,0,0,0,0,0,0,0,0,0,0,0,0,0,0,0
00000877_033.png,No Finding,32,877,38,M,PA,3056,2516,0.139,0.139,0,0,0,0,0,0,0,0,0,0,0,0,0,0,0
00000877_034.png,No Finding,33,877,40,M,PA,2870,2991,0.143,0.143,0,0,0,0,0,0,0,0,0,0,0,0,0,0,0
00000878_000.png,No Finding,0,878,61,M,PA,2992,2991,0.143,0.143,0,0,0,0,0,0,0,0,0,0,0,0,0,0,0
00000879_000.png,No Finding,0,879,60,F,PA,2762,2665,0.143,0.143,0,0,0,0,0,0,0,0,0,0,0,0,0,0,0
00000881_000.png,No Finding,0,881,62,F,PA,2606,2991,0.143,0.143,0,0,0,0,0,0,0,0,0,0,0,0,0,0,0
00000881_001.png,No Finding,1,881,62,F,AP,2500,2048,0.168,0.168,0,0,0,0,0,0,0,0,0,0,0,0,0,0,0
00000883_000.png,Infiltration,0,883,67,F,PA,2544,3056,0.139,0.139,1,0,0,0,1,0,0,0,0,0,0,0,0,0,0
00000885_000.png,No Finding,0,885,19,M,PA,2500,2048,0.168,0.168,0,0,0,0,0,0,0,0,0,0,0,0,0,0,0
00000885_001.png,Infiltration,1,885,25,M,PA,2992,2991,0.143,0.143,1,0,0,0,1,0,0,0,0,0,0,0,0,0,0
00000886_000.png,Pleural_Thickening,0,886,73,F,PA,2558,2729,0.143,0.143,1,0,0,0,0,0,0,0,0,0,0,0,0,1,0
00000887_000.png,No Finding,0,887,64,M,PA,2992,2991,0.143,0.143,0,0,0,0,0,0,0,0,0,0,0,0,0,0,0
00000887_001.png,Infiltration|Nodule,1,887,65,M,PA,2992,2991,0.143,0.143,1,0,0,0,1,0,1,0,0,0,0,0,0,0,0
00000887_002.png,Nodule|Pleural_Thickening,2,887,65,M,AP,3056,2544,0.139,0.139,1,0,0,0,0,0,1,0,0,0,0,0,0,1,0
00000887_003.png,No Finding,3,887,67,M,PA,2021,2021,0.1943109999999999,0.1943109999999999,0,0,0,0,0,0,0,0,0,0,0,0,0,0,0
00000888_000.png,No Finding,0,888,38,F,AP,2500,2048,0.171,0.171,0,0,0,0,0,0,0,0,0,0,0,0,0,0,0
00000888_001.png,No Finding,1,888,38,F,AP,2500,2048,0.171,0.171,0,0,0,0,0,0,0,0,0,0,0,0,0,0,0
00000891_000.png,No Finding,0,891,63,M,AP,2500,2048,0.171,0.171,0,0,0,0,0,0,0,0,0,0,0,0,0,0,0
00000891_001.png,No Finding,1,891,63,M,AP,2500,2048,0.171,0.171,0,0,0,0,0,0,0,0,0,0,0,0,0,0,0
00000892_000.png,Infiltration,0,892,45,M,PA,2992,2991,0.143,0.143,1,0,0,0,1,0,0,0,0,0,0,0,0,0,0
00000892_001.png,No Finding,1,892,45,M,AP,3056,2544,0.139,0.139,0,0,0,0,0,0,0,0,0,0,0,0,0,0,0
00000892_002.png,No Finding,2,892,45,M,AP,3056,2544,0.139,0.139,0,0,0,0,0,0,0,0,0,0,0,0,0,0,0
00000893_000.png,Pneumonia,0,893,43,F,PA,2544,3056,0.139,0.139,1,0,0,0,0,0,0,1,0,0,0,0,0,0,0
00000895_000.png,Infiltration,0,895,47,F,PA,2766,2681,0.143,0.143,1,0,0,0,1,0,0,0,0,0,0,0,0,0,0
00000896_000.png,Pleural_Thickening,0,896,80,M,PA,2500,2048,0.168,0.168,1,0,0,0,0,0,0,0,0,0,0,0,0,1,0
00000897_000.png,Cardiomegaly|Effusion,0,897,52,M,PA,2500,2048,0.171,0.171,1,0,1,1,0,0,0,0,0,0,0,0,0,0,0
00000897_001.png,Cardiomegaly,1,897,52,M,PA,2500,2048,0.171,0.171,1,0,1,0,0,0,0,0,0,0,0,0,0,0,0
00000899_000.png,No Finding,0,899,62,M,PA,2992,2991,0.143,0.143,0,0,0,0,0,0,0,0,0,0,0,0,0,0,0
00000900_000.png,No Finding,0,900,59,M,PA,2500,2048,0.171,0.171,0,0,0,0,0,0,0,0,0,0,0,0,0,0,0
00000900_001.png,Emphysema,1,900,61,M,PA,2500,2048,0.171,0.171,1,0,0,0,0,0,0,0,0,0,0,1,0,0,0
00000901_001.png,No Finding,0,901,69,F,PA,2500,2048,0.171,0.171,0,0,0,0,0,0,0,0,0,0,0,0,0,0,0
00000901_002.png,No Finding,1,901,73,F,PA,2554,2613,0.143,0.143,0,0,0,0,0,0,0,0,0,0,0,0,0,0,0
00000901_003.png,Fibrosis|Infiltration,2,901,74,F,PA,2758,2685,0.143,0.143,1,0,0,0,1,0,0,0,0,0,0,0,1,0,0
00000901_004.png,Fibrosis,3,901,75,F,PA,2694,2797,0.143,0.143,1,0,0,0,0,0,0,0,0,0,0,0,1,0,0
00000901_005.png,No Finding,4,901,76,F,PA,2310,2991,0.143,0.143,0,0,0,0,0,0,0,0,0,0,0,0,0,0,0
00000901_000.png,No Finding,5,901,79,F,PA,2992,2991,0.143,0.143,0,0,0,0,0,0,0,0,0,0,0,0,0,0,0
00000902_004.png,Nodule,1,902,54,M,PA,2992,2991,0.143,0.143,1,0,0,0,0,0,1,0,0,0,0,0,0,0,0
00000902_000.png,Infiltration,2,902,61,M,PA,2992,2991,0.143,0.143,1,0,0,0,1,0,0,0,0,0,0,0,0,0,0
00000902_002.png,No Finding,4,902,61,M,AP,3056,2544,0.139,0.139,0,0,0,0,0,0,0,0,0,0,0,0,0,0,0
00000903_000.png,No Finding,0,903,55,M,PA,2992,2991,0.143,0.143,0,0,0,0,0,0,0,0,0,0,0,0,0,0,0
00000905_000.png,No Finding,0,905,54,M,PA,2500,2048,0.168,0.168,0,0,0,0,0,0,0,0,0,0,0,0,0,0,0
00000907_000.png,Mass|Pleural_Thickening,0,907,61,F,PA,2658,2613,0.143,0.143,1,0,0,0,0,1,0,0,0,0,0,0,0,1,0
00000907_001.png,No Finding,1,907,62,F,PA,2992,2991,0.143,0.143,0,0,0,0,0,0,0,0,0,0,0,0,0,0,0
00000907_002.png,Pleural_Thickening,2,907,65,F,PA,2992,2991,0.143,0.143,1,0,0,0,0,0,0,0,0,0,0,0,0,1,0
00000909_000.png,No Finding,0,909,31,F,PA,2698,2991,0.143,0.143,0,0,0,0,0,0,0,0,0,0,0,0,0,0,0
00000909_001.png,No Finding,1,909,31,F,PA,2992,2991,0.143,0.143,0,0,0,0,0,0,0,0,0,0,0,0,0,0,0
00000909_002.png,No Finding,2,909,32,F,AP,2500,2048,0.168,0.168,0,0,0,0,0,0,0,0,0,0,0,0,0,0,0
00000910_000.png,No Finding,0,910,56,F,PA,2992,2991,0.143,0.143,0,0,0,0,0,0,0,0,0,0,0,0,0,0,0
00000911_000.png,No Finding,0,911,14,M,PA,2048,2500,0.171,0.171,0,0,0,0,0,0,0,0,0,0,0,0,0,0,0
00000911_001.png,No Finding,1,911,16,M,PA,2048,2500,0.168,0.168,0,0,0,0,0,0,0,0,0,0,0,0,0,0,0
00000911_002.png,No Finding,2,911,16,M,AP,2048,2500,0.168,0.168,0,0,0,0,0,0,0,0,0,0,0,0,0,0,0
00000911_003.png,No Finding,3,911,16,M,PA,2048,2500,0.168,0.168,0,0,0,0,0,0,0,0,0,0,0,0,0,0,0
00000912_000.png,No Finding,0,912,31,M,PA,2048,2500,0.171,0.171,0,0,0,0,0,0,0,0,0,0,0,0,0,0,0
00000914_000.png,No Finding,0,914,64,M,PA,2500,2048,0.171,0.171,0,0,0,0,0,0,0,0,0,0,0,0,0,0,0
00000914_001.png,No Finding,1,914,65,M,PA,2500,2048,0.168,0.168,0,0,0,0,0,0,0,0,0,0,0,0,0,0,0
00000914_002.png,No Finding,2,914,65,M,PA,2500,2048,0.168,0.168,0,0,0,0,0,0,0,0,0,0,0,0,0,0,0
00000914_003.png,No Finding,3,914,66,M,PA,2500,2048,0.168,0.168,0,0,0,0,0,0,0,0,0,0,0,0,0,0,0
00000914_004.png,No Finding,4,914,67,M,PA,2500,2048,0.168,0.168,0,0,0,0,0,0,0,0,0,0,0,0,0,0,0
00000914_005.png,No Finding,5,914,69,M,PA,2992,2991,0.143,0.143,0,0,0,0,0,0,0,0,0,0,0,0,0,0,0
00000915_000.png,Infiltration,0,915,21,F,PA,2048,2500,0.171,0.171,1,0,0,0,1,0,0,0,0,0,0,0,0,0,0
00000915_001.png,Infiltration,1,915,21,F,AP,2048,2500,0.171,0.171,1,0,0,0,1,0,0,0,0,0,0,0,0,0,0
00000915_002.png,Consolidation|Infiltration|Mass,2,915,21,F,AP,2500,2048,0.171,0.171,1,0,0,0,1,1,0,0,0,1,0,0,0,0,0
00000915_003.png,Infiltration,3,915,21,F,AP,2500,2048,0.171,0.171,1,0,0,0,1,0,0,0,0,0,0,0,0,0,0
00000915_004.png,Infiltration,4,915,21,F,AP,2500,2048,0.171,0.171,1,0,0,0,1,0,0,0,0,0,0,0,0,0,0
00000915_005.png,Infiltration|Pneumonia,5,915,21,F,PA,2048,2500,0.171,0.171,1,0,0,0,1,0,0,1,0,0,0,0,0,0,0
00000915_006.png,No Finding,6,915,22,F,AP,2048,2500,0.168,0.168,0,0,0,0,0,0,0,0,0,0,0,0,0,0,0
00000917_000.png,No Finding,0,917,15,M,PA,2048,2500,0.171,0.171,0,0,0,0,0,0,0,0,0,0,0,0,0,0,0
00000918_000.png,No Finding,0,918,47,M,PA,2500,2048,0.171,0.171,0,0,0,0,0,0,0,0,0,0,0,0,0,0,0
00000919_000.png,No Finding,0,919,18,M,PA,2500,2048,0.168,0.168,0,0,0,0,0,0,0,0,0,0,0,0,0,0,0
00000920_001.png,Consolidation|Effusion|Mass,1,920,44,M,PA,2021,2021,0.1943109999999999,0.1943109999999999,1,0,0,1,0,1,0,0,0,1,0,0,0,0,0
00000921_000.png,No Finding,0,921,52,M,PA,2021,2021,0.1943109999999999,0.1943109999999999,0,0,0,0,0,0,0,0,0,0,0,0,0,0,0
00000923_000.png,No Finding,0,923,63,M,PA,2048,2500,0.171,0.171,0,0,0,0,0,0,0,0,0,0,0,0,0,0,0
00000924_000.png,Fibrosis,0,924,46,F,PA,2048,2500,0.168,0.168,1,0,0,0,0,0,0,0,0,0,0,0,1,0,0
00000925_000.png,No Finding,0,925,48,F,PA,2048,2500,0.171,0.171,0,0,0,0,0,0,0,0,0,0,0,0,0,0,0
00000929_000.png,No Finding,0,929,11,M,AP,2048,2500,0.171,0.171,0,0,0,0,0,0,0,0,0,0,0,0,0,0,0
00000929_001.png,No Finding,1,929,12,M,AP,2048,2500,0.171,0.171,0,0,0,0,0,0,0,0,0,0,0,0,0,0,0
00000929_002.png,No Finding,2,929,15,M,AP,2500,2048,0.168,0.168,0,0,0,0,0,0,0,0,0,0,0,0,0,0,0
00000931_000.png,No Finding,0,931,60,F,PA,2936,2937,0.143,0.143,0,0,0,0,0,0,0,0,0,0,0,0,0,0,0
00000932_000.png,Cardiomegaly|Effusion,0,932,45,F,PA,2048,2500,0.171,0.171,1,0,1,1,0,0,0,0,0,0,0,0,0,0,0
00000935_000.png,No Finding,0,935,16,M,AP,2048,2500,0.168,0.168,0,0,0,0,0,0,0,0,0,0,0,0,0,0,0
00000935_001.png,No Finding,1,935,18,M,PA,2992,2581,0.143,0.143,0,0,0,0,0,0,0,0,0,0,0,0,0,0,0
00000936_000.png,No Finding,0,936,60,M,PA,2886,2781,0.143,0.143,0,0,0,0,0,0,0,0,0,0,0,0,0,0,0
00000937_005.png,No Finding,0,937,25,F,PA,2544,3056,0.139,0.139,0,0,0,0,0,0,0,0,0,0,0,0,0,0,0
00000937_006.png,Infiltration,1,937,25,F,AP,2896,2544,0.139,0.139,1,0,0,0,1,0,0,0,0,0,0,0,0,0,0
00000937_007.png,Infiltration,2,937,25,F,AP,3056,2544,0.139,0.139,1,0,0,0,1,0,0,0,0,0,0,0,0,0,0
00000937_000.png,No Finding,3,937,28,F,PA,2021,2021,0.1943109999999999,0.1943109999999999,0,0,0,0,0,0,0,0,0,0,0,0,0,0,0
00000937_001.png,Emphysema,4,937,28,F,AP,3056,2544,0.139,0.139,1,0,0,0,0,0,0,0,0,0,0,1,0,0,0
00000937_004.png,Emphysema,7,937,28,F,PA,1767,2021,0.1943109999999999,0.1943109999999999,1,0,0,0,0,0,0,0,0,0,0,1,0,0,0
00000939_000.png,No Finding,0,939,44,F,PA,2500,2048,0.171,0.171,0,0,0,0,0,0,0,0,0,0,0,0,0,0,0
00000940_000.png,No Finding,0,940,47,M,PA,2500,2048,0.171,0.171,0,0,0,0,0,0,0,0,0,0,0,0,0,0,0
00000942_000.png,Hernia|Mass,0,942,47,F,PA,2048,2500,0.171,0.171,1,0,0,0,0,1,0,0,0,0,0,0,0,0,1
00000942_001.png,Hernia,1,942,48,F,PA,2048,2500,0.171,0.171,1,0,0,0,0,0,0,0,0,0,0,0,0,0,1
00000942_002.png,Hernia,2,942,54,F,PA,2992,2991,0.143,0.143,1,0,0,0,0,0,0,0,0,0,0,0,0,0,1
00000943_000.png,No Finding,0,943,49,M,AP,2500,2048,0.171,0.171,0,0,0,0,0,0,0,0,0,0,0,0,0,0,0
00000944_000.png,No Finding,0,944,66,F,PA,2992,2991,0.143,0.143,0,0,0,0,0,0,0,0,0,0,0,0,0,0,0
00000944_001.png,No Finding,1,944,67,F,AP,3056,2544,0.139,0.139,0,0,0,0,0,0,0,0,0,0,0,0,0,0,0
00000945_000.png,Fibrosis,0,945,79,M,PA,2500,2048,0.168,0.168,1,0,0,0,0,0,0,0,0,0,0,0,1,0,0
00000946_000.png,No Finding,0,946,45,M,PA,2500,2048,0.168,0.168,0,0,0,0,0,0,0,0,0,0,0,0,0,0,0
00000947_000.png,No Finding,0,947,14,M,PA,2048,2500,0.171,0.171,0,0,0,0,0,0,0,0,0,0,0,0,0,0,0
00000947_001.png,No Finding,1,947,15,M,PA,2048,2500,0.171,0.171,0,0,0,0,0,0,0,0,0,0,0,0,0,0,0
00000947_002.png,No Finding,2,947,16,M,PA,2048,2500,0.168,0.168,0,0,0,0,0,0,0,0,0,0,0,0,0,0,0
00000947_003.png,No Finding,3,947,16,M,PA,2500,2048,0.168,0.168,0,0,0,0,0,0,0,0,0,0,0,0,0,0,0
00000947_004.png,Infiltration,4,947,23,M,PA,2546,2991,0.143,0.143,1,0,0,0,1,0,0,0,0,0,0,0,0,0,0
00000948_000.png,Cardiomegaly,0,948,72,M,PA,2500,2048,0.168,0.168,1,0,1,0,0,0,0,0,0,0,0,0,0,0,0
00000951_000.png,No Finding,0,951,42,M,PA,2500,2048,0.168,0.168,0,0,0,0,0,0,0,0,0,0,0,0,0,0,0
00000952_000.png,No Finding,0,952,50,F,PA,2500,2048,0.171,0.171,0,0,0,0,0,0,0,0,0,0,0,0,0,0,0
00000954_004.png,Fibrosis|Nodule,0,954,52,F,PA,2500,2048,0.168,0.168,1,0,0,0,0,0,1,0,0,0,0,0,1,0,0
00000954_005.png,Nodule,1,954,55,F,PA,2048,2500,0.168,0.168,1,0,0,0,0,0,1,0,0,0,0,0,0,0,0
00000954_007.png,No Finding,3,954,60,F,PA,2854,2989,0.143,0.143,0,0,0,0,0,0,0,0,0,0,0,0,0,0,0
00000954_000.png,No Finding,4,954,61,F,PA,2946,2948,0.143,0.143,0,0,0,0,0,0,0,0,0,0,0,0,0,0,0
00000954_001.png,Infiltration,5,954,62,F,PA,2992,2991,0.143,0.143,1,0,0,0,1,0,0,0,0,0,0,0,0,0,0
00000954_002.png,Nodule,6,954,62,F,PA,2021,2021,0.1943109999999999,0.1943109999999999,1,0,0,0,0,0,1,0,0,0,0,0,0,0,0
00000954_003.png,Fibrosis|Nodule,7,954,63,F,PA,2021,2021,0.1943109999999999,0.1943109999999999,1,0,0,0,0,0,1,0,0,0,0,0,1,0,0
00000955_000.png,No Finding,0,955,31,F,PA,2048,2500,0.171,0.171,0,0,0,0,0,0,0,0,0,0,0,0,0,0,0
00000955_001.png,No Finding,1,955,32,F,PA,2048,2500,0.171,0.171,0,0,0,0,0,0,0,0,0,0,0,0,0,0,0
00000955_003.png,Infiltration,3,955,32,F,AP,2500,2048,0.171,0.171,1,0,0,0,1,0,0,0,0,0,0,0,0,0,0
00000955_004.png,No Finding,4,955,33,F,AP,2500,2048,0.171,0.171,0,0,0,0,0,0,0,0,0,0,0,0,0,0,0
00000955_005.png,No Finding,5,955,33,F,AP,2500,2048,0.171,0.171,0,0,0,0,0,0,0,0,0,0,0,0,0,0,0
00000956_000.png,Infiltration,0,956,54,M,PA,2886,2991,0.143,0.143,1,0,0,0,1,0,0,0,0,0,0,0,0,0,0
00000957_000.png,No Finding,0,957,63,M,PA,2500,2048,0.168,0.168,0,0,0,0,0,0,0,0,0,0,0,0,0,0,0
00000958_000.png,No Finding,0,958,66,F,PA,2048,2500,0.168,0.168,0,0,0,0,0,0,0,0,0,0,0,0,0,0,0
00000959_000.png,Infiltration,0,959,41,M,PA,2500,2048,0.171,0.171,1,0,0,0,1,0,0,0,0,0,0,0,0,0,0
00000959_001.png,Mass,1,959,42,M,PA,2500,2048,0.171,0.171,1,0,0,0,0,1,0,0,0,0,0,0,0,0,0
00000959_002.png,Infiltration|Mass,2,959,43,M,PA,2500,2048,0.168,0.168,1,0,0,0,1,1,0,0,0,0,0,0,0,0,0
00000960_000.png,No Finding,0,960,16,F,PA,2048,2500,0.171,0.171,0,0,0,0,0,0,0,0,0,0,0,0,0,0,0
00000961_000.png,Cardiomegaly|Infiltration,0,961,60,F,PA,2048,2500,0.168,0.168,1,0,1,0,1,0,0,0,0,0,0,0,0,0,0
00000962_000.png,No Finding,0,962,33,F,PA,2048,2500,0.168,0.168,0,0,0,0,0,0,0,0,0,0,0,0,0,0,0
00000963_007.png,Pneumonia,0,963,35,M,PA,2048,2500,0.168,0.168,1,0,0,0,0,0,0,1,0,0,0,0,0,0,0
00000963_008.png,Nodule,1,963,39,M,AP,2500,2048,0.168,0.168,1,0,0,0,0,0,1,0,0,0,0,0,0,0,0
00000963_009.png,Fibrosis,2,963,39,M,PA,2992,2991,0.143,0.143,1,0,0,0,0,0,0,0,0,0,0,0,1,0,0
00000963_010.png,Effusion,3,963,39,M,PA,2992,2991,0.143,0.143,1,0,0,1,0,0,0,0,0,0,0,0,0,0,0
00000963_014.png,Infiltration,7,963,39,M,AP,2500,2048,0.168,0.168,1,0,0,0,1,0,0,0,0,0,0,0,0,0,0
00000963_015.png,Mass,8,963,39,M,AP,2500,2048,0.168,0.168,1,0,0,0,0,1,0,0,0,0,0,0,0,0,0
00000963_016.png,Nodule,9,963,40,M,PA,2686,2991,0.143,0.143,1,0,0,0,0,0,1,0,0,0,0,0,0,0,0
00000963_017.png,Fibrosis,10,963,40,M,AP,2500,2048,0.168,0.168,1,0,0,0,0,0,0,0,0,0,0,0,1,0,0
00000963_018.png,Infiltration|Pneumothorax,11,963,40,M,AP,2500,2048,0.168,0.168,1,0,0,0,1,0,0,0,1,0,0,0,0,0,0
00000963_019.png,No Finding,12,963,40,M,PA,2634,2801,0.143,0.143,0,0,0,0,0,0,0,0,0,0,0,0,0,0,0
00000963_020.png,Effusion,13,963,40,M,PA,2992,2991,0.143,0.143,1,0,0,1,0,0,0,0,0,0,0,0,0,0,0
00000963_021.png,No Finding,14,963,40,M,PA,2992,2991,0.143,0.143,0,0,0,0,0,0,0,0,0,0,0,0,0,0,0
00000963_022.png,No Finding,15,963,40,M,PA,2992,2991,0.143,0.143,0,0,0,0,0,0,0,0,0,0,0,0,0,0,0
00000963_023.png,Consolidation|Effusion,16,963,40,M,PA,2992,2991,0.143,0.143,1,0,0,1,0,0,0,0,0,1,0,0,0,0,0
00000963_024.png,Effusion,17,963,40,M,PA,2774,2991,0.143,0.143,1,0,0,1,0,0,0,0,0,0,0,0,0,0,0
00000963_025.png,Effusion,18,963,40,M,PA,2706,2991,0.143,0.143,1,0,0,1,0,0,0,0,0,0,0,0,0,0,0
00000963_026.png,Effusion,19,963,40,M,PA,2642,2991,0.143,0.143,1,0,0,1,0,0,0,0,0,0,0,0,0,0,0
00000963_027.png,Fibrosis|Infiltration,20,963,40,M,PA,2048,2500,0.168,0.168,1,0,0,0,1,0,0,0,0,0,0,0,1,0,0
00000963_028.png,Infiltration,21,963,40,M,PA,2598,2991,0.143,0.143,1,0,0,0,1,0,0,0,0,0,0,0,0,0,0
00000963_029.png,Pleural_Thickening,22,963,40,M,PA,2466,2511,0.143,0.143,1,0,0,0,0,0,0,0,0,0,0,0,0,1,0
00000963_000.png,No Finding,23,963,46,M,AP,3056,2544,0.139,0.139,0,0,0,0,0,0,0,0,0,0,0,0,0,0,0
00000963_001.png,No Finding,24,963,46,M,AP,2544,3056,0.139,0.139,0,0,0,0,0,0,0,0,0,0,0,0,0,0,0
00000963_002.png,No Finding,25,963,46,M,AP,3056,2544,0.139,0.139,0,0,0,0,0,0,0,0,0,0,0,0,0,0,0
00000963_003.png,No Finding,26,963,46,M,AP,3056,2544,0.139,0.139,0,0,0,0,0,0,0,0,0,0,0,0,0,0,0
00000963_004.png,Pleural_Thickening,27,963,46,M,AP,3056,2544,0.139,0.139,1,0,0,0,0,0,0,0,0,0,0,0,0,1,0
00000963_005.png,No Finding,28,963,46,M,AP,3056,2544,0.139,0.139,0,0,0,0,0,0,0,0,0,0,0,0,0,0,0
00000963_006.png,No Finding,29,963,46,M,AP,3056,2544,0.139,0.139,0,0,0,0,0,0,0,0,0,0,0,0,0,0,0
00000964_000.png,No Finding,0,964,56,M,PA,2992,2991,0.143,0.143,0,0,0,0,0,0,0,0,0,0,0,0,0,0,0
00000967_000.png,No Finding,0,967,21,F,PA,2048,2500,0.171,0.171,0,0,0,0,0,0,0,0,0,0,0,0,0,0,0
00000967_001.png,No Finding,1,967,22,F,PA,2048,2500,0.171,0.171,0,0,0,0,0,0,0,0,0,0,0,0,0,0,0
00000967_002.png,No Finding,2,967,23,F,PA,2048,2500,0.168,0.168,0,0,0,0,0,0,0,0,0,0,0,0,0,0,0
00000968_000.png,Cardiomegaly|Emphysema,0,968,68,F,PA,2048,2500,0.168,0.168,1,0,1,0,0,0,0,0,0,0,0,1,0,0,0
00000969_000.png,No Finding,0,969,79,F,PA,2624,2851,0.143,0.143,0,0,0,0,0,0,0,0,0,0,0,0,0,0,0
00000971_000.png,Nodule,0,971,52,F,PA,2048,2500,0.168,0.168,1,0,0,0,0,0,1,0,0,0,0,0,0,0,0
00000971_001.png,No Finding,1,971,53,F,PA,2048,2500,0.168,0.168,0,0,0,0,0,0,0,0,0,0,0,0,0,0,0
00000971_002.png,Nodule,2,971,54,F,PA,2384,2773,0.143,0.143,1,0,0,0,0,0,1,0,0,0,0,0,0,0,0
00000971_003.png,No Finding,3,971,55,F,PA,2810,2785,0.143,0.143,0,0,0,0,0,0,0,0,0,0,0,0,0,0,0
00000972_000.png,No Finding,0,972,56,M,PA,2500,2048,0.168,0.168,0,0,0,0,0,0,0,0,0,0,0,0,0,0,0
00000972_001.png,No Finding,1,972,58,M,PA,2762,2873,0.143,0.143,0,0,0,0,0,0,0,0,0,0,0,0,0,0,0
00000972_002.png,No Finding,2,972,59,M,PA,2818,2657,0.143,0.143,0,0,0,0,0,0,0,0,0,0,0,0,0,0,0
00000973_000.png,No Finding,0,973,50,M,PA,2048,2500,0.171,0.171,0,0,0,0,0,0,0,0,0,0,0,0,0,0,0
00000973_001.png,No Finding,1,973,57,M,PA,2992,2991,0.143,0.143,0,0,0,0,0,0,0,0,0,0,0,0,0,0,0
00000974_000.png,No Finding,0,974,54,F,PA,2048,2500,0.171,0.171,0,0,0,0,0,0,0,0,0,0,0,0,0,0,0
00000974_001.png,No Finding,1,974,56,F,PA,2048,2500,0.168,0.168,0,0,0,0,0,0,0,0,0,0,0,0,0,0,0
00000974_002.png,No Finding,2,974,57,F,PA,2836,2693,0.143,0.143,0,0,0,0,0,0,0,0,0,0,0,0,0,0,0
00000974_003.png,No Finding,3,974,57,F,AP,2048,2500,0.168,0.168,0,0,0,0,0,0,0,0,0,0,0,0,0,0,0
00000974_004.png,No Finding,4,974,57,F,PA,2992,2991,0.143,0.143,0,0,0,0,0,0,0,0,0,0,0,0,0,0,0
00000974_005.png,No Finding,5,974,57,F,PA,2990,2991,0.143,0.143,0,0,0,0,0,0,0,0,0,0,0,0,0,0,0
00000974_006.png,No Finding,6,974,57,F,AP,2500,2048,0.168,0.168,0,0,0,0,0,0,0,0,0,0,0,0,0,0,0
00000974_007.png,No Finding,7,974,58,F,PA,2048,2500,0.168,0.168,0,0,0,0,0,0,0,0,0,0,0,0,0,0,0
00000974_008.png,No Finding,8,974,58,F,PA,2730,2497,0.143,0.143,0,0,0,0,0,0,0,0,0,0,0,0,0,0,0
00000974_009.png,No Finding,9,974,58,F,PA,2750,2609,0.143,0.143,0,0,0,0,0,0,0,0,0,0,0,0,0,0,0
00000974_010.png,No Finding,10,974,58,F,PA,2992,2991,0.143,0.143,0,0,0,0,0,0,0,0,0,0,0,0,0,0,0
00000975_000.png,No Finding,0,975,17,F,PA,2048,2500,0.171,0.171,0,0,0,0,0,0,0,0,0,0,0,0,0,0,0
00000975_001.png,Infiltration,1,975,18,F,PA,2048,2500,0.171,0.171,1,0,0,0,1,0,0,0,0,0,0,0,0,0,0
00000976_000.png,No Finding,0,976,16,M,PA,2500,2048,0.171,0.171,0,0,0,0,0,0,0,0,0,0,0,0,0,0,0
00000976_001.png,No Finding,1,976,16,M,PA,2500,2048,0.171,0.171,0,0,0,0,0,0,0,0,0,0,0,0,0,0,0
00000976_002.png,No Finding,2,976,17,M,PA,2500,2048,0.171,0.171,0,0,0,0,0,0,0,0,0,0,0,0,0,0,0
00000976_003.png,No Finding,3,976,19,M,PA,2500,2048,0.168,0.168,0,0,0,0,0,0,0,0,0,0,0,0,0,0,0
00000976_004.png,No Finding,4,976,20,M,PA,2500,2048,0.168,0.168,0,0,0,0,0,0,0,0,0,0,0,0,0,0,0
00000976_005.png,No Finding,5,976,24,M,PA,2992,2991,0.143,0.143,0,0,0,0,0,0,0,0,0,0,0,0,0,0,0
00000978_000.png,Infiltration,0,978,72,M,AP,3056,2544,0.139,0.139,1,0,0,0,1,0,0,0,0,0,0,0,0,0,0
00000980_000.png,No Finding,0,980,38,M,PA,2500,2048,0.171,0.171,0,0,0,0,0,0,0,0,0,0,0,0,0,0,0
00000980_001.png,No Finding,1,980,39,M,PA,2500,2048,0.171,0.171,0,0,0,0,0,0,0,0,0,0,0,0,0,0,0
00000980_002.png,No Finding,2,980,45,M,PA,2992,2991,0.143,0.143,0,0,0,0,0,0,0,0,0,0,0,0,0,0,0
00000980_003.png,Infiltration,3,980,47,M,PA,2992,2991,0.143,0.143,1,0,0,0,1,0,0,0,0,0,0,0,0,0,0
00000980_004.png,No Finding,4,980,47,M,AP,2500,2048,0.168,0.168,0,0,0,0,0,0,0,0,0,0,0,0,0,0,0
00000980_005.png,No Finding,5,980,47,M,AP,2500,2048,0.168,0.168,0,0,0,0,0,0,0,0,0,0,0,0,0,0,0
00000981_000.png,Fibrosis|Infiltration,0,981,59,M,PA,2992,2991,0.143,0.143,1,0,0,0,1,0,0,0,0,0,0,0,1,0,0
00000981_001.png,Infiltration,1,981,62,M,PA,2048,2500,0.168,0.168,1,0,0,0,1,0,0,0,0,0,0,0,0,0,0
00000981_002.png,Pleural_Thickening,2,981,63,M,PA,3056,2508,0.139,0.139,1,0,0,0,0,0,0,0,0,0,0,0,0,1,0
00000982_000.png,No Finding,0,982,62,F,AP,2500,2048,0.168,0.168,0,0,0,0,0,0,0,0,0,0,0,0,0,0,0
00000983_000.png,Mass,0,983,47,M,PA,2508,2349,0.143,0.143,1,0,0,0,0,1,0,0,0,0,0,0,0,0,0
00000984_000.png,No Finding,0,984,57,F,PA,2048,2500,0.171,0.171,0,0,0,0,0,0,0,0,0,0,0,0,0,0,0
00000985_000.png,No Finding,0,985,63,M,PA,2500,2048,0.168,0.168,0,0,0,0,0,0,0,0,0,0,0,0,0,0,0
00000987_000.png,No Finding,0,987,60,M,PA,2500,2048,0.171,0.171,0,0,0,0,0,0,0,0,0,0,0,0,0,0,0
00000988_000.png,Emphysema,0,988,60,M,PA,2500,2048,0.171,0.171,1,0,0,0,0,0,0,0,0,0,0,1,0,0,0
00000988_001.png,No Finding,1,988,61,M,PA,2500,2048,0.171,0.171,0,0,0,0,0,0,0,0,0,0,0,0,0,0,0
00000989_000.png,Nodule,0,989,72,M,PA,2662,2739,0.143,0.143,1,0,0,0,0,0,1,0,0,0,0,0,0,0,0
00000989_001.png,Consolidation|Infiltration,1,989,72,M,PA,2992,2991,0.143,0.143,1,0,0,0,1,0,0,0,0,1,0,0,0,0,0
00000989_002.png,No Finding,2,989,72,M,PA,2992,2857,0.143,0.143,0,0,0,0,0,0,0,0,0,0,0,0,0,0,0
00000990_000.png,No Finding,0,990,71,M,AP,2500,2048,0.168,0.168,0,0,0,0,0,0,0,0,0,0,0,0,0,0,0
00000992_000.png,Nodule,0,992,51,F,PA,2048,2500,0.171,0.171,1,0,0,0,0,0,1,0,0,0,0,0,0,0,0
00000992_001.png,No Finding,1,992,51,F,PA,2048,2500,0.171,0.171,0,0,0,0,0,0,0,0,0,0,0,0,0,0,0
00000993_000.png,Infiltration,0,993,47,F,PA,2992,2991,0.143,0.143,1,0,0,0,1,0,0,0,0,0,0,0,0,0,0
00000994_000.png,No Finding,0,994,17,M,PA,2500,2048,0.168,0.168,0,0,0,0,0,0,0,0,0,0,0,0,0,0,0
00000995_000.png,No Finding,0,995,52,M,PA,2662,2991,0.143,0.143,0,0,0,0,0,0,0,0,0,0,0,0,0,0,0
00000996_003.png,No Finding,0,996,35,M,PA,2992,2985,0.143,0.143,0,0,0,0,0,0,0,0,0,0,0,0,0,0,0
00000996_004.png,No Finding,1,996,36,M,PA,2500,2048,0.168,0.168,0,0,0,0,0,0,0,0,0,0,0,0,0,0,0
00000996_005.png,No Finding,2,996,37,M,PA,2938,2991,0.143,0.143,0,0,0,0,0,0,0,0,0,0,0,0,0,0,0
00000996_000.png,No Finding,3,996,39,M,PA,2862,2991,0.143,0.143,0,0,0,0,0,0,0,0,0,0,0,0,0,0,0
00000996_001.png,No Finding,4,996,40,M,PA,3056,2544,0.139,0.139,0,0,0,0,0,0,0,0,0,0,0,0,0,0,0
00000996_002.png,No Finding,5,996,41,M,PA,2021,2021,0.1943109999999999,0.1943109999999999,0,0,0,0,0,0,0,0,0,0,0,0,0,0,0
00000997_000.png,No Finding,0,997,31,M,PA,2048,2500,0.171,0.171,0,0,0,0,0,0,0,0,0,0,0,0,0,0,0
00000997_001.png,Fibrosis,1,997,32,M,PA,2500,2048,0.171,0.171,1,0,0,0,0,0,0,0,0,0,0,0,1,0,0
00000997_002.png,No Finding,2,997,36,M,PA,2992,2991,0.143,0.143,0,0,0,0,0,0,0,0,0,0,0,0,0,0,0
00000997_003.png,Fibrosis,3,997,39,M,PA,2854,2991,0.143,0.143,1,0,0,0,0,0,0,0,0,0,0,0,1,0,0
00000997_004.png,Fibrosis|Pleural_Thickening,4,997,40,M,PA,2500,2048,0.168,0.168,1,0,0,0,0,0,0,0,0,0,0,0,1,1,0
00001001_000.png,No Finding,0,1001,40,M,PA,3056,2544,0.139,0.139,0,0,0,0,0,0,0,0,0,0,0,0,0,0,0
00001001_001.png,Infiltration,1,1001,40,M,AP,3056,2544,0.139,0.139,1,0,0,0,1,0,0,0,0,0,0,0,0,0,0
00001001_002.png,Infiltration,2,1001,40,M,AP,3056,2544,0.139,0.139,1,0,0,0,1,0,0,0,0,0,0,0,0,0,0
00001001_004.png,No Finding,4,1001,40,M,AP,3056,2544,0.139,0.139,0,0,0,0,0,0,0,0,0,0,0,0,0,0,0
00001003_000.png,No Finding,0,1003,47,M,PA,2500,2048,0.171,0.171,0,0,0,0,0,0,0,0,0,0,0,0,0,0,0
00001003_001.png,No Finding,1,1003,50,M,PA,2992,2991,0.143,0.143,0,0,0,0,0,0,0,0,0,0,0,0,0,0,0
00001005_002.png,Infiltration|Mass,0,1005,25,M,PA,2540,3012,0.139,0.139,1,0,0,0,1,1,0,0,0,0,0,0,0,0,0
00001005_000.png,Mass,1,1005,28,M,AP,3056,2544,0.139,0.139,1,0,0,0,0,1,0,0,0,0,0,0,0,0,0
00001005_001.png,No Finding,2,1005,30,M,AP,3056,2544,0.139,0.139,0,0,0,0,0,0,0,0,0,0,0,0,0,0,0
00001006_008.png,No Finding,0,1006,15,M,PA,2048,2500,0.171,0.171,0,0,0,0,0,0,0,0,0,0,0,0,0,0,0
00001006_009.png,Infiltration|Nodule,1,1006,19,M,AP,2048,2500,0.168,0.168,1,0,0,0,1,0,1,0,0,0,0,0,0,0,0
00001006_010.png,Infiltration,2,1006,19,M,AP,2500,2048,0.168,0.168,1,0,0,0,1,0,0,0,0,0,0,0,0,0,0
00001006_012.png,No Finding,3,1006,19,M,AP,2500,2048,0.168,0.168,0,0,0,0,0,0,0,0,0,0,0,0,0,0,0
00001006_011.png,Consolidation,4,1006,19,M,AP,2500,2048,0.168,0.168,1,0,0,0,0,0,0,0,0,1,0,0,0,0,0
00001006_013.png,Infiltration,5,1006,19,M,AP,2500,2048,0.168,0.168,1,0,0,0,1,0,0,0,0,0,0,0,0,0,0
00001006_014.png,Infiltration,6,1006,19,M,PA,2562,2581,0.143,0.143,1,0,0,0,1,0,0,0,0,0,0,0,0,0,0
00001006_015.png,Infiltration|Nodule|Pneumothorax,7,1006,19,M,PA,2606,2991,0.143,0.143,1,0,0,0,1,0,1,0,1,0,0,0,0,0,0
00001006_016.png,Infiltration,8,1006,19,M,PA,2426,2885,0.143,0.143,1,0,0,0,1,0,0,0,0,0,0,0,0,0,0
00001006_018.png,Infiltration|Pneumothorax,9,1006,19,M,PA,2818,2813,0.143,0.143,1,0,0,0,1,0,0,0,1,0,0,0,0,0,0
00001006_017.png,Infiltration|Pneumothorax,10,1006,19,M,PA,2048,2500,0.168,0.168,1,0,0,0,1,0,0,0,1,0,0,0,0,0,0
00001006_019.png,Pneumothorax,11,1006,19,M,PA,2992,2991,0.143,0.143,1,0,0,0,0,0,0,0,1,0,0,0,0,0,0
00001006_020.png,Pneumothorax,12,1006,19,M,PA,2478,2991,0.143,0.143,1,0,0,0,0,0,0,0,1,0,0,0,0,0,0
00001006_021.png,Infiltration|Pneumothorax,13,1006,19,M,PA,2992,2991,0.143,0.143,1,0,0,0,1,0,0,0,1,0,0,0,0,0,0
00001006_022.png,Pneumothorax,14,1006,21,M,AP,2500,2048,0.168,0.168,1,0,0,0,0,0,0,0,1,0,0,0,0,0,0
00001006_023.png,Infiltration,15,1006,21,M,AP,2500,2048,0.168,0.168,1,0,0,0,1,0,0,0,0,0,0,0,0,0,0
00001006_024.png,Pneumothorax,16,1006,21,M,PA,2992,2991,0.143,0.143,1,0,0,0,0,0,0,0,1,0,0,0,0,0,0
00001006_025.png,Infiltration,17,1006,22,M,AP,2500,2048,0.168,0.168,1,0,0,0,1,0,0,0,0,0,0,0,0,0,0
00001006_026.png,No Finding,18,1006,22,M,AP,2500,2048,0.168,0.168,0,0,0,0,0,0,0,0,0,0,0,0,0,0,0
00001006_027.png,Infiltration,19,1006,22,M,PA,2676,2947,0.143,0.143,1,0,0,0,1,0,0,0,0,0,0,0,0,0,0
00001006_028.png,Infiltration,20,1006,24,M,AP,2736,2544,0.139,0.139,1,0,0,0,1,0,0,0,0,0,0,0,0,0,0
00001006_000.png,Pneumothorax,21,1006,26,M,PA,2622,2741,0.143,0.143,1,0,0,0,0,0,0,0,1,0,0,0,0,0,0
00001006_001.png,Pneumothorax,22,1006,26,M,PA,2544,3056,0.139,0.139,1,0,0,0,0,0,0,0,1,0,0,0,0,0,0
00001006_002.png,Infiltration,23,1006,26,M,PA,2530,2627,0.143,0.143,1,0,0,0,1,0,0,0,0,0,0,0,0,0,0
00001006_003.png,Fibrosis|Nodule,24,1006,26,M,AP,3056,2544,0.139,0.139,1,0,0,0,0,0,1,0,0,0,0,0,1,0,0
00001006_005.png,No Finding,26,1006,26,M,PA,2992,2991,0.143,0.143,0,0,0,0,0,0,0,0,0,0,0,0,0,0,0
00001006_006.png,Edema,27,1006,26,M,AP,3056,2544,0.139,0.139,1,0,0,0,0,0,0,0,0,0,1,0,0,0,0
00001006_007.png,Nodule,28,1006,26,M,AP,3056,2544,0.139,0.139,1,0,0,0,0,0,1,0,0,0,0,0,0,0,0
00001008_000.png,No Finding,0,1008,27,M,PA,2500,2048,0.171,0.171,0,0,0,0,0,0,0,0,0,0,0,0,0,0,0
00001009_000.png,No Finding,0,1009,20,F,PA,2410,2269,0.143,0.143,0,0,0,0,0,0,0,0,0,0,0,0,0,0,0
00001010_000.png,No Finding,0,1010,50,F,PA,2458,2991,0.143,0.143,0,0,0,0,0,0,0,0,0,0,0,0,0,0,0
00001011_001.png,No Finding,0,1011,47,M,PA,2500,2048,0.171,0.171,0,0,0,0,0,0,0,0,0,0,0,0,0,0,0
00001011_000.png,No Finding,1,1011,58,M,PA,2990,2991,0.143,0.143,0,0,0,0,0,0,0,0,0,0,0,0,0,0,0
00001013_000.png,No Finding,0,1013,22,F,PA,2500,2048,0.168,0.168,0,0,0,0,0,0,0,0,0,0,0,0,0,0,0
00001013_001.png,No Finding,1,1013,28,F,AP,2500,2048,0.168,0.168,0,0,0,0,0,0,0,0,0,0,0,0,0,0,0
00001013_002.png,No Finding,2,1013,28,F,AP,2500,2048,0.168,0.168,0,0,0,0,0,0,0,0,0,0,0,0,0,0,0
00001013_003.png,No Finding,3,1013,30,F,AP,2500,2048,0.168,0.168,0,0,0,0,0,0,0,0,0,0,0,0,0,0,0
00001014_000.png,Mass,0,1014,50,F,PA,2021,2021,0.1943109999999999,0.1943109999999999,1,0,0,0,0,1,0,0,0,0,0,0,0,0,0
00001014_001.png,Nodule,1,1014,50,F,PA,2021,2021,0.1943109999999999,0.1943109999999999,1,0,0,0,0,0,1,0,0,0,0,0,0,0,0
00001015_000.png,No Finding,0,1015,39,F,PA,2048,2500,0.168,0.168,0,0,0,0,0,0,0,0,0,0,0,0,0,0,0
00001016_000.png,No Finding,0,1016,45,F,PA,2544,3056,0.139,0.139,0,0,0,0,0,0,0,0,0,0,0,0,0,0,0
00001017_000.png,Mass,0,1017,39,F,PA,2048,2500,0.171,0.171,1,0,0,0,0,1,0,0,0,0,0,0,0,0,0
00001020_000.png,No Finding,0,1020,51,M,PA,2500,2048,0.171,0.171,0,0,0,0,0,0,0,0,0,0,0,0,0,0,0
00001021_005.png,Infiltration,0,1021,21,F,PA,2590,2769,0.143,0.143,1,0,0,0,1,0,0,0,0,0,0,0,0,0,0
00001021_000.png,Pneumonia,1,1021,25,F,PA,2422,2951,0.143,0.143,1,0,0,0,0,0,0,1,0,0,0,0,0,0,0
00001021_001.png,No Finding,2,1021,26,F,PA,2982,2817,0.143,0.143,0,0,0,0,0,0,0,0,0,0,0,0,0,0,0
00001021_002.png,No Finding,3,1021,26,F,PA,2544,3056,0.139,0.139,0,0,0,0,0,0,0,0,0,0,0,0,0,0,0
00001021_003.png,Infiltration,4,1021,27,F,PA,2992,2991,0.143,0.143,1,0,0,0,1,0,0,0,0,0,0,0,0,0,0
00001021_004.png,No Finding,5,1021,27,F,PA,2992,2991,0.143,0.143,0,0,0,0,0,0,0,0,0,0,0,0,0,0,0
00001022_000.png,No Finding,0,1022,49,M,PA,2500,2048,0.171,0.171,0,0,0,0,0,0,0,0,0,0,0,0,0,0,0
00001022_001.png,Cardiomegaly,1,1022,49,M,PA,2500,2048,0.171,0.171,1,0,1,0,0,0,0,0,0,0,0,0,0,0,0
00001022_002.png,No Finding,2,1022,49,M,AP,2500,2048,0.171,0.171,0,0,0,0,0,0,0,0,0,0,0,0,0,0,0
00001025_000.png,No Finding,0,1025,45,M,PA,2021,2021,0.1943079999999999,0.1943079999999999,0,0,0,0,0,0,0,0,0,0,0,0,0,0,0
00001027_000.png,No Finding,0,1027,73,M,PA,2500,2048,0.168,0.168,0,0,0,0,0,0,0,0,0,0,0,0,0,0,0
00001027_001.png,No Finding,1,1027,74,M,PA,2992,2991,0.143,0.143,0,0,0,0,0,0,0,0,0,0,0,0,0,0,0
00001029_002.png,Pneumothorax,0,1029,14,M,AP,2500,2048,0.171,0.171,1,0,0,0,0,0,0,0,1,0,0,0,0,0,0
00001029_003.png,Pneumothorax,1,1029,14,M,AP,2500,2048,0.171,0.171,1,0,0,0,0,0,0,0,1,0,0,0,0,0,0
00001029_004.png,Infiltration|Mass|Nodule,2,1029,17,M,AP,2500,2048,0.168,0.168,1,0,0,0,1,1,1,0,0,0,0,0,0,0,0
00001029_005.png,Consolidation,3,1029,18,M,AP,2500,2048,0.168,0.168,1,0,0,0,0,0,0,0,0,1,0,0,0,0,0
00001029_006.png,Consolidation|Infiltration,4,1029,19,M,AP,2500,2048,0.168,0.168,1,0,0,0,1,0,0,0,0,1,0,0,0,0,0
00001029_007.png,No Finding,5,1029,19,M,AP,2500,2048,0.168,0.168,0,0,0,0,0,0,0,0,0,0,0,0,0,0,0
00001029_008.png,No Finding,6,1029,19,M,AP,2500,2048,0.168,0.168,0,0,0,0,0,0,0,0,0,0,0,0,0,0,0
00001029_009.png,No Finding,7,1029,21,M,AP,2500,2048,0.168,0.168,0,0,0,0,0,0,0,0,0,0,0,0,0,0,0
00001029_010.png,No Finding,8,1029,21,M,PA,2992,2991,0.143,0.143,0,0,0,0,0,0,0,0,0,0,0,0,0,0,0
00001029_011.png,No Finding,9,1029,22,M,AP,3056,2468,0.139,0.139,0,0,0,0,0,0,0,0,0,0,0,0,0,0,0
00001029_012.png,No Finding,10,1029,22,M,PA,2758,2991,0.143,0.143,0,0,0,0,0,0,0,0,0,0,0,0,0,0,0
00001029_013.png,Fibrosis,11,1029,23,M,AP,3056,2544,0.139,0.139,1,0,0,0,0,0,0,0,0,0,0,0,1,0,0
00001029_014.png,Fibrosis,12,1029,23,M,AP,2920,2544,0.139,0.139,1,0,0,0,0,0,0,0,0,0,0,0,1,0,0
00001029_015.png,Fibrosis,13,1029,23,M,PA,2762,2669,0.143,0.143,1,0,0,0,0,0,0,0,0,0,0,0,1,0,0
00001029_016.png,Fibrosis,14,1029,23,M,AP,3056,2544,0.139,0.139,1,0,0,0,0,0,0,0,0,0,0,0,1,0,0
00001029_017.png,No Finding,15,1029,23,M,AP,3056,2544,0.139,0.139,0,0,0,0,0,0,0,0,0,0,0,0,0,0,0
00001029_018.png,No Finding,16,1029,23,M,AP,3056,2544,0.139,0.139,0,0,0,0,0,0,0,0,0,0,0,0,0,0,0
00001029_000.png,No Finding,17,1029,24,M,AP,3056,2544,0.139,0.139,0,0,0,0,0,0,0,0,0,0,0,0,0,0,0
00001029_001.png,No Finding,18,1029,24,M,AP,3056,2544,0.139,0.139,0,0,0,0,0,0,0,0,0,0,0,0,0,0,0
00001031_002.png,Infiltration,0,1031,46,F,PA,2716,2592,0.143,0.143,1,0,0,0,1,0,0,0,0,0,0,0,0,0,0
00001031_003.png,Effusion|Infiltration,1,1031,46,F,PA,2622,2689,0.143,0.143,1,0,0,1,1,0,0,0,0,0,0,0,0,0,0
00001031_000.png,Nodule,2,1031,52,F,PA,2021,2021,0.1943109999999999,0.1943109999999999,1,0,0,0,0,0,1,0,0,0,0,0,0,0,0
00001031_001.png,Consolidation|Effusion,3,1031,52,F,PA,1889,1886,0.1943109999999999,0.1943109999999999,1,0,0,1,0,0,0,0,0,1,0,0,0,0,0
00001032_000.png,No Finding,0,1032,43,M,PA,2048,2500,0.171,0.171,0,0,0,0,0,0,0,0,0,0,0,0,0,0,0
00001034_000.png,Mass,0,1034,71,M,PA,2500,2048,0.168,0.168,1,0,0,0,0,1,0,0,0,0,0,0,0,0,0
00001034_001.png,No Finding,1,1034,71,M,AP,2500,2048,0.168,0.168,0,0,0,0,0,0,0,0,0,0,0,0,0,0,0
00001034_002.png,Nodule,2,1034,72,M,AP,2500,2048,0.168,0.168,1,0,0,0,0,0,1,0,0,0,0,0,0,0,0
00001034_003.png,No Finding,3,1034,72,M,AP,2500,2048,0.168,0.168,0,0,0,0,0,0,0,0,0,0,0,0,0,0,0
00001034_004.png,No Finding,4,1034,72,M,AP,2500,2048,0.168,0.168,0,0,0,0,0,0,0,0,0,0,0,0,0,0,0
00001034_005.png,No Finding,5,1034,72,M,AP,2500,2048,0.168,0.168,0,0,0,0,0,0,0,0,0,0,0,0,0,0,0
00001034_006.png,No Finding,6,1034,72,M,AP,2500,2048,0.168,0.168,0,0,0,0,0,0,0,0,0,0,0,0,0,0,0
00001034_007.png,No Finding,7,1034,73,M,AP,3056,2544,0.139,0.139,0,0,0,0,0,0,0,0,0,0,0,0,0,0,0
00001036_000.png,No Finding,0,1036,35,F,PA,2021,2021,0.1943109999999999,0.1943109999999999,0,0,0,0,0,0,0,0,0,0,0,0,0,0,0
00001037_000.png,No Finding,0,1037,17,M,PA,2500,2048,0.168,0.168,0,0,0,0,0,0,0,0,0,0,0,0,0,0,0
00001039_000.png,No Finding,0,1039,38,F,PA,2834,2991,0.143,0.143,0,0,0,0,0,0,0,0,0,0,0,0,0,0,0
00001039_001.png,No Finding,1,1039,40,F,PA,2992,2991,0.143,0.143,0,0,0,0,0,0,0,0,0,0,0,0,0,0,0
00001039_002.png,No Finding,2,1039,40,F,AP,2500,2048,0.168,0.168,0,0,0,0,0,0,0,0,0,0,0,0,0,0,0
00001039_003.png,No Finding,3,1039,41,F,PA,2242,2377,0.143,0.143,0,0,0,0,0,0,0,0,0,0,0,0,0,0,0
00001039_004.png,No Finding,4,1039,42,F,PA,2992,2991,0.143,0.143,0,0,0,0,0,0,0,0,0,0,0,0,0,0,0
00001039_005.png,Emphysema|Infiltration,5,1039,42,F,AP,2960,2368,0.139,0.139,1,0,0,0,1,0,0,0,0,0,0,1,0,0,0
00001039_006.png,No Finding,6,1039,42,F,AP,3036,2544,0.139,0.139,0,0,0,0,0,0,0,0,0,0,0,0,0,0,0
00001039_007.png,Infiltration,7,1039,43,F,PA,2992,2991,0.143,0.143,1,0,0,0,1,0,0,0,0,0,0,0,0,0,0
00001040_000.png,Nodule,0,1040,68,F,PA,2500,2048,0.171,0.171,1,0,0,0,0,0,1,0,0,0,0,0,0,0,0
00001040_001.png,Nodule,1,1040,72,F,PA,2822,2573,0.143,0.143,1,0,0,0,0,0,1,0,0,0,0,0,0,0,0
00001040_002.png,No Finding,2,1040,73,F,PA,2370,2991,0.143,0.143,0,0,0,0,0,0,0,0,0,0,0,0,0,0,0
00001041_000.png,No Finding,0,1041,65,F,PA,2500,2048,0.168,0.168,0,0,0,0,0,0,0,0,0,0,0,0,0,0,0
00001044_000.png,No Finding,0,1044,35,M,AP,2500,2048,0.168,0.168,0,0,0,0,0,0,0,0,0,0,0,0,0,0,0
00001046_000.png,Infiltration,0,1046,58,M,PA,2770,2501,0.143,0.143,1,0,0,0,1,0,0,0,0,0,0,0,0,0,0
00001047_000.png,No Finding,0,1047,75,F,PA,2048,2500,0.171,0.171,0,0,0,0,0,0,0,0,0,0,0,0,0,0,0
00001047_001.png,No Finding,1,1047,76,F,PA,2048,2500,0.168,0.168,0,0,0,0,0,0,0,0,0,0,0,0,0,0,0
00001047_002.png,Emphysema,2,1047,77,F,PA,2048,2500,0.168,0.168,1,0,0,0,0,0,0,0,0,0,0,1,0,0,0
00001047_003.png,No Finding,3,1047,78,F,PA,2598,2991,0.143,0.143,0,0,0,0,0,0,0,0,0,0,0,0,0,0,0
00001049_000.png,No Finding,0,1049,27,M,PA,2021,2021,0.1943079999999999,0.1943079999999999,0,0,0,0,0,0,0,0,0,0,0,0,0,0,0
00001050_000.png,No Finding,0,1050,49,F,PA,2048,2500,0.171,0.171,0,0,0,0,0,0,0,0,0,0,0,0,0,0,0
00001051_000.png,No Finding,0,1051,70,M,PA,2992,2991,0.143,0.143,0,0,0,0,0,0,0,0,0,0,0,0,0,0,0
00001052_001.png,Fibrosis|Infiltration,0,1052,40,M,PA,2500,2048,0.168,0.168,1,0,0,0,1,0,0,0,0,0,0,0,1,0,0
00001052_002.png,Fibrosis|Infiltration,1,1052,47,M,PA,2982,2991,0.143,0.143,1,0,0,0,1,0,0,0,0,0,0,0,1,0,0
00001052_003.png,Fibrosis|Nodule,2,1052,47,M,PA,3056,2532,0.139,0.139,1,0,0,0,0,0,1,0,0,0,0,0,1,0,0
00001052_004.png,No Finding,3,1052,47,M,PA,2804,2828,0.143,0.143,0,0,0,0,0,0,0,0,0,0,0,0,0,0,0
00001052_000.png,No Finding,4,1052,49,M,PA,2992,2991,0.143,0.143,0,0,0,0,0,0,0,0,0,0,0,0,0,0,0
00001054_000.png,No Finding,0,1054,12,M,PA,2048,2500,0.171,0.171,0,0,0,0,0,0,0,0,0,0,0,0,0,0,0
00001054_001.png,No Finding,1,1054,12,M,PA,2048,2500,0.171,0.171,0,0,0,0,0,0,0,0,0,0,0,0,0,0,0
00001054_003.png,No Finding,3,1054,14,M,PA,2048,2500,0.168,0.168,0,0,0,0,0,0,0,0,0,0,0,0,0,0,0
00001054_004.png,Infiltration,4,1054,15,M,PA,2048,2500,0.168,0.168,1,0,0,0,1,0,0,0,0,0,0,0,0,0,0
00001055_002.png,No Finding,0,1055,13,F,PA,2048,2500,0.171,0.171,0,0,0,0,0,0,0,0,0,0,0,0,0,0,0
00001055_003.png,No Finding,1,1055,15,F,PA,2048,2500,0.171,0.171,0,0,0,0,0,0,0,0,0,0,0,0,0,0,0
00001055_004.png,No Finding,2,1055,17,F,PA,2048,2500,0.168,0.168,0,0,0,0,0,0,0,0,0,0,0,0,0,0,0
00001055_005.png,No Finding,3,1055,18,F,PA,2650,2741,0.143,0.143,0,0,0,0,0,0,0,0,0,0,0,0,0,0,0
00001055_006.png,No Finding,4,1055,20,F,PA,2048,2500,0.168,0.168,0,0,0,0,0,0,0,0,0,0,0,0,0,0,0
00001055_007.png,No Finding,5,1055,21,F,PA,2450,2513,0.143,0.143,0,0,0,0,0,0,0,0,0,0,0,0,0,0,0
00001055_000.png,Infiltration,6,1055,24,F,PA,2334,2148,0.143,0.143,1,0,0,0,1,0,0,0,0,0,0,0,0,0,0
00001055_001.png,No Finding,7,1055,24,F,AP,3056,2544,0.139,0.139,0,0,0,0,0,0,0,0,0,0,0,0,0,0,0
00001059_003.png,No Finding,0,1059,58,F,PA,2048,2500,0.171,0.171,0,0,0,0,0,0,0,0,0,0,0,0,0,0,0
00001059_004.png,No Finding,1,1059,61,F,PA,2910,2991,0.143,0.143,0,0,0,0,0,0,0,0,0,0,0,0,0,0,0
00001059_005.png,No Finding,2,1059,62,F,PA,2610,2991,0.143,0.143,0,0,0,0,0,0,0,0,0,0,0,0,0,0,0
00001059_006.png,No Finding,3,1059,64,F,PA,2518,2291,0.143,0.143,0,0,0,0,0,0,0,0,0,0,0,0,0,0,0
00001059_007.png,No Finding,4,1059,65,F,PA,2486,2991,0.143,0.143,0,0,0,0,0,0,0,0,0,0,0,0,0,0,0
00001059_008.png,No Finding,5,1059,66,F,PA,2544,3056,0.139,0.139,0,0,0,0,0,0,0,0,0,0,0,0,0,0,0
00001059_000.png,No Finding,6,1059,67,F,PA,2992,2991,0.143,0.143,0,0,0,0,0,0,0,0,0,0,0,0,0,0,0
00001059_001.png,No Finding,7,1059,68,F,PA,2698,2768,0.143,0.143,0,0,0,0,0,0,0,0,0,0,0,0,0,0,0
00001059_002.png,No Finding,8,1059,69,F,PA,2021,2021,0.1943109999999999,0.1943109999999999,0,0,0,0,0,0,0,0,0,0,0,0,0,0,0
00001060_000.png,No Finding,0,1060,56,M,PA,2500,2048,0.168,0.168,0,0,0,0,0,0,0,0,0,0,0,0,0,0,0
00001061_000.png,No Finding,0,1061,31,F,PA,2048,2500,0.171,0.171,0,0,0,0,0,0,0,0,0,0,0,0,0,0,0
00001063_000.png,Pleural_Thickening,0,1063,61,F,PA,2498,2991,0.143,0.143,1,0,0,0,0,0,0,0,0,0,0,0,0,1,0
00001064_000.png,Fibrosis,0,1064,66,F,PA,2992,2991,0.143,0.143,1,0,0,0,0,0,0,0,0,0,0,0,1,0,0
00001066_000.png,Infiltration,0,1066,40,F,PA,2544,3056,0.139,0.139,1,0,0,0,1,0,0,0,0,0,0,0,0,0,0
00001067_000.png,No Finding,0,1067,56,F,PA,2048,2500,0.168,0.168,0,0,0,0,0,0,0,0,0,0,0,0,0,0,0
00001068_003.png,No Finding,0,1068,45,F,PA,2742,2991,0.143,0.143,0,0,0,0,0,0,0,0,0,0,0,0,0,0,0
00001068_004.png,Infiltration,1,1068,47,F,PA,2992,2991,0.143,0.143,1,0,0,0,1,0,0,0,0,0,0,0,0,0,0
00001068_005.png,No Finding,2,1068,47,F,AP,2500,2048,0.168,0.168,0,0,0,0,0,0,0,0,0,0,0,0,0,0,0
00001068_000.png,No Finding,3,1068,49,F,PA,2992,2991,0.143,0.143,0,0,0,0,0,0,0,0,0,0,0,0,0,0,0
00001068_001.png,No Finding,4,1068,49,F,AP,3056,2544,0.139,0.139,0,0,0,0,0,0,0,0,0,0,0,0,0,0,0
00001068_002.png,No Finding,5,1068,49,F,PA,2544,3056,0.139,0.139,0,0,0,0,0,0,0,0,0,0,0,0,0,0,0
00001070_000.png,No Finding,0,1070,83,M,PA,2500,2048,0.168,0.168,0,0,0,0,0,0,0,0,0,0,0,0,0,0,0
00001070_001.png,No Finding,1,1070,85,M,PA,2992,2991,0.143,0.143,0,0,0,0,0,0,0,0,0,0,0,0,0,0,0
00001073_000.png,No Finding,0,1073,35,M,AP,2500,2048,0.168,0.168,0,0,0,0,0,0,0,0,0,0,0,0,0,0,0
00001077_000.png,No Finding,0,1077,77,F,PA,2048,2500,0.171,0.171,0,0,0,0,0,0,0,0,0,0,0,0,0,0,0
00001077_001.png,No Finding,1,1077,78,F,PA,2048,2500,0.171,0.171,0,0,0,0,0,0,0,0,0,0,0,0,0,0,0
00001077_002.png,No Finding,2,1077,84,F,PA,2048,2500,0.168,0.168,0,0,0,0,0,0,0,0,0,0,0,0,0,0,0
00001078_002.png,No Finding,0,1078,63,M,PA,2992,2969,0.143,0.143,0,0,0,0,0,0,0,0,0,0,0,0,0,0,0
00001078_000.png,No Finding,1,1078,66,M,AP,3056,2544,0.139,0.139,0,0,0,0,0,0,0,0,0,0,0,0,0,0,0
00001078_001.png,No Finding,2,1078,68,M,PA,2021,2021,0.1943109999999999,0.1943109999999999,0,0,0,0,0,0,0,0,0,0,0,0,0,0,0
00001080_000.png,Infiltration,0,1080,50,M,PA,2992,2991,0.143,0.143,1,0,0,0,1,0,0,0,0,0,0,0,0,0,0
00001082_005.png,No Finding,0,1082,18,M,AP,2500,2048,0.168,0.168,0,0,0,0,0,0,0,0,0,0,0,0,0,0,0
00001082_006.png,No Finding,1,1082,18,M,PA,2782,2711,0.143,0.143,0,0,0,0,0,0,0,0,0,0,0,0,0,0,0
00001082_000.png,No Finding,2,1082,22,M,AP,3056,2544,0.139,0.139,0,0,0,0,0,0,0,0,0,0,0,0,0,0,0
00001082_001.png,No Finding,3,1082,22,M,AP,3056,2544,0.139,0.139,0,0,0,0,0,0,0,0,0,0,0,0,0,0,0
00001082_002.png,Nodule,4,1082,22,M,AP,3056,2544,0.139,0.139,1,0,0,0,0,0,1,0,0,0,0,0,0,0,0
00001082_003.png,No Finding,5,1082,23,M,AP,3056,2544,0.139,0.139,0,0,0,0,0,0,0,0,0,0,0,0,0,0,0
00001083_000.png,No Finding,0,1083,56,M,PA,2982,2991,0.143,0.143,0,0,0,0,0,0,0,0,0,0,0,0,0,0,0
00001084_000.png,No Finding,0,1084,45,M,PA,2500,2048,0.171,0.171,0,0,0,0,0,0,0,0,0,0,0,0,0,0,0
00001084_001.png,No Finding,1,1084,48,M,PA,2500,2048,0.168,0.168,0,0,0,0,0,0,0,0,0,0,0,0,0,0,0
00001086_001.png,No Finding,0,1086,69,F,PA,2294,2537,0.143,0.143,0,0,0,0,0,0,0,0,0,0,0,0,0,0,0
00001086_000.png,Cardiomegaly,1,1086,73,F,PA,2021,2021,0.1943109999999999,0.1943109999999999,1,0,1,0,0,0,0,0,0,0,0,0,0,0,0
00001087_000.png,Infiltration,0,1087,49,M,PA,2021,2021,0.1943109999999999,0.1943109999999999,1,0,0,0,1,0,0,0,0,0,0,0,0,0,0
00001088_001.png,No Finding,0,1088,37,M,PA,2500,2048,0.171,0.171,0,0,0,0,0,0,0,0,0,0,0,0,0,0,0
00001088_002.png,No Finding,1,1088,39,M,PA,2500,2048,0.168,0.168,0,0,0,0,0,0,0,0,0,0,0,0,0,0,0
00001088_003.png,No Finding,2,1088,43,M,PA,2992,2991,0.143,0.143,0,0,0,0,0,0,0,0,0,0,0,0,0,0,0
00001088_004.png,No Finding,3,1088,44,M,PA,2992,2991,0.143,0.143,0,0,0,0,0,0,0,0,0,0,0,0,0,0,0
00001088_006.png,No Finding,6,1088,44,M,PA,2500,2048,0.168,0.168,0,0,0,0,0,0,0,0,0,0,0,0,0,0,0
00001088_009.png,No Finding,8,1088,44,M,PA,2992,2991,0.143,0.143,0,0,0,0,0,0,0,0,0,0,0,0,0,0,0
00001088_010.png,No Finding,9,1088,44,M,AP,2500,2048,0.168,0.168,0,0,0,0,0,0,0,0,0,0,0,0,0,0,0
00001088_012.png,No Finding,11,1088,44,M,PA,2992,2991,0.143,0.143,0,0,0,0,0,0,0,0,0,0,0,0,0,0,0
00001088_013.png,No Finding,12,1088,44,M,AP,2500,2048,0.168,0.168,0,0,0,0,0,0,0,0,0,0,0,0,0,0,0
00001088_014.png,Infiltration,13,1088,45,M,PA,2992,2991,0.143,0.143,1,0,0,0,1,0,0,0,0,0,0,0,0,0,0
00001088_018.png,No Finding,17,1088,45,M,AP,2500,2048,0.168,0.168,0,0,0,0,0,0,0,0,0,0,0,0,0,0,0
00001088_020.png,No Finding,18,1088,45,M,AP,2500,2048,0.168,0.168,0,0,0,0,0,0,0,0,0,0,0,0,0,0,0
00001088_019.png,No Finding,19,1088,45,M,AP,2500,2048,0.168,0.168,0,0,0,0,0,0,0,0,0,0,0,0,0,0,0
00001088_024.png,No Finding,23,1088,46,M,AP,2500,2048,0.168,0.168,0,0,0,0,0,0,0,0,0,0,0,0,0,0,0
00001088_025.png,No Finding,24,1088,46,M,PA,2658,2446,0.143,0.143,0,0,0,0,0,0,0,0,0,0,0,0,0,0,0
00001088_000.png,Infiltration,27,1088,48,M,PA,2992,2991,0.143,0.143,1,0,0,0,1,0,0,0,0,0,0,0,0,0,0
00001089_000.png,Nodule,0,1089,30,M,PA,2500,2048,0.171,0.171,1,0,0,0,0,0,1,0,0,0,0,0,0,0,0
00001089_001.png,No Finding,1,1089,30,M,PA,2500,2048,0.171,0.171,0,0,0,0,0,0,0,0,0,0,0,0,0,0,0
00001089_002.png,No Finding,2,1089,31,M,PA,2500,2048,0.171,0.171,0,0,0,0,0,0,0,0,0,0,0,0,0,0,0
00001091_000.png,No Finding,0,1091,55,M,PA,2992,2991,0.143,0.143,0,0,0,0,0,0,0,0,0,0,0,0,0,0,0
00001093_005.png,Infiltration,0,1093,64,F,PA,2048,2500,0.171,0.171,1,0,0,0,1,0,0,0,0,0,0,0,0,0,0
00001093_006.png,No Finding,1,1093,65,F,PA,2048,2500,0.171,0.171,0,0,0,0,0,0,0,0,0,0,0,0,0,0,0
00001093_007.png,No Finding,2,1093,66,F,PA,2048,2500,0.168,0.168,0,0,0,0,0,0,0,0,0,0,0,0,0,0,0
00001093_008.png,No Finding,3,1093,67,F,PA,2992,2991,0.143,0.143,0,0,0,0,0,0,0,0,0,0,0,0,0,0,0
00001093_009.png,No Finding,4,1093,68,F,PA,2500,2048,0.168,0.168,0,0,0,0,0,0,0,0,0,0,0,0,0,0,0
00001093_010.png,No Finding,5,1093,69,F,PA,2992,2605,0.143,0.143,0,0,0,0,0,0,0,0,0,0,0,0,0,0,0
00001093_011.png,No Finding,6,1093,71,F,PA,2546,2991,0.143,0.143,0,0,0,0,0,0,0,0,0,0,0,0,0,0,0
00001093_012.png,Nodule,7,1093,72,F,PA,2566,2991,0.143,0.143,1,0,0,0,0,0,1,0,0,0,0,0,0,0,0
00001093_013.png,Nodule,8,1093,73,F,PA,2992,2991,0.143,0.143,1,0,0,0,0,0,1,0,0,0,0,0,0,0,0
00001093_000.png,Emphysema,9,1093,74,F,PA,2544,3056,0.139,0.139,1,0,0,0,0,0,0,0,0,0,0,1,0,0,0
00001093_001.png,Nodule|Pleural_Thickening,10,1093,75,F,PA,2542,2991,0.143,0.143,1,0,0,0,0,0,1,0,0,0,0,0,0,1,0
00001093_002.png,Effusion|Infiltration,11,1093,75,F,PA,2398,2991,0.143,0.143,1,0,0,1,1,0,0,0,0,0,0,0,0,0,0
00001093_003.png,Nodule,12,1093,76,F,PA,1710,2021,0.1943109999999999,0.1943109999999999,1,0,0,0,0,0,1,0,0,0,0,0,0,0,0
00001093_004.png,No Finding,13,1093,77,F,PA,2021,2021,0.194314,0.194314,0,0,0,0,0,0,0,0,0,0,0,0,0,0,0
00001094_000.png,No Finding,0,1094,75,M,PA,2666,2991,0.143,0.143,0,0,0,0,0,0,0,0,0,0,0,0,0,0,0
00001094_001.png,No Finding,1,1094,75,M,AP,2500,2048,0.168,0.168,0,0,0,0,0,0,0,0,0,0,0,0,0,0,0
00001094_002.png,No Finding,2,1094,75,M,AP,2500,2048,0.168,0.168,0,0,0,0,0,0,0,0,0,0,0,0,0,0,0
00001094_003.png,No Finding,3,1094,75,M,PA,2788,2449,0.143,0.143,0,0,0,0,0,0,0,0,0,0,0,0,0,0,0
00001096_000.png,No Finding,0,1096,59,F,PA,2992,2991,0.143,0.143,0,0,0,0,0,0,0,0,0,0,0,0,0,0,0
00001096_001.png,Cardiomegaly|Effusion,1,1096,62,F,PA,2606,2589,0.143,0.143,1,0,1,1,0,0,0,0,0,0,0,0,0,0,0
00001096_002.png,No Finding,2,1096,62,F,PA,2992,2991,0.143,0.143,0,0,0,0,0,0,0,0,0,0,0,0,0,0,0
00001099_000.png,No Finding,0,1099,23,F,AP,2500,2048,0.171,0.171,0,0,0,0,0,0,0,0,0,0,0,0,0,0,0
00001100_000.png,No Finding,0,1100,52,M,PA,2500,2048,0.168,0.168,0,0,0,0,0,0,0,0,0,0,0,0,0,0,0
00001100_001.png,No Finding,1,1100,55,M,PA,2642,2991,0.143,0.143,0,0,0,0,0,0,0,0,0,0,0,0,0,0,0
00001100_002.png,No Finding,2,1100,59,M,PA,3056,2544,0.139,0.139,0,0,0,0,0,0,0,0,0,0,0,0,0,0,0
00001101_005.png,Edema,0,1101,36,F,AP,2500,2048,0.171,0.171,1,0,0,0,0,0,0,0,0,0,1,0,0,0,0
00001101_006.png,No Finding,1,1101,36,F,PA,2048,2500,0.171,0.171,0,0,0,0,0,0,0,0,0,0,0,0,0,0,0
00001101_007.png,No Finding,2,1101,37,F,PA,2048,2500,0.171,0.171,0,0,0,0,0,0,0,0,0,0,0,0,0,0,0
00001101_008.png,No Finding,3,1101,37,F,PA,2500,2048,0.168,0.168,0,0,0,0,0,0,0,0,0,0,0,0,0,0,0
00001101_009.png,No Finding,4,1101,42,F,PA,2762,2948,0.143,0.143,0,0,0,0,0,0,0,0,0,0,0,0,0,0,0
00001101_010.png,No Finding,5,1101,42,F,PA,2992,2991,0.143,0.143,0,0,0,0,0,0,0,0,0,0,0,0,0,0,0
00001101_011.png,No Finding,6,1101,42,F,AP,2500,2048,0.168,0.168,0,0,0,0,0,0,0,0,0,0,0,0,0,0,0
00001101_013.png,No Finding,8,1101,43,F,PA,2992,2991,0.143,0.143,0,0,0,0,0,0,0,0,0,0,0,0,0,0,0
00001101_014.png,No Finding,9,1101,43,F,PA,2992,2991,0.143,0.143,0,0,0,0,0,0,0,0,0,0,0,0,0,0,0
00001101_015.png,No Finding,10,1101,43,F,AP,2500,2048,0.168,0.168,0,0,0,0,0,0,0,0,0,0,0,0,0,0,0
00001101_016.png,Infiltration,11,1101,44,F,PA,2892,2948,0.143,0.143,1,0,0,0,1,0,0,0,0,0,0,0,0,0,0
00001101_017.png,No Finding,12,1101,44,F,AP,2896,2544,0.139,0.139,0,0,0,0,0,0,0,0,0,0,0,0,0,0,0
00001101_018.png,No Finding,13,1101,44,F,AP,2984,2544,0.139,0.139,0,0,0,0,0,0,0,0,0,0,0,0,0,0,0
00001101_019.png,No Finding,14,1101,44,F,AP,3056,2544,0.139,0.139,0,0,0,0,0,0,0,0,0,0,0,0,0,0,0
00001101_020.png,No Finding,15,1101,44,F,AP,3056,2544,0.139,0.139,0,0,0,0,0,0,0,0,0,0,0,0,0,0,0
00001101_021.png,Infiltration,16,1101,45,F,PA,2544,3056,0.139,0.139,1,0,0,0,1,0,0,0,0,0,0,0,0,0,0
00001101_022.png,No Finding,17,1101,45,F,AP,3056,2544,0.139,0.139,0,0,0,0,0,0,0,0,0,0,0,0,0,0,0
00001101_000.png,No Finding,18,1101,45,F,PA,2992,2991,0.143,0.143,0,0,0,0,0,0,0,0,0,0,0,0,0,0,0
00001101_001.png,No Finding,19,1101,45,F,AP,3056,2544,0.139,0.139,0,0,0,0,0,0,0,0,0,0,0,0,0,0,0
00001101_002.png,No Finding,20,1101,45,F,AP,3056,2544,0.139,0.139,0,0,0,0,0,0,0,0,0,0,0,0,0,0,0
00001101_003.png,Effusion,21,1101,45,F,PA,2992,2991,0.143,0.143,1,0,0,1,0,0,0,0,0,0,0,0,0,0,0
00001101_004.png,Effusion,22,1101,45,F,PA,2746,2991,0.143,0.143,1,0,0,1,0,0,0,0,0,0,0,0,0,0,0
00001102_000.png,No Finding,0,1102,21,M,PA,2574,2221,0.143,0.143,0,0,0,0,0,0,0,0,0,0,0,0,0,0,0
00001103_002.png,No Finding,0,1103,60,F,PA,2546,2991,0.143,0.143,0,0,0,0,0,0,0,0,0,0,0,0,0,0,0
00001103_003.png,No Finding,1,1103,61,F,PA,2802,2991,0.143,0.143,0,0,0,0,0,0,0,0,0,0,0,0,0,0,0
00001103_000.png,Consolidation,2,1103,66,F,PA,2021,2021,0.1943109999999999,0.1943109999999999,1,0,0,0,0,0,0,0,0,1,0,0,0,0,0
00001103_001.png,No Finding,3,1103,67,F,PA,2021,2021,0.1943109999999999,0.1943109999999999,0,0,0,0,0,0,0,0,0,0,0,0,0,0,0
00001104_000.png,No Finding,0,1104,53,M,PA,2500,2048,0.168,0.168,0,0,0,0,0,0,0,0,0,0,0,0,0,0,0
00001104_001.png,No Finding,1,1104,54,M,AP,2500,2048,0.168,0.168,0,0,0,0,0,0,0,0,0,0,0,0,0,0,0
00001104_002.png,No Finding,2,1104,54,M,AP,2500,2048,0.168,0.168,0,0,0,0,0,0,0,0,0,0,0,0,0,0,0
00001104_003.png,No Finding,3,1104,54,M,AP,2500,2048,0.168,0.168,0,0,0,0,0,0,0,0,0,0,0,0,0,0,0
00001104_004.png,No Finding,4,1104,54,M,AP,2500,2048,0.168,0.168,0,0,0,0,0,0,0,0,0,0,0,0,0,0,0
00001104_006.png,No Finding,6,1104,54,M,PA,2500,2048,0.168,0.168,0,0,0,0,0,0,0,0,0,0,0,0,0,0,0
00001104_007.png,No Finding,7,1104,54,M,PA,2500,2048,0.168,0.168,0,0,0,0,0,0,0,0,0,0,0,0,0,0,0
00001104_009.png,No Finding,9,1104,54,M,PA,2500,2048,0.168,0.168,0,0,0,0,0,0,0,0,0,0,0,0,0,0,0
00001104_010.png,No Finding,10,1104,55,M,PA,2866,2745,0.143,0.143,0,0,0,0,0,0,0,0,0,0,0,0,0,0,0
00001104_011.png,No Finding,11,1104,57,M,AP,2048,2500,0.168,0.168,0,0,0,0,0,0,0,0,0,0,0,0,0,0,0
00001104_012.png,No Finding,12,1104,57,M,PA,2992,2991,0.143,0.143,0,0,0,0,0,0,0,0,0,0,0,0,0,0,0
00001104_013.png,No Finding,13,1104,57,M,AP,2500,2048,0.168,0.168,0,0,0,0,0,0,0,0,0,0,0,0,0,0,0
00001104_014.png,Hernia|Infiltration,14,1104,57,M,PA,2992,2991,0.143,0.143,1,0,0,0,1,0,0,0,0,0,0,0,0,0,1
00001104_015.png,No Finding,15,1104,57,M,PA,2870,2731,0.143,0.143,0,0,0,0,0,0,0,0,0,0,0,0,0,0,0
00001104_017.png,Infiltration,17,1104,57,M,AP,2500,2048,0.168,0.168,1,0,0,0,1,0,0,0,0,0,0,0,0,0,0
00001104_018.png,No Finding,18,1104,57,M,AP,2500,2048,0.168,0.168,0,0,0,0,0,0,0,0,0,0,0,0,0,0,0
00001104_020.png,Consolidation,20,1104,57,M,PA,2992,2991,0.143,0.143,1,0,0,0,0,0,0,0,0,1,0,0,0,0,0
00001104_021.png,No Finding,21,1104,57,M,PA,2992,2991,0.143,0.143,0,0,0,0,0,0,0,0,0,0,0,0,0,0,0
00001104_022.png,Effusion,22,1104,57,M,PA,2558,2991,0.143,0.143,1,0,0,1,0,0,0,0,0,0,0,0,0,0,0
00001108_000.png,No Finding,1,1108,59,M,PA,2021,2021,0.1943109999999999,0.1943109999999999,0,0,0,0,0,0,0,0,0,0,0,0,0,0,0
00001108_002.png,Infiltration,3,1108,60,M,PA,2021,2021,0.1943109999999999,0.1943109999999999,1,0,0,0,1,0,0,0,0,0,0,0,0,0,0
00001108_003.png,Effusion,4,1108,60,M,AP,3056,2544,0.139,0.139,1,0,0,1,0,0,0,0,0,0,0,0,0,0,0
00001110_000.png,No Finding,0,1110,21,M,PA,2048,2500,0.171,0.171,0,0,0,0,0,0,0,0,0,0,0,0,0,0,0
00001110_001.png,No Finding,1,1110,22,M,PA,2048,2500,0.171,0.171,0,0,0,0,0,0,0,0,0,0,0,0,0,0,0
00001110_002.png,No Finding,2,1110,22,M,PA,2500,2048,0.171,0.171,0,0,0,0,0,0,0,0,0,0,0,0,0,0,0
00001110_003.png,No Finding,3,1110,22,M,PA,2500,2048,0.168,0.168,0,0,0,0,0,0,0,0,0,0,0,0,0,0,0
00001110_004.png,No Finding,4,1110,23,M,PA,2500,2048,0.168,0.168,0,0,0,0,0,0,0,0,0,0,0,0,0,0,0
00001112_000.png,No Finding,0,1112,63,F,PA,2021,2021,0.1943109999999999,0.1943109999999999,0,0,0,0,0,0,0,0,0,0,0,0,0,0,0
00001112_001.png,No Finding,1,1112,64,F,PA,2021,2021,0.1943109999999999,0.1943109999999999,0,0,0,0,0,0,0,0,0,0,0,0,0,0,0
00001113_000.png,No Finding,0,1113,53,M,AP,2500,2048,0.171,0.171,0,0,0,0,0,0,0,0,0,0,0,0,0,0,0
00001116_000.png,No Finding,0,1116,55,M,PA,2500,2048,0.168,0.168,0,0,0,0,0,0,0,0,0,0,0,0,0,0,0
00001119_000.png,Mass,0,1119,56,M,PA,2500,2048,0.168,0.168,1,0,0,0,0,1,0,0,0,0,0,0,0,0,0
00001120_000.png,No Finding,0,1120,54,M,PA,2500,2048,0.168,0.168,0,0,0,0,0,0,0,0,0,0,0,0,0,0,0
00001120_001.png,No Finding,1,1120,56,M,PA,2758,2777,0.143,0.143,0,0,0,0,0,0,0,0,0,0,0,0,0,0,0
00001120_002.png,No Finding,2,1120,57,M,PA,2992,2991,0.143,0.143,0,0,0,0,0,0,0,0,0,0,0,0,0,0,0
00001120_003.png,No Finding,3,1120,59,M,PA,2500,2048,0.168,0.168,0,0,0,0,0,0,0,0,0,0,0,0,0,0,0
00001121_000.png,No Finding,0,1121,52,M,PA,2500,2048,0.168,0.168,0,0,0,0,0,0,0,0,0,0,0,0,0,0,0
00001121_001.png,No Finding,1,1121,57,M,PA,2926,2709,0.143,0.143,0,0,0,0,0,0,0,0,0,0,0,0,0,0,0
00001122_000.png,Consolidation|Infiltration,0,1122,16,M,AP,2500,2048,0.168,0.168,1,0,0,0,1,0,0,0,0,1,0,0,0,0,0
00001122_001.png,No Finding,1,1122,18,M,PA,2992,2991,0.143,0.143,0,0,0,0,0,0,0,0,0,0,0,0,0,0,0
00001122_002.png,No Finding,2,1122,18,M,AP,2500,2048,0.168,0.168,0,0,0,0,0,0,0,0,0,0,0,0,0,0,0
00001122_003.png,Infiltration,3,1122,18,M,PA,2992,2991,0.143,0.143,1,0,0,0,1,0,0,0,0,0,0,0,0,0,0
00001122_008.png,Infiltration,8,1122,18,M,AP,2500,2048,0.168,0.168,1,0,0,0,1,0,0,0,0,0,0,0,0,0,0
00001122_009.png,No Finding,9,1122,18,M,AP,2500,2048,0.168,0.168,0,0,0,0,0,0,0,0,0,0,0,0,0,0,0
00001122_010.png,No Finding,10,1122,18,M,AP,2500,2048,0.168,0.168,0,0,0,0,0,0,0,0,0,0,0,0,0,0,0
00001122_011.png,No Finding,11,1122,18,M,AP,2500,2048,0.168,0.168,0,0,0,0,0,0,0,0,0,0,0,0,0,0,0
00001122_012.png,No Finding,12,1122,18,M,AP,2500,2048,0.168,0.168,0,0,0,0,0,0,0,0,0,0,0,0,0,0,0
00001122_013.png,No Finding,13,1122,18,M,AP,2500,2048,0.168,0.168,0,0,0,0,0,0,0,0,0,0,0,0,0,0,0
00001122_014.png,Infiltration,14,1122,18,M,AP,2500,2048,0.168,0.168,1,0,0,0,1,0,0,0,0,0,0,0,0,0,0
00001122_015.png,Edema|Infiltration,15,1122,18,M,AP,2500,2048,0.168,0.168,1,0,0,0,1,0,0,0,0,0,1,0,0,0,0
00001122_017.png,Edema|Infiltration,16,1122,18,M,AP,2500,2048,0.168,0.168,1,0,0,0,1,0,0,0,0,0,1,0,0,0,0
00001122_016.png,Cardiomegaly,17,1122,18,M,AP,2500,2048,0.168,0.168,1,0,1,0,0,0,0,0,0,0,0,0,0,0,0
00001122_018.png,Infiltration,18,1122,18,M,AP,2500,2048,0.168,0.168,1,0,0,0,1,0,0,0,0,0,0,0,0,0,0
00001122_019.png,Infiltration,19,1122,18,M,AP,2500,2048,0.168,0.168,1,0,0,0,1,0,0,0,0,0,0,0,0,0,0
00001122_020.png,No Finding,20,1122,18,M,AP,2500,2048,0.168,0.168,0,0,0,0,0,0,0,0,0,0,0,0,0,0,0
00001122_021.png,No Finding,21,1122,18,M,AP,2500,2048,0.168,0.168,0,0,0,0,0,0,0,0,0,0,0,0,0,0,0
00001123_000.png,Infiltration,0,1123,44,F,PA,2048,2500,0.168,0.168,1,0,0,0,1,0,0,0,0,0,0,0,0,0,0
00001123_001.png,No Finding,1,1123,44,F,AP,2500,2048,0.168,0.168,0,0,0,0,0,0,0,0,0,0,0,0,0,0,0
00001123_002.png,No Finding,2,1123,45,F,AP,2500,2048,0.168,0.168,0,0,0,0,0,0,0,0,0,0,0,0,0,0,0
00001125_001.png,No Finding,0,1125,52,M,PA,2992,2991,0.143,0.143,0,0,0,0,0,0,0,0,0,0,0,0,0,0,0
00001125_002.png,No Finding,1,1125,53,M,PA,2992,2991,0.143,0.143,0,0,0,0,0,0,0,0,0,0,0,0,0,0,0
00001125_000.png,No Finding,2,1125,54,M,PA,2992,2991,0.143,0.143,0,0,0,0,0,0,0,0,0,0,0,0,0,0,0
00001126_000.png,No Finding,0,1126,64,M,AP,2500,2048,0.171,0.171,0,0,0,0,0,0,0,0,0,0,0,0,0,0,0
00001127_000.png,No Finding,0,1127,43,M,PA,2500,2048,0.171,0.171,0,0,0,0,0,0,0,0,0,0,0,0,0,0,0
00001128_000.png,No Finding,0,1128,62,F,AP,2500,2048,0.171,0.171,0,0,0,0,0,0,0,0,0,0,0,0,0,0,0
00001128_001.png,No Finding,1,1128,63,F,AP,2048,2500,0.171,0.171,0,0,0,0,0,0,0,0,0,0,0,0,0,0,0
00001130_000.png,No Finding,0,1130,43,M,PA,2020,2021,0.1943109999999999,0.1943109999999999,0,0,0,0,0,0,0,0,0,0,0,0,0,0,0
00001131_000.png,No Finding,0,1131,38,F,PA,2992,2991,0.143,0.143,0,0,0,0,0,0,0,0,0,0,0,0,0,0,0
00001132_001.png,No Finding,0,1132,50,F,PA,2048,2500,0.171,0.171,0,0,0,0,0,0,0,0,0,0,0,0,0,0,0
00001132_000.png,No Finding,1,1132,60,F,PA,2992,2991,0.143,0.143,0,0,0,0,0,0,0,0,0,0,0,0,0,0,0
00001134_000.png,No Finding,0,1134,33,F,PA,2992,2991,0.143,0.143,0,0,0,0,0,0,0,0,0,0,0,0,0,0,0
00001135_000.png,No Finding,0,1135,21,F,AP,2500,2048,0.168,0.168,0,0,0,0,0,0,0,0,0,0,0,0,0,0,0
00001137_000.png,No Finding,0,1137,16,F,AP,2500,2048,0.171,0.171,0,0,0,0,0,0,0,0,0,0,0,0,0,0,0
00001137_001.png,No Finding,1,1137,17,F,PA,2048,2500,0.168,0.168,0,0,0,0,0,0,0,0,0,0,0,0,0,0,0
00001137_002.png,No Finding,2,1137,17,F,PA,2048,2500,0.168,0.168,0,0,0,0,0,0,0,0,0,0,0,0,0,0,0
00001138_000.png,No Finding,0,1138,51,F,PA,2048,2500,0.171,0.171,0,0,0,0,0,0,0,0,0,0,0,0,0,0,0
00001140_002.png,Pleural_Thickening,0,1140,36,M,PA,2048,2500,0.171,0.171,1,0,0,0,0,0,0,0,0,0,0,0,0,1,0
00001140_003.png,Pleural_Thickening,1,1140,42,M,PA,2662,2991,0.143,0.143,1,0,0,0,0,0,0,0,0,0,0,0,0,1,0
00001140_004.png,Fibrosis,2,1140,43,M,PA,2992,2991,0.143,0.143,1,0,0,0,0,0,0,0,0,0,0,0,1,0,0
00001141_000.png,No Finding,0,1141,23,F,PA,2992,2991,0.143,0.143,0,0,0,0,0,0,0,0,0,0,0,0,0,0,0
00001142_000.png,Effusion,0,1142,51,M,PA,2500,2048,0.168,0.168,1,0,0,1,0,0,0,0,0,0,0,0,0,0,0
00001143_001.png,No Finding,0,1143,51,F,PA,2048,2500,0.171,0.171,0,0,0,0,0,0,0,0,0,0,0,0,0,0,0
00001143_002.png,No Finding,1,1143,52,F,PA,2048,2500,0.171,0.171,0,0,0,0,0,0,0,0,0,0,0,0,0,0,0
00001143_003.png,No Finding,2,1143,57,F,PA,2992,2991,0.143,0.143,0,0,0,0,0,0,0,0,0,0,0,0,0,0,0
00001143_000.png,No Finding,3,1143,63,F,PA,3056,2544,0.139,0.139,0,0,0,0,0,0,0,0,0,0,0,0,0,0,0
00001144_000.png,No Finding,0,1144,43,M,PA,2500,2048,0.168,0.168,0,0,0,0,0,0,0,0,0,0,0,0,0,0,0
00001145_003.png,Mass,0,1145,27,M,PA,2992,2991,0.143,0.143,1,0,0,0,0,1,0,0,0,0,0,0,0,0,0
00001145_004.png,No Finding,1,1145,28,M,PA,2992,2991,0.143,0.143,0,0,0,0,0,0,0,0,0,0,0,0,0,0,0
00001145_000.png,No Finding,2,1145,28,M,PA,3056,2544,0.139,0.139,0,0,0,0,0,0,0,0,0,0,0,0,0,0,0
00001145_002.png,Effusion|Infiltration,4,1145,30,M,AP,3056,2544,0.139,0.139,1,0,0,1,1,0,0,0,0,0,0,0,0,0,0
00001146_000.png,No Finding,0,1146,52,M,PA,2500,2048,0.171,0.171,0,0,0,0,0,0,0,0,0,0,0,0,0,0,0
00001148_000.png,No Finding,0,1148,14,F,PA,2048,2500,0.171,0.171,0,0,0,0,0,0,0,0,0,0,0,0,0,0,0
00001148_001.png,No Finding,1,1148,15,F,PA,2048,2500,0.171,0.171,0,0,0,0,0,0,0,0,0,0,0,0,0,0,0
00001148_002.png,No Finding,2,1148,16,F,PA,2048,2500,0.168,0.168,0,0,0,0,0,0,0,0,0,0,0,0,0,0,0
00001148_003.png,No Finding,3,1148,17,F,PA,2048,2500,0.168,0.168,0,0,0,0,0,0,0,0,0,0,0,0,0,0,0
00001148_004.png,No Finding,4,1148,22,F,PA,2370,2991,0.143,0.143,0,0,0,0,0,0,0,0,0,0,0,0,0,0,0
00001149_001.png,No Finding,0,1149,47,F,PA,2048,2500,0.171,0.171,0,0,0,0,0,0,0,0,0,0,0,0,0,0,0
00001149_000.png,Infiltration,1,1149,56,F,PA,2992,2991,0.143,0.143,1,0,0,0,1,0,0,0,0,0,0,0,0,0,0
00001151_003.png,Infiltration,0,1151,54,F,AP,2500,2048,0.168,0.168,1,0,0,0,1,0,0,0,0,0,0,0,0,0,0
00001151_004.png,Effusion|Infiltration,1,1151,54,F,AP,2500,2048,0.168,0.168,1,0,0,1,1,0,0,0,0,0,0,0,0,0,0
00001151_006.png,No Finding,3,1151,54,F,AP,2500,2048,0.168,0.168,0,0,0,0,0,0,0,0,0,0,0,0,0,0,0
00001151_007.png,No Finding,4,1151,54,F,AP,2500,2048,0.168,0.168,0,0,0,0,0,0,0,0,0,0,0,0,0,0,0
00001151_008.png,No Finding,5,1151,56,F,PA,2500,2577,0.143,0.143,0,0,0,0,0,0,0,0,0,0,0,0,0,0,0
00001151_000.png,No Finding,6,1151,63,F,PA,2021,2011,0.1943109999999999,0.1943109999999999,0,0,0,0,0,0,0,0,0,0,0,0,0,0,0
00001151_001.png,No Finding,7,1151,63,F,AP,3056,2544,0.139,0.139,0,0,0,0,0,0,0,0,0,0,0,0,0,0,0
00001151_002.png,No Finding,8,1151,63,F,AP,3056,2544,0.139,0.139,0,0,0,0,0,0,0,0,0,0,0,0,0,0,0
00001152_000.png,Infiltration,0,1152,32,F,PA,2992,2991,0.143,0.143,1,0,0,0,1,0,0,0,0,0,0,0,0,0,0
00001152_004.png,Edema,3,1152,32,F,AP,3040,2544,0.139,0.139,1,0,0,0,0,0,0,0,0,0,1,0,0,0,0
00001152_003.png,Edema,4,1152,32,F,AP,3056,2544,0.139,0.139,1,0,0,0,0,0,0,0,0,0,1,0,0,0,0
00001153_000.png,Fibrosis|Pleural_Thickening,0,1153,64,M,PA,2500,2048,0.168,0.168,1,0,0,0,0,0,0,0,0,0,0,0,1,1,0
00001153_001.png,No Finding,1,1153,64,M,AP,2500,2048,0.168,0.168,0,0,0,0,0,0,0,0,0,0,0,0,0,0,0
00001153_002.png,Infiltration|Pleural_Thickening,2,1153,64,M,PA,2500,2048,0.168,0.168,1,0,0,0,1,0,0,0,0,0,0,0,0,1,0
00001153_003.png,No Finding,3,1153,64,M,AP,2500,2048,0.168,0.168,0,0,0,0,0,0,0,0,0,0,0,0,0,0,0
00001153_005.png,Effusion,5,1153,64,M,PA,2048,2500,0.168,0.168,1,0,0,1,0,0,0,0,0,0,0,0,0,0,0
00001153_006.png,No Finding,6,1153,64,M,PA,2500,2048,0.168,0.168,0,0,0,0,0,0,0,0,0,0,0,0,0,0,0
00001154_001.png,No Finding,0,1154,55,F,PA,2048,2500,0.171,0.171,0,0,0,0,0,0,0,0,0,0,0,0,0,0,0
00001154_002.png,No Finding,1,1154,56,F,PA,2048,2500,0.168,0.168,0,0,0,0,0,0,0,0,0,0,0,0,0,0,0
00001154_003.png,Nodule,2,1154,60,F,PA,2678,2991,0.143,0.143,1,0,0,0,0,0,1,0,0,0,0,0,0,0,0
00001154_004.png,No Finding,3,1154,61,F,PA,2782,2991,0.143,0.143,0,0,0,0,0,0,0,0,0,0,0,0,0,0,0
00001154_005.png,No Finding,4,1154,62,F,PA,2818,2713,0.143,0.143,0,0,0,0,0,0,0,0,0,0,0,0,0,0,0
00001154_006.png,No Finding,5,1154,63,F,PA,2452,2656,0.139,0.139,0,0,0,0,0,0,0,0,0,0,0,0,0,0,0
00001154_007.png,No Finding,6,1154,64,F,PA,2992,2991,0.143,0.143,0,0,0,0,0,0,0,0,0,0,0,0,0,0,0
00001154_000.png,No Finding,7,1154,65,F,PA,2794,2541,0.143,0.143,0,0,0,0,0,0,0,0,0,0,0,0,0,0,0
00001155_000.png,No Finding,0,1155,52,M,PA,2500,2048,0.168,0.168,0,0,0,0,0,0,0,0,0,0,0,0,0,0,0
00001156_000.png,No Finding,0,1156,67,F,PA,2500,2048,0.168,0.168,0,0,0,0,0,0,0,0,0,0,0,0,0,0,0
00001156_001.png,No Finding,1,1156,75,F,PA,2544,3056,0.139,0.139,0,0,0,0,0,0,0,0,0,0,0,0,0,0,0
00001156_002.png,No Finding,2,1156,75,F,PA,2992,2991,0.143,0.143,0,0,0,0,0,0,0,0,0,0,0,0,0,0,0
00001157_000.png,No Finding,0,1157,45,F,PA,2500,2048,0.168,0.168,0,0,0,0,0,0,0,0,0,0,0,0,0,0,0
00001157_001.png,Cardiomegaly,1,1157,45,F,PA,2048,2500,0.168,0.168,1,0,1,0,0,0,0,0,0,0,0,0,0,0,0
00001157_002.png,Emphysema,2,1157,45,F,AP,2500,2048,0.168,0.168,1,0,0,0,0,0,0,0,0,0,0,1,0,0,0
00001157_003.png,No Finding,3,1157,45,F,PA,2500,2048,0.168,0.168,0,0,0,0,0,0,0,0,0,0,0,0,0,0,0
00001157_004.png,No Finding,4,1157,45,F,PA,2500,2048,0.168,0.168,0,0,0,0,0,0,0,0,0,0,0,0,0,0,0
00001157_005.png,Effusion,5,1157,46,F,PA,2500,2048,0.168,0.168,1,0,0,1,0,0,0,0,0,0,0,0,0,0,0
00001159_000.png,No Finding,0,1159,55,F,PA,2992,2991,0.143,0.143,0,0,0,0,0,0,0,0,0,0,0,0,0,0,0
00001159_001.png,Infiltration,1,1159,55,F,PA,2992,2991,0.143,0.143,1,0,0,0,1,0,0,0,0,0,0,0,0,0,0
00001159_002.png,No Finding,2,1159,55,F,PA,2992,2991,0.143,0.143,0,0,0,0,0,0,0,0,0,0,0,0,0,0,0
00001161_000.png,No Finding,0,1161,22,M,PA,2048,2500,0.168,0.168,0,0,0,0,0,0,0,0,0,0,0,0,0,0,0
00001161_001.png,No Finding,1,1161,23,M,PA,2048,2500,0.168,0.168,0,0,0,0,0,0,0,0,0,0,0,0,0,0,0
00001163_000.png,No Finding,0,1163,55,F,PA,2650,2985,0.143,0.143,0,0,0,0,0,0,0,0,0,0,0,0,0,0,0
00001166_001.png,No Finding,0,1166,37,F,PA,2048,2500,0.168,0.168,0,0,0,0,0,0,0,0,0,0,0,0,0,0,0
00001166_000.png,Infiltration,1,1166,48,F,PA,2021,2020,0.1943109999999999,0.1943109999999999,1,0,0,0,1,0,0,0,0,0,0,0,0,0,0
00001167_000.png,Consolidation|Fibrosis|Infiltration|Nodule,0,1167,51,F,PA,2992,2991,0.143,0.143,1,0,0,0,1,0,1,0,0,1,0,0,1,0,0
00001168_000.png,No Finding,0,1168,56,F,PA,2992,2991,0.143,0.143,0,0,0,0,0,0,0,0,0,0,0,0,0,0,0
00001169_001.png,No Finding,0,1169,37,F,PA,2500,2048,0.171,0.171,0,0,0,0,0,0,0,0,0,0,0,0,0,0,0
00001169_000.png,No Finding,1,1169,46,F,PA,2992,2991,0.143,0.143,0,0,0,0,0,0,0,0,0,0,0,0,0,0,0
00001170_000.png,No Finding,0,1170,20,M,PA,2456,2968,0.139,0.139,0,0,0,0,0,0,0,0,0,0,0,0,0,0,0
00001170_001.png,Infiltration,1,1170,21,M,PA,2500,2048,0.171,0.171,1,0,0,0,1,0,0,0,0,0,0,0,0,0,0
00001170_002.png,No Finding,2,1170,21,M,PA,2500,2048,0.171,0.171,0,0,0,0,0,0,0,0,0,0,0,0,0,0,0
00001170_003.png,No Finding,3,1170,21,M,PA,2500,2048,0.171,0.171,0,0,0,0,0,0,0,0,0,0,0,0,0,0,0
00001170_004.png,No Finding,4,1170,21,M,PA,2048,2500,0.171,0.171,0,0,0,0,0,0,0,0,0,0,0,0,0,0,0
00001170_005.png,Emphysema|Pleural_Thickening,5,1170,21,M,PA,2500,2048,0.171,0.171,1,0,0,0,0,0,0,0,0,0,0,1,0,1,0
00001170_006.png,Pleural_Thickening|Pneumothorax,6,1170,21,M,PA,2500,2048,0.171,0.171,1,0,0,0,0,0,0,0,1,0,0,0,0,1,0
00001170_007.png,No Finding,7,1170,22,M,AP,2500,2048,0.168,0.168,0,0,0,0,0,0,0,0,0,0,0,0,0,0,0
00001170_008.png,No Finding,8,1170,22,M,AP,2500,2048,0.168,0.168,0,0,0,0,0,0,0,0,0,0,0,0,0,0,0
00001170_009.png,No Finding,9,1170,22,M,AP,2500,2048,0.168,0.168,0,0,0,0,0,0,0,0,0,0,0,0,0,0,0
00001170_010.png,Consolidation,10,1170,22,M,AP,2500,2048,0.168,0.168,1,0,0,0,0,0,0,0,0,1,0,0,0,0,0
00001170_011.png,No Finding,11,1170,22,M,AP,2500,2048,0.168,0.168,0,0,0,0,0,0,0,0,0,0,0,0,0,0,0
00001170_012.png,Pneumothorax,12,1170,22,M,AP,2500,2048,0.168,0.168,1,0,0,0,0,0,0,0,1,0,0,0,0,0,0
00001170_013.png,No Finding,13,1170,22,M,AP,2500,2048,0.168,0.168,0,0,0,0,0,0,0,0,0,0,0,0,0,0,0
00001170_014.png,No Finding,14,1170,22,M,AP,2500,2048,0.168,0.168,0,0,0,0,0,0,0,0,0,0,0,0,0,0,0
00001170_015.png,Pneumothorax,15,1170,22,M,AP,2500,2048,0.168,0.168,1,0,0,0,0,0,0,0,1,0,0,0,0,0,0
00001170_016.png,Effusion|Pneumothorax,16,1170,22,M,AP,2500,2048,0.168,0.168,1,0,0,1,0,0,0,0,1,0,0,0,0,0,0
00001170_018.png,Infiltration|Pneumothorax,17,1170,22,M,AP,2500,2048,0.168,0.168,1,0,0,0,1,0,0,0,1,0,0,0,0,0,0
00001170_023.png,Pneumothorax,23,1170,22,M,PA,2048,2500,0.168,0.168,1,0,0,0,0,0,0,0,1,0,0,0,0,0,0
00001170_024.png,Pneumothorax,24,1170,22,M,AP,2500,2048,0.168,0.168,1,0,0,0,0,0,0,0,1,0,0,0,0,0,0
00001170_025.png,No Finding,25,1170,22,M,AP,2500,2048,0.168,0.168,0,0,0,0,0,0,0,0,0,0,0,0,0,0,0
00001170_026.png,Effusion|Pleural_Thickening|Pneumothorax,26,1170,22,M,AP,2500,2048,0.168,0.168,1,0,0,1,0,0,0,0,1,0,0,0,0,1,0
00001170_027.png,Effusion|Pleural_Thickening|Pneumothorax,27,1170,22,M,AP,2500,2048,0.168,0.168,1,0,0,1,0,0,0,0,1,0,0,0,0,1,0
00001170_028.png,Pneumothorax,28,1170,22,M,AP,2500,2048,0.168,0.168,1,0,0,0,0,0,0,0,1,0,0,0,0,0,0
00001170_029.png,Pneumothorax,29,1170,22,M,AP,2500,2048,0.168,0.168,1,0,0,0,0,0,0,0,1,0,0,0,0,0,0
00001170_030.png,Pneumothorax,30,1170,22,M,PA,2048,2500,0.168,0.168,1,0,0,0,0,0,0,0,1,0,0,0,0,0,0
00001170_031.png,No Finding,31,1170,22,M,PA,2048,2500,0.168,0.168,0,0,0,0,0,0,0,0,0,0,0,0,0,0,0
00001170_032.png,No Finding,32,1170,22,M,PA,2500,2048,0.168,0.168,0,0,0,0,0,0,0,0,0,0,0,0,0,0,0
00001170_033.png,Infiltration|Pleural_Thickening|Pneumothorax,33,1170,22,M,AP,2048,2500,0.168,0.168,1,0,0,0,1,0,0,0,1,0,0,0,0,1,0
00001170_034.png,Pneumothorax,34,1170,22,M,PA,2048,2500,0.168,0.168,1,0,0,0,0,0,0,0,1,0,0,0,0,0,0
00001170_035.png,Pneumothorax,35,1170,22,M,PA,2048,2500,0.168,0.168,1,0,0,0,0,0,0,0,1,0,0,0,0,0,0
00001170_036.png,Pneumothorax,36,1170,22,M,PA,2048,2500,0.168,0.168,1,0,0,0,0,0,0,0,1,0,0,0,0,0,0
00001170_037.png,Pneumothorax,37,1170,22,M,PA,2048,2500,0.168,0.168,1,0,0,0,0,0,0,0,1,0,0,0,0,0,0
00001170_038.png,No Finding,38,1170,22,M,PA,2048,2500,0.168,0.168,0,0,0,0,0,0,0,0,0,0,0,0,0,0,0
00001170_039.png,Pneumothorax,39,1170,22,M,PA,2048,2500,0.168,0.168,1,0,0,0,0,0,0,0,1,0,0,0,0,0,0
00001170_040.png,Pneumothorax,40,1170,22,M,PA,2048,2500,0.168,0.168,1,0,0,0,0,0,0,0,1,0,0,0,0,0,0
00001170_041.png,Pneumothorax,41,1170,22,M,AP,2500,2048,0.168,0.168,1,0,0,0,0,0,0,0,1,0,0,0,0,0,0
00001170_042.png,Mass|Pleural_Thickening,42,1170,22,M,PA,2500,2048,0.168,0.168,1,0,0,0,0,1,0,0,0,0,0,0,0,1,0
00001170_043.png,Mass|Pleural_Thickening,43,1170,22,M,PA,2048,2500,0.168,0.168,1,0,0,0,0,1,0,0,0,0,0,0,0,1,0
00001170_044.png,No Finding,44,1170,22,M,PA,2048,2500,0.168,0.168,0,0,0,0,0,0,0,0,0,0,0,0,0,0,0
00001170_045.png,Pleural_Thickening|Pneumothorax,45,1170,22,M,PA,2048,2500,0.168,0.168,1,0,0,0,0,0,0,0,1,0,0,0,0,1,0
00001170_047.png,Pleural_Thickening|Pneumothorax,47,1170,23,M,PA,2500,2048,0.168,0.168,1,0,0,0,0,0,0,0,1,0,0,0,0,1,0
00001170_048.png,No Finding,48,1170,24,M,PA,2566,2881,0.143,0.143,0,0,0,0,0,0,0,0,0,0,0,0,0,0,0
00001170_049.png,Fibrosis,49,1170,25,M,PA,2782,2873,0.143,0.143,1,0,0,0,0,0,0,0,0,0,0,0,1,0,0
00001170_050.png,No Finding,50,1170,25,M,PA,2686,2991,0.143,0.143,0,0,0,0,0,0,0,0,0,0,0,0,0,0,0
00001170_051.png,No Finding,51,1170,25,M,AP,2500,2048,0.168,0.168,0,0,0,0,0,0,0,0,0,0,0,0,0,0,0
00001170_052.png,No Finding,52,1170,25,M,AP,2048,2500,0.168,0.168,0,0,0,0,0,0,0,0,0,0,0,0,0,0,0
00001170_053.png,Consolidation,53,1170,25,M,AP,2500,2048,0.168,0.168,1,0,0,0,0,0,0,0,0,1,0,0,0,0,0
00001170_054.png,No Finding,54,1170,25,M,AP,2500,2048,0.168,0.168,0,0,0,0,0,0,0,0,0,0,0,0,0,0,0
00001170_055.png,No Finding,55,1170,25,M,PA,2992,2991,0.143,0.143,0,0,0,0,0,0,0,0,0,0,0,0,0,0,0
00001171_000.png,No Finding,0,1171,52,M,PA,2748,2937,0.143,0.143,0,0,0,0,0,0,0,0,0,0,0,0,0,0,0
00001173_000.png,No Finding,0,1173,32,M,PA,2500,2048,0.168,0.168,0,0,0,0,0,0,0,0,0,0,0,0,0,0,0
00001178_000.png,No Finding,0,1178,39,F,PA,2992,2991,0.143,0.143,0,0,0,0,0,0,0,0,0,0,0,0,0,0,0
00001180_000.png,No Finding,0,1180,68,F,PA,2992,2991,0.143,0.143,0,0,0,0,0,0,0,0,0,0,0,0,0,0,0
00001181_000.png,No Finding,0,1181,17,F,AP,2500,2048,0.168,0.168,0,0,0,0,0,0,0,0,0,0,0,0,0,0,0
00001182_000.png,No Finding,0,1182,25,M,PA,2048,2500,0.171,0.171,0,0,0,0,0,0,0,0,0,0,0,0,0,0,0
00001182_001.png,Mass|Nodule,1,1182,26,M,PA,2500,2048,0.171,0.171,1,0,0,0,0,1,1,0,0,0,0,0,0,0,0
00001182_002.png,No Finding,2,1182,27,M,PA,2500,2048,0.171,0.171,0,0,0,0,0,0,0,0,0,0,0,0,0,0,0
00001182_003.png,Nodule,3,1182,28,M,PA,2500,2048,0.171,0.171,1,0,0,0,0,0,1,0,0,0,0,0,0,0,0
00001182_004.png,Pneumonia,4,1182,28,M,PA,2500,2048,0.171,0.171,1,0,0,0,0,0,0,1,0,0,0,0,0,0,0
00001182_005.png,Mass|Nodule,5,1182,28,M,PA,2500,2048,0.168,0.168,1,0,0,0,0,1,1,0,0,0,0,0,0,0,0
00001182_006.png,No Finding,6,1182,29,M,PA,2500,2048,0.168,0.168,0,0,0,0,0,0,0,0,0,0,0,0,0,0,0
00001182_007.png,No Finding,7,1182,29,M,PA,2500,2048,0.168,0.168,0,0,0,0,0,0,0,0,0,0,0,0,0,0,0
00001182_008.png,Mass,8,1182,29,M,PA,2500,2048,0.168,0.168,1,0,0,0,0,1,0,0,0,0,0,0,0,0,0
00001182_009.png,No Finding,9,1182,29,M,PA,2500,2048,0.168,0.168,0,0,0,0,0,0,0,0,0,0,0,0,0,0,0
00001182_010.png,Mass,10,1182,29,M,PA,2500,2048,0.168,0.168,1,0,0,0,0,1,0,0,0,0,0,0,0,0,0
00001182_011.png,No Finding,11,1182,30,M,PA,2500,2048,0.168,0.168,0,0,0,0,0,0,0,0,0,0,0,0,0,0,0
00001183_001.png,No Finding,0,1183,52,F,PA,2508,3056,0.139,0.139,0,0,0,0,0,0,0,0,0,0,0,0,0,0,0
00001183_000.png,Infiltration,1,1183,56,F,PA,2021,2021,0.1943109999999999,0.1943109999999999,1,0,0,0,1,0,0,0,0,0,0,0,0,0,0
00001184_000.png,No Finding,0,1184,59,F,PA,2674,2729,0.143,0.143,0,0,0,0,0,0,0,0,0,0,0,0,0,0,0
00001185_000.png,No Finding,0,1185,57,M,PA,2500,2048,0.168,0.168,0,0,0,0,0,0,0,0,0,0,0,0,0,0,0
00001187_000.png,Infiltration|Pleural_Thickening,0,1187,66,F,AP,2500,2048,0.168,0.168,1,0,0,0,1,0,0,0,0,0,0,0,0,1,0
00001187_001.png,Effusion|Mass,1,1187,66,F,PA,2048,2500,0.168,0.168,1,0,0,1,0,1,0,0,0,0,0,0,0,0,0
00001187_002.png,Mass,2,1187,66,F,PA,2048,2500,0.168,0.168,1,0,0,0,0,1,0,0,0,0,0,0,0,0,0
00001187_003.png,Mass,3,1187,66,F,PA,2048,2500,0.168,0.168,1,0,0,0,0,1,0,0,0,0,0,0,0,0,0
00001187_004.png,No Finding,4,1187,66,F,AP,2500,2048,0.168,0.168,0,0,0,0,0,0,0,0,0,0,0,0,0,0,0
00001187_005.png,Mass,5,1187,66,F,PA,2048,2500,0.168,0.168,1,0,0,0,0,1,0,0,0,0,0,0,0,0,0
00001187_006.png,No Finding,6,1187,66,F,PA,2048,2500,0.168,0.168,0,0,0,0,0,0,0,0,0,0,0,0,0,0,0
00001191_000.png,No Finding,0,1191,44,M,PA,2790,2627,0.143,0.143,0,0,0,0,0,0,0,0,0,0,0,0,0,0,0
00001192_001.png,No Finding,0,1192,49,M,PA,2766,2681,0.143,0.143,0,0,0,0,0,0,0,0,0,0,0,0,0,0,0
00001192_000.png,No Finding,1,1192,56,M,PA,2992,2991,0.143,0.143,0,0,0,0,0,0,0,0,0,0,0,0,0,0,0
00001194_000.png,Pneumothorax,0,1194,38,M,AP,2500,2048,0.168,0.168,1,0,0,0,0,0,0,0,1,0,0,0,0,0,0
00001194_001.png,No Finding,1,1194,38,M,AP,2500,2048,0.168,0.168,0,0,0,0,0,0,0,0,0,0,0,0,0,0,0
00001194_002.png,Effusion|Pneumothorax,2,1194,38,M,PA,2048,2500,0.168,0.168,1,0,0,1,0,0,0,0,1,0,0,0,0,0,0
00001194_003.png,No Finding,3,1194,40,M,PA,2992,2991,0.143,0.143,0,0,0,0,0,0,0,0,0,0,0,0,0,0,0
00001194_004.png,No Finding,4,1194,41,M,PA,2992,2991,0.143,0.143,0,0,0,0,0,0,0,0,0,0,0,0,0,0,0
00001194_005.png,Pneumothorax,5,1194,41,M,PA,2462,2677,0.143,0.143,1,0,0,0,0,0,0,0,1,0,0,0,0,0,0
00001194_006.png,No Finding,6,1194,41,M,AP,2048,2500,0.168,0.168,0,0,0,0,0,0,0,0,0,0,0,0,0,0,0
00001195_000.png,No Finding,0,1195,36,M,PA,2822,2991,0.143,0.143,0,0,0,0,0,0,0,0,0,0,0,0,0,0,0
00001196_000.png,No Finding,0,1196,13,M,PA,2048,2500,0.171,0.171,0,0,0,0,0,0,0,0,0,0,0,0,0,0,0
00001197_000.png,Infiltration,0,1197,50,M,PA,2992,2991,0.143,0.143,1,0,0,0,1,0,0,0,0,0,0,0,0,0,0
00001198_000.png,No Finding,0,1198,50,F,PA,2990,2991,0.143,0.143,0,0,0,0,0,0,0,0,0,0,0,0,0,0,0
00001199_000.png,No Finding,0,1199,49,M,PA,2500,2048,0.171,0.171,0,0,0,0,0,0,0,0,0,0,0,0,0,0,0
00001199_001.png,No Finding,1,1199,51,M,PA,2500,2048,0.168,0.168,0,0,0,0,0,0,0,0,0,0,0,0,0,0,0
00001199_002.png,Emphysema,2,1199,51,M,AP,2500,2048,0.168,0.168,1,0,0,0,0,0,0,0,0,0,0,1,0,0,0
00001199_006.png,No Finding,6,1199,53,M,PA,2048,2500,0.168,0.168,0,0,0,0,0,0,0,0,0,0,0,0,0,0,0
00001199_007.png,Pleural_Thickening,7,1199,53,M,AP,2500,2048,0.168,0.168,1,0,0,0,0,0,0,0,0,0,0,0,0,1,0
00001200_001.png,No Finding,1,1200,21,M,AP,2500,2048,0.171,0.171,0,0,0,0,0,0,0,0,0,0,0,0,0,0,0
00001200_002.png,No Finding,2,1200,21,M,PA,2500,2048,0.171,0.171,0,0,0,0,0,0,0,0,0,0,0,0,0,0,0
00001200_004.png,No Finding,4,1200,22,M,AP,2500,2048,0.171,0.171,0,0,0,0,0,0,0,0,0,0,0,0,0,0,0
00001200_005.png,No Finding,5,1200,22,M,PA,2500,2048,0.168,0.168,0,0,0,0,0,0,0,0,0,0,0,0,0,0,0
00001200_006.png,No Finding,6,1200,22,M,AP,2500,2048,0.171,0.171,0,0,0,0,0,0,0,0,0,0,0,0,0,0,0
00001200_010.png,No Finding,9,1200,24,M,AP,2500,2048,0.168,0.168,0,0,0,0,0,0,0,0,0,0,0,0,0,0,0
00001200_011.png,No Finding,10,1200,24,M,AP,2500,2048,0.168,0.168,0,0,0,0,0,0,0,0,0,0,0,0,0,0,0
00001200_012.png,Edema|Effusion|Infiltration,12,1200,24,M,AP,2500,2048,0.168,0.168,1,0,0,1,1,0,0,0,0,0,1,0,0,0,0
00001200_013.png,Edema|Effusion|Infiltration,13,1200,24,M,AP,2500,2048,0.168,0.168,1,0,0,1,1,0,0,0,0,0,1,0,0,0,0
00001200_014.png,Edema|Effusion|Infiltration,14,1200,24,M,AP,2500,2048,0.168,0.168,1,0,0,1,1,0,0,0,0,0,1,0,0,0,0
00001200_015.png,Infiltration|Nodule,15,1200,24,M,AP,2500,2048,0.168,0.168,1,0,0,0,1,0,1,0,0,0,0,0,0,0,0
00001200_016.png,Infiltration|Nodule,16,1200,24,M,AP,2500,2048,0.168,0.168,1,0,0,0,1,0,1,0,0,0,0,0,0,0,0
00001200_017.png,Infiltration,17,1200,24,M,AP,2500,2048,0.168,0.168,1,0,0,0,1,0,0,0,0,0,0,0,0,0,0
00001200_018.png,Infiltration,18,1200,24,M,AP,2500,2048,0.168,0.168,1,0,0,0,1,0,0,0,0,0,0,0,0,0,0
00001200_019.png,Infiltration,19,1200,24,M,AP,2500,2048,0.168,0.168,1,0,0,0,1,0,0,0,0,0,0,0,0,0,0
00001200_020.png,No Finding,20,1200,24,M,AP,2500,2048,0.168,0.168,0,0,0,0,0,0,0,0,0,0,0,0,0,0,0
00001200_021.png,Infiltration,21,1200,24,M,AP,2500,2048,0.168,0.168,1,0,0,0,1,0,0,0,0,0,0,0,0,0,0
00001200_022.png,Infiltration,22,1200,24,M,AP,2500,2048,0.168,0.168,1,0,0,0,1,0,0,0,0,0,0,0,0,0,0
00001200_023.png,Infiltration,23,1200,24,M,AP,2500,2048,0.168,0.168,1,0,0,0,1,0,0,0,0,0,0,0,0,0,0
00001202_000.png,No Finding,0,1202,46,F,PA,2048,2500,0.171,0.171,0,0,0,0,0,0,0,0,0,0,0,0,0,0,0
00001202_001.png,Effusion,1,1202,46,F,PA,2048,2500,0.171,0.171,1,0,0,1,0,0,0,0,0,0,0,0,0,0,0
00001202_002.png,Effusion|Pneumothorax,2,1202,48,F,PA,2048,2500,0.168,0.168,1,0,0,1,0,0,0,0,1,0,0,0,0,0,0
00001202_003.png,No Finding,3,1202,48,F,PA,2048,2500,0.168,0.168,0,0,0,0,0,0,0,0,0,0,0,0,0,0,0
00001202_004.png,Pneumothorax,4,1202,50,F,PA,2986,2991,0.143,0.143,1,0,0,0,0,0,0,0,1,0,0,0,0,0,0
00001202_005.png,No Finding,5,1202,50,F,PA,2490,2517,0.143,0.143,0,0,0,0,0,0,0,0,0,0,0,0,0,0,0
00001203_005.png,No Finding,0,1203,48,M,PA,2992,2991,0.143,0.143,0,0,0,0,0,0,0,0,0,0,0,0,0,0,0
00001203_006.png,Pleural_Thickening,1,1203,48,M,PA,2992,2991,0.143,0.143,1,0,0,0,0,0,0,0,0,0,0,0,0,1,0
00001203_007.png,No Finding,2,1203,48,M,PA,2834,2793,0.143,0.143,0,0,0,0,0,0,0,0,0,0,0,0,0,0,0
00001203_008.png,No Finding,3,1203,48,M,AP,2500,2048,0.168,0.168,0,0,0,0,0,0,0,0,0,0,0,0,0,0,0
00001203_009.png,No Finding,4,1203,48,M,AP,2500,2048,0.168,0.168,0,0,0,0,0,0,0,0,0,0,0,0,0,0,0
00001203_011.png,No Finding,6,1203,48,M,AP,2500,2048,0.168,0.168,0,0,0,0,0,0,0,0,0,0,0,0,0,0,0
00001203_012.png,No Finding,7,1203,49,M,PA,2992,2991,0.143,0.143,0,0,0,0,0,0,0,0,0,0,0,0,0,0,0
00001203_013.png,No Finding,8,1203,49,M,PA,2746,2991,0.143,0.143,0,0,0,0,0,0,0,0,0,0,0,0,0,0,0
00001203_014.png,No Finding,9,1203,52,M,PA,2566,2607,0.143,0.143,0,0,0,0,0,0,0,0,0,0,0,0,0,0,0
00001203_015.png,No Finding,10,1203,52,M,AP,2500,2048,0.168,0.168,0,0,0,0,0,0,0,0,0,0,0,0,0,0,0
00001203_017.png,No Finding,12,1203,52,M,PA,2992,2991,0.143,0.143,0,0,0,0,0,0,0,0,0,0,0,0,0,0,0
00001203_018.png,No Finding,13,1203,52,M,AP,3056,2544,0.139,0.139,0,0,0,0,0,0,0,0,0,0,0,0,0,0,0
00001203_000.png,No Finding,14,1203,53,M,PA,2992,2991,0.143,0.143,0,0,0,0,0,0,0,0,0,0,0,0,0,0,0
00001203_001.png,No Finding,15,1203,55,M,PA,2992,2991,0.143,0.143,0,0,0,0,0,0,0,0,0,0,0,0,0,0,0
00001203_002.png,No Finding,16,1203,55,M,PA,2544,3056,0.139,0.139,0,0,0,0,0,0,0,0,0,0,0,0,0,0,0
00001203_003.png,No Finding,17,1203,56,M,PA,2020,2021,0.1943109999999999,0.1943109999999999,0,0,0,0,0,0,0,0,0,0,0,0,0,0,0
00001203_004.png,No Finding,18,1203,56,M,PA,2544,3056,0.139,0.139,0,0,0,0,0,0,0,0,0,0,0,0,0,0,0
00001204_001.png,No Finding,0,1204,50,F,PA,2992,2991,0.143,0.143,0,0,0,0,0,0,0,0,0,0,0,0,0,0,0
00001204_000.png,No Finding,1,1204,57,F,PA,2990,2991,0.143,0.143,0,0,0,0,0,0,0,0,0,0,0,0,0,0,0
00001206_000.png,No Finding,0,1206,52,F,PA,2048,2500,0.171,0.171,0,0,0,0,0,0,0,0,0,0,0,0,0,0,0
00001206_001.png,Effusion,1,1206,53,F,AP,2500,2048,0.171,0.171,1,0,0,1,0,0,0,0,0,0,0,0,0,0,0
00001206_002.png,No Finding,2,1206,53,F,AP,2500,2048,0.171,0.171,0,0,0,0,0,0,0,0,0,0,0,0,0,0,0
00001206_004.png,Effusion,4,1206,53,F,PA,2500,2048,0.171,0.171,1,0,0,1,0,0,0,0,0,0,0,0,0,0,0
00001206_005.png,Emphysema,5,1206,53,F,AP,2500,2048,0.171,0.171,1,0,0,0,0,0,0,0,0,0,0,1,0,0,0
00001206_006.png,No Finding,6,1206,53,F,PA,2048,2500,0.171,0.171,0,0,0,0,0,0,0,0,0,0,0,0,0,0,0
00001206_008.png,No Finding,8,1206,53,F,PA,2048,2500,0.171,0.171,0,0,0,0,0,0,0,0,0,0,0,0,0,0,0
00001207_000.png,No Finding,0,1207,41,F,PA,2252,2353,0.143,0.143,0,0,0,0,0,0,0,0,0,0,0,0,0,0,0
00001208_000.png,No Finding,0,1208,29,F,PA,2992,2991,0.143,0.143,0,0,0,0,0,0,0,0,0,0,0,0,0,0,0
00001208_001.png,No Finding,1,1208,29,F,AP,3056,2544,0.139,0.139,0,0,0,0,0,0,0,0,0,0,0,0,0,0,0
00001208_002.png,No Finding,2,1208,29,F,PA,2992,2991,0.143,0.143,0,0,0,0,0,0,0,0,0,0,0,0,0,0,0
00001208_003.png,No Finding,3,1208,29,F,PA,2992,2991,0.143,0.143,0,0,0,0,0,0,0,0,0,0,0,0,0,0,0
00001208_004.png,No Finding,4,1208,29,F,AP,3056,2544,0.139,0.139,0,0,0,0,0,0,0,0,0,0,0,0,0,0,0
00001208_005.png,No Finding,5,1208,29,F,PA,2992,2991,0.143,0.143,0,0,0,0,0,0,0,0,0,0,0,0,0,0,0
00001209_000.png,No Finding,0,1209,45,M,AP,3056,2544,0.139,0.139,0,0,0,0,0,0,0,0,0,0,0,0,0,0,0
00001209_001.png,Effusion|Infiltration,1,1209,45,M,PA,2021,2021,0.1943109999999999,0.1943109999999999,1,0,0,1,1,0,0,0,0,0,0,0,0,0,0
00001210_004.png,No Finding,0,1210,63,M,PA,3056,2456,0.139,0.139,0,0,0,0,0,0,0,0,0,0,0,0,0,0,0
00001210_005.png,Effusion,1,1210,63,M,PA,2992,2991,0.143,0.143,1,0,0,1,0,0,0,0,0,0,0,0,0,0,0
00001210_006.png,No Finding,2,1210,63,M,AP,3056,2544,0.139,0.139,0,0,0,0,0,0,0,0,0,0,0,0,0,0,0
00001210_007.png,No Finding,3,1210,63,M,PA,2992,2991,0.143,0.143,0,0,0,0,0,0,0,0,0,0,0,0,0,0,0
00001210_000.png,No Finding,4,1210,65,M,PA,3056,2544,0.139,0.139,0,0,0,0,0,0,0,0,0,0,0,0,0,0,0
00001210_001.png,No Finding,5,1210,65,M,PA,3056,2544,0.139,0.139,0,0,0,0,0,0,0,0,0,0,0,0,0,0,0
00001210_002.png,Infiltration,6,1210,66,M,PA,2021,2021,0.1943109999999999,0.1943109999999999,1,0,0,0,1,0,0,0,0,0,0,0,0,0,0
00001210_003.png,No Finding,7,1210,67,M,PA,2021,2021,0.1943109999999999,0.1943109999999999,0,0,0,0,0,0,0,0,0,0,0,0,0,0,0
00001213_000.png,No Finding,0,1213,36,F,PA,2048,2500,0.171,0.171,0,0,0,0,0,0,0,0,0,0,0,0,0,0,0
00001213_001.png,No Finding,1,1213,39,F,PA,2358,2991,0.143,0.143,0,0,0,0,0,0,0,0,0,0,0,0,0,0,0
00001213_002.png,No Finding,2,1213,42,F,PA,2992,2991,0.143,0.143,0,0,0,0,0,0,0,0,0,0,0,0,0,0,0
00001213_003.png,No Finding,3,1213,42,F,PA,2048,2500,0.168,0.168,0,0,0,0,0,0,0,0,0,0,0,0,0,0,0
00001213_004.png,No Finding,4,1213,43,F,PA,2314,2991,0.143,0.143,0,0,0,0,0,0,0,0,0,0,0,0,0,0,0
00001215_000.png,No Finding,0,1215,35,M,PA,2048,2500,0.171,0.171,0,0,0,0,0,0,0,0,0,0,0,0,0,0,0
00001215_001.png,No Finding,1,1215,42,M,PA,2638,2991,0.143,0.143,0,0,0,0,0,0,0,0,0,0,0,0,0,0,0
00001216_000.png,No Finding,0,1216,56,M,AP,2500,2048,0.168,0.168,0,0,0,0,0,0,0,0,0,0,0,0,0,0,0
00001217_000.png,No Finding,0,1217,58,F,PA,2570,2991,0.143,0.143,0,0,0,0,0,0,0,0,0,0,0,0,0,0,0
00001217_001.png,No Finding,1,1217,58,F,PA,2482,2377,0.143,0.143,0,0,0,0,0,0,0,0,0,0,0,0,0,0,0
00001218_000.png,No Finding,0,1218,23,F,PA,2048,2500,0.168,0.168,0,0,0,0,0,0,0,0,0,0,0,0,0,0,0
00001219_000.png,Infiltration,0,1219,55,F,PA,2476,3052,0.139,0.139,1,0,0,0,1,0,0,0,0,0,0,0,0,0,0
00001220_001.png,No Finding,1,1220,18,M,PA,2500,2048,0.168,0.168,0,0,0,0,0,0,0,0,0,0,0,0,0,0,0
00001221_000.png,No Finding,0,1221,51,F,PA,2500,2048,0.168,0.168,0,0,0,0,0,0,0,0,0,0,0,0,0,0,0
00001221_001.png,No Finding,1,1221,51,F,AP,2500,2048,0.168,0.168,0,0,0,0,0,0,0,0,0,0,0,0,0,0,0
00001221_002.png,No Finding,2,1221,52,F,PA,2048,2500,0.168,0.168,0,0,0,0,0,0,0,0,0,0,0,0,0,0,0
00001221_003.png,No Finding,3,1221,59,F,PA,2846,2991,0.143,0.143,0,0,0,0,0,0,0,0,0,0,0,0,0,0,0
00001221_004.png,No Finding,4,1221,59,F,AP,2820,2544,0.139,0.139,0,0,0,0,0,0,0,0,0,0,0,0,0,0,0
00001224_000.png,No Finding,0,1224,22,F,PA,2992,2991,0.143,0.143,0,0,0,0,0,0,0,0,0,0,0,0,0,0,0
00001224_001.png,No Finding,1,1224,23,F,PA,2992,2991,0.143,0.143,0,0,0,0,0,0,0,0,0,0,0,0,0,0,0
00001225_000.png,No Finding,0,1225,41,M,PA,2500,2048,0.171,0.171,0,0,0,0,0,0,0,0,0,0,0,0,0,0,0
00001225_001.png,No Finding,1,1225,51,M,PA,2992,2991,0.143,0.143,0,0,0,0,0,0,0,0,0,0,0,0,0,0,0
00001226_000.png,No Finding,0,1226,80,M,AP,2500,2048,0.171,0.171,0,0,0,0,0,0,0,0,0,0,0,0,0,0,0
00001226_001.png,Effusion,1,1226,80,M,AP,2500,2048,0.171,0.171,1,0,0,1,0,0,0,0,0,0,0,0,0,0,0
00001226_002.png,Effusion,2,1226,80,M,AP,2500,2048,0.171,0.171,1,0,0,1,0,0,0,0,0,0,0,0,0,0,0
00001226_003.png,Effusion,3,1226,80,M,AP,2500,2048,0.171,0.171,1,0,0,1,0,0,0,0,0,0,0,0,0,0,0
00001226_004.png,Effusion,4,1226,80,M,AP,2500,2048,0.171,0.171,1,0,0,1,0,0,0,0,0,0,0,0,0,0,0
00001228_000.png,No Finding,0,1228,17,M,AP,2500,2048,0.168,0.168,0,0,0,0,0,0,0,0,0,0,0,0,0,0,0
00001228_001.png,No Finding,1,1228,17,M,AP,2500,2048,0.168,0.168,0,0,0,0,0,0,0,0,0,0,0,0,0,0,0
00001228_002.png,No Finding,2,1228,17,M,PA,2930,2749,0.143,0.143,0,0,0,0,0,0,0,0,0,0,0,0,0,0,0
00001230_001.png,No Finding,0,1230,25,M,PA,2500,2048,0.171,0.171,0,0,0,0,0,0,0,0,0,0,0,0,0,0,0
00001230_002.png,No Finding,1,1230,26,M,PA,2500,2048,0.171,0.171,0,0,0,0,0,0,0,0,0,0,0,0,0,0,0
00001230_003.png,No Finding,2,1230,26,M,PA,2500,2048,0.171,0.171,0,0,0,0,0,0,0,0,0,0,0,0,0,0,0
00001230_004.png,No Finding,3,1230,26,M,PA,2500,2048,0.171,0.171,0,0,0,0,0,0,0,0,0,0,0,0,0,0,0
00001230_005.png,No Finding,4,1230,33,M,PA,2992,2991,0.143,0.143,0,0,0,0,0,0,0,0,0,0,0,0,0,0,0
00001230_006.png,No Finding,5,1230,33,M,PA,2992,2991,0.143,0.143,0,0,0,0,0,0,0,0,0,0,0,0,0,0,0
00001230_007.png,Infiltration,6,1230,33,M,PA,2992,2991,0.143,0.143,1,0,0,0,1,0,0,0,0,0,0,0,0,0,0
00001230_008.png,No Finding,7,1230,34,M,PA,2992,2991,0.143,0.143,0,0,0,0,0,0,0,0,0,0,0,0,0,0,0
00001230_000.png,No Finding,8,1230,38,M,PA,2992,2991,0.143,0.143,0,0,0,0,0,0,0,0,0,0,0,0,0,0,0
00001231_000.png,No Finding,0,1231,38,M,PA,2500,2048,0.171,0.171,0,0,0,0,0,0,0,0,0,0,0,0,0,0,0
00001231_001.png,No Finding,1,1231,39,M,PA,2500,2048,0.171,0.171,0,0,0,0,0,0,0,0,0,0,0,0,0,0,0
00001231_002.png,No Finding,2,1231,40,M,PA,2500,2048,0.168,0.168,0,0,0,0,0,0,0,0,0,0,0,0,0,0,0
00001233_000.png,Emphysema,0,1233,58,F,PA,2518,2785,0.143,0.143,1,0,0,0,0,0,0,0,0,0,0,1,0,0,0
00001235_000.png,Effusion|Pleural_Thickening,0,1235,34,F,PA,2048,2500,0.171,0.171,1,0,0,1,0,0,0,0,0,0,0,0,0,1,0
00001235_001.png,Effusion|Fibrosis|Pneumonia,1,1235,35,F,PA,2048,2500,0.171,0.171,1,0,0,1,0,0,0,1,0,0,0,0,1,0,0
00001237_000.png,No Finding,0,1237,37,M,PA,2500,2048,0.171,0.171,0,0,0,0,0,0,0,0,0,0,0,0,0,0,0
00001237_001.png,No Finding,1,1237,38,M,PA,2500,2048,0.171,0.171,0,0,0,0,0,0,0,0,0,0,0,0,0,0,0
00001239_000.png,No Finding,0,1239,25,F,PA,2558,2253,0.143,0.143,0,0,0,0,0,0,0,0,0,0,0,0,0,0,0
00001240_000.png,No Finding,0,1240,51,F,PA,2048,2500,0.168,0.168,0,0,0,0,0,0,0,0,0,0,0,0,0,0,0
00001241_000.png,No Finding,0,1241,50,M,PA,2936,2937,0.143,0.143,0,0,0,0,0,0,0,0,0,0,0,0,0,0,0
00001242_000.png,No Finding,0,1242,55,F,PA,2048,2500,0.171,0.171,0,0,0,0,0,0,0,0,0,0,0,0,0,0,0
00001244_000.png,No Finding,0,1244,71,F,PA,2500,2048,0.171,0.171,0,0,0,0,0,0,0,0,0,0,0,0,0,0,0
00001245_000.png,No Finding,0,1245,58,M,PA,2918,2909,0.143,0.143,0,0,0,0,0,0,0,0,0,0,0,0,0,0,0
00001245_001.png,No Finding,1,1245,59,M,PA,2992,2991,0.143,0.143,0,0,0,0,0,0,0,0,0,0,0,0,0,0,0
00001246_000.png,No Finding,0,1246,15,F,PA,2992,2991,0.143,0.143,0,0,0,0,0,0,0,0,0,0,0,0,0,0,0
00001247_000.png,No Finding,0,1247,41,M,PA,2500,2048,0.168,0.168,0,0,0,0,0,0,0,0,0,0,0,0,0,0,0
00001247_001.png,No Finding,1,1247,41,M,AP,2500,2048,0.168,0.168,0,0,0,0,0,0,0,0,0,0,0,0,0,0,0
00001247_002.png,No Finding,2,1247,42,M,AP,2500,2048,0.168,0.168,0,0,0,0,0,0,0,0,0,0,0,0,0,0,0
00001247_003.png,No Finding,3,1247,42,M,AP,2500,2048,0.168,0.168,0,0,0,0,0,0,0,0,0,0,0,0,0,0,0
00001247_004.png,Infiltration,4,1247,42,M,AP,2500,2048,0.168,0.168,1,0,0,0,1,0,0,0,0,0,0,0,0,0,0
00001247_005.png,No Finding,5,1247,43,M,PA,2992,2869,0.143,0.143,0,0,0,0,0,0,0,0,0,0,0,0,0,0,0
00001247_006.png,No Finding,6,1247,43,M,AP,2500,2048,0.168,0.168,0,0,0,0,0,0,0,0,0,0,0,0,0,0,0
00001247_007.png,Infiltration,7,1247,43,M,AP,2500,2048,0.168,0.168,1,0,0,0,1,0,0,0,0,0,0,0,0,0,0
00001247_008.png,No Finding,8,1247,43,M,AP,2500,2048,0.168,0.168,0,0,0,0,0,0,0,0,0,0,0,0,0,0,0
00001247_009.png,No Finding,9,1247,43,M,PA,2936,2937,0.143,0.143,0,0,0,0,0,0,0,0,0,0,0,0,0,0,0
00001247_010.png,Consolidation,10,1247,43,M,AP,2500,2048,0.168,0.168,1,0,0,0,0,0,0,0,0,1,0,0,0,0,0
00001247_011.png,Pneumonia,11,1247,43,M,AP,2500,2048,0.168,0.168,1,0,0,0,0,0,0,1,0,0,0,0,0,0,0
00001247_012.png,Infiltration,12,1247,43,M,PA,2992,2991,0.143,0.143,1,0,0,0,1,0,0,0,0,0,0,0,0,0,0
00001247_013.png,Infiltration,13,1247,43,M,AP,2500,2048,0.168,0.168,1,0,0,0,1,0,0,0,0,0,0,0,0,0,0
00001247_014.png,Pleural_Thickening,14,1247,44,M,AP,2500,2048,0.168,0.168,1,0,0,0,0,0,0,0,0,0,0,0,0,1,0
00001247_015.png,No Finding,15,1247,44,M,AP,2500,2048,0.168,0.168,0,0,0,0,0,0,0,0,0,0,0,0,0,0,0
00001248_018.png,Mass,0,1248,33,F,PA,2658,2991,0.143,0.143,1,0,0,0,0,1,0,0,0,0,0,0,0,0,0
00001248_019.png,Mass,1,1248,33,F,AP,2500,2048,0.168,0.168,1,0,0,0,0,1,0,0,0,0,0,0,0,0,0
00001248_020.png,No Finding,2,1248,33,F,PA,2992,2991,0.143,0.143,0,0,0,0,0,0,0,0,0,0,0,0,0,0,0
00001248_021.png,Emphysema,3,1248,33,F,PA,2710,2991,0.143,0.143,1,0,0,0,0,0,0,0,0,0,0,1,0,0,0
00001248_022.png,Emphysema|Pneumothorax,4,1248,33,F,PA,2992,2991,0.143,0.143,1,0,0,0,0,0,0,0,1,0,0,1,0,0,0
00001248_023.png,Emphysema|Infiltration|Pleural_Thickening|Pneumothorax,5,1248,33,F,PA,2992,2991,0.143,0.143,1,0,0,0,1,0,0,0,1,0,0,1,0,1,0
00001248_024.png,Emphysema|Pneumothorax,6,1248,33,F,PA,2510,2991,0.143,0.143,1,0,0,0,0,0,0,0,1,0,0,1,0,0,0
00001248_025.png,Emphysema|Mass|Nodule|Pneumothorax,7,1248,33,F,PA,2992,2989,0.143,0.143,1,0,0,0,0,1,1,0,1,0,0,1,0,0,0
00001248_026.png,Emphysema,8,1248,33,F,PA,2992,2991,0.143,0.143,1,0,0,0,0,0,0,0,0,0,0,1,0,0,0
00001248_027.png,No Finding,9,1248,33,F,PA,2992,2991,0.143,0.143,0,0,0,0,0,0,0,0,0,0,0,0,0,0,0
00001248_028.png,Emphysema|Nodule|Pneumothorax,10,1248,33,F,PA,2426,2542,0.143,0.143,1,0,0,0,0,0,1,0,1,0,0,1,0,0,0
00001248_029.png,Effusion|Pneumothorax,11,1248,33,F,AP,2500,2048,0.168,0.168,1,0,0,1,0,0,0,0,1,0,0,0,0,0,0
00001248_031.png,No Finding,13,1248,33,F,PA,2750,2991,0.143,0.143,0,0,0,0,0,0,0,0,0,0,0,0,0,0,0
00001248_032.png,Pleural_Thickening,14,1248,33,F,PA,2558,2991,0.143,0.143,1,0,0,0,0,0,0,0,0,0,0,0,0,1,0
00001248_033.png,Pleural_Thickening,15,1248,33,F,PA,2500,2048,0.168,0.168,1,0,0,0,0,0,0,0,0,0,0,0,0,1,0
00001248_034.png,No Finding,16,1248,33,F,PA,2802,2705,0.143,0.143,0,0,0,0,0,0,0,0,0,0,0,0,0,0,0
00001248_035.png,No Finding,17,1248,33,F,PA,2730,2991,0.143,0.143,0,0,0,0,0,0,0,0,0,0,0,0,0,0,0
00001248_036.png,Pneumothorax,18,1248,33,F,PA,2992,2991,0.143,0.143,1,0,0,0,0,0,0,0,1,0,0,0,0,0,0
00001248_037.png,No Finding,19,1248,33,F,PA,2992,2991,0.143,0.143,0,0,0,0,0,0,0,0,0,0,0,0,0,0,0
00001248_000.png,Effusion,21,1248,38,F,PA,1828,1801,0.1943109999999999,0.1943109999999999,1,0,0,1,0,0,0,0,0,0,0,0,0,0,0
00001248_001.png,No Finding,22,1248,38,F,AP,3056,2544,0.139,0.139,0,0,0,0,0,0,0,0,0,0,0,0,0,0,0
00001248_002.png,Effusion,23,1248,38,F,PA,2021,2021,0.1943109999999999,0.1943109999999999,1,0,0,1,0,0,0,0,0,0,0,0,0,0,0
00001248_003.png,Consolidation|Effusion|Pneumonia,24,1248,38,F,PA,2021,2021,0.1943109999999999,0.1943109999999999,1,0,0,1,0,0,0,1,0,1,0,0,0,0,0
00001248_004.png,Consolidation|Effusion,25,1248,38,F,PA,2021,2021,0.1943109999999999,0.1943109999999999,1,0,0,1,0,0,0,0,0,1,0,0,0,0,0
00001248_005.png,Nodule,26,1248,38,F,PA,2021,2021,0.1943109999999999,0.1943109999999999,1,0,0,0,0,0,1,0,0,0,0,0,0,0,0
00001248_007.png,Infiltration,27,1248,38,F,AP,3056,2544,0.139,0.139,1,0,0,0,1,0,0,0,0,0,0,0,0,0,0
00001248_006.png,Pleural_Thickening,28,1248,38,F,PA,2021,2021,0.1943109999999999,0.1943109999999999,1,0,0,0,0,0,0,0,0,0,0,0,0,1,0
00001248_008.png,No Finding,29,1248,38,F,PA,1890,2021,0.1943109999999999,0.1943109999999999,0,0,0,0,0,0,0,0,0,0,0,0,0,0,0
00001248_009.png,No Finding,30,1248,38,F,PA,1940,2021,0.1943109999999999,0.1943109999999999,0,0,0,0,0,0,0,0,0,0,0,0,0,0,0
00001248_010.png,Emphysema|Pleural_Thickening,31,1248,38,F,PA,2021,2020,0.1943109999999999,0.1943109999999999,1,0,0,0,0,0,0,0,0,0,0,1,0,1,0
00001248_012.png,Emphysema|Pleural_Thickening,33,1248,38,F,PA,2021,2021,0.1943109999999999,0.1943109999999999,1,0,0,0,0,0,0,0,0,0,0,1,0,1,0
00001248_013.png,No Finding,34,1248,38,F,PA,2021,2021,0.1943109999999999,0.1943109999999999,0,0,0,0,0,0,0,0,0,0,0,0,0,0,0
00001248_014.png,Infiltration,35,1248,38,F,PA,2021,2021,0.1943109999999999,0.1943109999999999,1,0,0,0,1,0,0,0,0,0,0,0,0,0,0
00001248_015.png,Infiltration,36,1248,38,F,PA,2021,2021,0.1943109999999999,0.1943109999999999,1,0,0,0,1,0,0,0,0,0,0,0,0,0,0
00001248_016.png,Effusion,37,1248,38,F,PA,2021,2021,0.1943109999999999,0.1943109999999999,1,0,0,1,0,0,0,0,0,0,0,0,0,0,0
00001248_017.png,Effusion,38,1248,38,F,PA,2021,2021,0.1943109999999999,0.1943109999999999,1,0,0,1,0,0,0,0,0,0,0,0,0,0,0
00001249_000.png,No Finding,0,1249,40,M,AP,2500,2048,0.168,0.168,0,0,0,0,0,0,0,0,0,0,0,0,0,0,0
00001249_001.png,No Finding,1,1249,40,M,AP,2500,2048,0.168,0.168,0,0,0,0,0,0,0,0,0,0,0,0,0,0,0
00001249_002.png,Edema,2,1249,40,M,AP,2500,2048,0.168,0.168,1,0,0,0,0,0,0,0,0,0,1,0,0,0,0
00001249_003.png,Edema,3,1249,40,M,AP,2500,2048,0.168,0.168,1,0,0,0,0,0,0,0,0,0,1,0,0,0,0
00001249_004.png,Edema,4,1249,40,M,AP,2500,2048,0.168,0.168,1,0,0,0,0,0,0,0,0,0,1,0,0,0,0
00001249_005.png,Edema|Effusion,5,1249,40,M,AP,2500,2048,0.168,0.168,1,0,0,1,0,0,0,0,0,0,1,0,0,0,0
00001249_006.png,Edema,6,1249,40,M,AP,2500,2048,0.168,0.168,1,0,0,0,0,0,0,0,0,0,1,0,0,0,0
00001249_007.png,Infiltration,7,1249,40,M,PA,2992,2991,0.143,0.143,1,0,0,0,1,0,0,0,0,0,0,0,0,0,0
00001249_008.png,Edema|Infiltration,8,1249,41,M,AP,2500,2048,0.168,0.168,1,0,0,0,1,0,0,0,0,0,1,0,0,0,0
00001249_009.png,Cardiomegaly,9,1249,41,M,AP,2500,2048,0.168,0.168,1,0,1,0,0,0,0,0,0,0,0,0,0,0,0
00001249_010.png,Cardiomegaly,10,1249,41,M,PA,2992,2991,0.143,0.143,1,0,1,0,0,0,0,0,0,0,0,0,0,0,0
00001250_000.png,No Finding,0,1250,66,F,PA,2048,2500,0.168,0.168,0,0,0,0,0,0,0,0,0,0,0,0,0,0,0
00001250_003.png,Infiltration,3,1250,66,F,PA,2446,2581,0.143,0.143,1,0,0,0,1,0,0,0,0,0,0,0,0,0,0
00001250_005.png,Infiltration,5,1250,66,F,AP,2500,2048,0.168,0.168,1,0,0,0,1,0,0,0,0,0,0,0,0,0,0
00001250_006.png,Infiltration|Pneumonia,6,1250,66,F,AP,2500,2048,0.168,0.168,1,0,0,0,1,0,0,1,0,0,0,0,0,0,0
00001250_007.png,No Finding,7,1250,66,F,AP,2500,2048,0.168,0.168,0,0,0,0,0,0,0,0,0,0,0,0,0,0,0
00001250_009.png,Infiltration,8,1250,66,F,AP,2500,2048,0.168,0.168,1,0,0,0,1,0,0,0,0,0,0,0,0,0,0
00001250_008.png,No Finding,9,1250,66,F,AP,2500,2048,0.168,0.168,0,0,0,0,0,0,0,0,0,0,0,0,0,0,0
00001250_010.png,Infiltration|Nodule,10,1250,66,F,AP,2500,2048,0.168,0.168,1,0,0,0,1,0,1,0,0,0,0,0,0,0,0
00001250_011.png,Infiltration,11,1250,66,F,AP,2500,2048,0.168,0.168,1,0,0,0,1,0,0,0,0,0,0,0,0,0,0
00001250_012.png,Infiltration,12,1250,66,F,AP,2500,2048,0.168,0.168,1,0,0,0,1,0,0,0,0,0,0,0,0,0,0
00001250_013.png,Infiltration,13,1250,66,F,AP,2500,2048,0.168,0.168,1,0,0,0,1,0,0,0,0,0,0,0,0,0,0
00001250_014.png,Infiltration,14,1250,66,F,AP,2500,2048,0.168,0.168,1,0,0,0,1,0,0,0,0,0,0,0,0,0,0
00001250_016.png,Infiltration,15,1250,66,F,AP,2500,2048,0.168,0.168,1,0,0,0,1,0,0,0,0,0,0,0,0,0,0
00001250_017.png,Infiltration,16,1250,66,F,AP,2500,2048,0.168,0.168,1,0,0,0,1,0,0,0,0,0,0,0,0,0,0
00001250_015.png,Infiltration,17,1250,66,F,AP,2500,2048,0.168,0.168,1,0,0,0,1,0,0,0,0,0,0,0,0,0,0
00001251_001.png,No Finding,1,1251,45,F,PA,2992,2991,0.143,0.143,0,0,0,0,0,0,0,0,0,0,0,0,0,0,0
00001252_000.png,No Finding,0,1252,10,M,PA,2048,2500,0.171,0.171,0,0,0,0,0,0,0,0,0,0,0,0,0,0,0
00001252_001.png,No Finding,1,1252,11,M,PA,2048,2500,0.171,0.171,0,0,0,0,0,0,0,0,0,0,0,0,0,0,0
00001252_002.png,No Finding,2,1252,13,M,PA,2048,2500,0.168,0.168,0,0,0,0,0,0,0,0,0,0,0,0,0,0,0
00001253_002.png,No Finding,0,1253,45,M,PA,2500,2048,0.168,0.168,0,0,0,0,0,0,0,0,0,0,0,0,0,0,0
00001253_003.png,No Finding,1,1253,46,M,PA,2992,2991,0.143,0.143,0,0,0,0,0,0,0,0,0,0,0,0,0,0,0
00001253_004.png,No Finding,2,1253,47,M,PA,2992,2991,0.143,0.143,0,0,0,0,0,0,0,0,0,0,0,0,0,0,0
00001253_005.png,No Finding,3,1253,50,M,PA,2654,2588,0.143,0.143,0,0,0,0,0,0,0,0,0,0,0,0,0,0,0
00001253_000.png,No Finding,4,1253,53,M,PA,2021,2021,0.1943109999999999,0.1943109999999999,0,0,0,0,0,0,0,0,0,0,0,0,0,0,0
00001253_001.png,No Finding,5,1253,53,M,PA,1877,2021,0.1943109999999999,0.1943109999999999,0,0,0,0,0,0,0,0,0,0,0,0,0,0,0
00001254_000.png,No Finding,0,1254,59,M,PA,2992,2991,0.143,0.143,0,0,0,0,0,0,0,0,0,0,0,0,0,0,0
00001255_000.png,No Finding,0,1255,11,M,PA,2048,2500,0.171,0.171,0,0,0,0,0,0,0,0,0,0,0,0,0,0,0
00001255_001.png,No Finding,1,1255,12,M,PA,2048,2500,0.171,0.171,0,0,0,0,0,0,0,0,0,0,0,0,0,0,0
00001255_002.png,No Finding,2,1255,12,M,PA,2048,2500,0.171,0.171,0,0,0,0,0,0,0,0,0,0,0,0,0,0,0
00001255_003.png,Infiltration,3,1255,13,M,PA,2048,2500,0.171,0.171,1,0,0,0,1,0,0,0,0,0,0,0,0,0,0
00001255_004.png,Infiltration,4,1255,13,M,AP,2500,2048,0.171,0.171,1,0,0,0,1,0,0,0,0,0,0,0,0,0,0
00001255_005.png,No Finding,5,1255,13,M,AP,2048,2500,0.171,0.171,0,0,0,0,0,0,0,0,0,0,0,0,0,0,0
00001255_006.png,No Finding,6,1255,13,M,AP,2500,2048,0.171,0.171,0,0,0,0,0,0,0,0,0,0,0,0,0,0,0
00001255_007.png,Edema|Pleural_Thickening,7,1255,13,M,AP,2500,2048,0.171,0.171,1,0,0,0,0,0,0,0,0,0,1,0,0,1,0
00001255_008.png,Infiltration,8,1255,13,M,AP,2500,2048,0.171,0.171,1,0,0,0,1,0,0,0,0,0,0,0,0,0,0
00001255_009.png,Infiltration|Nodule,9,1255,13,M,AP,2500,2048,0.171,0.171,1,0,0,0,1,0,1,0,0,0,0,0,0,0,0
00001255_010.png,Infiltration,10,1255,13,M,AP,2500,2048,0.171,0.171,1,0,0,0,1,0,0,0,0,0,0,0,0,0,0
00001255_011.png,Infiltration|Mass,11,1255,13,M,AP,2048,2500,0.171,0.171,1,0,0,0,1,1,0,0,0,0,0,0,0,0,0
00001255_012.png,Infiltration|Mass,12,1255,13,M,AP,2500,2048,0.171,0.171,1,0,0,0,1,1,0,0,0,0,0,0,0,0,0
00001255_013.png,Consolidation,13,1255,13,M,AP,2500,2048,0.171,0.171,1,0,0,0,0,0,0,0,0,1,0,0,0,0,0
00001255_014.png,Infiltration,14,1255,13,M,AP,2048,2500,0.171,0.171,1,0,0,0,1,0,0,0,0,0,0,0,0,0,0
00001255_015.png,No Finding,15,1255,13,M,AP,2500,2048,0.171,0.171,0,0,0,0,0,0,0,0,0,0,0,0,0,0,0
00001255_016.png,No Finding,16,1255,13,M,AP,2500,2048,0.171,0.171,0,0,0,0,0,0,0,0,0,0,0,0,0,0,0
00001255_017.png,Infiltration,17,1255,13,M,AP,2500,2048,0.171,0.171,1,0,0,0,1,0,0,0,0,0,0,0,0,0,0
00001255_018.png,Infiltration,18,1255,13,M,AP,2048,2500,0.171,0.171,1,0,0,0,1,0,0,0,0,0,0,0,0,0,0
00001255_019.png,Consolidation,19,1255,13,M,AP,2500,2048,0.171,0.171,1,0,0,0,0,0,0,0,0,1,0,0,0,0,0
00001255_020.png,Infiltration,20,1255,13,M,AP,2500,2048,0.171,0.171,1,0,0,0,1,0,0,0,0,0,0,0,0,0,0
00001255_021.png,Infiltration,21,1255,13,M,AP,2048,2500,0.171,0.171,1,0,0,0,1,0,0,0,0,0,0,0,0,0,0
00001255_022.png,No Finding,22,1255,13,M,AP,2048,2500,0.171,0.171,0,0,0,0,0,0,0,0,0,0,0,0,0,0,0
00001255_023.png,Infiltration|Nodule,23,1255,13,M,AP,2500,2048,0.171,0.171,1,0,0,0,1,0,1,0,0,0,0,0,0,0,0
00001255_024.png,Infiltration,24,1255,13,M,AP,2500,2048,0.171,0.171,1,0,0,0,1,0,0,0,0,0,0,0,0,0,0
00001255_025.png,Cardiomegaly|Infiltration,25,1255,13,M,AP,2500,2048,0.171,0.171,1,0,1,0,1,0,0,0,0,0,0,0,0,0,0
00001255_026.png,Infiltration,26,1255,13,M,AP,2500,2048,0.171,0.171,1,0,0,0,1,0,0,0,0,0,0,0,0,0,0
00001255_027.png,Infiltration,27,1255,13,M,AP,2500,2048,0.171,0.171,1,0,0,0,1,0,0,0,0,0,0,0,0,0,0
00001255_028.png,No Finding,28,1255,13,M,AP,2500,2048,0.171,0.171,0,0,0,0,0,0,0,0,0,0,0,0,0,0,0
00001255_030.png,No Finding,29,1255,13,M,AP,2500,2048,0.171,0.171,0,0,0,0,0,0,0,0,0,0,0,0,0,0,0
00001255_029.png,No Finding,30,1255,13,M,AP,2500,2048,0.171,0.171,0,0,0,0,0,0,0,0,0,0,0,0,0,0,0
00001255_032.png,No Finding,31,1255,13,M,AP,2500,2048,0.171,0.171,0,0,0,0,0,0,0,0,0,0,0,0,0,0,0
00001255_031.png,Infiltration|Pneumonia,32,1255,13,M,AP,2048,2500,0.171,0.171,1,0,0,0,1,0,0,1,0,0,0,0,0,0,0
00001255_033.png,Consolidation,33,1255,13,M,AP,2048,2500,0.171,0.171,1,0,0,0,0,0,0,0,0,1,0,0,0,0,0
00001255_034.png,Consolidation,34,1255,13,M,AP,2500,2048,0.171,0.171,1,0,0,0,0,0,0,0,0,1,0,0,0,0,0
00001255_035.png,No Finding,35,1255,13,M,AP,2500,2048,0.171,0.171,0,0,0,0,0,0,0,0,0,0,0,0,0,0,0
00001255_036.png,Consolidation,36,1255,13,M,AP,2500,2048,0.171,0.171,1,0,0,0,0,0,0,0,0,1,0,0,0,0,0
00001255_037.png,No Finding,37,1255,13,M,AP,2048,2500,0.171,0.171,0,0,0,0,0,0,0,0,0,0,0,0,0,0,0
00001257_000.png,No Finding,0,1257,66,M,PA,2992,2991,0.143,0.143,0,0,0,0,0,0,0,0,0,0,0,0,0,0,0
00001258_000.png,No Finding,0,1258,48,F,PA,2602,2693,0.143,0.143,0,0,0,0,0,0,0,0,0,0,0,0,0,0,0
00001260_000.png,No Finding,0,1260,47,F,PA,2048,2500,0.171,0.171,0,0,0,0,0,0,0,0,0,0,0,0,0,0,0
00001261_000.png,No Finding,0,1261,58,M,PA,2750,2991,0.143,0.143,0,0,0,0,0,0,0,0,0,0,0,0,0,0,0
00001261_001.png,No Finding,1,1261,58,M,PA,2992,2991,0.143,0.143,0,0,0,0,0,0,0,0,0,0,0,0,0,0,0
00001263_000.png,No Finding,0,1263,64,F,PA,2048,2500,0.171,0.171,0,0,0,0,0,0,0,0,0,0,0,0,0,0,0
00001264_000.png,No Finding,0,1264,34,F,PA,2048,2500,0.171,0.171,0,0,0,0,0,0,0,0,0,0,0,0,0,0,0
00001264_001.png,No Finding,1,1264,36,F,PA,2048,2500,0.168,0.168,0,0,0,0,0,0,0,0,0,0,0,0,0,0,0
00001265_000.png,No Finding,0,1265,16,F,PA,2048,2500,0.171,0.171,0,0,0,0,0,0,0,0,0,0,0,0,0,0,0
00001265_001.png,No Finding,1,1265,17,F,PA,2048,2500,0.171,0.171,0,0,0,0,0,0,0,0,0,0,0,0,0,0,0
00001266_000.png,No Finding,0,1266,31,M,PA,2992,2991,0.143,0.143,0,0,0,0,0,0,0,0,0,0,0,0,0,0,0
00001267_000.png,No Finding,0,1267,15,F,AP,2048,2500,0.171,0.171,0,0,0,0,0,0,0,0,0,0,0,0,0,0,0
00001267_001.png,No Finding,1,1267,17,F,AP,2048,2500,0.168,0.168,0,0,0,0,0,0,0,0,0,0,0,0,0,0,0
00001268_000.png,Cardiomegaly,0,1268,60,M,PA,2500,2048,0.168,0.168,1,0,1,0,0,0,0,0,0,0,0,0,0,0,0
00001268_001.png,No Finding,1,1268,61,M,PA,2500,2048,0.168,0.168,0,0,0,0,0,0,0,0,0,0,0,0,0,0,0
00001268_005.png,No Finding,5,1268,61,M,AP,2500,2048,0.171,0.171,0,0,0,0,0,0,0,0,0,0,0,0,0,0,0
00001270_000.png,No Finding,0,1270,31,F,PA,2048,2500,0.171,0.171,0,0,0,0,0,0,0,0,0,0,0,0,0,0,0
00001270_001.png,No Finding,1,1270,38,F,PA,2612,2465,0.143,0.143,0,0,0,0,0,0,0,0,0,0,0,0,0,0,0
00001270_002.png,Emphysema|Mass,2,1270,38,F,AP,2500,2048,0.168,0.168,1,0,0,0,0,1,0,0,0,0,0,1,0,0,0
00001270_004.png,Emphysema,3,1270,38,F,PA,2570,2430,0.143,0.143,1,0,0,0,0,0,0,0,0,0,0,1,0,0,0
00001270_003.png,No Finding,4,1270,38,F,PA,2048,2500,0.168,0.168,0,0,0,0,0,0,0,0,0,0,0,0,0,0,0
00001272_000.png,No Finding,0,1272,29,F,PA,1732,2018,0.1943109999999999,0.1943109999999999,0,0,0,0,0,0,0,0,0,0,0,0,0,0,0
00001274_000.png,No Finding,0,1274,82,F,PA,2048,2500,0.171,0.171,0,0,0,0,0,0,0,0,0,0,0,0,0,0,0
00001274_001.png,No Finding,1,1274,83,F,PA,2048,2500,0.171,0.171,0,0,0,0,0,0,0,0,0,0,0,0,0,0,0
00001275_000.png,No Finding,0,1275,70,M,PA,2500,2048,0.171,0.171,0,0,0,0,0,0,0,0,0,0,0,0,0,0,0
00001276_000.png,No Finding,0,1276,23,M,PA,2422,2329,0.143,0.143,0,0,0,0,0,0,0,0,0,0,0,0,0,0,0
00001277_000.png,No Finding,0,1277,18,M,AP,2500,2048,0.168,0.168,0,0,0,0,0,0,0,0,0,0,0,0,0,0,0
00001277_001.png,No Finding,1,1277,20,M,PA,2520,2550,0.143,0.143,0,0,0,0,0,0,0,0,0,0,0,0,0,0,0
00001278_000.png,No Finding,0,1278,49,F,AP,2048,2500,0.168,0.168,0,0,0,0,0,0,0,0,0,0,0,0,0,0,0
00001278_001.png,Effusion,1,1278,49,F,AP,2500,2048,0.168,0.168,1,0,0,1,0,0,0,0,0,0,0,0,0,0,0
00001278_003.png,Effusion,3,1278,52,F,AP,2500,2048,0.168,0.168,1,0,0,1,0,0,0,0,0,0,0,0,0,0,0
00001278_004.png,Nodule,4,1278,53,F,AP,2048,2500,0.168,0.168,1,0,0,0,0,0,1,0,0,0,0,0,0,0,0
00001278_005.png,No Finding,5,1278,53,F,AP,2500,2048,0.168,0.168,0,0,0,0,0,0,0,0,0,0,0,0,0,0,0
00001278_007.png,No Finding,6,1278,53,F,AP,2500,2048,0.168,0.168,0,0,0,0,0,0,0,0,0,0,0,0,0,0,0
00001278_006.png,No Finding,7,1278,53,F,AP,2500,2048,0.168,0.168,0,0,0,0,0,0,0,0,0,0,0,0,0,0,0
00001278_009.png,Effusion,9,1278,53,F,AP,2500,2048,0.168,0.168,1,0,0,1,0,0,0,0,0,0,0,0,0,0,0
00001278_011.png,Effusion,10,1278,53,F,AP,2500,2048,0.168,0.168,1,0,0,1,0,0,0,0,0,0,0,0,0,0,0
00001278_010.png,Effusion|Nodule,11,1278,53,F,AP,2500,2048,0.168,0.168,1,0,0,1,0,0,1,0,0,0,0,0,0,0,0
00001278_012.png,No Finding,12,1278,53,F,AP,2500,2048,0.168,0.168,0,0,0,0,0,0,0,0,0,0,0,0,0,0,0
00001278_013.png,No Finding,13,1278,53,F,AP,2500,2048,0.168,0.168,0,0,0,0,0,0,0,0,0,0,0,0,0,0,0
00001278_014.png,Nodule,14,1278,53,F,AP,2500,2048,0.168,0.168,1,0,0,0,0,0,1,0,0,0,0,0,0,0,0
00001278_016.png,Effusion|Infiltration,16,1278,53,F,AP,2500,2048,0.168,0.168,1,0,0,1,1,0,0,0,0,0,0,0,0,0,0
00001278_017.png,No Finding,17,1278,53,F,AP,2500,2048,0.168,0.168,0,0,0,0,0,0,0,0,0,0,0,0,0,0,0
00001278_018.png,Effusion|Infiltration,18,1278,53,F,AP,2500,2048,0.168,0.168,1,0,0,1,1,0,0,0,0,0,0,0,0,0,0
00001278_019.png,No Finding,19,1278,53,F,AP,2500,2048,0.168,0.168,0,0,0,0,0,0,0,0,0,0,0,0,0,0,0
00001278_020.png,No Finding,20,1278,53,F,AP,2500,2048,0.168,0.168,0,0,0,0,0,0,0,0,0,0,0,0,0,0,0
00001280_000.png,No Finding,0,1280,33,F,PA,2048,2500,0.171,0.171,0,0,0,0,0,0,0,0,0,0,0,0,0,0,0
00001280_001.png,No Finding,1,1280,34,F,PA,2048,2500,0.171,0.171,0,0,0,0,0,0,0,0,0,0,0,0,0,0,0
00001280_002.png,No Finding,2,1280,34,F,PA,2048,2500,0.171,0.171,0,0,0,0,0,0,0,0,0,0,0,0,0,0,0
00001280_003.png,No Finding,3,1280,35,F,PA,2048,2500,0.171,0.171,0,0,0,0,0,0,0,0,0,0,0,0,0,0,0
00001280_004.png,No Finding,4,1280,36,F,PA,2048,2500,0.168,0.168,0,0,0,0,0,0,0,0,0,0,0,0,0,0,0
00001281_000.png,No Finding,0,1281,42,M,PA,2500,2048,0.168,0.168,0,0,0,0,0,0,0,0,0,0,0,0,0,0,0
00001283_000.png,No Finding,0,1283,42,M,PA,2894,2991,0.143,0.143,0,0,0,0,0,0,0,0,0,0,0,0,0,0,0
00001284_000.png,No Finding,0,1284,82,M,PA,3056,2544,0.139,0.139,0,0,0,0,0,0,0,0,0,0,0,0,0,0,0
00001284_001.png,Effusion|Infiltration,1,1284,82,M,PA,2021,2021,0.1943109999999999,0.1943109999999999,1,0,0,1,1,0,0,0,0,0,0,0,0,0,0
00001286_000.png,Infiltration|Nodule,0,1286,24,M,AP,2048,2500,0.168,0.168,1,0,0,0,1,0,1,0,0,0,0,0,0,0,0
00001286_001.png,No Finding,1,1286,25,M,AP,2500,2048,0.168,0.168,0,0,0,0,0,0,0,0,0,0,0,0,0,0,0
00001286_002.png,Infiltration|Nodule,2,1286,25,M,AP,2500,2048,0.168,0.168,1,0,0,0,1,0,1,0,0,0,0,0,0,0,0
00001286_003.png,Nodule,3,1286,25,M,AP,2500,2048,0.168,0.168,1,0,0,0,0,0,1,0,0,0,0,0,0,0,0
00001286_004.png,Nodule,4,1286,26,M,AP,2500,2048,0.168,0.168,1,0,0,0,0,0,1,0,0,0,0,0,0,0,0
00001286_005.png,Pneumothorax,5,1286,26,M,AP,2500,2048,0.168,0.168,1,0,0,0,0,0,0,0,1,0,0,0,0,0,0
00001286_006.png,No Finding,6,1286,26,M,PA,2992,2991,0.143,0.143,0,0,0,0,0,0,0,0,0,0,0,0,0,0,0
00001286_007.png,Consolidation|Nodule,7,1286,26,M,AP,2500,2048,0.168,0.168,1,0,0,0,0,0,1,0,0,1,0,0,0,0,0
00001286_008.png,Consolidation|Infiltration,8,1286,26,M,AP,2500,2048,0.168,0.168,1,0,0,0,1,0,0,0,0,1,0,0,0,0,0
00001286_009.png,Consolidation|Effusion|Pleural_Thickening,9,1286,27,M,PA,2992,2991,0.143,0.143,1,0,0,1,0,0,0,0,0,1,0,0,0,1,0
00001287_000.png,No Finding,0,1287,59,F,PA,2048,2500,0.171,0.171,0,0,0,0,0,0,0,0,0,0,0,0,0,0,0
00001288_000.png,No Finding,0,1288,49,M,PA,2500,2048,0.168,0.168,0,0,0,0,0,0,0,0,0,0,0,0,0,0,0
00001291_000.png,No Finding,0,1291,17,M,PA,2798,2991,0.143,0.143,0,0,0,0,0,0,0,0,0,0,0,0,0,0,0
00001292_000.png,No Finding,0,1292,66,F,PA,2500,2048,0.168,0.168,0,0,0,0,0,0,0,0,0,0,0,0,0,0,0
00001292_001.png,No Finding,1,1292,68,F,PA,2992,2991,0.143,0.143,0,0,0,0,0,0,0,0,0,0,0,0,0,0,0
00001295_000.png,No Finding,0,1295,18,F,PA,2686,2991,0.143,0.143,0,0,0,0,0,0,0,0,0,0,0,0,0,0,0
00001297_000.png,Pleural_Thickening,0,1297,61,M,PA,2500,2048,0.171,0.171,1,0,0,0,0,0,0,0,0,0,0,0,0,1,0
00001297_001.png,No Finding,1,1297,61,M,PA,2500,2048,0.168,0.168,0,0,0,0,0,0,0,0,0,0,0,0,0,0,0
00001297_002.png,Infiltration,2,1297,61,M,PA,2500,2048,0.168,0.168,1,0,0,0,1,0,0,0,0,0,0,0,0,0,0
00001298_000.png,No Finding,0,1298,46,M,PA,2048,2500,0.168,0.168,0,0,0,0,0,0,0,0,0,0,0,0,0,0,0
00001298_001.png,No Finding,1,1298,48,M,PA,2826,2893,0.143,0.143,0,0,0,0,0,0,0,0,0,0,0,0,0,0,0
00001298_002.png,No Finding,2,1298,49,M,PA,2992,2991,0.143,0.143,0,0,0,0,0,0,0,0,0,0,0,0,0,0,0
00001298_003.png,No Finding,3,1298,49,M,PA,2758,2991,0.143,0.143,0,0,0,0,0,0,0,0,0,0,0,0,0,0,0
00001298_004.png,No Finding,4,1298,49,M,AP,2048,2500,0.168,0.168,0,0,0,0,0,0,0,0,0,0,0,0,0,0,0
00001298_005.png,No Finding,5,1298,49,M,AP,2500,2048,0.168,0.168,0,0,0,0,0,0,0,0,0,0,0,0,0,0,0
00001298_007.png,No Finding,6,1298,49,M,AP,2500,2048,0.168,0.168,0,0,0,0,0,0,0,0,0,0,0,0,0,0,0
00001298_006.png,No Finding,7,1298,49,M,AP,2500,2048,0.168,0.168,0,0,0,0,0,0,0,0,0,0,0,0,0,0,0
00001298_008.png,No Finding,8,1298,49,M,AP,2500,2048,0.168,0.168,0,0,0,0,0,0,0,0,0,0,0,0,0,0,0
00001298_009.png,No Finding,9,1298,49,M,AP,2500,2048,0.168,0.168,0,0,0,0,0,0,0,0,0,0,0,0,0,0,0
00001299_000.png,No Finding,0,1299,52,M,PA,2500,2048,0.168,0.168,0,0,0,0,0,0,0,0,0,0,0,0,0,0,0
00001300_000.png,No Finding,0,1300,58,F,PA,2048,2500,0.168,0.168,0,0,0,0,0,0,0,0,0,0,0,0,0,0,0
00001301_000.png,No Finding,0,1301,55,F,PA,2992,2991,0.143,0.143,0,0,0,0,0,0,0,0,0,0,0,0,0,0,0
00001301_001.png,Infiltration,1,1301,55,F,AP,2500,2048,0.168,0.168,1,0,0,0,1,0,0,0,0,0,0,0,0,0,0
00001301_002.png,No Finding,2,1301,56,F,PA,2992,2991,0.143,0.143,0,0,0,0,0,0,0,0,0,0,0,0,0,0,0
00001301_003.png,No Finding,3,1301,56,F,AP,2500,2048,0.168,0.168,0,0,0,0,0,0,0,0,0,0,0,0,0,0,0
00001301_005.png,Infiltration,5,1301,57,F,PA,2990,2991,0.143,0.143,1,0,0,0,1,0,0,0,0,0,0,0,0,0,0
00001301_006.png,Infiltration,6,1301,57,F,AP,2500,2048,0.168,0.168,1,0,0,0,1,0,0,0,0,0,0,0,0,0,0
00001301_007.png,Infiltration,7,1301,57,F,AP,2500,2048,0.168,0.168,1,0,0,0,1,0,0,0,0,0,0,0,0,0,0
00001301_010.png,Edema|Infiltration,10,1301,57,F,AP,2500,2048,0.168,0.168,1,0,0,0,1,0,0,0,0,0,1,0,0,0,0
00001301_011.png,Infiltration,11,1301,57,F,AP,2500,2048,0.168,0.168,1,0,0,0,1,0,0,0,0,0,0,0,0,0,0
00001301_012.png,Edema|Infiltration,12,1301,57,F,AP,2500,2048,0.168,0.168,1,0,0,0,1,0,0,0,0,0,1,0,0,0,0
00001301_013.png,Infiltration,13,1301,57,F,AP,2500,2048,0.168,0.168,1,0,0,0,1,0,0,0,0,0,0,0,0,0,0
00001301_014.png,No Finding,14,1301,57,F,AP,2500,2048,0.168,0.168,0,0,0,0,0,0,0,0,0,0,0,0,0,0,0
00001301_015.png,Infiltration,15,1301,57,F,AP,2500,2048,0.168,0.168,1,0,0,0,1,0,0,0,0,0,0,0,0,0,0
00001301_016.png,Effusion,16,1301,57,F,AP,2500,2048,0.168,0.168,1,0,0,1,0,0,0,0,0,0,0,0,0,0,0
00001301_017.png,Consolidation,17,1301,57,F,AP,2500,2048,0.168,0.168,1,0,0,0,0,0,0,0,0,1,0,0,0,0,0
00001301_018.png,No Finding,18,1301,57,F,AP,2500,2048,0.168,0.168,0,0,0,0,0,0,0,0,0,0,0,0,0,0,0
00001301_019.png,No Finding,19,1301,57,F,AP,2500,2048,0.168,0.168,0,0,0,0,0,0,0,0,0,0,0,0,0,0,0
00001301_020.png,Edema,20,1301,57,F,AP,2500,2048,0.168,0.168,1,0,0,0,0,0,0,0,0,0,1,0,0,0,0
00001301_022.png,No Finding,22,1301,57,F,AP,2500,2048,0.168,0.168,0,0,0,0,0,0,0,0,0,0,0,0,0,0,0
00001301_026.png,Edema|Effusion,25,1301,57,F,AP,2500,2048,0.168,0.168,1,0,0,1,0,0,0,0,0,0,1,0,0,0,0
00001301_025.png,Edema|Effusion,26,1301,57,F,AP,2500,2048,0.168,0.168,1,0,0,1,0,0,0,0,0,0,1,0,0,0,0
00001301_027.png,Infiltration,27,1301,57,F,AP,2500,2048,0.168,0.168,1,0,0,0,1,0,0,0,0,0,0,0,0,0,0
00001301_028.png,No Finding,28,1301,57,F,AP,2500,2048,0.168,0.168,0,0,0,0,0,0,0,0,0,0,0,0,0,0,0
00001301_029.png,Consolidation,29,1301,57,F,AP,2500,2048,0.168,0.168,1,0,0,0,0,0,0,0,0,1,0,0,0,0,0
00001301_030.png,No Finding,30,1301,57,F,AP,2500,2048,0.168,0.168,0,0,0,0,0,0,0,0,0,0,0,0,0,0,0
00001301_031.png,Consolidation,31,1301,57,F,AP,2500,2048,0.168,0.168,1,0,0,0,0,0,0,0,0,1,0,0,0,0,0
00001301_032.png,Infiltration,32,1301,57,F,AP,2500,2048,0.168,0.168,1,0,0,0,1,0,0,0,0,0,0,0,0,0,0
00001301_033.png,Edema|Infiltration,33,1301,57,F,AP,2500,2048,0.168,0.168,1,0,0,0,1,0,0,0,0,0,1,0,0,0,0
00001301_037.png,Consolidation|Infiltration,37,1301,57,F,AP,2500,2048,0.168,0.168,1,0,0,0,1,0,0,0,0,1,0,0,0,0,0
00001301_038.png,Effusion|Infiltration,38,1301,57,F,AP,2500,2048,0.168,0.168,1,0,0,1,1,0,0,0,0,0,0,0,0,0,0
00001301_039.png,Edema|Effusion|Pneumonia,39,1301,57,F,AP,2500,2048,0.168,0.168,1,0,0,1,0,0,0,1,0,0,1,0,0,0,0
00001301_041.png,Edema|Infiltration,41,1301,57,F,AP,2500,2048,0.168,0.168,1,0,0,0,1,0,0,0,0,0,1,0,0,0,0
00001301_045.png,Effusion|Infiltration,45,1301,57,F,AP,2500,2048,0.168,0.168,1,0,0,1,1,0,0,0,0,0,0,0,0,0,0
00001301_047.png,Effusion,47,1301,57,F,AP,2500,2048,0.168,0.168,1,0,0,1,0,0,0,0,0,0,0,0,0,0,0
00001302_000.png,No Finding,0,1302,56,F,PA,2500,2048,0.171,0.171,0,0,0,0,0,0,0,0,0,0,0,0,0,0,0
00001303_000.png,No Finding,0,1303,21,M,AP,2500,2048,0.168,0.168,0,0,0,0,0,0,0,0,0,0,0,0,0,0,0
00001303_001.png,No Finding,1,1303,21,M,AP,2500,2048,0.168,0.168,0,0,0,0,0,0,0,0,0,0,0,0,0,0,0
00001303_002.png,Consolidation|Infiltration,2,1303,24,M,AP,3056,2504,0.139,0.139,1,0,0,0,1,0,0,0,0,1,0,0,0,0,0
00001303_003.png,Fibrosis,3,1303,24,M,AP,3056,2544,0.139,0.139,1,0,0,0,0,0,0,0,0,0,0,0,1,0,0
00001303_004.png,Fibrosis,4,1303,24,M,AP,3056,2544,0.139,0.139,1,0,0,0,0,0,0,0,0,0,0,0,1,0,0
00001304_000.png,No Finding,0,1304,43,M,AP,2500,2048,0.171,0.171,0,0,0,0,0,0,0,0,0,0,0,0,0,0,0
00001304_001.png,No Finding,1,1304,44,M,AP,2500,2048,0.168,0.168,0,0,0,0,0,0,0,0,0,0,0,0,0,0,0
00001304_002.png,No Finding,2,1304,44,M,PA,2500,2048,0.168,0.168,0,0,0,0,0,0,0,0,0,0,0,0,0,0,0
00001304_003.png,No Finding,3,1304,44,M,PA,2048,2500,0.168,0.168,0,0,0,0,0,0,0,0,0,0,0,0,0,0,0
00001304_004.png,No Finding,4,1304,44,M,AP,2500,2048,0.168,0.168,0,0,0,0,0,0,0,0,0,0,0,0,0,0,0
00001304_005.png,No Finding,5,1304,44,M,PA,2500,2048,0.168,0.168,0,0,0,0,0,0,0,0,0,0,0,0,0,0,0
00001304_006.png,No Finding,6,1304,46,M,PA,2992,2991,0.143,0.143,0,0,0,0,0,0,0,0,0,0,0,0,0,0,0
00001304_007.png,No Finding,7,1304,47,M,PA,2878,2991,0.143,0.143,0,0,0,0,0,0,0,0,0,0,0,0,0,0,0
00001305_000.png,No Finding,0,1305,31,M,AP,2048,2500,0.171,0.171,0,0,0,0,0,0,0,0,0,0,0,0,0,0,0
00001305_001.png,No Finding,1,1305,31,M,AP,2048,2500,0.171,0.171,0,0,0,0,0,0,0,0,0,0,0,0,0,0,0
00001306_000.png,Fibrosis,0,1306,58,M,PA,2048,2500,0.171,0.171,1,0,0,0,0,0,0,0,0,0,0,0,1,0,0
00001307_001.png,No Finding,1,1307,81,M,PA,2992,2991,0.143,0.143,0,0,0,0,0,0,0,0,0,0,0,0,0,0,0
00001308_000.png,Pleural_Thickening,0,1308,12,M,PA,2048,2500,0.171,0.171,1,0,0,0,0,0,0,0,0,0,0,0,0,1,0
00001308_001.png,No Finding,1,1308,13,M,PA,2048,2500,0.171,0.171,0,0,0,0,0,0,0,0,0,0,0,0,0,0,0
00001308_002.png,No Finding,2,1308,14,M,PA,2048,2500,0.168,0.168,0,0,0,0,0,0,0,0,0,0,0,0,0,0,0
00001309_000.png,No Finding,0,1309,54,M,PA,2048,2500,0.171,0.171,0,0,0,0,0,0,0,0,0,0,0,0,0,0,0
00001309_002.png,Effusion,2,1309,54,M,PA,2500,2048,0.171,0.171,1,0,0,1,0,0,0,0,0,0,0,0,0,0,0
00001309_003.png,No Finding,3,1309,54,M,AP,2500,2048,0.171,0.171,0,0,0,0,0,0,0,0,0,0,0,0,0,0,0
00001311_000.png,No Finding,0,1311,15,M,PA,2992,2625,0.143,0.143,0,0,0,0,0,0,0,0,0,0,0,0,0,0,0
00001312_000.png,No Finding,0,1312,58,M,PA,2500,2048,0.171,0.171,0,0,0,0,0,0,0,0,0,0,0,0,0,0,0
00001313_000.png,Infiltration,0,1313,63,F,PA,2992,2991,0.143,0.143,1,0,0,0,1,0,0,0,0,0,0,0,0,0,0
00001315_000.png,Fibrosis,0,1315,39,M,PA,2500,2048,0.171,0.171,1,0,0,0,0,0,0,0,0,0,0,0,1,0,0
00001315_001.png,Consolidation|Infiltration,1,1315,42,M,AP,2500,2048,0.168,0.168,1,0,0,0,1,0,0,0,0,1,0,0,0,0,0
00001315_002.png,Consolidation|Infiltration,2,1315,42,M,PA,2500,2048,0.168,0.168,1,0,0,0,1,0,0,0,0,1,0,0,0,0,0
00001315_003.png,No Finding,3,1315,44,M,AP,2500,2048,0.168,0.168,0,0,0,0,0,0,0,0,0,0,0,0,0,0,0
00001315_005.png,No Finding,5,1315,45,M,AP,2500,2048,0.168,0.168,0,0,0,0,0,0,0,0,0,0,0,0,0,0,0
00001315_006.png,No Finding,6,1315,45,M,AP,2500,2048,0.168,0.168,0,0,0,0,0,0,0,0,0,0,0,0,0,0,0
00001316_000.png,Fibrosis,0,1316,82,F,PA,2048,2500,0.171,0.171,1,0,0,0,0,0,0,0,0,0,0,0,1,0,0
00001317_000.png,Infiltration|Pneumonia,0,1317,48,M,PA,2954,2991,0.143,0.143,1,0,0,0,1,0,0,1,0,0,0,0,0,0,0
00001317_001.png,Infiltration,1,1317,48,M,PA,2630,2991,0.143,0.143,1,0,0,0,1,0,0,0,0,0,0,0,0,0,0
00001317_002.png,Pneumonia,2,1317,48,M,PA,2992,2991,0.143,0.143,1,0,0,0,0,0,0,1,0,0,0,0,0,0,0
00001317_003.png,Consolidation,3,1317,48,M,PA,2992,2991,0.143,0.143,1,0,0,0,0,0,0,0,0,1,0,0,0,0,0
00001317_004.png,Consolidation|Infiltration,4,1317,48,M,AP,2500,2048,0.168,0.168,1,0,0,0,1,0,0,0,0,1,0,0,0,0,0
00001317_005.png,Consolidation|Infiltration,5,1317,48,M,AP,2500,2048,0.168,0.168,1,0,0,0,1,0,0,0,0,1,0,0,0,0,0
00001317_006.png,Consolidation,6,1317,48,M,AP,2500,2048,0.168,0.168,1,0,0,0,0,0,0,0,0,1,0,0,0,0,0
00001317_007.png,Consolidation,7,1317,48,M,AP,2500,2048,0.168,0.168,1,0,0,0,0,0,0,0,0,1,0,0,0,0,0
00001318_001.png,No Finding,0,1318,54,F,PA,2048,2500,0.171,0.171,0,0,0,0,0,0,0,0,0,0,0,0,0,0,0
00001318_002.png,No Finding,1,1318,57,F,PA,2048,2500,0.168,0.168,0,0,0,0,0,0,0,0,0,0,0,0,0,0,0
00001318_003.png,No Finding,2,1318,58,F,PA,2992,2991,0.143,0.143,0,0,0,0,0,0,0,0,0,0,0,0,0,0,0
00001318_004.png,No Finding,3,1318,61,F,PA,2992,2991,0.143,0.143,0,0,0,0,0,0,0,0,0,0,0,0,0,0,0
00001318_005.png,No Finding,4,1318,63,F,PA,2578,2991,0.143,0.143,0,0,0,0,0,0,0,0,0,0,0,0,0,0,0
00001318_000.png,No Finding,5,1318,64,F,PA,2774,2623,0.143,0.143,0,0,0,0,0,0,0,0,0,0,0,0,0,0,0
00001319_000.png,Pleural_Thickening,0,1319,17,M,PA,2500,2048,0.171,0.171,1,0,0,0,0,0,0,0,0,0,0,0,0,1,0
00001319_001.png,No Finding,1,1319,19,M,PA,2500,2048,0.168,0.168,0,0,0,0,0,0,0,0,0,0,0,0,0,0,0
00001319_002.png,No Finding,2,1319,20,M,PA,2992,2729,0.143,0.143,0,0,0,0,0,0,0,0,0,0,0,0,0,0,0
00001320_001.png,Nodule,0,1320,47,F,PA,2992,2991,0.143,0.143,1,0,0,0,0,0,1,0,0,0,0,0,0,0,0
00001320_002.png,Fibrosis|Infiltration|Nodule,1,1320,48,F,PA,2698,2991,0.143,0.143,1,0,0,0,1,0,1,0,0,0,0,0,1,0,0
00001320_004.png,No Finding,3,1320,48,F,PA,2992,2991,0.143,0.143,0,0,0,0,0,0,0,0,0,0,0,0,0,0,0
00001320_005.png,Fibrosis|Pleural_Thickening,4,1320,51,F,PA,2518,2585,0.143,0.143,1,0,0,0,0,0,0,0,0,0,0,0,1,1,0
00001320_006.png,Fibrosis|Infiltration,5,1320,52,F,PA,3056,2540,0.139,0.139,1,0,0,0,1,0,0,0,0,0,0,0,1,0,0
00001320_000.png,Infiltration,6,1320,53,F,PA,2402,2197,0.143,0.143,1,0,0,0,1,0,0,0,0,0,0,0,0,0,0
00001322_000.png,No Finding,0,1322,72,F,PA,2990,2991,0.143,0.143,0,0,0,0,0,0,0,0,0,0,0,0,0,0,0
00001322_001.png,Nodule,1,1322,74,F,PA,2854,2991,0.143,0.143,1,0,0,0,0,0,1,0,0,0,0,0,0,0,0
00001322_002.png,Infiltration,2,1322,74,F,PA,2682,2505,0.143,0.143,1,0,0,0,1,0,0,0,0,0,0,0,0,0,0
00001322_003.png,Effusion|Mass,3,1322,74,F,AP,2500,2048,0.168,0.168,1,0,0,1,0,1,0,0,0,0,0,0,0,0,0
00001323_000.png,No Finding,0,1323,45,M,PA,2500,2048,0.171,0.171,0,0,0,0,0,0,0,0,0,0,0,0,0,0,0
00001323_001.png,No Finding,1,1323,47,M,PA,2500,2048,0.168,0.168,0,0,0,0,0,0,0,0,0,0,0,0,0,0,0
00001323_002.png,No Finding,2,1323,49,M,PA,2500,2048,0.168,0.168,0,0,0,0,0,0,0,0,0,0,0,0,0,0,0
00001324_000.png,No Finding,0,1324,54,M,PA,2500,2048,0.171,0.171,0,0,0,0,0,0,0,0,0,0,0,0,0,0,0
00001325_000.png,No Finding,0,1325,68,M,PA,2930,2925,0.143,0.143,0,0,0,0,0,0,0,0,0,0,0,0,0,0,0
00001326_001.png,No Finding,0,1326,61,F,PA,2406,2325,0.143,0.143,0,0,0,0,0,0,0,0,0,0,0,0,0,0,0
00001326_002.png,No Finding,1,1326,61,F,AP,2500,2048,0.168,0.168,0,0,0,0,0,0,0,0,0,0,0,0,0,0,0
00001326_003.png,Fibrosis,2,1326,62,F,PA,2992,2991,0.143,0.143,1,0,0,0,0,0,0,0,0,0,0,0,1,0,0
00001326_004.png,No Finding,3,1326,64,F,PA,2606,2991,0.143,0.143,0,0,0,0,0,0,0,0,0,0,0,0,0,0,0
00001326_005.png,No Finding,4,1326,66,F,PA,2658,2577,0.143,0.143,0,0,0,0,0,0,0,0,0,0,0,0,0,0,0
00001326_006.png,No Finding,5,1326,67,F,PA,2282,2441,0.143,0.143,0,0,0,0,0,0,0,0,0,0,0,0,0,0,0
00001326_000.png,No Finding,6,1326,69,F,PA,2718,2837,0.143,0.143,0,0,0,0,0,0,0,0,0,0,0,0,0,0,0
00001327_002.png,No Finding,0,1327,57,F,PA,2992,2991,0.143,0.143,0,0,0,0,0,0,0,0,0,0,0,0,0,0,0
00001327_003.png,No Finding,1,1327,60,F,PA,2666,2677,0.143,0.143,0,0,0,0,0,0,0,0,0,0,0,0,0,0,0
00001327_004.png,No Finding,2,1327,61,F,PA,2992,2991,0.143,0.143,0,0,0,0,0,0,0,0,0,0,0,0,0,0,0
00001327_005.png,No Finding,3,1327,62,F,PA,2992,2991,0.143,0.143,0,0,0,0,0,0,0,0,0,0,0,0,0,0,0
00001327_000.png,No Finding,4,1327,64,F,PA,2544,3056,0.139,0.139,0,0,0,0,0,0,0,0,0,0,0,0,0,0,0
00001327_001.png,No Finding,5,1327,65,F,PA,2021,2021,0.1943109999999999,0.1943109999999999,0,0,0,0,0,0,0,0,0,0,0,0,0,0,0
00001328_000.png,Hernia|Infiltration,0,1328,57,F,PA,3056,2544,0.139,0.139,1,0,0,0,1,0,0,0,0,0,0,0,0,0,1
00001329_000.png,No Finding,0,1329,33,F,PA,2318,2489,0.143,0.143,0,0,0,0,0,0,0,0,0,0,0,0,0,0,0
00001330_000.png,Cardiomegaly|Effusion,0,1330,75,M,AP,3056,2544,0.139,0.139,1,0,1,1,0,0,0,0,0,0,0,0,0,0,0
00001330_001.png,Cardiomegaly|Infiltration,1,1330,75,M,AP,3056,2544,0.139,0.139,1,0,1,0,1,0,0,0,0,0,0,0,0,0,0
00001330_002.png,Effusion,2,1330,75,M,AP,3056,2544,0.139,0.139,1,0,0,1,0,0,0,0,0,0,0,0,0,0,0
00001330_003.png,Infiltration,3,1330,75,M,PA,2992,2991,0.143,0.143,1,0,0,0,1,0,0,0,0,0,0,0,0,0,0
00001330_004.png,Effusion,4,1330,75,M,AP,3056,2544,0.139,0.139,1,0,0,1,0,0,0,0,0,0,0,0,0,0,0
00001332_000.png,Consolidation|Nodule,0,1332,13,M,AP,2048,2500,0.168,0.168,1,0,0,0,0,0,1,0,0,1,0,0,0,0,0
00001332_001.png,No Finding,1,1332,13,M,AP,2500,2048,0.168,0.168,0,0,0,0,0,0,0,0,0,0,0,0,0,0,0
00001332_002.png,Consolidation|Infiltration,2,1332,16,M,AP,2500,2048,0.168,0.168,1,0,0,0,1,0,0,0,0,1,0,0,0,0,0
00001332_003.png,No Finding,3,1332,16,M,AP,2500,2048,0.168,0.168,0,0,0,0,0,0,0,0,0,0,0,0,0,0,0
00001333_000.png,Nodule,0,1333,47,M,PA,2500,2048,0.171,0.171,1,0,0,0,0,0,1,0,0,0,0,0,0,0,0
00001333_001.png,No Finding,1,1333,55,M,PA,2992,2991,0.143,0.143,0,0,0,0,0,0,0,0,0,0,0,0,0,0,0
00001334_000.png,No Finding,0,1334,44,F,PA,2838,2629,0.143,0.143,0,0,0,0,0,0,0,0,0,0,0,0,0,0,0
00001334_001.png,No Finding,1,1334,45,F,PA,2894,2865,0.143,0.143,0,0,0,0,0,0,0,0,0,0,0,0,0,0,0
00001334_002.png,No Finding,2,1334,47,F,PA,2992,2991,0.143,0.143,0,0,0,0,0,0,0,0,0,0,0,0,0,0,0
00001334_003.png,No Finding,3,1334,49,F,PA,2992,2991,0.143,0.143,0,0,0,0,0,0,0,0,0,0,0,0,0,0,0
00001335_000.png,No Finding,0,1335,16,F,PA,2048,2500,0.171,0.171,0,0,0,0,0,0,0,0,0,0,0,0,0,0,0
00001335_001.png,No Finding,1,1335,17,F,PA,2048,2500,0.171,0.171,0,0,0,0,0,0,0,0,0,0,0,0,0,0,0
00001335_002.png,No Finding,2,1335,18,F,PA,2048,2500,0.168,0.168,0,0,0,0,0,0,0,0,0,0,0,0,0,0,0
00001335_003.png,No Finding,3,1335,19,F,PA,2048,2500,0.168,0.168,0,0,0,0,0,0,0,0,0,0,0,0,0,0,0
00001335_004.png,No Finding,4,1335,19,F,PA,2992,2991,0.143,0.143,0,0,0,0,0,0,0,0,0,0,0,0,0,0,0
00001335_005.png,No Finding,5,1335,22,F,PA,2946,2948,0.143,0.143,0,0,0,0,0,0,0,0,0,0,0,0,0,0,0
00001335_006.png,Infiltration,6,1335,23,F,PA,2992,2729,0.143,0.143,1,0,0,0,1,0,0,0,0,0,0,0,0,0,0
00001336_000.png,No Finding,0,1336,15,M,PA,2048,2500,0.171,0.171,0,0,0,0,0,0,0,0,0,0,0,0,0,0,0
00001340_000.png,No Finding,0,1340,32,F,PA,2992,2991,0.143,0.143,0,0,0,0,0,0,0,0,0,0,0,0,0,0,0
00001342_000.png,Infiltration,0,1342,63,F,AP,2500,2048,0.171,0.171,1,0,0,0,1,0,0,0,0,0,0,0,0,0,0
00001342_001.png,No Finding,1,1342,63,F,PA,2048,2500,0.168,0.168,0,0,0,0,0,0,0,0,0,0,0,0,0,0,0
00001343_000.png,Effusion,0,1343,60,F,PA,2742,2991,0.143,0.143,1,0,0,1,0,0,0,0,0,0,0,0,0,0,0
00001344_000.png,No Finding,0,1344,74,M,PA,2500,2048,0.171,0.171,0,0,0,0,0,0,0,0,0,0,0,0,0,0,0
00001347_001.png,No Finding,0,1347,40,F,PA,2048,2500,0.168,0.168,0,0,0,0,0,0,0,0,0,0,0,0,0,0,0
00001347_002.png,No Finding,1,1347,46,F,PA,2602,2991,0.143,0.143,0,0,0,0,0,0,0,0,0,0,0,0,0,0,0
00001347_000.png,Infiltration,2,1347,49,F,PA,2738,2991,0.143,0.143,1,0,0,0,1,0,0,0,0,0,0,0,0,0,0
00001348_000.png,No Finding,0,1348,45,M,PA,2992,2991,0.143,0.143,0,0,0,0,0,0,0,0,0,0,0,0,0,0,0
00001349_000.png,Mass,0,1349,55,M,PA,2500,2048,0.171,0.171,1,0,0,0,0,1,0,0,0,0,0,0,0,0,0
00001350_000.png,No Finding,0,1350,65,F,PA,2048,2500,0.168,0.168,0,0,0,0,0,0,0,0,0,0,0,0,0,0,0
00001353_000.png,No Finding,0,1353,35,F,PA,2048,2500,0.168,0.168,0,0,0,0,0,0,0,0,0,0,0,0,0,0,0
00001354_000.png,No Finding,0,1354,44,M,PA,2992,2991,0.143,0.143,0,0,0,0,0,0,0,0,0,0,0,0,0,0,0
00001355_007.png,No Finding,0,1355,36,F,PA,2992,2991,0.143,0.143,0,0,0,0,0,0,0,0,0,0,0,0,0,0,0
00001355_008.png,No Finding,1,1355,37,F,PA,2992,2991,0.143,0.143,0,0,0,0,0,0,0,0,0,0,0,0,0,0,0
00001355_009.png,No Finding,2,1355,37,F,PA,2992,2991,0.143,0.143,0,0,0,0,0,0,0,0,0,0,0,0,0,0,0
00001355_010.png,No Finding,3,1355,37,F,PA,2992,2991,0.143,0.143,0,0,0,0,0,0,0,0,0,0,0,0,0,0,0
00001355_011.png,No Finding,4,1355,37,F,PA,2992,2991,0.143,0.143,0,0,0,0,0,0,0,0,0,0,0,0,0,0,0
00001355_012.png,No Finding,5,1355,38,F,PA,2992,2991,0.143,0.143,0,0,0,0,0,0,0,0,0,0,0,0,0,0,0
00001355_000.png,No Finding,6,1355,43,F,PA,2544,3056,0.139,0.139,0,0,0,0,0,0,0,0,0,0,0,0,0,0,0
00001355_001.png,No Finding,7,1355,43,F,AP,3056,2544,0.139,0.139,0,0,0,0,0,0,0,0,0,0,0,0,0,0,0
00001355_003.png,No Finding,9,1355,43,F,PA,2021,2021,0.1943109999999999,0.1943109999999999,0,0,0,0,0,0,0,0,0,0,0,0,0,0,0
00001355_004.png,No Finding,10,1355,43,F,AP,3056,2544,0.139,0.139,0,0,0,0,0,0,0,0,0,0,0,0,0,0,0
00001355_005.png,Cardiomegaly,11,1355,43,F,AP,3056,2544,0.139,0.139,1,0,1,0,0,0,0,0,0,0,0,0,0,0,0
00001355_006.png,Infiltration,12,1355,43,F,AP,3056,2544,0.139,0.139,1,0,0,0,1,0,0,0,0,0,0,0,0,0,0
00001356_000.png,No Finding,0,1356,50,M,PA,2992,2991,0.143,0.143,0,0,0,0,0,0,0,0,0,0,0,0,0,0,0
00001357_000.png,No Finding,0,1357,37,M,PA,2500,2048,0.171,0.171,0,0,0,0,0,0,0,0,0,0,0,0,0,0,0
00001358_000.png,No Finding,0,1358,36,F,PA,2970,2981,0.143,0.143,0,0,0,0,0,0,0,0,0,0,0,0,0,0,0
00001358_001.png,Infiltration,1,1358,37,F,PA,2698,2991,0.143,0.143,1,0,0,0,1,0,0,0,0,0,0,0,0,0,0
00001359_000.png,No Finding,0,1359,45,M,PA,2992,2991,0.143,0.143,0,0,0,0,0,0,0,0,0,0,0,0,0,0,0
00001362_000.png,No Finding,0,1362,48,F,PA,2048,2500,0.168,0.168,0,0,0,0,0,0,0,0,0,0,0,0,0,0,0
00001362_001.png,No Finding,1,1362,48,F,AP,2500,2048,0.168,0.168,0,0,0,0,0,0,0,0,0,0,0,0,0,0,0
00001362_002.png,Infiltration,2,1362,48,F,AP,2500,2048,0.168,0.168,1,0,0,0,1,0,0,0,0,0,0,0,0,0,0
00001362_004.png,No Finding,4,1362,48,F,AP,2500,2048,0.168,0.168,0,0,0,0,0,0,0,0,0,0,0,0,0,0,0
00001362_007.png,No Finding,7,1362,48,F,AP,2500,2048,0.168,0.168,0,0,0,0,0,0,0,0,0,0,0,0,0,0,0
00001362_008.png,No Finding,8,1362,50,F,AP,2500,2048,0.168,0.168,0,0,0,0,0,0,0,0,0,0,0,0,0,0,0
00001362_009.png,No Finding,9,1362,50,F,PA,2992,2991,0.143,0.143,0,0,0,0,0,0,0,0,0,0,0,0,0,0,0
00001362_010.png,No Finding,10,1362,51,F,PA,2706,2991,0.143,0.143,0,0,0,0,0,0,0,0,0,0,0,0,0,0,0
00001362_011.png,No Finding,11,1362,51,F,AP,2500,2048,0.168,0.168,0,0,0,0,0,0,0,0,0,0,0,0,0,0,0
00001362_012.png,No Finding,12,1362,51,F,AP,2500,2048,0.168,0.168,0,0,0,0,0,0,0,0,0,0,0,0,0,0,0
00001362_013.png,No Finding,13,1362,51,F,PA,2830,2845,0.143,0.143,0,0,0,0,0,0,0,0,0,0,0,0,0,0,0
00001362_014.png,No Finding,14,1362,51,F,AP,2500,2048,0.168,0.168,0,0,0,0,0,0,0,0,0,0,0,0,0,0,0
00001362_016.png,No Finding,16,1362,52,F,PA,2992,2877,0.143,0.143,0,0,0,0,0,0,0,0,0,0,0,0,0,0,0
00001362_017.png,No Finding,17,1362,52,F,AP,2500,2048,0.168,0.168,0,0,0,0,0,0,0,0,0,0,0,0,0,0,0
00001364_001.png,No Finding,0,1364,51,M,PA,2992,2991,0.143,0.143,0,0,0,0,0,0,0,0,0,0,0,0,0,0,0
00001364_002.png,No Finding,1,1364,51,M,AP,2500,2048,0.168,0.168,0,0,0,0,0,0,0,0,0,0,0,0,0,0,0
00001364_003.png,No Finding,2,1364,51,M,AP,2500,2048,0.168,0.168,0,0,0,0,0,0,0,0,0,0,0,0,0,0,0
00001364_004.png,Infiltration|Pneumothorax,3,1364,51,M,PA,2992,2991,0.143,0.143,1,0,0,0,1,0,0,0,1,0,0,0,0,0,0
00001364_005.png,Pneumothorax,4,1364,51,M,PA,2500,2048,0.168,0.168,1,0,0,0,0,0,0,0,1,0,0,0,0,0,0
00001364_006.png,No Finding,5,1364,52,M,PA,2048,2500,0.168,0.168,0,0,0,0,0,0,0,0,0,0,0,0,0,0,0
00001364_000.png,No Finding,6,1364,58,M,PA,2021,2021,0.1943109999999999,0.1943109999999999,0,0,0,0,0,0,0,0,0,0,0,0,0,0,0
00001365_000.png,No Finding,0,1365,11,F,PA,2048,2500,0.171,0.171,0,0,0,0,0,0,0,0,0,0,0,0,0,0,0
00001365_001.png,No Finding,1,1365,12,F,PA,2048,2500,0.171,0.171,0,0,0,0,0,0,0,0,0,0,0,0,0,0,0
00001365_002.png,No Finding,2,1365,13,F,PA,2048,2500,0.171,0.171,0,0,0,0,0,0,0,0,0,0,0,0,0,0,0
00001366_000.png,No Finding,0,1366,58,F,PA,2048,2500,0.168,0.168,0,0,0,0,0,0,0,0,0,0,0,0,0,0,0
00001368_000.png,No Finding,0,1368,60,F,PA,2048,2500,0.168,0.168,0,0,0,0,0,0,0,0,0,0,0,0,0,0,0
00001368_001.png,No Finding,1,1368,60,F,PA,2706,2581,0.143,0.143,0,0,0,0,0,0,0,0,0,0,0,0,0,0,0
00001369_000.png,Cardiomegaly,0,1369,35,F,PA,2048,2500,0.171,0.171,1,0,1,0,0,0,0,0,0,0,0,0,0,0,0
00001370_000.png,No Finding,0,1370,39,M,PA,2048,2500,0.171,0.171,0,0,0,0,0,0,0,0,0,0,0,0,0,0,0
00001372_000.png,Infiltration,0,1372,58,F,PA,2992,2991,0.143,0.143,1,0,0,0,1,0,0,0,0,0,0,0,0,0,0
00001373_000.png,No Finding,0,1373,53,M,AP,2500,2048,0.168,0.168,0,0,0,0,0,0,0,0,0,0,0,0,0,0,0
00001373_001.png,Cardiomegaly,1,1373,54,M,AP,2500,2048,0.168,0.168,1,0,1,0,0,0,0,0,0,0,0,0,0,0,0
00001373_002.png,Cardiomegaly|Infiltration,2,1373,54,M,AP,2500,2048,0.168,0.168,1,0,1,0,1,0,0,0,0,0,0,0,0,0,0
00001373_003.png,No Finding,3,1373,54,M,AP,2500,2048,0.168,0.168,0,0,0,0,0,0,0,0,0,0,0,0,0,0,0
00001373_004.png,Consolidation,4,1373,55,M,PA,2680,2623,0.143,0.143,1,0,0,0,0,0,0,0,0,1,0,0,0,0,0
00001373_005.png,No Finding,5,1373,56,M,PA,2992,2991,0.143,0.143,0,0,0,0,0,0,0,0,0,0,0,0,0,0,0
00001373_006.png,Cardiomegaly,6,1373,56,M,PA,2992,2991,0.143,0.143,1,0,1,0,0,0,0,0,0,0,0,0,0,0,0
00001373_007.png,No Finding,7,1373,56,M,PA,2992,2991,0.143,0.143,0,0,0,0,0,0,0,0,0,0,0,0,0,0,0
00001373_008.png,Cardiomegaly|Effusion,8,1373,58,M,PA,2500,2048,0.168,0.168,1,0,1,1,0,0,0,0,0,0,0,0,0,0,0
00001373_009.png,Cardiomegaly,9,1373,58,M,AP,2500,2048,0.168,0.168,1,0,1,0,0,0,0,0,0,0,0,0,0,0,0
00001373_010.png,Cardiomegaly|Effusion|Pneumonia,10,1373,58,M,AP,3056,2544,0.139,0.139,1,0,1,1,0,0,0,1,0,0,0,0,0,0,0
00001373_013.png,Cardiomegaly,12,1373,58,M,AP,3056,2544,0.139,0.139,1,0,1,0,0,0,0,0,0,0,0,0,0,0,0
00001373_012.png,Cardiomegaly,13,1373,58,M,AP,3016,2544,0.139,0.139,1,0,1,0,0,0,0,0,0,0,0,0,0,0,0
00001373_014.png,Cardiomegaly|Effusion,14,1373,58,M,AP,2884,2544,0.139,0.139,1,0,1,1,0,0,0,0,0,0,0,0,0,0,0
00001373_015.png,Cardiomegaly|Effusion,15,1373,58,M,AP,3056,2544,0.139,0.139,1,0,1,1,0,0,0,0,0,0,0,0,0,0,0
00001373_016.png,No Finding,16,1373,59,M,AP,3056,2544,0.139,0.139,0,0,0,0,0,0,0,0,0,0,0,0,0,0,0
00001373_017.png,Infiltration,17,1373,59,M,AP,3056,2544,0.139,0.139,1,0,0,0,1,0,0,0,0,0,0,0,0,0,0
00001373_019.png,No Finding,19,1373,59,M,AP,3056,2544,0.139,0.139,0,0,0,0,0,0,0,0,0,0,0,0,0,0,0
00001373_020.png,No Finding,20,1373,59,M,AP,3056,2544,0.139,0.139,0,0,0,0,0,0,0,0,0,0,0,0,0,0,0
00001373_021.png,Cardiomegaly,21,1373,59,M,AP,3056,2544,0.139,0.139,1,0,1,0,0,0,0,0,0,0,0,0,0,0,0
00001373_022.png,Cardiomegaly,22,1373,59,M,AP,3056,2544,0.139,0.139,1,0,1,0,0,0,0,0,0,0,0,0,0,0,0
00001373_023.png,No Finding,23,1373,59,M,AP,3056,2544,0.139,0.139,0,0,0,0,0,0,0,0,0,0,0,0,0,0,0
00001373_024.png,No Finding,24,1373,59,M,AP,3056,2544,0.139,0.139,0,0,0,0,0,0,0,0,0,0,0,0,0,0,0
00001373_025.png,Cardiomegaly|Infiltration,25,1373,59,M,AP,3056,2544,0.139,0.139,1,0,1,0,1,0,0,0,0,0,0,0,0,0,0
00001373_026.png,Cardiomegaly,26,1373,59,M,AP,2500,2048,0.168,0.168,1,0,1,0,0,0,0,0,0,0,0,0,0,0,0
00001373_027.png,Infiltration,27,1373,59,M,AP,2500,2048,0.168,0.168,1,0,0,0,1,0,0,0,0,0,0,0,0,0,0
00001373_028.png,No Finding,28,1373,59,M,AP,3056,2544,0.139,0.139,0,0,0,0,0,0,0,0,0,0,0,0,0,0,0
00001373_029.png,Infiltration,29,1373,59,M,AP,3056,2544,0.139,0.139,1,0,0,0,1,0,0,0,0,0,0,0,0,0,0
00001373_030.png,Cardiomegaly|Edema|Effusion,30,1373,59,M,AP,3056,2544,0.139,0.139,1,0,1,1,0,0,0,0,0,0,1,0,0,0,0
00001373_031.png,Cardiomegaly|Edema|Effusion,31,1373,59,M,AP,3056,2544,0.139,0.139,1,0,1,1,0,0,0,0,0,0,1,0,0,0,0
00001373_032.png,Cardiomegaly|Consolidation|Edema,32,1373,59,M,AP,3056,2544,0.139,0.139,1,0,1,0,0,0,0,0,0,1,1,0,0,0,0
00001373_033.png,Cardiomegaly|Effusion,33,1373,59,M,AP,3056,2544,0.139,0.139,1,0,1,1,0,0,0,0,0,0,0,0,0,0,0
00001373_034.png,Infiltration,34,1373,59,M,AP,3056,2544,0.139,0.139,1,0,0,0,1,0,0,0,0,0,0,0,0,0,0
00001373_035.png,Cardiomegaly|Effusion,35,1373,60,M,AP,3056,2544,0.139,0.139,1,0,1,1,0,0,0,0,0,0,0,0,0,0,0
00001373_037.png,Cardiomegaly|Effusion,36,1373,60,M,AP,3056,2544,0.139,0.139,1,0,1,1,0,0,0,0,0,0,0,0,0,0,0
00001373_038.png,Effusion,37,1373,60,M,AP,3056,2544,0.139,0.139,1,0,0,1,0,0,0,0,0,0,0,0,0,0,0
00001373_041.png,Effusion,41,1373,60,M,AP,3056,2544,0.139,0.139,1,0,0,1,0,0,0,0,0,0,0,0,0,0,0
00001373_042.png,Cardiomegaly|Effusion,42,1373,60,M,AP,3056,2544,0.139,0.139,1,0,1,1,0,0,0,0,0,0,0,0,0,0,0
00001373_043.png,No Finding,43,1373,60,M,AP,3056,2544,0.139,0.139,0,0,0,0,0,0,0,0,0,0,0,0,0,0,0
00001373_044.png,Effusion,44,1373,60,M,AP,3056,2544,0.139,0.139,1,0,0,1,0,0,0,0,0,0,0,0,0,0,0
00001373_045.png,Consolidation|Effusion,45,1373,60,M,AP,3056,2544,0.139,0.139,1,0,0,1,0,0,0,0,0,1,0,0,0,0,0
00001373_046.png,No Finding,46,1373,60,M,AP,3056,2544,0.139,0.139,0,0,0,0,0,0,0,0,0,0,0,0,0,0,0
00001373_047.png,Cardiomegaly|Effusion,47,1373,60,M,AP,3056,2544,0.139,0.139,1,0,1,1,0,0,0,0,0,0,0,0,0,0,0
00001373_048.png,Cardiomegaly|Effusion,48,1373,60,M,AP,3056,2544,0.139,0.139,1,0,1,1,0,0,0,0,0,0,0,0,0,0,0
00001373_049.png,Cardiomegaly|Effusion,49,1373,60,M,AP,3056,2544,0.139,0.139,1,0,1,1,0,0,0,0,0,0,0,0,0,0,0
00001373_050.png,Effusion|Infiltration,50,1373,60,M,AP,3056,2544,0.139,0.139,1,0,0,1,1,0,0,0,0,0,0,0,0,0,0
00001373_051.png,Effusion|Infiltration,51,1373,60,M,AP,3056,2544,0.139,0.139,1,0,0,1,1,0,0,0,0,0,0,0,0,0,0
00001373_052.png,Effusion|Infiltration,52,1373,60,M,AP,3056,2544,0.139,0.139,1,0,0,1,1,0,0,0,0,0,0,0,0,0,0
00001373_054.png,Effusion|Infiltration,54,1373,60,M,AP,3056,2544,0.139,0.139,1,0,0,1,1,0,0,0,0,0,0,0,0,0,0
00001373_055.png,Consolidation,55,1373,60,M,AP,3056,2544,0.139,0.139,1,0,0,0,0,0,0,0,0,1,0,0,0,0,0
00001375_000.png,No Finding,0,1375,61,M,PA,2544,3056,0.139,0.139,0,0,0,0,0,0,0,0,0,0,0,0,0,0,0
00001376_000.png,No Finding,0,1376,46,M,AP,2500,2048,0.171,0.171,0,0,0,0,0,0,0,0,0,0,0,0,0,0,0
00001376_001.png,No Finding,1,1376,47,M,PA,2500,2048,0.168,0.168,0,0,0,0,0,0,0,0,0,0,0,0,0,0,0
00001376_002.png,No Finding,2,1376,47,M,PA,2500,2048,0.168,0.168,0,0,0,0,0,0,0,0,0,0,0,0,0,0,0
00001376_003.png,No Finding,3,1376,47,M,PA,2500,2048,0.168,0.168,0,0,0,0,0,0,0,0,0,0,0,0,0,0,0
00001376_004.png,No Finding,4,1376,48,M,PA,2500,2048,0.168,0.168,0,0,0,0,0,0,0,0,0,0,0,0,0,0,0
00001376_005.png,No Finding,5,1376,49,M,AP,2500,2048,0.168,0.168,0,0,0,0,0,0,0,0,0,0,0,0,0,0,0
00001376_006.png,Effusion,6,1376,49,M,PA,2992,2991,0.143,0.143,1,0,0,1,0,0,0,0,0,0,0,0,0,0,0
00001376_007.png,Effusion,7,1376,49,M,PA,2682,2677,0.143,0.143,1,0,0,1,0,0,0,0,0,0,0,0,0,0,0
00001376_008.png,Pneumothorax,8,1376,49,M,AP,2500,2048,0.168,0.168,1,0,0,0,0,0,0,0,1,0,0,0,0,0,0
00001376_009.png,No Finding,9,1376,49,M,AP,2500,2048,0.168,0.168,0,0,0,0,0,0,0,0,0,0,0,0,0,0,0
00001376_010.png,Effusion|Pneumothorax,10,1376,49,M,AP,2500,2048,0.168,0.168,1,0,0,1,0,0,0,0,1,0,0,0,0,0,0
00001377_001.png,No Finding,1,1377,53,F,AP,2048,2500,0.171,0.171,0,0,0,0,0,0,0,0,0,0,0,0,0,0,0
00001377_002.png,No Finding,2,1377,53,F,AP,2500,2048,0.171,0.171,0,0,0,0,0,0,0,0,0,0,0,0,0,0,0
00001377_004.png,Effusion,4,1377,53,F,PA,2048,2500,0.171,0.171,1,0,0,1,0,0,0,0,0,0,0,0,0,0,0
00001377_005.png,Effusion,5,1377,54,F,PA,2048,2500,0.171,0.171,1,0,0,1,0,0,0,0,0,0,0,0,0,0,0
00001380_000.png,No Finding,0,1380,58,M,PA,2021,2021,0.1943109999999999,0.1943109999999999,0,0,0,0,0,0,0,0,0,0,0,0,0,0,0
00001381_000.png,No Finding,0,1381,45,M,PA,2992,2991,0.143,0.143,0,0,0,0,0,0,0,0,0,0,0,0,0,0,0
00001381_001.png,Infiltration|Nodule,1,1381,45,M,PA,2992,2991,0.143,0.143,1,0,0,0,1,0,1,0,0,0,0,0,0,0,0
00001381_002.png,Nodule,2,1381,45,M,AP,2500,2048,0.168,0.168,1,0,0,0,0,0,1,0,0,0,0,0,0,0,0
00001381_003.png,Infiltration,3,1381,45,M,AP,2500,2048,0.168,0.168,1,0,0,0,1,0,0,0,0,0,0,0,0,0,0
00001381_004.png,Infiltration,4,1381,45,M,PA,2992,2991,0.143,0.143,1,0,0,0,1,0,0,0,0,0,0,0,0,0,0
00001381_005.png,Edema|Nodule,5,1381,45,M,AP,2500,2048,0.168,0.168,1,0,0,0,0,0,1,0,0,0,1,0,0,0,0
00001381_006.png,No Finding,6,1381,45,M,AP,2500,2048,0.168,0.168,0,0,0,0,0,0,0,0,0,0,0,0,0,0,0
00001381_007.png,No Finding,7,1381,45,M,AP,2500,2048,0.168,0.168,0,0,0,0,0,0,0,0,0,0,0,0,0,0,0
00001381_008.png,No Finding,8,1381,45,M,AP,2500,2048,0.168,0.168,0,0,0,0,0,0,0,0,0,0,0,0,0,0,0
00001381_009.png,No Finding,9,1381,45,M,AP,2500,2048,0.168,0.168,0,0,0,0,0,0,0,0,0,0,0,0,0,0,0
00001381_010.png,Infiltration|Nodule,10,1381,45,M,PA,2992,2991,0.143,0.143,1,0,0,0,1,0,1,0,0,0,0,0,0,0,0
00001381_011.png,Infiltration,11,1381,45,M,AP,2500,2048,0.168,0.168,1,0,0,0,1,0,0,0,0,0,0,0,0,0,0
00001381_012.png,Infiltration|Nodule,12,1381,45,M,PA,2992,2991,0.143,0.143,1,0,0,0,1,0,1,0,0,0,0,0,0,0,0
00001381_013.png,No Finding,13,1381,45,M,PA,2878,2905,0.143,0.143,0,0,0,0,0,0,0,0,0,0,0,0,0,0,0
00001382_000.png,Infiltration|Mass,0,1382,27,M,PA,2500,2048,0.168,0.168,1,0,0,0,1,1,0,0,0,0,0,0,0,0,0
00001382_001.png,No Finding,1,1382,27,M,AP,2500,2048,0.168,0.168,0,0,0,0,0,0,0,0,0,0,0,0,0,0,0
00001382_002.png,No Finding,2,1382,27,M,PA,2048,2500,0.168,0.168,0,0,0,0,0,0,0,0,0,0,0,0,0,0,0
00001382_003.png,Nodule,3,1382,27,M,AP,2048,2500,0.168,0.168,1,0,0,0,0,0,1,0,0,0,0,0,0,0,0
00001382_004.png,Infiltration,4,1382,27,M,AP,2048,2500,0.168,0.168,1,0,0,0,1,0,0,0,0,0,0,0,0,0,0
00001383_000.png,Emphysema|Pneumonia,0,1383,75,M,PA,2992,2991,0.143,0.143,1,0,0,0,0,0,0,1,0,0,0,1,0,0,0
00001383_001.png,No Finding,1,1383,77,M,PA,2670,2429,0.143,0.143,0,0,0,0,0,0,0,0,0,0,0,0,0,0,0
00001384_000.png,No Finding,1,1384,50,F,PA,1721,2021,0.1943109999999999,0.1943109999999999,0,0,0,0,0,0,0,0,0,0,0,0,0,0,0
00001385_000.png,No Finding,0,1385,59,F,AP,2500,2048,0.171,0.171,0,0,0,0,0,0,0,0,0,0,0,0,0,0,0
00001385_001.png,No Finding,1,1385,59,F,AP,2500,2048,0.171,0.171,0,0,0,0,0,0,0,0,0,0,0,0,0,0,0
00001385_002.png,No Finding,2,1385,59,F,AP,2500,2048,0.171,0.171,0,0,0,0,0,0,0,0,0,0,0,0,0,0,0
00001385_003.png,No Finding,3,1385,59,F,AP,2500,2048,0.171,0.171,0,0,0,0,0,0,0,0,0,0,0,0,0,0,0
00001385_004.png,Cardiomegaly,4,1385,59,F,AP,2500,2048,0.171,0.171,1,0,1,0,0,0,0,0,0,0,0,0,0,0,0
00001385_005.png,Effusion,5,1385,59,F,AP,2500,2048,0.171,0.171,1,0,0,1,0,0,0,0,0,0,0,0,0,0,0
00001385_006.png,Effusion,6,1385,59,F,AP,2500,2048,0.171,0.171,1,0,0,1,0,0,0,0,0,0,0,0,0,0,0
00001385_007.png,No Finding,7,1385,59,F,PA,2500,2048,0.168,0.168,0,0,0,0,0,0,0,0,0,0,0,0,0,0,0
00001385_008.png,No Finding,8,1385,59,F,AP,2500,2048,0.171,0.171,0,0,0,0,0,0,0,0,0,0,0,0,0,0,0
00001385_011.png,Cardiomegaly|Effusion|Infiltration,11,1385,59,F,AP,2500,2048,0.171,0.171,1,0,1,1,1,0,0,0,0,0,0,0,0,0,0
00001385_012.png,Cardiomegaly|Infiltration,12,1385,60,F,AP,2500,2048,0.168,0.168,1,0,1,0,1,0,0,0,0,0,0,0,0,0,0
00001385_013.png,No Finding,13,1385,61,F,PA,2774,2701,0.143,0.143,0,0,0,0,0,0,0,0,0,0,0,0,0,0,0
00001385_014.png,No Finding,14,1385,61,F,PA,2514,2761,0.143,0.143,0,0,0,0,0,0,0,0,0,0,0,0,0,0,0
00001385_015.png,No Finding,15,1385,62,F,PA,2694,2925,0.143,0.143,0,0,0,0,0,0,0,0,0,0,0,0,0,0,0
00001385_016.png,No Finding,16,1385,62,F,PA,2048,2500,0.168,0.168,0,0,0,0,0,0,0,0,0,0,0,0,0,0,0
00001385_017.png,Consolidation|Fibrosis|Infiltration,17,1385,63,F,PA,2992,2991,0.143,0.143,1,0,0,0,1,0,0,0,0,1,0,0,1,0,0
00001385_018.png,No Finding,18,1385,63,F,AP,2500,2048,0.168,0.168,0,0,0,0,0,0,0,0,0,0,0,0,0,0,0
00001385_019.png,Edema|Infiltration,19,1385,63,F,PA,2992,2991,0.143,0.143,1,0,0,0,1,0,0,0,0,0,1,0,0,0,0
00001385_020.png,Infiltration,20,1385,63,F,AP,2500,2048,0.168,0.168,1,0,0,0,1,0,0,0,0,0,0,0,0,0,0
00001386_000.png,Hernia,0,1386,74,M,PA,2986,2991,0.143,0.143,1,0,0,0,0,0,0,0,0,0,0,0,0,0,1
00001387_000.png,No Finding,0,1387,27,F,PA,2021,2020,0.1943109999999999,0.1943109999999999,0,0,0,0,0,0,0,0,0,0,0,0,0,0,0
00001388_000.png,No Finding,0,1388,43,F,PA,2048,2500,0.171,0.171,0,0,0,0,0,0,0,0,0,0,0,0,0,0,0
00001389_000.png,No Finding,0,1389,52,M,PA,2500,2048,0.168,0.168,0,0,0,0,0,0,0,0,0,0,0,0,0,0,0
00001389_001.png,No Finding,1,1389,52,M,AP,2500,2048,0.168,0.168,0,0,0,0,0,0,0,0,0,0,0,0,0,0,0
00001389_002.png,No Finding,2,1389,52,M,AP,2500,2048,0.168,0.168,0,0,0,0,0,0,0,0,0,0,0,0,0,0,0
00001389_003.png,No Finding,3,1389,52,M,AP,2500,2048,0.168,0.168,0,0,0,0,0,0,0,0,0,0,0,0,0,0,0
00001389_004.png,No Finding,4,1389,54,M,PA,2992,2991,0.143,0.143,0,0,0,0,0,0,0,0,0,0,0,0,0,0,0
00001389_005.png,No Finding,5,1389,54,M,PA,2992,2991,0.143,0.143,0,0,0,0,0,0,0,0,0,0,0,0,0,0,0
00001390_000.png,No Finding,0,1390,46,F,PA,2048,2500,0.168,0.168,0,0,0,0,0,0,0,0,0,0,0,0,0,0,0
00001391_000.png,No Finding,0,1391,30,F,PA,2048,2500,0.168,0.168,0,0,0,0,0,0,0,0,0,0,0,0,0,0,0
00001395_007.png,No Finding,0,1395,62,M,AP,2500,2048,0.171,0.171,0,0,0,0,0,0,0,0,0,0,0,0,0,0,0
00001395_009.png,No Finding,2,1395,62,M,AP,2500,2048,0.168,0.168,0,0,0,0,0,0,0,0,0,0,0,0,0,0,0
00001395_010.png,Fibrosis,3,1395,64,M,PA,2992,2991,0.143,0.143,1,0,0,0,0,0,0,0,0,0,0,0,1,0,0
00001395_012.png,Effusion|Infiltration|Pleural_Thickening,5,1395,64,M,PA,2992,2991,0.143,0.143,1,0,0,1,1,0,0,0,0,0,0,0,0,1,0
00001395_013.png,Effusion|Infiltration|Pleural_Thickening,6,1395,64,M,PA,2992,2991,0.143,0.143,1,0,0,1,1,0,0,0,0,0,0,0,0,1,0
00001395_014.png,No Finding,7,1395,65,M,PA,2992,2991,0.143,0.143,0,0,0,0,0,0,0,0,0,0,0,0,0,0,0
00001395_000.png,Nodule,8,1395,73,M,PA,2021,2021,0.1943109999999999,0.1943109999999999,1,0,0,0,0,0,1,0,0,0,0,0,0,0,0
00001395_001.png,Nodule,9,1395,73,M,PA,2021,2021,0.1943109999999999,0.1943109999999999,1,0,0,0,0,0,1,0,0,0,0,0,0,0,0
00001395_003.png,Emphysema|Pneumothorax,11,1395,73,M,PA,2021,2021,0.1943109999999999,0.1943109999999999,1,0,0,0,0,0,0,0,1,0,0,1,0,0,0
00001395_004.png,Emphysema|Pneumothorax,12,1395,73,M,PA,2021,2021,0.1943109999999999,0.1943109999999999,1,0,0,0,0,0,0,0,1,0,0,1,0,0,0
00001395_005.png,Effusion|Emphysema,13,1395,73,M,PA,2021,2021,0.1943109999999999,0.1943109999999999,1,0,0,1,0,0,0,0,0,0,0,1,0,0,0
00001395_006.png,No Finding,14,1395,73,M,PA,3056,2544,0.139,0.139,0,0,0,0,0,0,0,0,0,0,0,0,0,0,0
00001397_000.png,No Finding,0,1397,52,M,AP,2500,2048,0.171,0.171,0,0,0,0,0,0,0,0,0,0,0,0,0,0,0
00001397_001.png,Effusion,1,1397,54,M,PA,2500,2048,0.168,0.168,1,0,0,1,0,0,0,0,0,0,0,0,0,0,0
00001397_002.png,Effusion,2,1397,54,M,PA,2500,2048,0.168,0.168,1,0,0,1,0,0,0,0,0,0,0,0,0,0,0
00001397_003.png,No Finding,3,1397,54,M,AP,2500,2048,0.168,0.168,0,0,0,0,0,0,0,0,0,0,0,0,0,0,0
00001397_004.png,Emphysema|Pleural_Thickening,4,1397,54,M,PA,2500,2048,0.168,0.168,1,0,0,0,0,0,0,0,0,0,0,1,0,1,0
00001397_005.png,Nodule,5,1397,55,M,PA,2992,2991,0.143,0.143,1,0,0,0,0,0,1,0,0,0,0,0,0,0,0
00001397_006.png,No Finding,6,1397,59,M,PA,2992,2991,0.143,0.143,0,0,0,0,0,0,0,0,0,0,0,0,0,0,0
00001397_007.png,No Finding,7,1397,59,M,AP,2500,2048,0.168,0.168,0,0,0,0,0,0,0,0,0,0,0,0,0,0,0
00001397_009.png,Pleural_Thickening,9,1397,59,M,AP,2500,2048,0.168,0.168,1,0,0,0,0,0,0,0,0,0,0,0,0,1,0
00001397_010.png,No Finding,10,1397,59,M,AP,2500,2048,0.168,0.168,0,0,0,0,0,0,0,0,0,0,0,0,0,0,0
00001397_011.png,No Finding,11,1397,59,M,AP,2500,2048,0.168,0.168,0,0,0,0,0,0,0,0,0,0,0,0,0,0,0
00001397_012.png,Pneumothorax,12,1397,59,M,AP,2500,2048,0.168,0.168,1,0,0,0,0,0,0,0,1,0,0,0,0,0,0
00001397_013.png,No Finding,13,1397,59,M,PA,2992,2991,0.143,0.143,0,0,0,0,0,0,0,0,0,0,0,0,0,0,0
00001398_000.png,No Finding,0,1398,48,F,PA,2048,2500,0.171,0.171,0,0,0,0,0,0,0,0,0,0,0,0,0,0,0
00001398_001.png,No Finding,1,1398,50,F,PA,2048,2500,0.171,0.171,0,0,0,0,0,0,0,0,0,0,0,0,0,0,0
00001398_002.png,No Finding,2,1398,51,F,PA,2048,2500,0.168,0.168,0,0,0,0,0,0,0,0,0,0,0,0,0,0,0
00001398_003.png,No Finding,3,1398,54,F,PA,2992,2991,0.143,0.143,0,0,0,0,0,0,0,0,0,0,0,0,0,0,0
00001398_004.png,No Finding,4,1398,56,F,PA,2992,2991,0.143,0.143,0,0,0,0,0,0,0,0,0,0,0,0,0,0,0
00001400_000.png,Infiltration,0,1400,81,M,PA,2992,2991,0.143,0.143,1,0,0,0,1,0,0,0,0,0,0,0,0,0,0
00001401_000.png,No Finding,0,1401,13,M,PA,2048,2500,0.168,0.168,0,0,0,0,0,0,0,0,0,0,0,0,0,0,0
00001401_001.png,No Finding,1,1401,14,M,PA,2048,2500,0.168,0.168,0,0,0,0,0,0,0,0,0,0,0,0,0,0,0
00001401_002.png,No Finding,2,1401,14,M,PA,2494,2991,0.143,0.143,0,0,0,0,0,0,0,0,0,0,0,0,0,0,0
00001402_000.png,No Finding,0,1402,52,M,PA,2992,2991,0.143,0.143,0,0,0,0,0,0,0,0,0,0,0,0,0,0,0
00001405_000.png,Infiltration,0,1405,32,M,PA,2021,2020,0.1943109999999999,0.1943109999999999,1,0,0,0,1,0,0,0,0,0,0,0,0,0,0
00001406_001.png,No Finding,0,1406,58,M,PA,2500,2048,0.168,0.168,0,0,0,0,0,0,0,0,0,0,0,0,0,0,0
00001406_000.png,No Finding,1,1406,68,M,PA,1870,2021,0.1943109999999999,0.1943109999999999,0,0,0,0,0,0,0,0,0,0,0,0,0,0,0
00001409_004.png,No Finding,0,1409,44,M,PA,2500,2048,0.171,0.171,0,0,0,0,0,0,0,0,0,0,0,0,0,0,0
00001409_005.png,No Finding,1,1409,47,M,PA,2500,2048,0.168,0.168,0,0,0,0,0,0,0,0,0,0,0,0,0,0,0
00001409_006.png,No Finding,2,1409,49,M,PA,2992,2991,0.143,0.143,0,0,0,0,0,0,0,0,0,0,0,0,0,0,0
00001409_007.png,No Finding,3,1409,50,M,PA,2802,2991,0.143,0.143,0,0,0,0,0,0,0,0,0,0,0,0,0,0,0
00001409_008.png,No Finding,4,1409,50,M,PA,2992,2991,0.143,0.143,0,0,0,0,0,0,0,0,0,0,0,0,0,0,0
00001409_010.png,Infiltration,6,1409,51,M,PA,2954,2991,0.143,0.143,1,0,0,0,1,0,0,0,0,0,0,0,0,0,0
00001409_011.png,No Finding,7,1409,52,M,PA,2992,2991,0.143,0.143,0,0,0,0,0,0,0,0,0,0,0,0,0,0,0
00001409_012.png,Infiltration,8,1409,54,M,AP,3056,2544,0.139,0.139,1,0,0,0,1,0,0,0,0,0,0,0,0,0,0
00001409_013.png,No Finding,9,1409,55,M,PA,3056,2484,0.139,0.139,0,0,0,0,0,0,0,0,0,0,0,0,0,0,0
00001409_001.png,No Finding,11,1409,56,M,PA,2992,2991,0.143,0.143,0,0,0,0,0,0,0,0,0,0,0,0,0,0,0
00001409_002.png,Fibrosis,12,1409,57,M,PA,3056,2544,0.139,0.139,1,0,0,0,0,0,0,0,0,0,0,0,1,0,0
00001409_003.png,No Finding,13,1409,58,M,PA,2021,2021,0.1943109999999999,0.1943109999999999,0,0,0,0,0,0,0,0,0,0,0,0,0,0,0
00001410_001.png,No Finding,0,1410,76,F,PA,2048,2500,0.168,0.168,0,0,0,0,0,0,0,0,0,0,0,0,0,0,0
00001410_002.png,Mass,1,1410,76,F,AP,2500,2048,0.171,0.171,1,0,0,0,0,1,0,0,0,0,0,0,0,0,0
00001410_003.png,Mass,2,1410,76,F,PA,2048,2500,0.168,0.168,1,0,0,0,0,1,0,0,0,0,0,0,0,0,0
00001410_000.png,Mass,3,1410,76,F,PA,2048,2500,0.168,0.168,1,0,0,0,0,1,0,0,0,0,0,0,0,0,0
00001410_004.png,Mass,4,1410,76,F,PA,2048,2500,0.168,0.168,1,0,0,0,0,1,0,0,0,0,0,0,0,0,0
00001411_000.png,No Finding,0,1411,37,F,PA,2610,2991,0.143,0.143,0,0,0,0,0,0,0,0,0,0,0,0,0,0,0
00001412_000.png,No Finding,0,1412,75,F,PA,2048,2500,0.168,0.168,0,0,0,0,0,0,0,0,0,0,0,0,0,0,0
00001413_000.png,No Finding,0,1413,48,M,PA,2992,2991,0.143,0.143,0,0,0,0,0,0,0,0,0,0,0,0,0,0,0
00001413_001.png,No Finding,1,1413,49,M,PA,2992,2991,0.143,0.143,0,0,0,0,0,0,0,0,0,0,0,0,0,0,0
00001415_000.png,No Finding,0,1415,62,F,PA,2048,2500,0.168,0.168,0,0,0,0,0,0,0,0,0,0,0,0,0,0,0
00001415_001.png,No Finding,1,1415,64,F,PA,2048,2500,0.168,0.168,0,0,0,0,0,0,0,0,0,0,0,0,0,0,0
00001415_002.png,Infiltration,2,1415,67,F,PA,2170,2437,0.143,0.143,1,0,0,0,1,0,0,0,0,0,0,0,0,0,0
00001415_003.png,No Finding,3,1415,68,F,PA,2992,2991,0.143,0.143,0,0,0,0,0,0,0,0,0,0,0,0,0,0,0
00001416_000.png,No Finding,0,1416,69,M,PA,2500,2048,0.171,0.171,0,0,0,0,0,0,0,0,0,0,0,0,0,0,0
00001416_001.png,Effusion,1,1416,69,M,AP,2500,2048,0.171,0.171,1,0,0,1,0,0,0,0,0,0,0,0,0,0,0
00001416_002.png,Effusion|Pneumothorax,2,1416,69,M,PA,2500,2048,0.171,0.171,1,0,0,1,0,0,0,0,1,0,0,0,0,0,0
00001416_003.png,Pneumothorax,3,1416,69,M,PA,2500,2048,0.171,0.171,1,0,0,0,0,0,0,0,1,0,0,0,0,0,0
00001417_000.png,No Finding,0,1417,59,M,PA,2992,2991,0.143,0.143,0,0,0,0,0,0,0,0,0,0,0,0,0,0,0
00001418_000.png,No Finding,0,1418,60,F,PA,2586,2409,0.143,0.143,0,0,0,0,0,0,0,0,0,0,0,0,0,0,0
00001419_000.png,No Finding,0,1419,37,M,PA,2500,2048,0.168,0.168,0,0,0,0,0,0,0,0,0,0,0,0,0,0,0
00001422_000.png,No Finding,0,1422,54,F,PA,2048,2500,0.171,0.171,0,0,0,0,0,0,0,0,0,0,0,0,0,0,0
00001424_000.png,No Finding,0,1424,21,F,PA,2048,2500,0.168,0.168,0,0,0,0,0,0,0,0,0,0,0,0,0,0,0
00001427_000.png,No Finding,0,1427,28,F,PA,2048,2500,0.168,0.168,0,0,0,0,0,0,0,0,0,0,0,0,0,0,0
00001429_000.png,Fibrosis,0,1429,58,F,PA,2992,2991,0.143,0.143,1,0,0,0,0,0,0,0,0,0,0,0,1,0,0
00001429_001.png,Fibrosis|Pleural_Thickening,1,1429,59,F,PA,2518,2589,0.143,0.143,1,0,0,0,0,0,0,0,0,0,0,0,1,1,0
00001429_002.png,Pneumothorax,2,1429,59,F,AP,2500,2048,0.168,0.168,1,0,0,0,0,0,0,0,1,0,0,0,0,0,0
00001429_003.png,Pneumothorax,3,1429,59,F,PA,2666,2991,0.143,0.143,1,0,0,0,0,0,0,0,1,0,0,0,0,0,0
00001429_004.png,Pneumothorax,4,1429,60,F,PA,2526,2477,0.143,0.143,1,0,0,0,0,0,0,0,1,0,0,0,0,0,0
00001429_005.png,Mass|Pneumothorax,5,1429,60,F,PA,2992,2991,0.143,0.143,1,0,0,0,0,1,0,0,1,0,0,0,0,0,0
00001429_006.png,Mass|Pneumothorax,6,1429,60,F,PA,2992,2991,0.143,0.143,1,0,0,0,0,1,0,0,1,0,0,0,0,0,0
00001429_007.png,Mass|Pneumothorax,7,1429,60,F,PA,2992,2991,0.143,0.143,1,0,0,0,0,1,0,0,1,0,0,0,0,0,0
00001429_008.png,Pleural_Thickening|Pneumothorax,8,1429,60,F,PA,2992,2991,0.143,0.143,1,0,0,0,0,0,0,0,1,0,0,0,0,1,0
00001429_009.png,Pleural_Thickening|Pneumothorax,9,1429,60,F,PA,2686,2757,0.143,0.143,1,0,0,0,0,0,0,0,1,0,0,0,0,1,0
00001429_010.png,Fibrosis,10,1429,60,F,PA,2610,2829,0.143,0.143,1,0,0,0,0,0,0,0,0,0,0,0,1,0,0
00001429_011.png,Fibrosis|Pleural_Thickening|Pneumothorax,11,1429,60,F,PA,2386,2489,0.143,0.143,1,0,0,0,0,0,0,0,1,0,0,0,1,1,0
00001431_000.png,No Finding,0,1431,43,M,PA,2500,2048,0.168,0.168,0,0,0,0,0,0,0,0,0,0,0,0,0,0,0
00001434_000.png,No Finding,0,1434,51,F,PA,2742,2761,0.143,0.143,0,0,0,0,0,0,0,0,0,0,0,0,0,0,0
00001435_000.png,No Finding,0,1435,53,F,PA,2048,2500,0.168,0.168,0,0,0,0,0,0,0,0,0,0,0,0,0,0,0
00001436_000.png,No Finding,0,1436,59,M,PA,2992,2991,0.143,0.143,0,0,0,0,0,0,0,0,0,0,0,0,0,0,0
00001438_000.png,Hernia,0,1438,72,F,PA,2500,2048,0.171,0.171,1,0,0,0,0,0,0,0,0,0,0,0,0,0,1
00001439_000.png,Effusion,0,1439,63,F,PA,2048,2500,0.168,0.168,1,0,0,1,0,0,0,0,0,0,0,0,0,0,0
00001440_000.png,No Finding,0,1440,42,M,PA,2870,2557,0.143,0.143,0,0,0,0,0,0,0,0,0,0,0,0,0,0,0
00001441_000.png,No Finding,0,1441,58,M,PA,2021,2021,0.1943109999999999,0.1943109999999999,0,0,0,0,0,0,0,0,0,0,0,0,0,0,0
00001442_000.png,Nodule|Pleural_Thickening,0,1442,48,M,PA,2500,2048,0.171,0.171,1,0,0,0,0,0,1,0,0,0,0,0,0,1,0
00001443_000.png,No Finding,0,1443,23,M,PA,2558,2369,0.143,0.143,0,0,0,0,0,0,0,0,0,0,0,0,0,0,0
00001444_000.png,Nodule,0,1444,64,F,PA,2048,2500,0.171,0.171,1,0,0,0,0,0,1,0,0,0,0,0,0,0,0
00001446_000.png,Infiltration,0,1446,57,F,PA,2678,2986,0.143,0.143,1,0,0,0,1,0,0,0,0,0,0,0,0,0,0
00001447_000.png,No Finding,0,1447,53,F,PA,2048,2500,0.168,0.168,0,0,0,0,0,0,0,0,0,0,0,0,0,0,0
00001448_000.png,No Finding,0,1448,28,M,PA,2500,2048,0.168,0.168,0,0,0,0,0,0,0,0,0,0,0,0,0,0,0
00001449_000.png,No Finding,0,1449,47,M,PA,2500,2048,0.171,0.171,0,0,0,0,0,0,0,0,0,0,0,0,0,0,0
00001449_001.png,No Finding,1,1449,49,M,PA,2048,2500,0.168,0.168,0,0,0,0,0,0,0,0,0,0,0,0,0,0,0
00001449_002.png,No Finding,2,1449,52,M,AP,2500,2048,0.168,0.168,0,0,0,0,0,0,0,0,0,0,0,0,0,0,0
00001450_000.png,No Finding,0,1450,50,M,PA,2048,2500,0.168,0.168,0,0,0,0,0,0,0,0,0,0,0,0,0,0,0
00001452_001.png,No Finding,0,1452,45,F,PA,2500,2048,0.168,0.168,0,0,0,0,0,0,0,0,0,0,0,0,0,0,0
00001452_002.png,No Finding,1,1452,46,F,PA,2500,2048,0.168,0.168,0,0,0,0,0,0,0,0,0,0,0,0,0,0,0
00001452_003.png,No Finding,2,1452,47,F,PA,2992,2991,0.143,0.143,0,0,0,0,0,0,0,0,0,0,0,0,0,0,0
00001452_004.png,No Finding,3,1452,49,F,PA,2992,2991,0.143,0.143,0,0,0,0,0,0,0,0,0,0,0,0,0,0,0
00001452_005.png,No Finding,4,1452,52,F,PA,2992,2991,0.143,0.143,0,0,0,0,0,0,0,0,0,0,0,0,0,0,0
00001452_000.png,No Finding,5,1452,54,F,PA,2992,2991,0.143,0.143,0,0,0,0,0,0,0,0,0,0,0,0,0,0,0
00001453_000.png,No Finding,0,1453,39,M,AP,2500,2048,0.171,0.171,0,0,0,0,0,0,0,0,0,0,0,0,0,0,0
00001454_000.png,No Finding,0,1454,65,F,PA,2048,2500,0.171,0.171,0,0,0,0,0,0,0,0,0,0,0,0,0,0,0
00001456_000.png,Infiltration|Nodule,0,1456,41,F,PA,2598,2473,0.143,0.143,1,0,0,0,1,0,1,0,0,0,0,0,0,0,0
00001456_001.png,No Finding,1,1456,41,F,PA,2482,2493,0.143,0.143,0,0,0,0,0,0,0,0,0,0,0,0,0,0,0
00001459_001.png,No Finding,1,1459,75,F,PA,2992,2991,0.143,0.143,0,0,0,0,0,0,0,0,0,0,0,0,0,0,0
00001461_000.png,No Finding,0,1461,63,M,AP,2500,2048,0.171,0.171,0,0,0,0,0,0,0,0,0,0,0,0,0,0,0
00001461_001.png,No Finding,1,1461,63,M,AP,2500,2048,0.171,0.171,0,0,0,0,0,0,0,0,0,0,0,0,0,0,0
00001461_002.png,Infiltration|Nodule,2,1461,63,M,AP,2500,2048,0.171,0.171,1,0,0,0,1,0,1,0,0,0,0,0,0,0,0
00001461_003.png,Infiltration|Nodule,3,1461,63,M,AP,2500,2048,0.171,0.171,1,0,0,0,1,0,1,0,0,0,0,0,0,0,0
00001463_000.png,Fibrosis,0,1463,73,F,PA,2048,2500,0.168,0.168,1,0,0,0,0,0,0,0,0,0,0,0,1,0,0
00001464_000.png,No Finding,0,1464,17,M,AP,2500,2048,0.168,0.168,0,0,0,0,0,0,0,0,0,0,0,0,0,0,0
00001464_001.png,No Finding,1,1464,18,M,PA,2992,2991,0.143,0.143,0,0,0,0,0,0,0,0,0,0,0,0,0,0,0
00001464_002.png,No Finding,2,1464,18,M,PA,2992,2991,0.143,0.143,0,0,0,0,0,0,0,0,0,0,0,0,0,0,0
00001464_003.png,No Finding,3,1464,20,M,PA,2992,2991,0.143,0.143,0,0,0,0,0,0,0,0,0,0,0,0,0,0,0
00001464_004.png,Infiltration,4,1464,22,M,PA,2706,2991,0.143,0.143,1,0,0,0,1,0,0,0,0,0,0,0,0,0,0
00001465_000.png,Nodule|Pleural_Thickening,0,1465,72,M,PA,2628,2758,0.143,0.143,1,0,0,0,0,0,1,0,0,0,0,0,0,1,0
00001466_000.png,No Finding,0,1466,82,M,PA,2992,2991,0.143,0.143,0,0,0,0,0,0,0,0,0,0,0,0,0,0,0
00001467_000.png,No Finding,0,1467,44,M,PA,2992,2991,0.143,0.143,0,0,0,0,0,0,0,0,0,0,0,0,0,0,0
00001468_000.png,No Finding,0,1468,32,F,PA,2048,2500,0.168,0.168,0,0,0,0,0,0,0,0,0,0,0,0,0,0,0
00001470_000.png,Emphysema,0,1470,56,F,AP,2500,2048,0.168,0.168,1,0,0,0,0,0,0,0,0,0,0,1,0,0,0
00001470_001.png,No Finding,1,1470,56,F,PA,2048,2500,0.168,0.168,0,0,0,0,0,0,0,0,0,0,0,0,0,0,0
00001470_002.png,No Finding,2,1470,56,F,PA,2500,2048,0.168,0.168,0,0,0,0,0,0,0,0,0,0,0,0,0,0,0
00001470_003.png,No Finding,3,1470,56,F,AP,2500,2048,0.168,0.168,0,0,0,0,0,0,0,0,0,0,0,0,0,0,0
00001470_004.png,Effusion,4,1470,56,F,AP,2500,2048,0.168,0.168,1,0,0,1,0,0,0,0,0,0,0,0,0,0,0
00001470_005.png,Effusion,5,1470,56,F,AP,2500,2048,0.168,0.168,1,0,0,1,0,0,0,0,0,0,0,0,0,0,0
00001470_006.png,Effusion,6,1470,56,F,PA,2992,2991,0.143,0.143,1,0,0,1,0,0,0,0,0,0,0,0,0,0,0
00001470_007.png,Effusion,7,1470,56,F,PA,2992,2991,0.143,0.143,1,0,0,1,0,0,0,0,0,0,0,0,0,0,0
00001470_008.png,Pleural_Thickening,8,1470,56,F,AP,2500,2048,0.168,0.168,1,0,0,0,0,0,0,0,0,0,0,0,0,1,0
00001471_000.png,No Finding,0,1471,39,M,PA,2500,2048,0.168,0.168,0,0,0,0,0,0,0,0,0,0,0,0,0,0,0
00001471_001.png,No Finding,1,1471,40,M,PA,2500,2048,0.168,0.168,0,0,0,0,0,0,0,0,0,0,0,0,0,0,0
00001471_002.png,No Finding,2,1471,41,M,PA,2992,2991,0.143,0.143,0,0,0,0,0,0,0,0,0,0,0,0,0,0,0
00001471_003.png,No Finding,3,1471,42,M,AP,2500,2048,0.168,0.168,0,0,0,0,0,0,0,0,0,0,0,0,0,0,0
00001471_004.png,No Finding,4,1471,43,M,PA,2500,2048,0.168,0.168,0,0,0,0,0,0,0,0,0,0,0,0,0,0,0
00001471_005.png,No Finding,5,1471,44,M,PA,2500,2048,0.168,0.168,0,0,0,0,0,0,0,0,0,0,0,0,0,0,0
00001472_001.png,No Finding,0,1472,50,M,PA,2992,2991,0.143,0.143,0,0,0,0,0,0,0,0,0,0,0,0,0,0,0
00001472_000.png,No Finding,1,1472,57,M,PA,2992,2991,0.143,0.143,0,0,0,0,0,0,0,0,0,0,0,0,0,0,0
00001473_000.png,Effusion,0,1473,64,M,PA,2500,2048,0.168,0.168,1,0,0,1,0,0,0,0,0,0,0,0,0,0,0
00001473_002.png,Effusion,2,1473,64,M,PA,2992,2991,0.143,0.143,1,0,0,1,0,0,0,0,0,0,0,0,0,0,0
00001473_003.png,Effusion,3,1473,64,M,PA,2992,2991,0.143,0.143,1,0,0,1,0,0,0,0,0,0,0,0,0,0,0
00001473_004.png,Effusion,4,1473,64,M,PA,2846,2991,0.143,0.143,1,0,0,1,0,0,0,0,0,0,0,0,0,0,0
00001473_005.png,No Finding,5,1473,64,M,PA,2992,2753,0.143,0.143,0,0,0,0,0,0,0,0,0,0,0,0,0,0,0
00001473_006.png,Cardiomegaly|Pleural_Thickening,6,1473,64,M,PA,2670,2661,0.143,0.143,1,0,1,0,0,0,0,0,0,0,0,0,0,1,0
00001474_000.png,Nodule|Pleural_Thickening,0,1474,53,F,PA,2438,2991,0.143,0.143,1,0,0,0,0,0,1,0,0,0,0,0,0,1,0
00001476_000.png,Infiltration,0,1476,55,F,PA,2704,2901,0.143,0.143,1,0,0,0,1,0,0,0,0,0,0,0,0,0,0
00001478_000.png,No Finding,0,1478,52,F,PA,2544,3032,0.139,0.139,0,0,0,0,0,0,0,0,0,0,0,0,0,0,0
00001479_000.png,No Finding,0,1479,39,F,PA,2730,2613,0.143,0.143,0,0,0,0,0,0,0,0,0,0,0,0,0,0,0
00001480_000.png,No Finding,0,1480,13,F,PA,2048,2500,0.171,0.171,0,0,0,0,0,0,0,0,0,0,0,0,0,0,0
00001480_001.png,No Finding,1,1480,15,F,PA,2048,2500,0.168,0.168,0,0,0,0,0,0,0,0,0,0,0,0,0,0,0
00001482_000.png,No Finding,0,1482,58,M,PA,2500,2048,0.168,0.168,0,0,0,0,0,0,0,0,0,0,0,0,0,0,0
00001482_001.png,No Finding,1,1482,59,M,PA,2048,2500,0.168,0.168,0,0,0,0,0,0,0,0,0,0,0,0,0,0,0
00001483_000.png,Mass,0,1483,53,F,PA,2992,2991,0.143,0.143,1,0,0,0,0,1,0,0,0,0,0,0,0,0,0
00001483_001.png,Infiltration,1,1483,53,F,AP,2500,2048,0.168,0.168,1,0,0,0,1,0,0,0,0,0,0,0,0,0,0
00001483_003.png,Emphysema|Infiltration|Pneumothorax,2,1483,53,F,AP,2500,2048,0.168,0.168,1,0,0,0,1,0,0,0,1,0,0,1,0,0,0
00001483_002.png,Infiltration|Pneumothorax,3,1483,53,F,PA,2992,2991,0.143,0.143,1,0,0,0,1,0,0,0,1,0,0,0,0,0,0
00001483_004.png,No Finding,4,1483,53,F,AP,2500,2048,0.168,0.168,0,0,0,0,0,0,0,0,0,0,0,0,0,0,0
00001483_005.png,No Finding,5,1483,53,F,PA,2842,2991,0.143,0.143,0,0,0,0,0,0,0,0,0,0,0,0,0,0,0
00001483_006.png,Pneumothorax,6,1483,53,F,PA,2992,2991,0.143,0.143,1,0,0,0,0,0,0,0,1,0,0,0,0,0,0
00001483_007.png,No Finding,7,1483,53,F,PA,2992,2991,0.143,0.143,0,0,0,0,0,0,0,0,0,0,0,0,0,0,0
00001483_008.png,Effusion,8,1483,53,F,PA,2982,2991,0.143,0.143,1,0,0,1,0,0,0,0,0,0,0,0,0,0,0
00001483_009.png,Effusion|Mass,9,1483,53,F,PA,2992,2991,0.143,0.143,1,0,0,1,0,1,0,0,0,0,0,0,0,0,0
00001483_010.png,Effusion,10,1483,54,F,PA,2806,2837,0.143,0.143,1,0,0,1,0,0,0,0,0,0,0,0,0,0,0
00001483_011.png,Consolidation|Effusion|Fibrosis|Mass,11,1483,54,F,AP,2500,2048,0.168,0.168,1,0,0,1,0,1,0,0,0,1,0,0,1,0,0
00001483_012.png,Fibrosis|Mass,12,1483,54,F,PA,2992,2991,0.143,0.143,1,0,0,0,0,1,0,0,0,0,0,0,1,0,0
00001483_013.png,Effusion|Infiltration|Mass,13,1483,54,F,PA,2992,2991,0.143,0.143,1,0,0,1,1,1,0,0,0,0,0,0,0,0,0
00001483_014.png,Effusion,14,1483,54,F,PA,2602,2513,0.143,0.143,1,0,0,1,0,0,0,0,0,0,0,0,0,0,0
00001483_015.png,Effusion|Pleural_Thickening,15,1483,54,F,PA,2794,2501,0.143,0.143,1,0,0,1,0,0,0,0,0,0,0,0,0,1,0
00001483_016.png,Effusion|Infiltration|Mass|Pleural_Thickening,16,1483,54,F,AP,2500,2048,0.168,0.168,1,0,0,1,1,1,0,0,0,0,0,0,0,1,0
00001483_017.png,No Finding,17,1483,54,F,AP,2500,2048,0.168,0.168,0,0,0,0,0,0,0,0,0,0,0,0,0,0,0
00001483_018.png,Consolidation|Pleural_Thickening,18,1483,54,F,PA,2500,2048,0.168,0.168,1,0,0,0,0,0,0,0,0,1,0,0,0,1,0
00001483_019.png,Effusion|Infiltration|Mass,19,1483,54,F,PA,2992,2991,0.143,0.143,1,0,0,1,1,1,0,0,0,0,0,0,0,0,0
00001483_020.png,Mass,20,1483,55,F,AP,2500,2048,0.168,0.168,1,0,0,0,0,1,0,0,0,0,0,0,0,0,0
00001483_021.png,No Finding,21,1483,55,F,AP,2500,2048,0.168,0.168,0,0,0,0,0,0,0,0,0,0,0,0,0,0,0
00001483_022.png,Effusion,22,1483,55,F,AP,2500,2048,0.168,0.168,1,0,0,1,0,0,0,0,0,0,0,0,0,0,0
00001485_000.png,No Finding,0,1485,11,F,PA,2048,2500,0.171,0.171,0,0,0,0,0,0,0,0,0,0,0,0,0,0,0
00001485_001.png,No Finding,1,1485,12,F,PA,2048,2500,0.171,0.171,0,0,0,0,0,0,0,0,0,0,0,0,0,0,0
00001485_002.png,No Finding,2,1485,13,F,PA,2048,2500,0.171,0.171,0,0,0,0,0,0,0,0,0,0,0,0,0,0,0
00001485_003.png,No Finding,3,1485,13,F,PA,2048,2500,0.168,0.168,0,0,0,0,0,0,0,0,0,0,0,0,0,0,0
00001485_004.png,No Finding,4,1485,14,F,PA,2048,2500,0.168,0.168,0,0,0,0,0,0,0,0,0,0,0,0,0,0,0
00001485_005.png,No Finding,5,1485,14,F,PA,2048,2500,0.168,0.168,0,0,0,0,0,0,0,0,0,0,0,0,0,0,0
00001486_000.png,No Finding,0,1486,54,M,PA,2500,2048,0.171,0.171,0,0,0,0,0,0,0,0,0,0,0,0,0,0,0
00001487_000.png,No Finding,0,1487,65,F,PA,2048,2500,0.168,0.168,0,0,0,0,0,0,0,0,0,0,0,0,0,0,0
00001488_000.png,No Finding,0,1488,41,F,PA,2048,2500,0.171,0.171,0,0,0,0,0,0,0,0,0,0,0,0,0,0,0
00001490_000.png,No Finding,0,1490,63,F,PA,2542,2745,0.143,0.143,0,0,0,0,0,0,0,0,0,0,0,0,0,0,0
00001491_000.png,No Finding,0,1491,28,F,PA,2048,2500,0.171,0.171,0,0,0,0,0,0,0,0,0,0,0,0,0,0,0
00001491_001.png,Effusion|Infiltration,1,1491,31,F,PA,2470,2641,0.143,0.143,1,0,0,1,1,0,0,0,0,0,0,0,0,0,0
00001493_000.png,No Finding,0,1493,22,M,PA,2500,2048,0.168,0.168,0,0,0,0,0,0,0,0,0,0,0,0,0,0,0
00001493_001.png,No Finding,1,1493,23,M,PA,2500,2048,0.168,0.168,0,0,0,0,0,0,0,0,0,0,0,0,0,0,0
00001494_000.png,No Finding,0,1494,26,F,PA,2048,2500,0.171,0.171,0,0,0,0,0,0,0,0,0,0,0,0,0,0,0
00001495_001.png,Cardiomegaly|Effusion,0,1495,57,F,PA,2650,2991,0.143,0.143,1,0,1,1,0,0,0,0,0,0,0,0,0,0,0
00001495_002.png,No Finding,1,1495,60,F,PA,2992,2991,0.143,0.143,0,0,0,0,0,0,0,0,0,0,0,0,0,0,0
00001495_000.png,No Finding,2,1495,61,F,PA,2964,2948,0.143,0.143,0,0,0,0,0,0,0,0,0,0,0,0,0,0,0
00001496_001.png,No Finding,0,1496,37,M,PA,2500,2048,0.171,0.171,0,0,0,0,0,0,0,0,0,0,0,0,0,0,0
00001496_002.png,No Finding,1,1496,39,M,PA,2500,2048,0.168,0.168,0,0,0,0,0,0,0,0,0,0,0,0,0,0,0
00001496_003.png,No Finding,2,1496,43,M,PA,2992,2991,0.143,0.143,0,0,0,0,0,0,0,0,0,0,0,0,0,0,0
00001496_000.png,No Finding,3,1496,48,M,PA,2021,2021,0.1943109999999999,0.1943109999999999,0,0,0,0,0,0,0,0,0,0,0,0,0,0,0
00001497_000.png,No Finding,0,1497,16,F,AP,2500,2048,0.168,0.168,0,0,0,0,0,0,0,0,0,0,0,0,0,0,0
00001501_000.png,No Finding,0,1501,55,M,PA,2500,2048,0.171,0.171,0,0,0,0,0,0,0,0,0,0,0,0,0,0,0
00001501_001.png,No Finding,1,1501,55,M,PA,2500,2048,0.171,0.171,0,0,0,0,0,0,0,0,0,0,0,0,0,0,0
00001501_002.png,No Finding,2,1501,55,M,AP,2500,2048,0.171,0.171,0,0,0,0,0,0,0,0,0,0,0,0,0,0,0
00001501_003.png,Mass,3,1501,55,M,PA,2500,2048,0.171,0.171,1,0,0,0,0,1,0,0,0,0,0,0,0,0,0
00001501_004.png,No Finding,4,1501,55,M,AP,2500,2048,0.171,0.171,0,0,0,0,0,0,0,0,0,0,0,0,0,0,0
00001501_005.png,Consolidation|Mass,5,1501,55,M,AP,2500,2048,0.171,0.171,1,0,0,0,0,1,0,0,0,1,0,0,0,0,0
00001501_006.png,Consolidation,6,1501,55,M,PA,2500,2048,0.171,0.171,1,0,0,0,0,0,0,0,0,1,0,0,0,0,0
00001501_008.png,No Finding,8,1501,55,M,PA,2500,2048,0.171,0.171,0,0,0,0,0,0,0,0,0,0,0,0,0,0,0
00001505_000.png,No Finding,0,1505,46,M,PA,2992,2991,0.143,0.143,0,0,0,0,0,0,0,0,0,0,0,0,0,0,0
00001506_000.png,No Finding,0,1506,14,M,PA,2048,2500,0.168,0.168,0,0,0,0,0,0,0,0,0,0,0,0,0,0,0
00001508_000.png,No Finding,0,1508,56,M,PA,2500,2048,0.168,0.168,0,0,0,0,0,0,0,0,0,0,0,0,0,0,0
00001509_000.png,No Finding,0,1509,44,M,PA,2992,2991,0.143,0.143,0,0,0,0,0,0,0,0,0,0,0,0,0,0,0
00001514_000.png,No Finding,0,1514,20,M,PA,2992,2991,0.143,0.143,0,0,0,0,0,0,0,0,0,0,0,0,0,0,0
00001516_000.png,No Finding,0,1516,57,F,PA,2048,2500,0.168,0.168,0,0,0,0,0,0,0,0,0,0,0,0,0,0,0
00001517_000.png,No Finding,0,1517,19,M,AP,2500,2048,0.171,0.171,0,0,0,0,0,0,0,0,0,0,0,0,0,0,0
00001517_001.png,Consolidation|Mass,1,1517,19,M,PA,2048,2500,0.171,0.171,1,0,0,0,0,1,0,0,0,1,0,0,0,0,0
00001517_004.png,Consolidation|Infiltration,4,1517,20,M,AP,2500,2048,0.168,0.168,1,0,0,0,1,0,0,0,0,1,0,0,0,0,0
00001517_006.png,Nodule,6,1517,20,M,PA,2500,2048,0.168,0.168,1,0,0,0,0,0,1,0,0,0,0,0,0,0,0
00001517_007.png,No Finding,7,1517,20,M,PA,2048,2500,0.168,0.168,0,0,0,0,0,0,0,0,0,0,0,0,0,0,0
00001517_008.png,No Finding,8,1517,20,M,AP,2500,2048,0.168,0.168,0,0,0,0,0,0,0,0,0,0,0,0,0,0,0
00001517_009.png,Mass,9,1517,20,M,AP,2500,2048,0.168,0.168,1,0,0,0,0,1,0,0,0,0,0,0,0,0,0
00001517_010.png,No Finding,10,1517,27,M,AP,3056,2544,0.139,0.139,0,0,0,0,0,0,0,0,0,0,0,0,0,0,0
00001517_011.png,Infiltration|Mass|Pleural_Thickening,11,1517,27,M,PA,2544,3024,0.139,0.139,1,0,0,0,1,1,0,0,0,0,0,0,0,1,0
00001517_012.png,Pleural_Thickening,12,1517,27,M,PA,2992,2991,0.143,0.143,1,0,0,0,0,0,0,0,0,0,0,0,0,1,0
00001517_013.png,No Finding,13,1517,27,M,AP,2500,2048,0.168,0.168,0,0,0,0,0,0,0,0,0,0,0,0,0,0,0
00001519_000.png,No Finding,0,1519,37,F,PA,2048,2500,0.168,0.168,0,0,0,0,0,0,0,0,0,0,0,0,0,0,0
00001520_000.png,Cardiomegaly|Infiltration,0,1520,53,M,PA,2992,2991,0.143,0.143,1,0,1,0,1,0,0,0,0,0,0,0,0,0,0
00001520_001.png,No Finding,1,1520,53,M,PA,2992,2991,0.143,0.143,0,0,0,0,0,0,0,0,0,0,0,0,0,0,0
00001521_000.png,No Finding,0,1521,56,M,AP,2500,2048,0.171,0.171,0,0,0,0,0,0,0,0,0,0,0,0,0,0,0
00001522_000.png,No Finding,0,1522,52,F,PA,2048,2500,0.171,0.171,0,0,0,0,0,0,0,0,0,0,0,0,0,0,0
00001523_000.png,No Finding,0,1523,46,M,PA,2500,2048,0.168,0.168,0,0,0,0,0,0,0,0,0,0,0,0,0,0,0
00001523_001.png,Infiltration,1,1523,47,M,PA,2992,2991,0.143,0.143,1,0,0,0,1,0,0,0,0,0,0,0,0,0,0
00001525_001.png,No Finding,0,1525,47,F,PA,2500,2048,0.168,0.168,0,0,0,0,0,0,0,0,0,0,0,0,0,0,0
00001525_000.png,No Finding,1,1525,59,F,PA,2021,2021,0.1943109999999999,0.1943109999999999,0,0,0,0,0,0,0,0,0,0,0,0,0,0,0
00001526_000.png,No Finding,0,1526,14,M,AP,2500,2048,0.168,0.168,0,0,0,0,0,0,0,0,0,0,0,0,0,0,0
00001526_001.png,No Finding,1,1526,14,M,PA,2048,2500,0.168,0.168,0,0,0,0,0,0,0,0,0,0,0,0,0,0,0
00001526_002.png,No Finding,2,1526,14,M,AP,2048,2500,0.168,0.168,0,0,0,0,0,0,0,0,0,0,0,0,0,0,0
00001526_003.png,No Finding,3,1526,16,M,AP,2500,2048,0.168,0.168,0,0,0,0,0,0,0,0,0,0,0,0,0,0,0
00001526_004.png,No Finding,4,1526,17,M,AP,2500,2048,0.168,0.168,0,0,0,0,0,0,0,0,0,0,0,0,0,0,0
00001526_005.png,Effusion|Infiltration|Pleural_Thickening,5,1526,17,M,PA,2746,2757,0.143,0.143,1,0,0,1,1,0,0,0,0,0,0,0,0,1,0
00001526_006.png,No Finding,6,1526,19,M,PA,2992,2991,0.143,0.143,0,0,0,0,0,0,0,0,0,0,0,0,0,0,0
00001526_007.png,Infiltration,7,1526,19,M,AP,2500,2048,0.168,0.168,1,0,0,0,1,0,0,0,0,0,0,0,0,0,0
00001526_008.png,Consolidation|Effusion,8,1526,19,M,AP,2048,2500,0.168,0.168,1,0,0,1,0,0,0,0,0,1,0,0,0,0,0
00001527_000.png,Pleural_Thickening,0,1527,62,F,PA,2992,2991,0.143,0.143,1,0,0,0,0,0,0,0,0,0,0,0,0,1,0
00001528_000.png,Edema|Infiltration,0,1528,51,F,AP,2500,2048,0.171,0.171,1,0,0,0,1,0,0,0,0,0,1,0,0,0,0
00001528_001.png,No Finding,1,1528,51,F,AP,2500,2048,0.171,0.171,0,0,0,0,0,0,0,0,0,0,0,0,0,0,0
00001528_002.png,Infiltration,2,1528,51,F,AP,2500,2048,0.171,0.171,1,0,0,0,1,0,0,0,0,0,0,0,0,0,0
00001528_003.png,Nodule,3,1528,51,F,AP,2500,2048,0.168,0.168,1,0,0,0,0,0,1,0,0,0,0,0,0,0,0
00001528_004.png,Infiltration|Pneumothorax,4,1528,51,F,AP,2500,2048,0.168,0.168,1,0,0,0,1,0,0,0,1,0,0,0,0,0,0
00001528_005.png,Infiltration|Pneumothorax,5,1528,51,F,AP,2500,2048,0.168,0.168,1,0,0,0,1,0,0,0,1,0,0,0,0,0,0
00001529_003.png,No Finding,0,1529,52,F,PA,2048,2500,0.168,0.168,0,0,0,0,0,0,0,0,0,0,0,0,0,0,0
00001529_004.png,Consolidation|Infiltration|Pneumonia,1,1529,54,F,PA,2992,2991,0.143,0.143,1,0,0,0,1,0,0,1,0,1,0,0,0,0,0
00001529_005.png,Pneumonia,2,1529,54,F,PA,2458,2529,0.143,0.143,1,0,0,0,0,0,0,1,0,0,0,0,0,0,0
00001529_000.png,No Finding,3,1529,55,F,PA,2992,2991,0.143,0.143,0,0,0,0,0,0,0,0,0,0,0,0,0,0,0
00001529_002.png,Pneumonia,5,1529,56,F,PA,2714,2991,0.143,0.143,1,0,0,0,0,0,0,1,0,0,0,0,0,0,0
00001530_000.png,No Finding,0,1530,56,F,PA,2048,2500,0.168,0.168,0,0,0,0,0,0,0,0,0,0,0,0,0,0,0
00001531_002.png,Consolidation|Mass,0,1531,84,M,PA,2992,2991,0.143,0.143,1,0,0,0,0,1,0,0,0,1,0,0,0,0,0
00001531_000.png,Consolidation,1,1531,88,M,PA,3056,2544,0.139,0.139,1,0,0,0,0,0,0,0,0,1,0,0,0,0,0
00001531_001.png,Fibrosis,2,1531,89,M,PA,2021,2021,0.1943109999999999,0.1943109999999999,1,0,0,0,0,0,0,0,0,0,0,0,1,0,0
00001532_000.png,No Finding,0,1532,30,F,PA,2048,2500,0.171,0.171,0,0,0,0,0,0,0,0,0,0,0,0,0,0,0
00001534_003.png,No Finding,0,1534,61,F,PA,2048,2500,0.171,0.171,0,0,0,0,0,0,0,0,0,0,0,0,0,0,0
00001534_004.png,No Finding,1,1534,64,F,PA,2048,2500,0.168,0.168,0,0,0,0,0,0,0,0,0,0,0,0,0,0,0
00001534_005.png,Cardiomegaly|Mass,2,1534,66,F,PA,2048,2500,0.168,0.168,1,0,1,0,0,1,0,0,0,0,0,0,0,0,0
00001534_006.png,Cardiomegaly|Consolidation|Effusion,3,1534,66,F,PA,2500,2492,0.143,0.143,1,0,1,1,0,0,0,0,0,1,0,0,0,0,0
00001534_007.png,No Finding,4,1534,68,F,PA,2786,2801,0.143,0.143,0,0,0,0,0,0,0,0,0,0,0,0,0,0,0
00001534_008.png,No Finding,5,1534,69,F,PA,2662,2577,0.143,0.143,0,0,0,0,0,0,0,0,0,0,0,0,0,0,0
00001534_009.png,Cardiomegaly|Effusion,6,1534,70,F,PA,2570,2329,0.143,0.143,1,0,1,1,0,0,0,0,0,0,0,0,0,0,0
00001534_000.png,No Finding,7,1534,72,F,PA,2646,2991,0.143,0.143,0,0,0,0,0,0,0,0,0,0,0,0,0,0,0
00001534_001.png,No Finding,8,1534,73,F,PA,2550,2991,0.143,0.143,0,0,0,0,0,0,0,0,0,0,0,0,0,0,0
00001534_002.png,No Finding,9,1534,74,F,PA,2990,2991,0.143,0.143,0,0,0,0,0,0,0,0,0,0,0,0,0,0,0
00001535_000.png,No Finding,0,1535,62,F,PA,2500,2048,0.168,0.168,0,0,0,0,0,0,0,0,0,0,0,0,0,0,0
00001535_001.png,No Finding,1,1535,63,F,PA,2500,2048,0.168,0.168,0,0,0,0,0,0,0,0,0,0,0,0,0,0,0
00001536_000.png,No Finding,0,1536,45,F,PA,2048,2500,0.168,0.168,0,0,0,0,0,0,0,0,0,0,0,0,0,0,0
00001538_000.png,No Finding,0,1538,15,F,PA,2048,2500,0.171,0.171,0,0,0,0,0,0,0,0,0,0,0,0,0,0,0
00001538_001.png,No Finding,1,1538,16,F,PA,2048,2500,0.168,0.168,0,0,0,0,0,0,0,0,0,0,0,0,0,0,0
00001541_000.png,No Finding,0,1541,66,F,PA,2048,2500,0.168,0.168,0,0,0,0,0,0,0,0,0,0,0,0,0,0,0
00001542_000.png,No Finding,0,1542,47,M,PA,2500,2048,0.171,0.171,0,0,0,0,0,0,0,0,0,0,0,0,0,0,0
00001543_000.png,No Finding,0,1543,57,F,AP,2500,2048,0.168,0.168,0,0,0,0,0,0,0,0,0,0,0,0,0,0,0
00001543_001.png,No Finding,1,1543,57,F,AP,2500,2048,0.168,0.168,0,0,0,0,0,0,0,0,0,0,0,0,0,0,0
00001543_002.png,No Finding,2,1543,57,F,AP,2500,2048,0.168,0.168,0,0,0,0,0,0,0,0,0,0,0,0,0,0,0
00001543_003.png,No Finding,3,1543,57,F,AP,2500,2048,0.168,0.168,0,0,0,0,0,0,0,0,0,0,0,0,0,0,0
00001543_004.png,No Finding,4,1543,57,F,AP,2500,2048,0.168,0.168,0,0,0,0,0,0,0,0,0,0,0,0,0,0,0
00001543_005.png,No Finding,5,1543,57,F,AP,2500,2048,0.168,0.168,0,0,0,0,0,0,0,0,0,0,0,0,0,0,0
00001543_006.png,No Finding,6,1543,57,F,AP,2500,2048,0.168,0.168,0,0,0,0,0,0,0,0,0,0,0,0,0,0,0
00001543_007.png,No Finding,7,1543,57,F,AP,2500,2048,0.168,0.168,0,0,0,0,0,0,0,0,0,0,0,0,0,0,0
00001543_008.png,No Finding,8,1543,57,F,PA,2538,2585,0.143,0.143,0,0,0,0,0,0,0,0,0,0,0,0,0,0,0
00001544_000.png,No Finding,0,1544,55,F,AP,2500,2048,0.171,0.171,0,0,0,0,0,0,0,0,0,0,0,0,0,0,0
00001545_000.png,No Finding,0,1545,63,F,PA,2048,2500,0.171,0.171,0,0,0,0,0,0,0,0,0,0,0,0,0,0,0
00001546_000.png,Fibrosis,0,1546,46,F,PA,2742,2513,0.143,0.143,1,0,0,0,0,0,0,0,0,0,0,0,1,0,0
00001547_003.png,Emphysema,0,1547,61,F,PA,2500,2048,0.168,0.168,1,0,0,0,0,0,0,0,0,0,0,1,0,0,0
00001547_004.png,No Finding,1,1547,63,F,PA,2670,2965,0.143,0.143,0,0,0,0,0,0,0,0,0,0,0,0,0,0,0
00001547_005.png,No Finding,2,1547,64,F,PA,2048,2500,0.168,0.168,0,0,0,0,0,0,0,0,0,0,0,0,0,0,0
00001547_006.png,No Finding,3,1547,65,F,PA,2602,2991,0.143,0.143,0,0,0,0,0,0,0,0,0,0,0,0,0,0,0
00001547_007.png,Infiltration,4,1547,66,F,PA,2048,2500,0.168,0.168,1,0,0,0,1,0,0,0,0,0,0,0,0,0,0
00001547_008.png,Infiltration,5,1547,68,F,PA,2544,3056,0.139,0.139,1,0,0,0,1,0,0,0,0,0,0,0,0,0,0
00001547_000.png,No Finding,6,1547,69,F,PA,2992,2991,0.143,0.143,0,0,0,0,0,0,0,0,0,0,0,0,0,0,0
00001547_001.png,Infiltration,7,1547,70,F,PA,2992,2991,0.143,0.143,1,0,0,0,1,0,0,0,0,0,0,0,0,0,0
00001547_002.png,No Finding,8,1547,71,F,PA,2544,3056,0.139,0.139,0,0,0,0,0,0,0,0,0,0,0,0,0,0,0
00001548_000.png,No Finding,0,1548,60,F,PA,2500,2048,0.171,0.171,0,0,0,0,0,0,0,0,0,0,0,0,0,0,0
00001549_000.png,No Finding,0,1549,57,F,AP,3056,2544,0.139,0.139,0,0,0,0,0,0,0,0,0,0,0,0,0,0,0
00001549_001.png,No Finding,1,1549,57,F,AP,3056,2544,0.139,0.139,0,0,0,0,0,0,0,0,0,0,0,0,0,0,0
00001549_003.png,No Finding,2,1549,57,F,AP,3056,2544,0.139,0.139,0,0,0,0,0,0,0,0,0,0,0,0,0,0,0
00001549_002.png,No Finding,3,1549,57,F,AP,3056,2544,0.139,0.139,0,0,0,0,0,0,0,0,0,0,0,0,0,0,0
00001549_004.png,No Finding,4,1549,57,F,AP,3056,2544,0.139,0.139,0,0,0,0,0,0,0,0,0,0,0,0,0,0,0
00001549_005.png,Infiltration,5,1549,57,F,AP,3056,2544,0.139,0.139,1,0,0,0,1,0,0,0,0,0,0,0,0,0,0
00001549_006.png,No Finding,6,1549,57,F,AP,3056,2544,0.139,0.139,0,0,0,0,0,0,0,0,0,0,0,0,0,0,0
00001549_008.png,No Finding,8,1549,57,F,AP,3056,2544,0.139,0.139,0,0,0,0,0,0,0,0,0,0,0,0,0,0,0
00001549_009.png,Effusion|Infiltration,9,1549,57,F,AP,3056,2544,0.139,0.139,1,0,0,1,1,0,0,0,0,0,0,0,0,0,0
00001549_010.png,No Finding,10,1549,57,F,AP,3056,2544,0.139,0.139,0,0,0,0,0,0,0,0,0,0,0,0,0,0,0
00001549_014.png,Consolidation|Edema,14,1549,57,F,AP,3056,2544,0.139,0.139,1,0,0,0,0,0,0,0,0,1,1,0,0,0,0
00001549_015.png,Cardiomegaly|Edema|Effusion,15,1549,57,F,AP,3056,2544,0.139,0.139,1,0,1,1,0,0,0,0,0,0,1,0,0,0,0
00001549_016.png,Edema|Infiltration,16,1549,57,F,AP,3056,2544,0.139,0.139,1,0,0,0,1,0,0,0,0,0,1,0,0,0,0
00001549_017.png,Consolidation|Infiltration,17,1549,57,F,AP,3056,2544,0.139,0.139,1,0,0,0,1,0,0,0,0,1,0,0,0,0,0
00001549_018.png,Infiltration,18,1549,57,F,AP,3056,2544,0.139,0.139,1,0,0,0,1,0,0,0,0,0,0,0,0,0,0
00001549_019.png,Consolidation|Infiltration,19,1549,57,F,AP,2544,3056,0.139,0.139,1,0,0,0,1,0,0,0,0,1,0,0,0,0,0
00001549_020.png,Consolidation|Infiltration,20,1549,57,F,AP,3056,2544,0.139,0.139,1,0,0,0,1,0,0,0,0,1,0,0,0,0,0
00001549_021.png,Consolidation|Edema|Infiltration,21,1549,57,F,PA,2992,2991,0.143,0.143,1,0,0,0,1,0,0,0,0,1,1,0,0,0,0
00001549_022.png,No Finding,22,1549,59,F,PA,2021,2021,0.1943109999999999,0.1943109999999999,0,0,0,0,0,0,0,0,0,0,0,0,0,0,0
00001549_023.png,Infiltration,23,1549,59,F,AP,3056,2544,0.139,0.139,1,0,0,0,1,0,0,0,0,0,0,0,0,0,0
00001549_024.png,No Finding,24,1549,59,F,AP,3056,2544,0.139,0.139,0,0,0,0,0,0,0,0,0,0,0,0,0,0,0
00001550_000.png,No Finding,0,1550,62,M,PA,2500,2048,0.168,0.168,0,0,0,0,0,0,0,0,0,0,0,0,0,0,0
00001552_000.png,No Finding,0,1552,85,F,PA,2678,2991,0.143,0.143,0,0,0,0,0,0,0,0,0,0,0,0,0,0,0
00001552_001.png,No Finding,1,1552,88,F,PA,2992,2991,0.143,0.143,0,0,0,0,0,0,0,0,0,0,0,0,0,0,0
00001555_003.png,Nodule,0,1555,61,F,PA,2048,2500,0.168,0.168,1,0,0,0,0,0,1,0,0,0,0,0,0,0,0
00001555_004.png,No Finding,1,1555,65,F,PA,2566,2678,0.143,0.143,0,0,0,0,0,0,0,0,0,0,0,0,0,0,0
00001555_005.png,Emphysema,2,1555,66,F,PA,2530,2991,0.143,0.143,1,0,0,0,0,0,0,0,0,0,0,1,0,0,0
00001555_006.png,No Finding,3,1555,67,F,PA,2710,2757,0.143,0.143,0,0,0,0,0,0,0,0,0,0,0,0,0,0,0
00001555_007.png,No Finding,4,1555,68,F,PA,2430,2613,0.143,0.143,0,0,0,0,0,0,0,0,0,0,0,0,0,0,0
00001555_000.png,Emphysema,5,1555,70,F,PA,2498,2337,0.143,0.143,1,0,0,0,0,0,0,0,0,0,0,1,0,0,0
00001555_001.png,Emphysema,6,1555,71,F,PA,2106,2991,0.143,0.143,1,0,0,0,0,0,0,0,0,0,0,1,0,0,0
00001555_002.png,Nodule,7,1555,72,F,PA,1755,1756,0.1943109999999999,0.1943109999999999,1,0,0,0,0,0,1,0,0,0,0,0,0,0,0
00001556_000.png,No Finding,0,1556,52,M,PA,2500,2048,0.168,0.168,0,0,0,0,0,0,0,0,0,0,0,0,0,0,0
00001558_000.png,No Finding,0,1558,55,M,PA,2822,2991,0.143,0.143,0,0,0,0,0,0,0,0,0,0,0,0,0,0,0
00001558_001.png,No Finding,1,1558,55,M,PA,2992,2991,0.143,0.143,0,0,0,0,0,0,0,0,0,0,0,0,0,0,0
00001558_002.png,Infiltration,2,1558,55,M,AP,2500,2048,0.168,0.168,1,0,0,0,1,0,0,0,0,0,0,0,0,0,0
00001558_003.png,Infiltration,3,1558,55,M,AP,2500,2048,0.168,0.168,1,0,0,0,1,0,0,0,0,0,0,0,0,0,0
00001558_007.png,Effusion,7,1558,55,M,AP,2500,2048,0.168,0.168,1,0,0,1,0,0,0,0,0,0,0,0,0,0,0
00001558_008.png,Effusion,8,1558,55,M,AP,2500,2048,0.168,0.168,1,0,0,1,0,0,0,0,0,0,0,0,0,0,0
00001558_009.png,No Finding,9,1558,55,M,AP,2500,2048,0.168,0.168,0,0,0,0,0,0,0,0,0,0,0,0,0,0,0
00001558_010.png,No Finding,10,1558,55,M,AP,2500,2048,0.168,0.168,0,0,0,0,0,0,0,0,0,0,0,0,0,0,0
00001558_011.png,No Finding,11,1558,55,M,AP,2500,2048,0.168,0.168,0,0,0,0,0,0,0,0,0,0,0,0,0,0,0
00001558_012.png,No Finding,12,1558,55,M,AP,2500,2048,0.168,0.168,0,0,0,0,0,0,0,0,0,0,0,0,0,0,0
00001558_014.png,Effusion|Infiltration,13,1558,55,M,AP,2500,2048,0.168,0.168,1,0,0,1,1,0,0,0,0,0,0,0,0,0,0
00001558_013.png,No Finding,14,1558,55,M,AP,2500,2048,0.168,0.168,0,0,0,0,0,0,0,0,0,0,0,0,0,0,0
00001558_015.png,Consolidation,15,1558,55,M,AP,2500,2048,0.168,0.168,1,0,0,0,0,0,0,0,0,1,0,0,0,0,0
00001558_016.png,Effusion,16,1558,55,M,AP,2500,2048,0.168,0.168,1,0,0,1,0,0,0,0,0,0,0,0,0,0,0
00001558_020.png,No Finding,20,1558,55,M,AP,2500,2048,0.168,0.168,0,0,0,0,0,0,0,0,0,0,0,0,0,0,0
00001558_022.png,Effusion,21,1558,55,M,AP,2500,2048,0.168,0.168,1,0,0,1,0,0,0,0,0,0,0,0,0,0,0
00001558_021.png,Effusion,22,1558,55,M,AP,2500,2048,0.168,0.168,1,0,0,1,0,0,0,0,0,0,0,0,0,0,0
00001558_023.png,Effusion,23,1558,55,M,AP,2500,2048,0.168,0.168,1,0,0,1,0,0,0,0,0,0,0,0,0,0,0
00001558_024.png,Effusion|Infiltration,24,1558,55,M,AP,2500,2048,0.168,0.168,1,0,0,1,1,0,0,0,0,0,0,0,0,0,0
00001558_025.png,Effusion|Infiltration,25,1558,55,M,AP,2500,2048,0.168,0.168,1,0,0,1,1,0,0,0,0,0,0,0,0,0,0
00001558_026.png,No Finding,26,1558,55,M,AP,2500,2048,0.168,0.168,0,0,0,0,0,0,0,0,0,0,0,0,0,0,0
00001558_027.png,Infiltration,27,1558,55,M,AP,2500,2048,0.168,0.168,1,0,0,0,1,0,0,0,0,0,0,0,0,0,0
00001558_032.png,Effusion,32,1558,55,M,AP,2500,2048,0.168,0.168,1,0,0,1,0,0,0,0,0,0,0,0,0,0,0
00001558_033.png,Cardiomegaly|Effusion,33,1558,55,M,AP,2500,2048,0.168,0.168,1,0,1,1,0,0,0,0,0,0,0,0,0,0,0
00001558_037.png,No Finding,37,1558,55,M,PA,2992,2991,0.143,0.143,0,0,0,0,0,0,0,0,0,0,0,0,0,0,0
00001558_038.png,No Finding,38,1558,55,M,AP,2500,2048,0.168,0.168,0,0,0,0,0,0,0,0,0,0,0,0,0,0,0
00001558_039.png,No Finding,39,1558,56,M,PA,2992,2991,0.143,0.143,0,0,0,0,0,0,0,0,0,0,0,0,0,0,0
00001560_000.png,No Finding,0,1560,72,F,PA,2500,2048,0.171,0.171,0,0,0,0,0,0,0,0,0,0,0,0,0,0,0
00001561_000.png,Emphysema|Pneumothorax,0,1561,23,F,PA,2048,2500,0.171,0.171,1,0,0,0,0,0,0,0,1,0,0,1,0,0,0
00001561_001.png,Pneumothorax,1,1561,23,F,PA,2500,2048,0.171,0.171,1,0,0,0,0,0,0,0,1,0,0,0,0,0,0
00001561_002.png,Pneumothorax,2,1561,23,F,PA,2500,2048,0.171,0.171,1,0,0,0,0,0,0,0,1,0,0,0,0,0,0
00001561_003.png,Pneumothorax,3,1561,23,F,PA,2048,2500,0.171,0.171,1,0,0,0,0,0,0,0,1,0,0,0,0,0,0
00001562_000.png,No Finding,0,1562,45,F,PA,2048,2500,0.171,0.171,0,0,0,0,0,0,0,0,0,0,0,0,0,0,0
00001562_001.png,No Finding,1,1562,51,F,PA,2992,2991,0.143,0.143,0,0,0,0,0,0,0,0,0,0,0,0,0,0,0
00001563_000.png,No Finding,0,1563,56,F,PA,2902,2733,0.143,0.143,0,0,0,0,0,0,0,0,0,0,0,0,0,0,0
00001566_000.png,No Finding,0,1566,37,F,PA,2992,2991,0.143,0.143,0,0,0,0,0,0,0,0,0,0,0,0,0,0,0
00001568_000.png,No Finding,0,1568,41,F,AP,2500,2048,0.168,0.168,0,0,0,0,0,0,0,0,0,0,0,0,0,0,0
00001568_001.png,No Finding,1,1568,42,F,AP,2500,2048,0.168,0.168,0,0,0,0,0,0,0,0,0,0,0,0,0,0,0
00001568_002.png,No Finding,2,1568,42,F,AP,2500,2048,0.168,0.168,0,0,0,0,0,0,0,0,0,0,0,0,0,0,0
00001568_003.png,No Finding,3,1568,42,F,AP,2500,2048,0.168,0.168,0,0,0,0,0,0,0,0,0,0,0,0,0,0,0
00001568_004.png,No Finding,4,1568,43,F,AP,2500,2048,0.168,0.168,0,0,0,0,0,0,0,0,0,0,0,0,0,0,0
00001568_005.png,No Finding,5,1568,43,F,PA,2500,2048,0.168,0.168,0,0,0,0,0,0,0,0,0,0,0,0,0,0,0
00001568_006.png,No Finding,6,1568,43,F,AP,2500,2048,0.168,0.168,0,0,0,0,0,0,0,0,0,0,0,0,0,0,0
00001569_002.png,No Finding,0,1569,26,M,PA,2990,2991,0.143,0.143,0,0,0,0,0,0,0,0,0,0,0,0,0,0,0
00001569_003.png,No Finding,1,1569,26,M,AP,2500,2048,0.168,0.168,0,0,0,0,0,0,0,0,0,0,0,0,0,0,0
00001569_000.png,No Finding,2,1569,33,M,PA,2544,3056,0.139,0.139,0,0,0,0,0,0,0,0,0,0,0,0,0,0,0
00001569_001.png,No Finding,3,1569,34,M,PA,2021,2021,0.1943109999999999,0.1943109999999999,0,0,0,0,0,0,0,0,0,0,0,0,0,0,0
00001570_000.png,No Finding,0,1570,21,F,PA,2500,2048,0.168,0.168,0,0,0,0,0,0,0,0,0,0,0,0,0,0,0
00001570_001.png,No Finding,1,1570,27,F,PA,2398,2612,0.139,0.139,0,0,0,0,0,0,0,0,0,0,0,0,0,0,0
00001571_000.png,No Finding,0,1571,54,M,PA,2500,2048,0.171,0.171,0,0,0,0,0,0,0,0,0,0,0,0,0,0,0
00001572_000.png,No Finding,0,1572,72,M,PA,2992,2991,0.143,0.143,0,0,0,0,0,0,0,0,0,0,0,0,0,0,0
00001574_000.png,No Finding,0,1574,7,M,PA,2048,2500,0.171,0.171,0,0,0,0,0,0,0,0,0,0,0,0,0,0,0
00001574_001.png,No Finding,1,1574,11,M,PA,2992,2365,0.143,0.143,0,0,0,0,0,0,0,0,0,0,0,0,0,0,0
00001575_000.png,Infiltration,0,1575,44,F,PA,2734,2401,0.143,0.143,1,0,0,0,1,0,0,0,0,0,0,0,0,0,0
00001576_001.png,No Finding,0,1576,15,M,AP,2500,2048,0.168,0.168,0,0,0,0,0,0,0,0,0,0,0,0,0,0,0
00001576_000.png,No Finding,1,1576,23,M,AP,3056,2544,0.139,0.139,0,0,0,0,0,0,0,0,0,0,0,0,0,0,0
00001577_002.png,No Finding,0,1577,10,F,AP,2048,2500,0.168,0.168,0,0,0,0,0,0,0,0,0,0,0,0,0,0,0
00001577_003.png,No Finding,1,1577,11,F,AP,2048,2500,0.168,0.168,0,0,0,0,0,0,0,0,0,0,0,0,0,0,0
00001577_004.png,No Finding,2,1577,16,F,PA,2482,2417,0.143,0.143,0,0,0,0,0,0,0,0,0,0,0,0,0,0,0
00001577_000.png,No Finding,3,1577,20,F,PA,1772,2021,0.1943109999999999,0.1943109999999999,0,0,0,0,0,0,0,0,0,0,0,0,0,0,0
00001577_001.png,Infiltration,4,1577,20,F,AP,3056,2544,0.139,0.139,1,0,0,0,1,0,0,0,0,0,0,0,0,0,0
00001578_000.png,Infiltration,0,1578,70,M,PA,2992,2981,0.143,0.143,1,0,0,0,1,0,0,0,0,0,0,0,0,0,0
00001580_000.png,Edema|Emphysema|Mass|Pneumothorax,0,1580,39,M,PA,2500,2048,0.171,0.171,1,0,0,0,0,1,0,0,1,0,1,1,0,0,0
00001580_001.png,Cardiomegaly|Effusion|Emphysema|Infiltration|Pneumothorax,1,1580,39,M,PA,2500,2048,0.171,0.171,1,0,1,1,1,0,0,0,1,0,0,1,0,0,0
00001582_000.png,No Finding,0,1582,29,F,AP,2500,2048,0.171,0.171,0,0,0,0,0,0,0,0,0,0,0,0,0,0,0
00001582_001.png,Effusion,1,1582,29,F,AP,2500,2048,0.171,0.171,1,0,0,1,0,0,0,0,0,0,0,0,0,0,0
00001582_002.png,Consolidation,2,1582,29,F,AP,2500,2048,0.171,0.171,1,0,0,0,0,0,0,0,0,1,0,0,0,0,0
00001582_003.png,Infiltration,3,1582,29,F,AP,2500,2048,0.171,0.171,1,0,0,0,1,0,0,0,0,0,0,0,0,0,0
00001582_004.png,Infiltration,4,1582,29,F,AP,2500,2048,0.171,0.171,1,0,0,0,1,0,0,0,0,0,0,0,0,0,0
00001582_005.png,Infiltration,5,1582,29,F,AP,2500,2048,0.171,0.171,1,0,0,0,1,0,0,0,0,0,0,0,0,0,0
00001582_006.png,Cardiomegaly|Effusion,6,1582,29,F,AP,2500,2048,0.171,0.171,1,0,1,1,0,0,0,0,0,0,0,0,0,0,0
00001582_007.png,Cardiomegaly|Effusion,7,1582,29,F,AP,2500,2048,0.171,0.171,1,0,1,1,0,0,0,0,0,0,0,0,0,0,0
00001582_008.png,Cardiomegaly|Effusion|Infiltration,8,1582,29,F,AP,2500,2048,0.171,0.171,1,0,1,1,1,0,0,0,0,0,0,0,0,0,0
00001582_009.png,Cardiomegaly|Effusion|Infiltration,9,1582,29,F,AP,2500,2048,0.171,0.171,1,0,1,1,1,0,0,0,0,0,0,0,0,0,0
00001582_010.png,No Finding,10,1582,29,F,AP,2500,2048,0.171,0.171,0,0,0,0,0,0,0,0,0,0,0,0,0,0,0
00001582_011.png,No Finding,11,1582,29,F,AP,2048,2500,0.171,0.171,0,0,0,0,0,0,0,0,0,0,0,0,0,0,0
00001582_012.png,Cardiomegaly,12,1582,29,F,PA,2048,2500,0.171,0.171,1,0,1,0,0,0,0,0,0,0,0,0,0,0,0
00001582_013.png,No Finding,13,1582,30,F,PA,2048,2500,0.168,0.168,0,0,0,0,0,0,0,0,0,0,0,0,0,0,0
00001582_014.png,No Finding,14,1582,31,F,PA,2048,2500,0.168,0.168,0,0,0,0,0,0,0,0,0,0,0,0,0,0,0
00001582_015.png,No Finding,15,1582,32,F,PA,2374,2991,0.143,0.143,0,0,0,0,0,0,0,0,0,0,0,0,0,0,0
00001582_016.png,No Finding,16,1582,32,F,AP,2500,2048,0.168,0.168,0,0,0,0,0,0,0,0,0,0,0,0,0,0,0
00001582_017.png,Infiltration|Mass|Pneumonia,17,1582,32,F,PA,2992,2991,0.143,0.143,1,0,0,0,1,1,0,1,0,0,0,0,0,0,0
00001582_018.png,Cardiomegaly|Effusion,18,1582,33,F,AP,2500,2048,0.168,0.168,1,0,1,1,0,0,0,0,0,0,0,0,0,0,0
00001582_019.png,Pneumonia,19,1582,33,F,PA,2726,2621,0.143,0.143,1,0,0,0,0,0,0,1,0,0,0,0,0,0,0
00001582_020.png,Effusion,20,1582,33,F,PA,2446,2605,0.143,0.143,1,0,0,1,0,0,0,0,0,0,0,0,0,0,0
00001582_021.png,Pneumonia,21,1582,34,F,AP,2500,2048,0.168,0.168,1,0,0,0,0,0,0,1,0,0,0,0,0,0,0
00001582_022.png,No Finding,22,1582,34,F,AP,2500,2048,0.168,0.168,0,0,0,0,0,0,0,0,0,0,0,0,0,0,0
00001583_001.png,Consolidation|Mass,1,1583,16,M,PA,2522,2991,0.143,0.143,1,0,0,0,0,1,0,0,0,1,0,0,0,0,0
00001583_002.png,Emphysema,2,1583,16,M,AP,2500,2048,0.168,0.168,1,0,0,0,0,0,0,0,0,0,0,1,0,0,0
00001583_003.png,Pneumothorax,3,1583,16,M,PA,2992,2889,0.143,0.143,1,0,0,0,0,0,0,0,1,0,0,0,0,0,0
00001583_008.png,Emphysema|Infiltration|Pneumothorax,4,1583,16,M,AP,2500,2048,0.168,0.168,1,0,0,0,1,0,0,0,1,0,0,1,0,0,0
00001583_004.png,Effusion|Emphysema|Infiltration|Pneumothorax,5,1583,16,M,PA,2384,2523,0.143,0.143,1,0,0,1,1,0,0,0,1,0,0,1,0,0,0
00001583_006.png,Infiltration|Pneumothorax,6,1583,16,M,PA,2834,2601,0.143,0.143,1,0,0,0,1,0,0,0,1,0,0,0,0,0,0
00001583_009.png,Pneumothorax,7,1583,16,M,PA,2674,2991,0.143,0.143,1,0,0,0,0,0,0,0,1,0,0,0,0,0,0
00001583_005.png,Pneumothorax,8,1583,16,M,PA,2602,2557,0.143,0.143,1,0,0,0,0,0,0,0,1,0,0,0,0,0,0
00001583_007.png,Pneumothorax,9,1583,16,M,PA,2838,2601,0.143,0.143,1,0,0,0,0,0,0,0,1,0,0,0,0,0,0
00001583_011.png,Pneumothorax,11,1583,16,M,PA,2734,2433,0.143,0.143,1,0,0,0,0,0,0,0,1,0,0,0,0,0,0
00001583_012.png,Pneumothorax,12,1583,16,M,PA,2342,2326,0.143,0.143,1,0,0,0,0,0,0,0,1,0,0,0,0,0,0
00001583_013.png,Pneumothorax,13,1583,16,M,PA,2832,2700,0.143,0.143,1,0,0,0,0,0,0,0,1,0,0,0,0,0,0
00001583_014.png,Pneumothorax,14,1583,16,M,PA,2048,2500,0.168,0.168,1,0,0,0,0,0,0,0,1,0,0,0,0,0,0
00001583_015.png,Pneumothorax,15,1583,16,M,PA,2610,2441,0.143,0.143,1,0,0,0,0,0,0,0,1,0,0,0,0,0,0
00001583_016.png,Infiltration,16,1583,16,M,PA,2614,2991,0.143,0.143,1,0,0,0,1,0,0,0,0,0,0,0,0,0,0
00001583_017.png,Pleural_Thickening,17,1583,16,M,PA,2352,2546,0.143,0.143,1,0,0,0,0,0,0,0,0,0,0,0,0,1,0
00001583_018.png,No Finding,18,1583,16,M,PA,2992,2991,0.143,0.143,0,0,0,0,0,0,0,0,0,0,0,0,0,0,0
00001585_000.png,No Finding,0,1585,16,M,PA,2714,2991,0.143,0.143,0,0,0,0,0,0,0,0,0,0,0,0,0,0,0
00001586_000.png,No Finding,0,1586,51,F,PA,2048,2500,0.171,0.171,0,0,0,0,0,0,0,0,0,0,0,0,0,0,0
00001587_000.png,No Finding,0,1587,49,F,PA,2766,2885,0.143,0.143,0,0,0,0,0,0,0,0,0,0,0,0,0,0,0
00001588_000.png,Infiltration,0,1588,66,M,PA,2946,2948,0.143,0.143,1,0,0,0,1,0,0,0,0,0,0,0,0,0,0
00001589_000.png,Pleural_Thickening,0,1589,46,M,PA,2500,2048,0.171,0.171,1,0,0,0,0,0,0,0,0,0,0,0,0,1,0
00001589_001.png,No Finding,1,1589,54,M,PA,2500,2048,0.168,0.168,0,0,0,0,0,0,0,0,0,0,0,0,0,0,0
00001590_000.png,No Finding,0,1590,51,M,PA,2992,2713,0.143,0.143,0,0,0,0,0,0,0,0,0,0,0,0,0,0,0
00001591_000.png,No Finding,0,1591,14,M,PA,2048,2500,0.168,0.168,0,0,0,0,0,0,0,0,0,0,0,0,0,0,0
00001592_000.png,No Finding,0,1592,55,M,PA,2500,2048,0.171,0.171,0,0,0,0,0,0,0,0,0,0,0,0,0,0,0
00001592_001.png,No Finding,1,1592,60,M,PA,2992,2991,0.143,0.143,0,0,0,0,0,0,0,0,0,0,0,0,0,0,0
00001593_000.png,No Finding,0,1593,49,F,PA,2048,2500,0.171,0.171,0,0,0,0,0,0,0,0,0,0,0,0,0,0,0
00001594_000.png,No Finding,0,1594,77,M,PA,2992,2991,0.143,0.143,0,0,0,0,0,0,0,0,0,0,0,0,0,0,0
00001594_001.png,No Finding,1,1594,78,M,PA,2702,2991,0.143,0.143,0,0,0,0,0,0,0,0,0,0,0,0,0,0,0
00001595_000.png,No Finding,0,1595,16,F,AP,2048,2500,0.171,0.171,0,0,0,0,0,0,0,0,0,0,0,0,0,0,0
00001595_001.png,No Finding,1,1595,16,F,AP,2500,2048,0.171,0.171,0,0,0,0,0,0,0,0,0,0,0,0,0,0,0
00001595_002.png,No Finding,2,1595,16,F,AP,2048,2500,0.168,0.168,0,0,0,0,0,0,0,0,0,0,0,0,0,0,0
00001595_003.png,No Finding,3,1595,19,F,AP,2048,2500,0.168,0.168,0,0,0,0,0,0,0,0,0,0,0,0,0,0,0
00001596_000.png,No Finding,0,1596,59,M,PA,2500,2048,0.168,0.168,0,0,0,0,0,0,0,0,0,0,0,0,0,0,0
00001597_000.png,Infiltration,0,1597,62,F,PA,2048,2500,0.171,0.171,1,0,0,0,1,0,0,0,0,0,0,0,0,0,0
00001598_000.png,No Finding,0,1598,74,M,PA,2500,2048,0.168,0.168,0,0,0,0,0,0,0,0,0,0,0,0,0,0,0
00001600_001.png,No Finding,1,1600,44,M,AP,2500,2048,0.171,0.171,0,0,0,0,0,0,0,0,0,0,0,0,0,0,0
00001601_005.png,No Finding,0,1601,56,F,PA,2992,2991,0.143,0.143,0,0,0,0,0,0,0,0,0,0,0,0,0,0,0
00001601_006.png,Edema,1,1601,56,F,AP,2500,2048,0.168,0.168,1,0,0,0,0,0,0,0,0,0,1,0,0,0,0
00001601_008.png,Edema|Effusion|Infiltration,3,1601,56,F,PA,2992,2991,0.143,0.143,1,0,0,1,1,0,0,0,0,0,1,0,0,0,0
00001601_009.png,Effusion,4,1601,56,F,PA,2522,2481,0.143,0.143,1,0,0,1,0,0,0,0,0,0,0,0,0,0,0
00001601_010.png,Fibrosis|Pleural_Thickening,5,1601,60,F,PA,2826,2991,0.143,0.143,1,0,0,0,0,0,0,0,0,0,0,0,1,1,0
00001601_000.png,No Finding,11,1601,63,F,PA,2890,2476,0.143,0.143,0,0,0,0,0,0,0,0,0,0,0,0,0,0,0
00001601_002.png,No Finding,13,1601,64,F,PA,2021,2021,0.1943109999999999,0.1943109999999999,0,0,0,0,0,0,0,0,0,0,0,0,0,0,0
00001601_004.png,No Finding,15,1601,64,F,PA,2021,2020,0.1943109999999999,0.1943109999999999,0,0,0,0,0,0,0,0,0,0,0,0,0,0,0
00001604_000.png,No Finding,0,1604,45,F,PA,2048,2500,0.171,0.171,0,0,0,0,0,0,0,0,0,0,0,0,0,0,0
00001605_000.png,Consolidation|Mass,0,1605,20,M,PA,2544,3056,0.139,0.139,1,0,0,0,0,1,0,0,0,1,0,0,0,0,0
00001605_001.png,Consolidation|Infiltration,1,1605,20,M,PA,3056,2544,0.139,0.139,1,0,0,0,1,0,0,0,0,1,0,0,0,0,0
00001605_002.png,Consolidation|Fibrosis,2,1605,20,M,PA,2544,3056,0.139,0.139,1,0,0,0,0,0,0,0,0,1,0,0,1,0,0
00001606_004.png,No Finding,0,1606,39,F,PA,2500,2048,0.171,0.171,0,0,0,0,0,0,0,0,0,0,0,0,0,0,0
00001606_005.png,No Finding,1,1606,44,F,PA,2578,2991,0.143,0.143,0,0,0,0,0,0,0,0,0,0,0,0,0,0,0
00001606_006.png,No Finding,2,1606,45,F,PA,2678,2991,0.143,0.143,0,0,0,0,0,0,0,0,0,0,0,0,0,0,0
00001606_007.png,No Finding,3,1606,47,F,PA,2532,3056,0.139,0.139,0,0,0,0,0,0,0,0,0,0,0,0,0,0,0
00001606_000.png,Infiltration,4,1606,48,F,PA,2544,3056,0.139,0.139,1,0,0,0,1,0,0,0,0,0,0,0,0,0,0
00001606_003.png,Infiltration,7,1606,52,F,PA,2021,2021,0.1943109999999999,0.1943109999999999,1,0,0,0,1,0,0,0,0,0,0,0,0,0,0
00001607_000.png,No Finding,0,1607,45,M,PA,2500,2048,0.171,0.171,0,0,0,0,0,0,0,0,0,0,0,0,0,0,0
00001608_000.png,No Finding,0,1608,50,F,PA,2474,2991,0.143,0.143,0,0,0,0,0,0,0,0,0,0,0,0,0,0,0
00001608_001.png,No Finding,1,1608,51,F,PA,2544,3056,0.139,0.139,0,0,0,0,0,0,0,0,0,0,0,0,0,0,0
00001609_000.png,No Finding,0,1609,37,M,PA,2500,2048,0.171,0.171,0,0,0,0,0,0,0,0,0,0,0,0,0,0,0
00001609_002.png,Effusion|Pneumothorax,2,1609,39,M,AP,2500,2048,0.168,0.168,1,0,0,1,0,0,0,0,1,0,0,0,0,0,0
00001609_003.png,Effusion|Pneumothorax,3,1609,39,M,AP,2500,2048,0.168,0.168,1,0,0,1,0,0,0,0,1,0,0,0,0,0,0
00001609_004.png,Effusion|Pneumothorax,4,1609,39,M,AP,2500,2048,0.168,0.168,1,0,0,1,0,0,0,0,1,0,0,0,0,0,0
00001610_001.png,No Finding,0,1610,16,F,PA,2238,2137,0.143,0.143,0,0,0,0,0,0,0,0,0,0,0,0,0,0,0
00001610_000.png,No Finding,1,1610,20,F,PA,2021,1552,0.1943109999999999,0.1943109999999999,0,0,0,0,0,0,0,0,0,0,0,0,0,0,0
00001615_000.png,No Finding,0,1615,47,M,PA,3056,2484,0.139,0.139,0,0,0,0,0,0,0,0,0,0,0,0,0,0,0
00001615_001.png,Mass,1,1615,48,M,AP,2500,2048,0.168,0.168,1,0,0,0,0,1,0,0,0,0,0,0,0,0,0
00001615_002.png,No Finding,2,1615,48,M,PA,2678,2991,0.143,0.143,0,0,0,0,0,0,0,0,0,0,0,0,0,0,0
00001615_003.png,Infiltration,3,1615,48,M,PA,2992,2991,0.143,0.143,1,0,0,0,1,0,0,0,0,0,0,0,0,0,0
00001615_004.png,No Finding,4,1615,48,M,PA,2992,2991,0.143,0.143,0,0,0,0,0,0,0,0,0,0,0,0,0,0,0
00001615_006.png,No Finding,5,1615,48,M,PA,2992,2991,0.143,0.143,0,0,0,0,0,0,0,0,0,0,0,0,0,0,0
00001615_005.png,No Finding,6,1615,48,M,PA,2992,2991,0.143,0.143,0,0,0,0,0,0,0,0,0,0,0,0,0,0,0
00001616_003.png,No Finding,0,1616,24,F,PA,2992,2991,0.143,0.143,0,0,0,0,0,0,0,0,0,0,0,0,0,0,0
00001616_004.png,No Finding,1,1616,26,F,PA,2686,2991,0.143,0.143,0,0,0,0,0,0,0,0,0,0,0,0,0,0,0
00001616_005.png,No Finding,2,1616,26,F,AP,2500,2048,0.168,0.168,0,0,0,0,0,0,0,0,0,0,0,0,0,0,0
00001616_007.png,Consolidation|Effusion,4,1616,26,F,PA,2992,2991,0.143,0.143,1,0,0,1,0,0,0,0,0,1,0,0,0,0,0
00001616_008.png,No Finding,5,1616,26,F,AP,2500,2048,0.168,0.168,0,0,0,0,0,0,0,0,0,0,0,0,0,0,0
00001616_009.png,No Finding,6,1616,26,F,AP,2500,2048,0.168,0.168,0,0,0,0,0,0,0,0,0,0,0,0,0,0,0
00001616_010.png,No Finding,7,1616,26,F,PA,2710,2991,0.143,0.143,0,0,0,0,0,0,0,0,0,0,0,0,0,0,0
00001616_011.png,No Finding,8,1616,26,F,AP,2500,2048,0.168,0.168,0,0,0,0,0,0,0,0,0,0,0,0,0,0,0
00001616_012.png,Effusion,9,1616,26,F,PA,2048,2500,0.168,0.168,1,0,0,1,0,0,0,0,0,0,0,0,0,0,0
00001616_000.png,No Finding,10,1616,29,F,PA,2992,2991,0.143,0.143,0,0,0,0,0,0,0,0,0,0,0,0,0,0,0
00001616_001.png,No Finding,11,1616,29,F,PA,2508,3028,0.139,0.139,0,0,0,0,0,0,0,0,0,0,0,0,0,0,0
00001618_000.png,No Finding,0,1618,55,M,PA,2500,2048,0.171,0.171,0,0,0,0,0,0,0,0,0,0,0,0,0,0,0
00001619_000.png,No Finding,0,1619,35,F,PA,2522,2991,0.143,0.143,0,0,0,0,0,0,0,0,0,0,0,0,0,0,0
00001619_001.png,Infiltration,1,1619,35,F,AP,3056,2544,0.139,0.139,1,0,0,0,1,0,0,0,0,0,0,0,0,0,0
00001619_002.png,No Finding,2,1619,35,F,AP,3056,2544,0.139,0.139,0,0,0,0,0,0,0,0,0,0,0,0,0,0,0
00001619_003.png,No Finding,3,1619,35,F,AP,3056,2544,0.139,0.139,0,0,0,0,0,0,0,0,0,0,0,0,0,0,0
00001619_004.png,No Finding,4,1619,35,F,AP,3048,2544,0.139,0.139,0,0,0,0,0,0,0,0,0,0,0,0,0,0,0
00001620_000.png,No Finding,0,1620,42,M,PA,2500,2048,0.168,0.168,0,0,0,0,0,0,0,0,0,0,0,0,0,0,0
00001620_001.png,No Finding,1,1620,42,M,AP,2500,2048,0.168,0.168,0,0,0,0,0,0,0,0,0,0,0,0,0,0,0
00001620_002.png,No Finding,2,1620,42,M,PA,2992,2991,0.143,0.143,0,0,0,0,0,0,0,0,0,0,0,0,0,0,0
00001620_003.png,No Finding,3,1620,42,M,AP,2500,2048,0.168,0.168,0,0,0,0,0,0,0,0,0,0,0,0,0,0,0
00001620_004.png,No Finding,4,1620,42,M,AP,2500,2048,0.168,0.168,0,0,0,0,0,0,0,0,0,0,0,0,0,0,0
00001620_005.png,No Finding,5,1620,42,M,AP,2500,2048,0.168,0.168,0,0,0,0,0,0,0,0,0,0,0,0,0,0,0
00001623_000.png,No Finding,0,1623,56,M,PA,2048,2500,0.168,0.168,0,0,0,0,0,0,0,0,0,0,0,0,0,0,0
00001625_000.png,No Finding,0,1625,42,M,PA,2500,2048,0.171,0.171,0,0,0,0,0,0,0,0,0,0,0,0,0,0,0
00001626_000.png,No Finding,0,1626,50,F,PA,2048,2500,0.171,0.171,0,0,0,0,0,0,0,0,0,0,0,0,0,0,0
00001627_000.png,Nodule,0,1627,70,F,PA,2500,2048,0.171,0.171,1,0,0,0,0,0,1,0,0,0,0,0,0,0,0
00001629_000.png,No Finding,0,1629,30,M,PA,2992,2991,0.143,0.143,0,0,0,0,0,0,0,0,0,0,0,0,0,0,0
00001629_001.png,No Finding,1,1629,30,M,AP,2500,2048,0.168,0.168,0,0,0,0,0,0,0,0,0,0,0,0,0,0,0
00001629_002.png,No Finding,2,1629,30,M,AP,2500,2048,0.168,0.168,0,0,0,0,0,0,0,0,0,0,0,0,0,0,0
00001629_003.png,No Finding,3,1629,30,M,AP,2500,2048,0.168,0.168,0,0,0,0,0,0,0,0,0,0,0,0,0,0,0
00001629_004.png,Effusion|Infiltration,4,1629,30,M,AP,2500,2048,0.168,0.168,1,0,0,1,1,0,0,0,0,0,0,0,0,0,0
00001629_005.png,Effusion|Infiltration|Pneumonia,5,1629,30,M,PA,2500,2048,0.168,0.168,1,0,0,1,1,0,0,1,0,0,0,0,0,0,0
00001629_006.png,Effusion|Pneumonia,6,1629,30,M,PA,2778,2937,0.143,0.143,1,0,0,1,0,0,0,1,0,0,0,0,0,0,0
00001629_007.png,No Finding,7,1629,30,M,PA,2898,2991,0.143,0.143,0,0,0,0,0,0,0,0,0,0,0,0,0,0,0
00001629_008.png,Infiltration,8,1629,30,M,AP,2500,2048,0.168,0.168,1,0,0,0,1,0,0,0,0,0,0,0,0,0,0
00001629_010.png,Effusion,10,1629,30,M,AP,2500,2048,0.168,0.168,1,0,0,1,0,0,0,0,0,0,0,0,0,0,0
00001629_011.png,No Finding,11,1629,30,M,PA,2992,2991,0.143,0.143,0,0,0,0,0,0,0,0,0,0,0,0,0,0,0
00001629_012.png,No Finding,12,1629,31,M,PA,2992,2991,0.143,0.143,0,0,0,0,0,0,0,0,0,0,0,0,0,0,0
00001629_013.png,Infiltration,13,1629,31,M,PA,2992,2991,0.143,0.143,1,0,0,0,1,0,0,0,0,0,0,0,0,0,0
00001630_001.png,No Finding,0,1630,40,M,PA,2950,2921,0.143,0.143,0,0,0,0,0,0,0,0,0,0,0,0,0,0,0
00001630_000.png,Infiltration,1,1630,44,M,PA,2694,2541,0.143,0.143,1,0,0,0,1,0,0,0,0,0,0,0,0,0,0
00001631_000.png,No Finding,0,1631,18,F,PA,2048,2500,0.168,0.168,0,0,0,0,0,0,0,0,0,0,0,0,0,0,0
00001632_000.png,No Finding,0,1632,20,F,PA,2048,2500,0.168,0.168,0,0,0,0,0,0,0,0,0,0,0,0,0,0,0
00001633_000.png,No Finding,0,1633,46,F,PA,2500,2048,0.168,0.168,0,0,0,0,0,0,0,0,0,0,0,0,0,0,0
00001634_002.png,No Finding,0,1634,41,F,PA,2048,2500,0.168,0.168,0,0,0,0,0,0,0,0,0,0,0,0,0,0,0
00001634_003.png,No Finding,1,1634,42,F,AP,2500,2048,0.168,0.168,0,0,0,0,0,0,0,0,0,0,0,0,0,0,0
00001634_004.png,No Finding,2,1634,42,F,PA,2834,2525,0.143,0.143,0,0,0,0,0,0,0,0,0,0,0,0,0,0,0
00001634_005.png,No Finding,3,1634,43,F,PA,2874,2749,0.143,0.143,0,0,0,0,0,0,0,0,0,0,0,0,0,0,0
00001634_006.png,Infiltration,4,1634,45,F,PA,2542,2549,0.143,0.143,1,0,0,0,1,0,0,0,0,0,0,0,0,0,0
00001634_007.png,No Finding,5,1634,45,F,PA,2842,2669,0.143,0.143,0,0,0,0,0,0,0,0,0,0,0,0,0,0,0
00001634_008.png,No Finding,6,1634,45,F,AP,2500,2048,0.168,0.168,0,0,0,0,0,0,0,0,0,0,0,0,0,0,0
00001634_009.png,No Finding,7,1634,47,F,PA,2992,2991,0.143,0.143,0,0,0,0,0,0,0,0,0,0,0,0,0,0,0
00001634_010.png,No Finding,8,1634,48,F,PA,2526,2991,0.143,0.143,0,0,0,0,0,0,0,0,0,0,0,0,0,0,0
00001634_000.png,No Finding,9,1634,51,F,PA,1829,1753,0.1943109999999999,0.1943109999999999,0,0,0,0,0,0,0,0,0,0,0,0,0,0,0
00001634_001.png,No Finding,10,1634,51,F,PA,1730,2020,0.1943079999999999,0.1943079999999999,0,0,0,0,0,0,0,0,0,0,0,0,0,0,0
00001635_000.png,No Finding,0,1635,48,F,AP,2500,2048,0.171,0.171,0,0,0,0,0,0,0,0,0,0,0,0,0,0,0
00001635_001.png,Infiltration,1,1635,52,F,PA,2992,2991,0.143,0.143,1,0,0,0,1,0,0,0,0,0,0,0,0,0,0
00001636_000.png,No Finding,0,1636,53,F,AP,2048,2500,0.171,0.171,0,0,0,0,0,0,0,0,0,0,0,0,0,0,0
00001637_003.png,Infiltration,0,1637,9,M,PA,2048,2500,0.171,0.171,1,0,0,0,1,0,0,0,0,0,0,0,0,0,0
00001637_004.png,Infiltration,1,1637,13,M,AP,2500,2048,0.168,0.168,1,0,0,0,1,0,0,0,0,0,0,0,0,0,0
00001637_005.png,Consolidation|Infiltration,2,1637,13,M,AP,2048,2500,0.168,0.168,1,0,0,0,1,0,0,0,0,1,0,0,0,0,0
00001637_006.png,Infiltration|Mass,3,1637,13,M,AP,2048,2500,0.168,0.168,1,0,0,0,1,1,0,0,0,0,0,0,0,0,0
00001637_007.png,Infiltration|Mass,4,1637,13,M,PA,2846,2577,0.143,0.143,1,0,0,0,1,1,0,0,0,0,0,0,0,0,0
00001637_008.png,Mass,5,1637,13,M,PA,2206,2313,0.143,0.143,1,0,0,0,0,1,0,0,0,0,0,0,0,0,0
00001637_009.png,Mass,6,1637,14,M,AP,2048,2500,0.168,0.168,1,0,0,0,0,1,0,0,0,0,0,0,0,0,0
00001637_010.png,Mass,7,1637,14,M,PA,2030,2553,0.143,0.143,1,0,0,0,0,1,0,0,0,0,0,0,0,0,0
00001637_011.png,Consolidation|Infiltration,8,1637,15,M,AP,2500,2048,0.168,0.168,1,0,0,0,1,0,0,0,0,1,0,0,0,0,0
00001637_012.png,Infiltration,9,1637,16,M,PA,2992,2991,0.143,0.143,1,0,0,0,1,0,0,0,0,0,0,0,0,0,0
00001637_000.png,No Finding,10,1637,20,M,PA,2992,2991,0.143,0.143,0,0,0,0,0,0,0,0,0,0,0,0,0,0,0
00001637_001.png,Pneumonia,11,1637,22,M,PA,1960,2021,0.1943109999999999,0.1943109999999999,1,0,0,0,0,0,0,1,0,0,0,0,0,0,0
00001637_002.png,No Finding,12,1637,22,M,PA,2544,3056,0.139,0.139,0,0,0,0,0,0,0,0,0,0,0,0,0,0,0
00001638_001.png,Consolidation|Fibrosis|Pleural_Thickening,0,1638,30,F,PA,2434,2521,0.143,0.143,1,0,0,0,0,0,0,0,0,1,0,0,1,1,0
00001638_002.png,Infiltration,1,1638,32,F,PA,2674,2685,0.143,0.143,1,0,0,0,1,0,0,0,0,0,0,0,0,0,0
00001638_000.png,No Finding,2,1638,38,F,PA,2021,2021,0.1943109999999999,0.1943109999999999,0,0,0,0,0,0,0,0,0,0,0,0,0,0,0
00001639_000.png,No Finding,0,1639,50,F,PA,2048,2500,0.168,0.168,0,0,0,0,0,0,0,0,0,0,0,0,0,0,0
00001640_000.png,No Finding,0,1640,11,M,PA,2048,2500,0.168,0.168,0,0,0,0,0,0,0,0,0,0,0,0,0,0,0
00001641_004.png,Infiltration,0,1641,12,F,PA,2048,2500,0.171,0.171,1,0,0,0,1,0,0,0,0,0,0,0,0,0,0
00001641_005.png,No Finding,1,1641,13,F,PA,2048,2500,0.171,0.171,0,0,0,0,0,0,0,0,0,0,0,0,0,0,0
00001641_006.png,No Finding,2,1641,14,F,PA,2048,2500,0.168,0.168,0,0,0,0,0,0,0,0,0,0,0,0,0,0,0
00001641_000.png,No Finding,3,1641,23,F,AP,3056,2544,0.139,0.139,0,0,0,0,0,0,0,0,0,0,0,0,0,0,0
00001641_001.png,No Finding,4,1641,23,F,AP,3056,2544,0.139,0.139,0,0,0,0,0,0,0,0,0,0,0,0,0,0,0
00001641_002.png,No Finding,5,1641,23,F,PA,2544,3056,0.139,0.139,0,0,0,0,0,0,0,0,0,0,0,0,0,0,0
00001641_003.png,No Finding,6,1641,23,F,AP,3056,2544,0.139,0.139,0,0,0,0,0,0,0,0,0,0,0,0,0,0,0
00001644_000.png,No Finding,0,1644,42,M,PA,2500,2048,0.171,0.171,0,0,0,0,0,0,0,0,0,0,0,0,0,0,0
00001645_000.png,No Finding,0,1645,46,F,PA,2366,2653,0.143,0.143,0,0,0,0,0,0,0,0,0,0,0,0,0,0,0
00001646_000.png,No Finding,0,1646,64,F,PA,2048,2500,0.168,0.168,0,0,0,0,0,0,0,0,0,0,0,0,0,0,0
00001647_000.png,No Finding,0,1647,44,F,PA,2990,2991,0.143,0.143,0,0,0,0,0,0,0,0,0,0,0,0,0,0,0
00001649_000.png,No Finding,0,1649,42,F,PA,2914,2991,0.143,0.143,0,0,0,0,0,0,0,0,0,0,0,0,0,0,0
00001649_001.png,No Finding,1,1649,43,F,PA,2544,3056,0.139,0.139,0,0,0,0,0,0,0,0,0,0,0,0,0,0,0
00001649_002.png,No Finding,2,1649,44,F,PA,2021,2021,0.1943109999999999,0.1943109999999999,0,0,0,0,0,0,0,0,0,0,0,0,0,0,0
00001650_000.png,No Finding,0,1650,61,M,PA,2500,2048,0.168,0.168,0,0,0,0,0,0,0,0,0,0,0,0,0,0,0
00001650_001.png,Infiltration,1,1650,62,M,AP,2500,2048,0.168,0.168,1,0,0,0,1,0,0,0,0,0,0,0,0,0,0
00001650_002.png,No Finding,2,1650,62,M,AP,2500,2048,0.168,0.168,0,0,0,0,0,0,0,0,0,0,0,0,0,0,0
00001650_003.png,No Finding,3,1650,62,M,AP,2500,2048,0.168,0.168,0,0,0,0,0,0,0,0,0,0,0,0,0,0,0
00001650_004.png,Edema,4,1650,62,M,AP,2500,2048,0.168,0.168,1,0,0,0,0,0,0,0,0,0,1,0,0,0,0
00001650_005.png,Edema,5,1650,62,M,AP,2500,2048,0.168,0.168,1,0,0,0,0,0,0,0,0,0,1,0,0,0,0
00001650_007.png,No Finding,6,1650,62,M,AP,2500,2048,0.168,0.168,0,0,0,0,0,0,0,0,0,0,0,0,0,0,0
00001650_006.png,No Finding,7,1650,62,M,PA,2992,2991,0.143,0.143,0,0,0,0,0,0,0,0,0,0,0,0,0,0,0
00001650_008.png,No Finding,8,1650,62,M,PA,2992,2991,0.143,0.143,0,0,0,0,0,0,0,0,0,0,0,0,0,0,0
00001650_009.png,No Finding,9,1650,62,M,PA,2992,2991,0.143,0.143,0,0,0,0,0,0,0,0,0,0,0,0,0,0,0
00001650_010.png,No Finding,10,1650,62,M,PA,2500,2048,0.168,0.168,0,0,0,0,0,0,0,0,0,0,0,0,0,0,0
00001650_011.png,Effusion,11,1650,63,M,PA,2992,2991,0.143,0.143,1,0,0,1,0,0,0,0,0,0,0,0,0,0,0
00001653_000.png,No Finding,0,1653,40,F,PA,2500,2048,0.171,0.171,0,0,0,0,0,0,0,0,0,0,0,0,0,0,0
00001653_001.png,No Finding,1,1653,41,F,PA,2500,2048,0.168,0.168,0,0,0,0,0,0,0,0,0,0,0,0,0,0,0
00001653_002.png,No Finding,2,1653,42,F,PA,2500,2048,0.168,0.168,0,0,0,0,0,0,0,0,0,0,0,0,0,0,0
00001653_003.png,No Finding,3,1653,47,F,PA,2992,2991,0.143,0.143,0,0,0,0,0,0,0,0,0,0,0,0,0,0,0
00001655_001.png,No Finding,1,1655,43,M,PA,2936,2991,0.143,0.143,0,0,0,0,0,0,0,0,0,0,0,0,0,0,0
00001656_002.png,No Finding,0,1656,59,M,PA,2500,2048,0.168,0.168,0,0,0,0,0,0,0,0,0,0,0,0,0,0,0
00001656_003.png,No Finding,1,1656,63,M,PA,2500,2048,0.168,0.168,0,0,0,0,0,0,0,0,0,0,0,0,0,0,0
00001656_000.png,Emphysema,2,1656,70,M,PA,2021,2021,0.1943109999999999,0.1943109999999999,1,0,0,0,0,0,0,0,0,0,0,1,0,0,0
00001656_001.png,No Finding,3,1656,71,M,PA,2021,2021,0.1943109999999999,0.1943109999999999,0,0,0,0,0,0,0,0,0,0,0,0,0,0,0
00001658_000.png,No Finding,0,1658,55,F,PA,2578,2325,0.143,0.143,0,0,0,0,0,0,0,0,0,0,0,0,0,0,0
00001659_000.png,No Finding,0,1659,58,F,PA,2992,2653,0.143,0.143,0,0,0,0,0,0,0,0,0,0,0,0,0,0,0
00001662_000.png,No Finding,0,1662,53,F,PA,2500,2048,0.171,0.171,0,0,0,0,0,0,0,0,0,0,0,0,0,0,0
00001664_000.png,Pleural_Thickening,0,1664,52,F,PA,2048,2500,0.168,0.168,1,0,0,0,0,0,0,0,0,0,0,0,0,1,0
00001664_001.png,Emphysema,1,1664,52,F,AP,2500,2048,0.168,0.168,1,0,0,0,0,0,0,0,0,0,0,1,0,0,0
00001665_000.png,No Finding,0,1665,28,M,PA,2048,2500,0.168,0.168,0,0,0,0,0,0,0,0,0,0,0,0,0,0,0
00001665_001.png,No Finding,1,1665,29,M,PA,2500,2048,0.168,0.168,0,0,0,0,0,0,0,0,0,0,0,0,0,0,0
00001665_002.png,No Finding,2,1665,29,M,PA,2500,2048,0.168,0.168,0,0,0,0,0,0,0,0,0,0,0,0,0,0,0
00001666_000.png,No Finding,0,1666,39,F,PA,2456,2968,0.139,0.139,0,0,0,0,0,0,0,0,0,0,0,0,0,0,0
00001666_001.png,No Finding,1,1666,42,F,PA,2500,2048,0.168,0.168,0,0,0,0,0,0,0,0,0,0,0,0,0,0,0
00001666_002.png,No Finding,2,1666,42,F,PA,2500,2048,0.168,0.168,0,0,0,0,0,0,0,0,0,0,0,0,0,0,0
00001667_000.png,No Finding,0,1667,48,M,PA,2992,2991,0.143,0.143,0,0,0,0,0,0,0,0,0,0,0,0,0,0,0
00001668_000.png,Mass,0,1668,48,M,PA,2992,2991,0.143,0.143,1,0,0,0,0,1,0,0,0,0,0,0,0,0,0
00001669_000.png,No Finding,0,1669,55,F,PA,2650,2991,0.143,0.143,0,0,0,0,0,0,0,0,0,0,0,0,0,0,0
00001670_000.png,No Finding,0,1670,45,M,PA,2500,2048,0.171,0.171,0,0,0,0,0,0,0,0,0,0,0,0,0,0,0
00001671_001.png,No Finding,0,1671,40,M,PA,2590,2991,0.143,0.143,0,0,0,0,0,0,0,0,0,0,0,0,0,0,0
00001671_000.png,No Finding,1,1671,44,M,PA,2021,2021,0.1943109999999999,0.1943109999999999,0,0,0,0,0,0,0,0,0,0,0,0,0,0,0
00001672_000.png,No Finding,0,1672,33,F,PA,2992,2991,0.143,0.143,0,0,0,0,0,0,0,0,0,0,0,0,0,0,0
00001672_001.png,Infiltration,1,1672,36,F,PA,2021,2016,0.1943109999999999,0.1943109999999999,1,0,0,0,1,0,0,0,0,0,0,0,0,0,0
00001674_000.png,No Finding,0,1674,33,M,PA,2500,2048,0.171,0.171,0,0,0,0,0,0,0,0,0,0,0,0,0,0,0
00001674_001.png,No Finding,1,1674,35,M,PA,2048,2500,0.168,0.168,0,0,0,0,0,0,0,0,0,0,0,0,0,0,0
00001674_002.png,No Finding,2,1674,37,M,PA,2500,2048,0.168,0.168,0,0,0,0,0,0,0,0,0,0,0,0,0,0,0
00001674_003.png,No Finding,3,1674,39,M,PA,2500,2048,0.168,0.168,0,0,0,0,0,0,0,0,0,0,0,0,0,0,0
00001675_000.png,No Finding,0,1675,41,M,PA,2500,2048,0.171,0.171,0,0,0,0,0,0,0,0,0,0,0,0,0,0,0
00001676_000.png,No Finding,0,1676,8,F,PA,2048,2500,0.171,0.171,0,0,0,0,0,0,0,0,0,0,0,0,0,0,0
00001676_001.png,No Finding,1,1676,11,F,PA,2086,1758,0.143,0.143,0,0,0,0,0,0,0,0,0,0,0,0,0,0,0
00001677_000.png,No Finding,0,1677,46,F,PA,2500,2048,0.168,0.168,0,0,0,0,0,0,0,0,0,0,0,0,0,0,0
00001678_001.png,Consolidation|Mass,0,1678,52,M,PA,2762,2852,0.143,0.143,1,0,0,0,0,1,0,0,0,1,0,0,0,0,0
00001678_002.png,No Finding,1,1678,52,M,PA,2990,2991,0.143,0.143,0,0,0,0,0,0,0,0,0,0,0,0,0,0,0
00001678_003.png,No Finding,2,1678,53,M,PA,3056,2508,0.139,0.139,0,0,0,0,0,0,0,0,0,0,0,0,0,0,0
00001678_004.png,No Finding,3,1678,53,M,PA,2992,2991,0.143,0.143,0,0,0,0,0,0,0,0,0,0,0,0,0,0,0
00001678_000.png,No Finding,4,1678,56,M,PA,3056,2544,0.139,0.139,0,0,0,0,0,0,0,0,0,0,0,0,0,0,0
00001679_000.png,No Finding,0,1679,50,F,PA,2706,2991,0.143,0.143,0,0,0,0,0,0,0,0,0,0,0,0,0,0,0
00001680_000.png,No Finding,0,1680,33,F,PA,2544,3056,0.139,0.139,0,0,0,0,0,0,0,0,0,0,0,0,0,0,0
00001681_000.png,No Finding,0,1681,33,F,PA,2596,2546,0.143,0.143,0,0,0,0,0,0,0,0,0,0,0,0,0,0,0
00001683_001.png,No Finding,0,1683,56,M,PA,2500,2048,0.168,0.168,0,0,0,0,0,0,0,0,0,0,0,0,0,0,0
00001683_002.png,No Finding,1,1683,57,M,PA,3056,2516,0.139,0.139,0,0,0,0,0,0,0,0,0,0,0,0,0,0,0
00001683_000.png,No Finding,2,1683,59,M,PA,2798,2797,0.143,0.143,0,0,0,0,0,0,0,0,0,0,0,0,0,0,0
00001684_000.png,No Finding,0,1684,58,M,AP,2500,2048,0.168,0.168,0,0,0,0,0,0,0,0,0,0,0,0,0,0,0
00001684_001.png,No Finding,1,1684,58,M,PA,2048,2500,0.168,0.168,0,0,0,0,0,0,0,0,0,0,0,0,0,0,0
00001684_003.png,No Finding,2,1684,58,M,AP,2500,2048,0.168,0.168,0,0,0,0,0,0,0,0,0,0,0,0,0,0,0
00001684_002.png,Edema,3,1684,58,M,AP,2500,2048,0.168,0.168,1,0,0,0,0,0,0,0,0,0,1,0,0,0,0
00001684_004.png,Edema,4,1684,58,M,AP,2500,2048,0.168,0.168,1,0,0,0,0,0,0,0,0,0,1,0,0,0,0
00001684_005.png,No Finding,5,1684,58,M,AP,2500,2048,0.168,0.168,0,0,0,0,0,0,0,0,0,0,0,0,0,0,0
00001684_006.png,No Finding,6,1684,58,M,AP,2500,2048,0.168,0.168,0,0,0,0,0,0,0,0,0,0,0,0,0,0,0
00001684_007.png,No Finding,7,1684,58,M,AP,2500,2048,0.168,0.168,0,0,0,0,0,0,0,0,0,0,0,0,0,0,0
00001684_008.png,No Finding,8,1684,58,M,AP,2500,2048,0.168,0.168,0,0,0,0,0,0,0,0,0,0,0,0,0,0,0
00001684_009.png,Infiltration,9,1684,58,M,AP,2500,2048,0.168,0.168,1,0,0,0,1,0,0,0,0,0,0,0,0,0,0
00001684_010.png,No Finding,10,1684,58,M,AP,2500,2048,0.168,0.168,0,0,0,0,0,0,0,0,0,0,0,0,0,0,0
00001684_011.png,No Finding,11,1684,58,M,AP,2500,2048,0.168,0.168,0,0,0,0,0,0,0,0,0,0,0,0,0,0,0
00001684_012.png,No Finding,12,1684,58,M,AP,2500,2048,0.168,0.168,0,0,0,0,0,0,0,0,0,0,0,0,0,0,0
00001684_013.png,Effusion,13,1684,58,M,AP,2500,2048,0.168,0.168,1,0,0,1,0,0,0,0,0,0,0,0,0,0,0
00001684_014.png,No Finding,14,1684,58,M,AP,2500,2048,0.168,0.168,0,0,0,0,0,0,0,0,0,0,0,0,0,0,0
00001684_015.png,No Finding,15,1684,58,M,AP,2500,2048,0.168,0.168,0,0,0,0,0,0,0,0,0,0,0,0,0,0,0
00001684_016.png,No Finding,16,1684,58,M,AP,2500,2048,0.168,0.168,0,0,0,0,0,0,0,0,0,0,0,0,0,0,0
00001684_017.png,No Finding,17,1684,58,M,AP,2500,2048,0.168,0.168,0,0,0,0,0,0,0,0,0,0,0,0,0,0,0
00001684_018.png,No Finding,18,1684,58,M,AP,2500,2048,0.168,0.168,0,0,0,0,0,0,0,0,0,0,0,0,0,0,0
00001684_019.png,No Finding,19,1684,58,M,AP,2500,2048,0.168,0.168,0,0,0,0,0,0,0,0,0,0,0,0,0,0,0
00001684_020.png,No Finding,20,1684,58,M,AP,2500,2048,0.168,0.168,0,0,0,0,0,0,0,0,0,0,0,0,0,0,0
00001684_021.png,No Finding,21,1684,58,M,AP,2500,2048,0.168,0.168,0,0,0,0,0,0,0,0,0,0,0,0,0,0,0
00001684_022.png,Infiltration,22,1684,58,M,AP,2500,2048,0.168,0.168,1,0,0,0,1,0,0,0,0,0,0,0,0,0,0
00001684_024.png,Effusion,24,1684,58,M,AP,2500,2048,0.168,0.168,1,0,0,1,0,0,0,0,0,0,0,0,0,0,0
00001684_028.png,No Finding,29,1684,58,M,AP,2500,2048,0.168,0.168,0,0,0,0,0,0,0,0,0,0,0,0,0,0,0
00001684_030.png,Effusion,30,1684,58,M,AP,2500,2048,0.168,0.168,1,0,0,1,0,0,0,0,0,0,0,0,0,0,0
00001684_031.png,Effusion,31,1684,58,M,PA,2500,2048,0.168,0.168,1,0,0,1,0,0,0,0,0,0,0,0,0,0,0
00001686_000.png,No Finding,0,1686,8,M,AP,2048,2500,0.168,0.168,0,0,0,0,0,0,0,0,0,0,0,0,0,0,0
00001686_001.png,No Finding,1,1686,12,M,AP,2048,2500,0.168,0.168,0,0,0,0,0,0,0,0,0,0,0,0,0,0,0
00001687_000.png,No Finding,0,1687,53,M,PA,2500,2048,0.168,0.168,0,0,0,0,0,0,0,0,0,0,0,0,0,0,0
00001688_000.png,Infiltration|Nodule,0,1688,59,F,PA,2048,2500,0.168,0.168,1,0,0,0,1,0,1,0,0,0,0,0,0,0,0
00001688_001.png,Fibrosis|Infiltration,1,1688,61,F,PA,2514,2605,0.143,0.143,1,0,0,0,1,0,0,0,0,0,0,0,1,0,0
00001688_002.png,No Finding,2,1688,64,F,PA,2662,2666,0.143,0.143,0,0,0,0,0,0,0,0,0,0,0,0,0,0,0
00001689_000.png,No Finding,0,1689,38,M,AP,2500,2048,0.171,0.171,0,0,0,0,0,0,0,0,0,0,0,0,0,0,0
00001689_001.png,Infiltration,1,1689,41,M,AP,2500,2048,0.168,0.168,1,0,0,0,1,0,0,0,0,0,0,0,0,0,0
00001689_002.png,No Finding,2,1689,41,M,AP,2500,2048,0.168,0.168,0,0,0,0,0,0,0,0,0,0,0,0,0,0,0
00001689_003.png,No Finding,3,1689,42,M,PA,2500,2048,0.168,0.168,0,0,0,0,0,0,0,0,0,0,0,0,0,0,0
00001689_004.png,No Finding,4,1689,42,M,AP,2500,2048,0.168,0.168,0,0,0,0,0,0,0,0,0,0,0,0,0,0,0
00001689_005.png,Fibrosis,5,1689,43,M,PA,2992,2991,0.143,0.143,1,0,0,0,0,0,0,0,0,0,0,0,1,0,0
00001689_006.png,No Finding,6,1689,43,M,AP,2500,2048,0.168,0.168,0,0,0,0,0,0,0,0,0,0,0,0,0,0,0
00001689_007.png,Effusion,7,1689,44,M,PA,2992,2991,0.143,0.143,1,0,0,1,0,0,0,0,0,0,0,0,0,0,0
00001689_008.png,No Finding,8,1689,44,M,AP,2500,2048,0.168,0.168,0,0,0,0,0,0,0,0,0,0,0,0,0,0,0
00001689_009.png,No Finding,9,1689,45,M,AP,2500,2048,0.168,0.168,0,0,0,0,0,0,0,0,0,0,0,0,0,0,0
00001689_010.png,No Finding,10,1689,45,M,PA,2992,2991,0.143,0.143,0,0,0,0,0,0,0,0,0,0,0,0,0,0,0
00001689_011.png,No Finding,11,1689,46,M,AP,2500,2048,0.168,0.168,0,0,0,0,0,0,0,0,0,0,0,0,0,0,0
00001689_012.png,No Finding,12,1689,46,M,AP,2500,2048,0.168,0.168,0,0,0,0,0,0,0,0,0,0,0,0,0,0,0
00001689_013.png,Pleural_Thickening,13,1689,46,M,PA,2540,2864,0.139,0.139,1,0,0,0,0,0,0,0,0,0,0,0,0,1,0
00001689_014.png,No Finding,14,1689,46,M,AP,3056,2544,0.139,0.139,0,0,0,0,0,0,0,0,0,0,0,0,0,0,0
00001689_015.png,No Finding,15,1689,46,M,PA,2992,2991,0.143,0.143,0,0,0,0,0,0,0,0,0,0,0,0,0,0,0
00001689_016.png,No Finding,16,1689,46,M,PA,2930,2991,0.143,0.143,0,0,0,0,0,0,0,0,0,0,0,0,0,0,0
00001691_000.png,No Finding,0,1691,44,F,PA,2642,2991,0.143,0.143,0,0,0,0,0,0,0,0,0,0,0,0,0,0,0
00001693_000.png,No Finding,0,1693,55,M,PA,3056,2544,0.139,0.139,0,0,0,0,0,0,0,0,0,0,0,0,0,0,0
00001694_000.png,No Finding,0,1694,50,M,PA,2500,2048,0.168,0.168,0,0,0,0,0,0,0,0,0,0,0,0,0,0,0
00001694_001.png,Pleural_Thickening,1,1694,52,M,PA,2500,2048,0.168,0.168,1,0,0,0,0,0,0,0,0,0,0,0,0,1,0
00001694_002.png,No Finding,2,1694,54,M,PA,2992,2991,0.143,0.143,0,0,0,0,0,0,0,0,0,0,0,0,0,0,0
00001696_000.png,No Finding,0,1696,43,F,PA,2658,2991,0.143,0.143,0,0,0,0,0,0,0,0,0,0,0,0,0,0,0
00001697_000.png,No Finding,0,1697,46,M,PA,2500,2048,0.171,0.171,0,0,0,0,0,0,0,0,0,0,0,0,0,0,0
00001697_001.png,No Finding,1,1697,46,M,AP,2500,2048,0.171,0.171,0,0,0,0,0,0,0,0,0,0,0,0,0,0,0
00001697_002.png,No Finding,2,1697,47,M,PA,2500,2048,0.168,0.168,0,0,0,0,0,0,0,0,0,0,0,0,0,0,0
00001697_003.png,No Finding,3,1697,47,M,PA,2500,2048,0.168,0.168,0,0,0,0,0,0,0,0,0,0,0,0,0,0,0
00001697_004.png,No Finding,4,1697,48,M,AP,2500,2048,0.168,0.168,0,0,0,0,0,0,0,0,0,0,0,0,0,0,0
00001697_006.png,Effusion,6,1697,48,M,AP,2500,2048,0.168,0.168,1,0,0,1,0,0,0,0,0,0,0,0,0,0,0
00001697_007.png,Effusion,7,1697,48,M,AP,2500,2048,0.171,0.171,1,0,0,1,0,0,0,0,0,0,0,0,0,0,0
00001697_008.png,Effusion,8,1697,48,M,AP,2500,2048,0.171,0.171,1,0,0,1,0,0,0,0,0,0,0,0,0,0,0
00001697_009.png,No Finding,9,1697,48,M,PA,2500,2048,0.168,0.168,0,0,0,0,0,0,0,0,0,0,0,0,0,0,0
00001697_010.png,No Finding,10,1697,48,M,AP,2500,2048,0.168,0.168,0,0,0,0,0,0,0,0,0,0,0,0,0,0,0
00001697_011.png,No Finding,11,1697,48,M,AP,2500,2048,0.168,0.168,0,0,0,0,0,0,0,0,0,0,0,0,0,0,0
00001697_012.png,Effusion,12,1697,48,M,AP,2500,2048,0.168,0.168,1,0,0,1,0,0,0,0,0,0,0,0,0,0,0
00001697_013.png,No Finding,13,1697,48,M,AP,2500,2048,0.168,0.168,0,0,0,0,0,0,0,0,0,0,0,0,0,0,0
00001697_014.png,No Finding,14,1697,49,M,AP,2500,2048,0.168,0.168,0,0,0,0,0,0,0,0,0,0,0,0,0,0,0
00001697_015.png,No Finding,15,1697,49,M,AP,2500,2048,0.168,0.168,0,0,0,0,0,0,0,0,0,0,0,0,0,0,0
00001697_016.png,No Finding,16,1697,49,M,AP,2500,2048,0.168,0.168,0,0,0,0,0,0,0,0,0,0,0,0,0,0,0
00001698_002.png,No Finding,0,1698,27,M,PA,2992,2991,0.143,0.143,0,0,0,0,0,0,0,0,0,0,0,0,0,0,0
00001698_003.png,Pneumothorax,1,1698,27,M,AP,2500,2048,0.168,0.168,1,0,0,0,0,0,0,0,1,0,0,0,0,0,0
00001698_006.png,No Finding,4,1698,28,M,PA,2992,2991,0.143,0.143,0,0,0,0,0,0,0,0,0,0,0,0,0,0,0
00001698_010.png,Infiltration|Pneumothorax,8,1698,28,M,AP,3056,2544,0.139,0.139,1,0,0,0,1,0,0,0,1,0,0,0,0,0,0
00001698_011.png,Mass|Pneumothorax,9,1698,28,M,AP,3056,2544,0.139,0.139,1,0,0,0,0,1,0,0,1,0,0,0,0,0,0
00001698_012.png,Consolidation|Infiltration|Mass|Pleural_Thickening,10,1698,28,M,PA,3056,2544,0.139,0.139,1,0,0,0,1,1,0,0,0,1,0,0,0,1,0
00001698_013.png,No Finding,11,1698,28,M,AP,3056,2544,0.139,0.139,0,0,0,0,0,0,0,0,0,0,0,0,0,0,0
00001698_014.png,Emphysema|Infiltration,12,1698,28,M,PA,2882,2639,0.143,0.143,1,0,0,0,1,0,0,0,0,0,0,1,0,0,0
00001698_015.png,No Finding,13,1698,28,M,PA,2992,2991,0.143,0.143,0,0,0,0,0,0,0,0,0,0,0,0,0,0,0
00001698_016.png,Infiltration|Pneumothorax,14,1698,28,M,PA,2992,2991,0.143,0.143,1,0,0,0,1,0,0,0,1,0,0,0,0,0,0
00001698_017.png,Infiltration,15,1698,28,M,PA,2992,2991,0.143,0.143,1,0,0,0,1,0,0,0,0,0,0,0,0,0,0
00001698_018.png,No Finding,16,1698,28,M,PA,2992,2991,0.143,0.143,0,0,0,0,0,0,0,0,0,0,0,0,0,0,0
00001698_019.png,Infiltration|Pneumothorax,17,1698,28,M,PA,2992,2991,0.143,0.143,1,0,0,0,1,0,0,0,1,0,0,0,0,0,0
00001698_020.png,Pneumothorax,18,1698,28,M,PA,3056,2544,0.139,0.139,1,0,0,0,0,0,0,0,1,0,0,0,0,0,0
00001698_021.png,Effusion|Infiltration,19,1698,28,M,PA,2992,2991,0.143,0.143,1,0,0,1,1,0,0,0,0,0,0,0,0,0,0
00001698_000.png,Pleural_Thickening,20,1698,31,M,PA,2924,2843,0.143,0.143,1,0,0,0,0,0,0,0,0,0,0,0,0,1,0
00001698_001.png,Infiltration,21,1698,32,M,PA,2021,2021,0.1943109999999999,0.1943109999999999,1,0,0,0,1,0,0,0,0,0,0,0,0,0,0
00001699_000.png,No Finding,0,1699,32,F,PA,2500,2048,0.168,0.168,0,0,0,0,0,0,0,0,0,0,0,0,0,0,0
00001699_001.png,No Finding,1,1699,32,F,AP,2500,2048,0.168,0.168,0,0,0,0,0,0,0,0,0,0,0,0,0,0,0
00001699_002.png,No Finding,2,1699,32,F,AP,2500,2048,0.168,0.168,0,0,0,0,0,0,0,0,0,0,0,0,0,0,0
00001700_001.png,No Finding,1,1700,56,M,AP,2500,2048,0.168,0.168,0,0,0,0,0,0,0,0,0,0,0,0,0,0,0
00001700_002.png,No Finding,2,1700,56,M,AP,2500,2048,0.168,0.168,0,0,0,0,0,0,0,0,0,0,0,0,0,0,0
00001700_003.png,No Finding,3,1700,58,M,AP,2500,2048,0.168,0.168,0,0,0,0,0,0,0,0,0,0,0,0,0,0,0
00001700_008.png,No Finding,8,1700,59,M,PA,2992,2989,0.143,0.143,0,0,0,0,0,0,0,0,0,0,0,0,0,0,0
00001701_002.png,No Finding,0,1701,32,M,PA,2992,2991,0.143,0.143,0,0,0,0,0,0,0,0,0,0,0,0,0,0,0
00001701_003.png,Emphysema,1,1701,32,M,AP,2500,2048,0.168,0.168,1,0,0,0,0,0,0,0,0,0,0,1,0,0,0
00001701_004.png,Emphysema,2,1701,32,M,AP,2500,2048,0.168,0.168,1,0,0,0,0,0,0,0,0,0,0,1,0,0,0
00001701_005.png,No Finding,3,1701,33,M,PA,2992,2991,0.143,0.143,0,0,0,0,0,0,0,0,0,0,0,0,0,0,0
00001701_001.png,Infiltration,5,1701,38,M,PA,2021,2021,0.1943109999999999,0.1943109999999999,1,0,0,0,1,0,0,0,0,0,0,0,0,0,0
00001702_000.png,No Finding,0,1702,57,F,PA,2048,2500,0.171,0.171,0,0,0,0,0,0,0,0,0,0,0,0,0,0,0
00001703_000.png,No Finding,0,1703,50,M,PA,3056,2544,0.139,0.139,0,0,0,0,0,0,0,0,0,0,0,0,0,0,0
00001704_000.png,No Finding,0,1704,63,M,PA,2048,2500,0.171,0.171,0,0,0,0,0,0,0,0,0,0,0,0,0,0,0
00001704_001.png,No Finding,1,1704,64,M,PA,2500,2048,0.171,0.171,0,0,0,0,0,0,0,0,0,0,0,0,0,0,0
00001705_000.png,No Finding,0,1705,49,M,PA,2500,2048,0.168,0.168,0,0,0,0,0,0,0,0,0,0,0,0,0,0,0
00001706_000.png,No Finding,0,1706,51,M,PA,2048,2500,0.168,0.168,0,0,0,0,0,0,0,0,0,0,0,0,0,0,0
00001707_000.png,No Finding,0,1707,52,F,PA,2048,2500,0.171,0.171,0,0,0,0,0,0,0,0,0,0,0,0,0,0,0
00001707_001.png,No Finding,1,1707,53,F,PA,2048,2500,0.168,0.168,0,0,0,0,0,0,0,0,0,0,0,0,0,0,0
00001708_000.png,No Finding,0,1708,47,M,PA,2614,2725,0.143,0.143,0,0,0,0,0,0,0,0,0,0,0,0,0,0,0
00001708_001.png,No Finding,1,1708,47,M,AP,2500,2048,0.168,0.168,0,0,0,0,0,0,0,0,0,0,0,0,0,0,0
00001708_002.png,No Finding,2,1708,49,M,PA,2728,2955,0.143,0.143,0,0,0,0,0,0,0,0,0,0,0,0,0,0,0
00001709_000.png,Nodule,0,1709,76,M,PA,2500,2048,0.168,0.168,1,0,0,0,0,0,1,0,0,0,0,0,0,0,0
00001710_000.png,No Finding,0,1710,60,M,PA,2500,2048,0.171,0.171,0,0,0,0,0,0,0,0,0,0,0,0,0,0,0
00001712_000.png,No Finding,0,1712,38,F,PA,2048,2500,0.171,0.171,0,0,0,0,0,0,0,0,0,0,0,0,0,0,0
00001713_000.png,No Finding,0,1713,67,M,PA,2992,2991,0.143,0.143,0,0,0,0,0,0,0,0,0,0,0,0,0,0,0
00001714_000.png,No Finding,0,1714,39,F,PA,2682,2741,0.143,0.143,0,0,0,0,0,0,0,0,0,0,0,0,0,0,0
00001714_001.png,No Finding,1,1714,39,F,PA,2600,2609,0.143,0.143,0,0,0,0,0,0,0,0,0,0,0,0,0,0,0
00001715_001.png,No Finding,0,1715,54,M,PA,2500,2048,0.171,0.171,0,0,0,0,0,0,0,0,0,0,0,0,0,0,0
00001715_002.png,No Finding,1,1715,59,M,PA,2992,2991,0.143,0.143,0,0,0,0,0,0,0,0,0,0,0,0,0,0,0
00001715_000.png,No Finding,2,1715,65,M,PA,2992,2991,0.143,0.143,0,0,0,0,0,0,0,0,0,0,0,0,0,0,0
00001716_000.png,No Finding,0,1716,32,F,PA,2048,2500,0.168,0.168,0,0,0,0,0,0,0,0,0,0,0,0,0,0,0
00001716_001.png,Infiltration|Nodule,1,1716,33,F,PA,2048,2500,0.168,0.168,1,0,0,0,1,0,1,0,0,0,0,0,0,0,0
00001717_000.png,No Finding,0,1717,8,F,PA,2048,2500,0.171,0.171,0,0,0,0,0,0,0,0,0,0,0,0,0,0,0
00001717_001.png,No Finding,1,1717,8,F,PA,2048,2500,0.171,0.171,0,0,0,0,0,0,0,0,0,0,0,0,0,0,0
00001720_000.png,No Finding,0,1720,10,M,PA,2048,2500,0.171,0.171,0,0,0,0,0,0,0,0,0,0,0,0,0,0,0
00001720_001.png,No Finding,1,1720,13,M,PA,2048,2500,0.168,0.168,0,0,0,0,0,0,0,0,0,0,0,0,0,0,0
00001720_002.png,No Finding,2,1720,13,M,PA,2048,2500,0.168,0.168,0,0,0,0,0,0,0,0,0,0,0,0,0,0,0
00001721_000.png,No Finding,0,1721,36,F,PA,2992,2991,0.143,0.143,0,0,0,0,0,0,0,0,0,0,0,0,0,0,0
00001723_000.png,No Finding,0,1723,53,F,PA,2048,2500,0.171,0.171,0,0,0,0,0,0,0,0,0,0,0,0,0,0,0
00001723_001.png,Edema,1,1723,53,F,AP,2500,2048,0.171,0.171,1,0,0,0,0,0,0,0,0,0,1,0,0,0,0
00001723_002.png,No Finding,2,1723,54,F,PA,2048,2500,0.168,0.168,0,0,0,0,0,0,0,0,0,0,0,0,0,0,0
00001723_003.png,No Finding,3,1723,56,F,PA,2706,2991,0.143,0.143,0,0,0,0,0,0,0,0,0,0,0,0,0,0,0
00001723_004.png,Effusion,4,1723,58,F,PA,2838,2825,0.143,0.143,1,0,0,1,0,0,0,0,0,0,0,0,0,0,0
00001724_004.png,No Finding,0,1724,30,F,PA,2048,2500,0.171,0.171,0,0,0,0,0,0,0,0,0,0,0,0,0,0,0
00001724_005.png,No Finding,1,1724,32,F,PA,2048,2500,0.168,0.168,0,0,0,0,0,0,0,0,0,0,0,0,0,0,0
00001724_006.png,No Finding,2,1724,33,F,PA,2500,2048,0.168,0.168,0,0,0,0,0,0,0,0,0,0,0,0,0,0,0
00001724_007.png,No Finding,3,1724,34,F,PA,2992,2991,0.143,0.143,0,0,0,0,0,0,0,0,0,0,0,0,0,0,0
00001724_008.png,Consolidation|Pneumothorax,4,1724,34,F,PA,2982,2991,0.143,0.143,1,0,0,0,0,0,0,0,1,1,0,0,0,0,0
00001724_009.png,Pneumothorax,5,1724,35,F,PA,2992,2991,0.143,0.143,1,0,0,0,0,0,0,0,1,0,0,0,0,0,0
00001724_010.png,Pneumothorax,6,1724,36,F,PA,2992,2991,0.143,0.143,1,0,0,0,0,0,0,0,1,0,0,0,0,0,0
00001724_011.png,No Finding,7,1724,37,F,PA,2284,2692,0.143,0.143,0,0,0,0,0,0,0,0,0,0,0,0,0,0,0
00001724_012.png,Pneumothorax,8,1724,38,F,PA,2618,2453,0.143,0.143,1,0,0,0,0,0,0,0,1,0,0,0,0,0,0
00001724_000.png,No Finding,9,1724,41,F,PA,2992,2991,0.143,0.143,0,0,0,0,0,0,0,0,0,0,0,0,0,0,0
00001724_001.png,Pneumothorax,10,1724,41,F,PA,2992,2991,0.143,0.143,1,0,0,0,0,0,0,0,1,0,0,0,0,0,0
00001724_002.png,Pneumothorax,11,1724,42,F,PA,3056,2544,0.139,0.139,1,0,0,0,0,0,0,0,1,0,0,0,0,0,0
00001724_003.png,No Finding,12,1724,43,F,PA,2021,2021,0.1943109999999999,0.1943109999999999,0,0,0,0,0,0,0,0,0,0,0,0,0,0,0
00001725_000.png,No Finding,0,1725,55,F,PA,2500,2048,0.168,0.168,0,0,0,0,0,0,0,0,0,0,0,0,0,0,0
00001727_000.png,No Finding,0,1727,59,F,PA,2048,2500,0.171,0.171,0,0,0,0,0,0,0,0,0,0,0,0,0,0,0
00001727_001.png,No Finding,1,1727,69,F,PA,2598,2601,0.143,0.143,0,0,0,0,0,0,0,0,0,0,0,0,0,0,0
00001729_000.png,No Finding,0,1729,68,F,AP,2500,2048,0.171,0.171,0,0,0,0,0,0,0,0,0,0,0,0,0,0,0
00001730_003.png,Infiltration,0,1730,44,M,PA,2992,2991,0.143,0.143,1,0,0,0,1,0,0,0,0,0,0,0,0,0,0
00001730_004.png,No Finding,1,1730,44,M,PA,2714,2991,0.143,0.143,0,0,0,0,0,0,0,0,0,0,0,0,0,0,0
00001730_005.png,No Finding,2,1730,44,M,AP,2500,2048,0.168,0.168,0,0,0,0,0,0,0,0,0,0,0,0,0,0,0
00001730_006.png,No Finding,3,1730,44,M,PA,2992,2991,0.143,0.143,0,0,0,0,0,0,0,0,0,0,0,0,0,0,0
00001730_000.png,No Finding,4,1730,50,M,PA,2021,2021,0.1943109999999999,0.1943109999999999,0,0,0,0,0,0,0,0,0,0,0,0,0,0,0
00001730_001.png,No Finding,5,1730,50,M,PA,2021,2021,0.1943109999999999,0.1943109999999999,0,0,0,0,0,0,0,0,0,0,0,0,0,0,0
00001730_002.png,No Finding,6,1730,51,M,PA,2021,2021,0.1943109999999999,0.1943109999999999,0,0,0,0,0,0,0,0,0,0,0,0,0,0,0
00001731_000.png,No Finding,0,1731,37,M,PA,2992,2991,0.143,0.143,0,0,0,0,0,0,0,0,0,0,0,0,0,0,0
00001734_001.png,No Finding,1,1734,48,F,AP,2500,2048,0.171,0.171,0,0,0,0,0,0,0,0,0,0,0,0,0,0,0
00001734_002.png,No Finding,2,1734,48,F,AP,2500,2048,0.171,0.171,0,0,0,0,0,0,0,0,0,0,0,0,0,0,0
00001734_003.png,Infiltration,3,1734,48,F,AP,2500,2048,0.171,0.171,1,0,0,0,1,0,0,0,0,0,0,0,0,0,0
00001734_004.png,No Finding,4,1734,48,F,AP,2500,2048,0.171,0.171,0,0,0,0,0,0,0,0,0,0,0,0,0,0,0
00001734_007.png,No Finding,7,1734,49,F,AP,2500,2048,0.171,0.171,0,0,0,0,0,0,0,0,0,0,0,0,0,0,0
00001734_008.png,No Finding,8,1734,49,F,PA,2500,2048,0.168,0.168,0,0,0,0,0,0,0,0,0,0,0,0,0,0,0
00001735_000.png,No Finding,0,1735,61,F,PA,2048,2500,0.168,0.168,0,0,0,0,0,0,0,0,0,0,0,0,0,0,0
00001735_001.png,No Finding,1,1735,63,F,PA,2048,2500,0.168,0.168,0,0,0,0,0,0,0,0,0,0,0,0,0,0,0
00001735_002.png,No Finding,2,1735,63,F,PA,2048,2500,0.168,0.168,0,0,0,0,0,0,0,0,0,0,0,0,0,0,0
00001735_003.png,No Finding,3,1735,64,F,PA,2750,2513,0.143,0.143,0,0,0,0,0,0,0,0,0,0,0,0,0,0,0
00001738_002.png,Nodule,0,1738,45,M,PA,2500,2048,0.171,0.171,1,0,0,0,0,0,1,0,0,0,0,0,0,0,0
00001738_003.png,Nodule,1,1738,45,M,PA,2048,2500,0.171,0.171,1,0,0,0,0,0,1,0,0,0,0,0,0,0,0
00001738_004.png,No Finding,2,1738,46,M,PA,2048,2500,0.171,0.171,0,0,0,0,0,0,0,0,0,0,0,0,0,0,0
00001738_005.png,No Finding,3,1738,49,M,PA,2992,2991,0.143,0.143,0,0,0,0,0,0,0,0,0,0,0,0,0,0,0
00001738_006.png,No Finding,4,1738,50,M,AP,2500,2048,0.168,0.168,0,0,0,0,0,0,0,0,0,0,0,0,0,0,0
00001738_000.png,No Finding,5,1738,56,M,AP,3056,2544,0.139,0.139,0,0,0,0,0,0,0,0,0,0,0,0,0,0,0
00001738_001.png,No Finding,6,1738,56,M,AP,3056,2544,0.139,0.139,0,0,0,0,0,0,0,0,0,0,0,0,0,0,0
00001739_000.png,No Finding,0,1739,57,F,PA,2048,2500,0.168,0.168,0,0,0,0,0,0,0,0,0,0,0,0,0,0,0
00001742_002.png,No Finding,0,1742,41,F,PA,2500,2048,0.171,0.171,0,0,0,0,0,0,0,0,0,0,0,0,0,0,0
00001742_003.png,No Finding,1,1742,48,F,PA,2992,2991,0.143,0.143,0,0,0,0,0,0,0,0,0,0,0,0,0,0,0
00001742_000.png,Cardiomegaly|Effusion,2,1742,51,F,PA,2992,2991,0.143,0.143,1,0,1,1,0,0,0,0,0,0,0,0,0,0,0
00001742_001.png,No Finding,3,1742,51,F,AP,3056,2544,0.139,0.139,0,0,0,0,0,0,0,0,0,0,0,0,0,0,0
00001743_000.png,No Finding,0,1743,35,M,AP,2500,2048,0.168,0.168,0,0,0,0,0,0,0,0,0,0,0,0,0,0,0
00001747_000.png,No Finding,0,1747,37,M,PA,2500,2048,0.171,0.171,0,0,0,0,0,0,0,0,0,0,0,0,0,0,0
00001747_001.png,No Finding,1,1747,40,M,PA,2594,2991,0.143,0.143,0,0,0,0,0,0,0,0,0,0,0,0,0,0,0
00001748_002.png,No Finding,0,1748,52,M,PA,2500,2048,0.171,0.171,0,0,0,0,0,0,0,0,0,0,0,0,0,0,0
00001748_003.png,No Finding,1,1748,53,M,PA,2500,2048,0.171,0.171,0,0,0,0,0,0,0,0,0,0,0,0,0,0,0
00001748_004.png,No Finding,2,1748,54,M,PA,2500,2048,0.168,0.168,0,0,0,0,0,0,0,0,0,0,0,0,0,0,0
00001748_005.png,No Finding,3,1748,56,M,PA,2992,2697,0.143,0.143,0,0,0,0,0,0,0,0,0,0,0,0,0,0,0
00001748_006.png,No Finding,4,1748,57,M,PA,2992,2991,0.143,0.143,0,0,0,0,0,0,0,0,0,0,0,0,0,0,0
00001748_007.png,No Finding,5,1748,58,M,PA,2500,2048,0.168,0.168,0,0,0,0,0,0,0,0,0,0,0,0,0,0,0
00001748_008.png,Infiltration,6,1748,60,M,PA,2992,2991,0.143,0.143,1,0,0,0,1,0,0,0,0,0,0,0,0,0,0
00001748_009.png,No Finding,7,1748,61,M,PA,2798,2769,0.143,0.143,0,0,0,0,0,0,0,0,0,0,0,0,0,0,0
00001748_010.png,No Finding,8,1748,62,M,PA,2850,2697,0.143,0.143,0,0,0,0,0,0,0,0,0,0,0,0,0,0,0
00001748_000.png,No Finding,9,1748,63,M,PA,2992,2991,0.143,0.143,0,0,0,0,0,0,0,0,0,0,0,0,0,0,0
00001748_001.png,No Finding,10,1748,65,M,PA,2021,2021,0.1943109999999999,0.1943109999999999,0,0,0,0,0,0,0,0,0,0,0,0,0,0,0
00001749_000.png,No Finding,0,1749,47,M,PA,2750,2605,0.143,0.143,0,0,0,0,0,0,0,0,0,0,0,0,0,0,0
00001749_001.png,No Finding,1,1749,47,M,PA,2992,2991,0.143,0.143,0,0,0,0,0,0,0,0,0,0,0,0,0,0,0
00001749_002.png,Pneumonia,2,1749,48,M,PA,2500,2048,0.168,0.168,1,0,0,0,0,0,0,1,0,0,0,0,0,0,0
00001749_003.png,Pneumonia,3,1749,49,M,PA,2970,2991,0.143,0.143,1,0,0,0,0,0,0,1,0,0,0,0,0,0,0
00001751_000.png,Fibrosis,0,1751,35,M,PA,2934,2966,0.143,0.143,1,0,0,0,0,0,0,0,0,0,0,0,1,0,0
00001751_001.png,Fibrosis,1,1751,36,M,PA,1890,2021,0.1943109999999999,0.1943109999999999,1,0,0,0,0,0,0,0,0,0,0,0,1,0,0
00001752_000.png,No Finding,0,1752,41,F,PA,2048,2500,0.171,0.171,0,0,0,0,0,0,0,0,0,0,0,0,0,0,0
00001752_001.png,No Finding,1,1752,43,F,PA,2048,2500,0.168,0.168,0,0,0,0,0,0,0,0,0,0,0,0,0,0,0
00001754_000.png,No Finding,0,1754,9,M,PA,2500,2048,0.171,0.171,0,0,0,0,0,0,0,0,0,0,0,0,0,0,0
00001754_001.png,No Finding,1,1754,13,M,PA,2048,2500,0.168,0.168,0,0,0,0,0,0,0,0,0,0,0,0,0,0,0
00001755_000.png,No Finding,0,1755,46,F,AP,2500,2048,0.171,0.171,0,0,0,0,0,0,0,0,0,0,0,0,0,0,0
00001755_001.png,No Finding,1,1755,46,F,AP,2500,2048,0.171,0.171,0,0,0,0,0,0,0,0,0,0,0,0,0,0,0
00001755_003.png,Consolidation|Infiltration,2,1755,46,F,AP,2500,2048,0.171,0.171,1,0,0,0,1,0,0,0,0,1,0,0,0,0,0
00001755_002.png,Consolidation|Infiltration,3,1755,46,F,AP,2500,2048,0.171,0.171,1,0,0,0,1,0,0,0,0,1,0,0,0,0,0
00001756_002.png,No Finding,0,1756,44,F,PA,2048,2500,0.171,0.171,0,0,0,0,0,0,0,0,0,0,0,0,0,0,0
00001756_003.png,No Finding,1,1756,44,F,PA,2048,2500,0.171,0.171,0,0,0,0,0,0,0,0,0,0,0,0,0,0,0
00001756_004.png,No Finding,2,1756,45,F,PA,2048,2500,0.168,0.168,0,0,0,0,0,0,0,0,0,0,0,0,0,0,0
00001756_005.png,No Finding,3,1756,45,F,PA,2048,2500,0.168,0.168,0,0,0,0,0,0,0,0,0,0,0,0,0,0,0
00001756_006.png,No Finding,4,1756,46,F,PA,2048,2500,0.168,0.168,0,0,0,0,0,0,0,0,0,0,0,0,0,0,0
00001756_007.png,No Finding,5,1756,46,F,PA,2048,2500,0.168,0.168,0,0,0,0,0,0,0,0,0,0,0,0,0,0,0
00001756_008.png,No Finding,6,1756,47,F,PA,2322,2649,0.143,0.143,0,0,0,0,0,0,0,0,0,0,0,0,0,0,0
00001756_009.png,No Finding,7,1756,48,F,PA,2992,2991,0.143,0.143,0,0,0,0,0,0,0,0,0,0,0,0,0,0,0
00001756_010.png,No Finding,8,1756,50,F,PA,2494,2991,0.143,0.143,0,0,0,0,0,0,0,0,0,0,0,0,0,0,0
00001756_011.png,Pneumothorax,9,1756,50,F,PA,2048,2500,0.168,0.168,1,0,0,0,0,0,0,0,1,0,0,0,0,0,0
00001756_012.png,No Finding,10,1756,51,F,PA,2992,2991,0.143,0.143,0,0,0,0,0,0,0,0,0,0,0,0,0,0,0
00001756_013.png,No Finding,11,1756,51,F,PA,2494,2693,0.143,0.143,0,0,0,0,0,0,0,0,0,0,0,0,0,0,0
00001756_014.png,No Finding,12,1756,52,F,PA,2734,2991,0.143,0.143,0,0,0,0,0,0,0,0,0,0,0,0,0,0,0
00001756_015.png,No Finding,13,1756,52,F,PA,2582,2673,0.143,0.143,0,0,0,0,0,0,0,0,0,0,0,0,0,0,0
00001756_016.png,Pneumothorax,14,1756,53,F,PA,2992,2933,0.143,0.143,1,0,0,0,0,0,0,0,1,0,0,0,0,0,0
00001756_000.png,Fibrosis,15,1756,54,F,PA,2544,3056,0.139,0.139,1,0,0,0,0,0,0,0,0,0,0,0,1,0,0
00001757_000.png,No Finding,0,1757,50,M,PA,2834,2991,0.143,0.143,0,0,0,0,0,0,0,0,0,0,0,0,0,0,0
00001757_001.png,No Finding,1,1757,52,M,PA,2992,2991,0.143,0.143,0,0,0,0,0,0,0,0,0,0,0,0,0,0,0
00001758_000.png,No Finding,0,1758,41,M,PA,2500,2048,0.171,0.171,0,0,0,0,0,0,0,0,0,0,0,0,0,0,0
00001758_001.png,No Finding,1,1758,42,M,AP,2048,2500,0.168,0.168,0,0,0,0,0,0,0,0,0,0,0,0,0,0,0
00001759_000.png,No Finding,0,1759,11,F,PA,2048,2500,0.168,0.168,0,0,0,0,0,0,0,0,0,0,0,0,0,0,0
00001759_001.png,No Finding,1,1759,11,F,PA,2048,2500,0.168,0.168,0,0,0,0,0,0,0,0,0,0,0,0,0,0,0
00001759_002.png,No Finding,2,1759,15,F,PA,2678,2541,0.143,0.143,0,0,0,0,0,0,0,0,0,0,0,0,0,0,0
00001760_000.png,No Finding,0,1760,60,F,PA,2342,2503,0.143,0.143,0,0,0,0,0,0,0,0,0,0,0,0,0,0,0
00001761_000.png,No Finding,0,1761,45,F,PA,2822,2836,0.143,0.143,0,0,0,0,0,0,0,0,0,0,0,0,0,0,0
00001761_001.png,No Finding,1,1761,46,F,PA,2774,2661,0.143,0.143,0,0,0,0,0,0,0,0,0,0,0,0,0,0,0
00001761_002.png,No Finding,2,1761,47,F,PA,2598,2773,0.143,0.143,0,0,0,0,0,0,0,0,0,0,0,0,0,0,0
00001762_000.png,No Finding,0,1762,60,F,PA,2048,2500,0.168,0.168,0,0,0,0,0,0,0,0,0,0,0,0,0,0,0
00001762_001.png,No Finding,1,1762,61,F,PA,2048,2500,0.168,0.168,0,0,0,0,0,0,0,0,0,0,0,0,0,0,0
00001762_002.png,No Finding,2,1762,62,F,PA,2842,2749,0.143,0.143,0,0,0,0,0,0,0,0,0,0,0,0,0,0,0
00001762_003.png,No Finding,3,1762,63,F,PA,2992,2991,0.143,0.143,0,0,0,0,0,0,0,0,0,0,0,0,0,0,0
00001762_004.png,No Finding,4,1762,64,F,PA,2992,2991,0.143,0.143,0,0,0,0,0,0,0,0,0,0,0,0,0,0,0
00001762_005.png,Pneumothorax,5,1762,67,F,PA,2706,2657,0.143,0.143,1,0,0,0,0,0,0,0,1,0,0,0,0,0,0
00001763_000.png,No Finding,0,1763,9,F,PA,2048,2500,0.171,0.171,0,0,0,0,0,0,0,0,0,0,0,0,0,0,0
00001764_000.png,No Finding,0,1764,73,F,PA,2021,2020,0.1943109999999999,0.1943109999999999,0,0,0,0,0,0,0,0,0,0,0,0,0,0,0
00001765_000.png,Pleural_Thickening,0,1765,66,F,PA,2048,2500,0.171,0.171,1,0,0,0,0,0,0,0,0,0,0,0,0,1,0
00001767_000.png,No Finding,0,1767,35,M,PA,2754,2991,0.143,0.143,0,0,0,0,0,0,0,0,0,0,0,0,0,0,0
00001769_000.png,No Finding,0,1769,9,F,PA,2048,2500,0.171,0.171,0,0,0,0,0,0,0,0,0,0,0,0,0,0,0
00001769_001.png,No Finding,1,1769,10,F,PA,2048,2500,0.171,0.171,0,0,0,0,0,0,0,0,0,0,0,0,0,0,0
00001769_002.png,No Finding,2,1769,11,F,AP,2500,2048,0.168,0.168,0,0,0,0,0,0,0,0,0,0,0,0,0,0,0
00001770_000.png,No Finding,0,1770,50,M,PA,2500,2048,0.171,0.171,0,0,0,0,0,0,0,0,0,0,0,0,0,0,0
00001770_002.png,No Finding,2,1770,51,M,PA,2500,2048,0.168,0.168,0,0,0,0,0,0,0,0,0,0,0,0,0,0,0
00001772_005.png,No Finding,0,1772,52,F,PA,2992,2991,0.143,0.143,0,0,0,0,0,0,0,0,0,0,0,0,0,0,0
00001772_006.png,No Finding,1,1772,53,F,PA,2774,2646,0.143,0.143,0,0,0,0,0,0,0,0,0,0,0,0,0,0,0
00001772_007.png,No Finding,2,1772,56,F,PA,2048,2500,0.168,0.168,0,0,0,0,0,0,0,0,0,0,0,0,0,0,0
00001772_008.png,No Finding,3,1772,57,F,PA,2992,2991,0.143,0.143,0,0,0,0,0,0,0,0,0,0,0,0,0,0,0
00001772_009.png,Pneumothorax,4,1772,58,F,PA,2992,2991,0.143,0.143,1,0,0,0,0,0,0,0,1,0,0,0,0,0,0
00001772_000.png,No Finding,5,1772,58,F,PA,2992,2991,0.143,0.143,0,0,0,0,0,0,0,0,0,0,0,0,0,0,0
00001772_001.png,Nodule,6,1772,59,F,PA,2992,2991,0.143,0.143,1,0,0,0,0,0,1,0,0,0,0,0,0,0,0
00001772_002.png,No Finding,7,1772,59,F,PA,2992,2477,0.143,0.143,0,0,0,0,0,0,0,0,0,0,0,0,0,0,0
00001772_003.png,No Finding,8,1772,60,F,PA,2544,3056,0.139,0.139,0,0,0,0,0,0,0,0,0,0,0,0,0,0,0
00001772_004.png,No Finding,9,1772,61,F,PA,2021,2021,0.1943109999999999,0.1943109999999999,0,0,0,0,0,0,0,0,0,0,0,0,0,0,0
00001773_000.png,No Finding,0,1773,44,M,PA,2754,2693,0.143,0.143,0,0,0,0,0,0,0,0,0,0,0,0,0,0,0
00001774_000.png,No Finding,0,1774,40,F,PA,1839,2021,0.1943109999999999,0.1943109999999999,0,0,0,0,0,0,0,0,0,0,0,0,0,0,0
00001774_001.png,No Finding,1,1774,40,F,AP,3056,2544,0.139,0.139,0,0,0,0,0,0,0,0,0,0,0,0,0,0,0
00001774_002.png,No Finding,2,1774,40,F,AP,3056,2544,0.139,0.139,0,0,0,0,0,0,0,0,0,0,0,0,0,0,0
00001775_001.png,Effusion,1,1775,48,F,PA,2506,2537,0.143,0.143,1,0,0,1,0,0,0,0,0,0,0,0,0,0,0
00001775_002.png,Effusion,2,1775,48,F,PA,2638,2653,0.143,0.143,1,0,0,1,0,0,0,0,0,0,0,0,0,0,0
00001775_003.png,No Finding,3,1775,49,F,PA,2458,2509,0.143,0.143,0,0,0,0,0,0,0,0,0,0,0,0,0,0,0
00001775_004.png,Effusion,4,1775,49,F,PA,2330,2870,0.143,0.143,1,0,0,1,0,0,0,0,0,0,0,0,0,0,0
00001775_005.png,Effusion|Pleural_Thickening|Pneumothorax,5,1775,52,F,PA,2430,2991,0.143,0.143,1,0,0,1,0,0,0,0,1,0,0,0,0,1,0
00001776_000.png,No Finding,0,1776,48,M,PA,2500,2048,0.171,0.171,0,0,0,0,0,0,0,0,0,0,0,0,0,0,0
00001777_000.png,No Finding,0,1777,69,F,PA,2048,2500,0.171,0.171,0,0,0,0,0,0,0,0,0,0,0,0,0,0,0
00001777_001.png,Nodule,1,1777,69,F,PA,2048,2500,0.171,0.171,1,0,0,0,0,0,1,0,0,0,0,0,0,0,0
00001777_002.png,Cardiomegaly|Infiltration,2,1777,71,F,PA,2048,2500,0.168,0.168,1,0,1,0,1,0,0,0,0,0,0,0,0,0,0
00001777_003.png,Infiltration,3,1777,71,F,PA,2500,2048,0.168,0.168,1,0,0,0,1,0,0,0,0,0,0,0,0,0,0
00001777_004.png,No Finding,4,1777,71,F,PA,2048,2500,0.168,0.168,0,0,0,0,0,0,0,0,0,0,0,0,0,0,0
00001779_000.png,No Finding,0,1779,24,M,PA,2500,2048,0.168,0.168,0,0,0,0,0,0,0,0,0,0,0,0,0,0,0
00001780_000.png,No Finding,0,1780,52,M,PA,2500,2048,0.171,0.171,0,0,0,0,0,0,0,0,0,0,0,0,0,0,0
00001781_000.png,No Finding,0,1781,42,F,PA,2048,2500,0.171,0.171,0,0,0,0,0,0,0,0,0,0,0,0,0,0,0
00001781_001.png,Consolidation|Nodule,1,1781,42,F,PA,2048,2500,0.171,0.171,1,0,0,0,0,0,1,0,0,1,0,0,0,0,0
00001781_002.png,Nodule,2,1781,43,F,PA,2048,2500,0.168,0.168,1,0,0,0,0,0,1,0,0,0,0,0,0,0,0
00001783_000.png,No Finding,0,1783,46,F,AP,2500,2048,0.168,0.168,0,0,0,0,0,0,0,0,0,0,0,0,0,0,0
00001783_001.png,No Finding,1,1783,47,F,PA,2482,2513,0.143,0.143,0,0,0,0,0,0,0,0,0,0,0,0,0,0,0
00001786_000.png,Infiltration,0,1786,66,M,PA,2992,2991,0.143,0.143,1,0,0,0,1,0,0,0,0,0,0,0,0,0,0
00001787_012.png,Infiltration,0,1787,45,M,PA,2992,2991,0.143,0.143,1,0,0,0,1,0,0,0,0,0,0,0,0,0,0
00001787_013.png,No Finding,1,1787,47,M,AP,2500,2048,0.168,0.168,0,0,0,0,0,0,0,0,0,0,0,0,0,0,0
00001787_014.png,No Finding,2,1787,47,M,AP,2500,2048,0.168,0.168,0,0,0,0,0,0,0,0,0,0,0,0,0,0,0
00001787_015.png,No Finding,3,1787,50,M,PA,2894,2989,0.143,0.143,0,0,0,0,0,0,0,0,0,0,0,0,0,0,0
00001787_000.png,Edema|Infiltration,4,1787,51,M,AP,3056,2544,0.139,0.139,1,0,0,0,1,0,0,0,0,0,1,0,0,0,0
00001787_001.png,Infiltration,5,1787,51,M,AP,3056,2544,0.139,0.139,1,0,0,0,1,0,0,0,0,0,0,0,0,0,0
00001787_003.png,Infiltration,6,1787,51,M,AP,3056,2544,0.139,0.139,1,0,0,0,1,0,0,0,0,0,0,0,0,0,0
00001787_002.png,No Finding,7,1787,51,M,AP,3056,2544,0.139,0.139,0,0,0,0,0,0,0,0,0,0,0,0,0,0,0
00001787_004.png,No Finding,8,1787,51,M,AP,3056,2544,0.139,0.139,0,0,0,0,0,0,0,0,0,0,0,0,0,0,0
00001787_005.png,Edema,9,1787,51,M,AP,3056,2544,0.139,0.139,1,0,0,0,0,0,0,0,0,0,1,0,0,0,0
00001787_006.png,No Finding,10,1787,51,M,AP,3056,2544,0.139,0.139,0,0,0,0,0,0,0,0,0,0,0,0,0,0,0
00001787_007.png,Infiltration,11,1787,51,M,AP,3056,2544,0.139,0.139,1,0,0,0,1,0,0,0,0,0,0,0,0,0,0
00001787_008.png,Mass,12,1787,51,M,AP,3056,2544,0.139,0.139,1,0,0,0,0,1,0,0,0,0,0,0,0,0,0
00001787_009.png,Effusion,13,1787,51,M,AP,3056,2544,0.139,0.139,1,0,0,1,0,0,0,0,0,0,0,0,0,0,0
00001787_010.png,No Finding,14,1787,51,M,AP,3056,2544,0.139,0.139,0,0,0,0,0,0,0,0,0,0,0,0,0,0,0
00001787_011.png,No Finding,15,1787,51,M,AP,3056,2544,0.139,0.139,0,0,0,0,0,0,0,0,0,0,0,0,0,0,0
00001788_000.png,No Finding,0,1788,40,M,PA,2500,2048,0.171,0.171,0,0,0,0,0,0,0,0,0,0,0,0,0,0,0
00001788_001.png,Consolidation,1,1788,41,M,PA,2500,2048,0.171,0.171,1,0,0,0,0,0,0,0,0,1,0,0,0,0,0
00001788_002.png,No Finding,2,1788,44,M,PA,2992,2991,0.143,0.143,0,0,0,0,0,0,0,0,0,0,0,0,0,0,0
00001788_003.png,No Finding,3,1788,46,M,AP,2500,2048,0.168,0.168,0,0,0,0,0,0,0,0,0,0,0,0,0,0,0
00001788_004.png,No Finding,4,1788,46,M,AP,2500,2048,0.168,0.168,0,0,0,0,0,0,0,0,0,0,0,0,0,0,0
00001788_005.png,No Finding,5,1788,46,M,PA,2992,2991,0.143,0.143,0,0,0,0,0,0,0,0,0,0,0,0,0,0,0
00001788_006.png,Infiltration,6,1788,46,M,PA,2992,2991,0.143,0.143,1,0,0,0,1,0,0,0,0,0,0,0,0,0,0
00001788_007.png,No Finding,7,1788,46,M,AP,2500,2048,0.168,0.168,0,0,0,0,0,0,0,0,0,0,0,0,0,0,0
00001788_008.png,Infiltration,8,1788,46,M,PA,2992,2991,0.143,0.143,1,0,0,0,1,0,0,0,0,0,0,0,0,0,0
00001790_000.png,No Finding,0,1790,45,M,PA,2500,2048,0.171,0.171,0,0,0,0,0,0,0,0,0,0,0,0,0,0,0
00001790_001.png,No Finding,1,1790,47,M,PA,2500,2048,0.168,0.168,0,0,0,0,0,0,0,0,0,0,0,0,0,0,0
00001791_000.png,Infiltration,0,1791,59,F,PA,2544,3056,0.139,0.139,1,0,0,0,1,0,0,0,0,0,0,0,0,0,0
00001793_000.png,No Finding,0,1793,65,F,PA,2544,3056,0.139,0.139,0,0,0,0,0,0,0,0,0,0,0,0,0,0,0
00001794_000.png,No Finding,0,1794,66,M,PA,2021,2021,0.1943109999999999,0.1943109999999999,0,0,0,0,0,0,0,0,0,0,0,0,0,0,0
00001795_000.png,No Finding,0,1795,40,M,PA,2048,2500,0.171,0.171,0,0,0,0,0,0,0,0,0,0,0,0,0,0,0
00001797_000.png,Pleural_Thickening,0,1797,56,M,AP,2500,2048,0.171,0.171,1,0,0,0,0,0,0,0,0,0,0,0,0,1,0
00001797_001.png,No Finding,1,1797,56,M,PA,2500,2048,0.168,0.168,0,0,0,0,0,0,0,0,0,0,0,0,0,0,0
00001798_000.png,No Finding,0,1798,37,M,PA,2702,2709,0.143,0.143,0,0,0,0,0,0,0,0,0,0,0,0,0,0,0
00001799_000.png,Fibrosis,0,1799,53,F,PA,2048,2500,0.168,0.168,1,0,0,0,0,0,0,0,0,0,0,0,1,0,0
00001799_001.png,No Finding,1,1799,56,F,PA,2992,2991,0.143,0.143,0,0,0,0,0,0,0,0,0,0,0,0,0,0,0
00001800_000.png,No Finding,0,1800,59,F,PA,2500,2048,0.168,0.168,0,0,0,0,0,0,0,0,0,0,0,0,0,0,0
00001801_000.png,No Finding,0,1801,60,F,AP,2500,2048,0.168,0.168,0,0,0,0,0,0,0,0,0,0,0,0,0,0,0
00001802_001.png,No Finding,0,1802,48,M,AP,2500,2048,0.168,0.168,0,0,0,0,0,0,0,0,0,0,0,0,0,0,0
00001802_000.png,Infiltration,1,1802,54,M,PA,2992,2991,0.143,0.143,1,0,0,0,1,0,0,0,0,0,0,0,0,0,0
00001803_000.png,No Finding,0,1803,56,M,PA,2500,2048,0.168,0.168,0,0,0,0,0,0,0,0,0,0,0,0,0,0,0
00001803_001.png,No Finding,1,1803,56,M,AP,2500,2048,0.168,0.168,0,0,0,0,0,0,0,0,0,0,0,0,0,0,0
00001803_002.png,No Finding,2,1803,56,M,AP,2500,2048,0.168,0.168,0,0,0,0,0,0,0,0,0,0,0,0,0,0,0
00001803_003.png,Effusion,3,1803,56,M,AP,2048,2500,0.168,0.168,1,0,0,1,0,0,0,0,0,0,0,0,0,0,0
00001803_004.png,No Finding,4,1803,57,M,AP,2500,2048,0.168,0.168,0,0,0,0,0,0,0,0,0,0,0,0,0,0,0
00001803_005.png,No Finding,5,1803,57,M,AP,2500,2048,0.168,0.168,0,0,0,0,0,0,0,0,0,0,0,0,0,0,0
00001803_006.png,No Finding,6,1803,58,M,PA,2662,2729,0.143,0.143,0,0,0,0,0,0,0,0,0,0,0,0,0,0,0
00001803_007.png,Effusion,7,1803,58,M,AP,2500,2048,0.168,0.168,1,0,0,1,0,0,0,0,0,0,0,0,0,0,0
00001803_009.png,No Finding,9,1803,58,M,PA,2992,2989,0.143,0.143,0,0,0,0,0,0,0,0,0,0,0,0,0,0,0
00001803_013.png,No Finding,11,1803,58,M,PA,2992,2991,0.143,0.143,0,0,0,0,0,0,0,0,0,0,0,0,0,0,0
00001803_011.png,No Finding,12,1803,58,M,PA,2992,2991,0.143,0.143,0,0,0,0,0,0,0,0,0,0,0,0,0,0,0
00001803_014.png,No Finding,13,1803,58,M,PA,2992,2991,0.143,0.143,0,0,0,0,0,0,0,0,0,0,0,0,0,0,0
00001803_012.png,No Finding,14,1803,58,M,PA,2992,2991,0.143,0.143,0,0,0,0,0,0,0,0,0,0,0,0,0,0,0
00001803_015.png,Emphysema|Pleural_Thickening,15,1803,58,M,PA,2500,2048,0.168,0.168,1,0,0,0,0,0,0,0,0,0,0,1,0,1,0
00001803_016.png,No Finding,16,1803,58,M,AP,2500,2048,0.168,0.168,0,0,0,0,0,0,0,0,0,0,0,0,0,0,0
00001803_017.png,No Finding,17,1803,58,M,AP,2500,2048,0.168,0.168,0,0,0,0,0,0,0,0,0,0,0,0,0,0,0
00001803_018.png,Infiltration,18,1803,58,M,AP,2500,2048,0.168,0.168,1,0,0,0,1,0,0,0,0,0,0,0,0,0,0
00001805_000.png,Pneumothorax,0,1805,37,M,PA,2048,2500,0.171,0.171,1,0,0,0,0,0,0,0,1,0,0,0,0,0,0
00001805_001.png,No Finding,1,1805,39,M,PA,2048,2500,0.168,0.168,0,0,0,0,0,0,0,0,0,0,0,0,0,0,0
00001805_002.png,No Finding,2,1805,40,M,PA,2992,2991,0.143,0.143,0,0,0,0,0,0,0,0,0,0,0,0,0,0,0
00001805_003.png,Infiltration|Nodule|Pleural_Thickening,3,1805,40,M,PA,2350,2453,0.143,0.143,1,0,0,0,1,0,1,0,0,0,0,0,0,1,0
00001805_004.png,Consolidation,4,1805,43,M,PA,2602,2685,0.143,0.143,1,0,0,0,0,0,0,0,0,1,0,0,0,0,0
00001805_005.png,Consolidation,5,1805,44,M,AP,2500,2048,0.168,0.168,1,0,0,0,0,0,0,0,0,1,0,0,0,0,0
00001805_006.png,No Finding,6,1805,44,M,PA,2582,2765,0.143,0.143,0,0,0,0,0,0,0,0,0,0,0,0,0,0,0
00001807_000.png,No Finding,0,1807,7,F,PA,2048,2500,0.171,0.171,0,0,0,0,0,0,0,0,0,0,0,0,0,0,0
00001807_001.png,No Finding,1,1807,11,F,PA,2520,2261,0.143,0.143,0,0,0,0,0,0,0,0,0,0,0,0,0,0,0
00001810_000.png,Fibrosis,0,1810,46,M,PA,2810,2991,0.143,0.143,1,0,0,0,0,0,0,0,0,0,0,0,1,0,0
00001811_000.png,No Finding,0,1811,41,M,PA,2500,2048,0.171,0.171,0,0,0,0,0,0,0,0,0,0,0,0,0,0,0
00001814_000.png,Infiltration,0,1814,29,F,AP,2500,2048,0.171,0.171,1,0,0,0,1,0,0,0,0,0,0,0,0,0,0
00001814_001.png,Infiltration,1,1814,29,F,AP,2500,2048,0.171,0.171,1,0,0,0,1,0,0,0,0,0,0,0,0,0,0
00001814_002.png,Consolidation|Fibrosis|Infiltration,2,1814,30,F,AP,2048,2500,0.171,0.171,1,0,0,0,1,0,0,0,0,1,0,0,1,0,0
00001814_003.png,No Finding,3,1814,30,F,AP,2500,2048,0.168,0.168,0,0,0,0,0,0,0,0,0,0,0,0,0,0,0
00001814_004.png,Consolidation,4,1814,30,F,AP,2048,2500,0.168,0.168,1,0,0,0,0,0,0,0,0,1,0,0,0,0,0
00001814_005.png,Consolidation,5,1814,31,F,AP,2500,2048,0.168,0.168,1,0,0,0,0,0,0,0,0,1,0,0,0,0,0
00001814_006.png,Infiltration|Pleural_Thickening,6,1814,35,F,AP,2500,2048,0.168,0.168,1,0,0,0,1,0,0,0,0,0,0,0,0,1,0
00001814_007.png,No Finding,7,1814,35,F,AP,2500,2048,0.168,0.168,0,0,0,0,0,0,0,0,0,0,0,0,0,0,0
00001814_008.png,Infiltration,8,1814,35,F,PA,2794,2765,0.143,0.143,1,0,0,0,1,0,0,0,0,0,0,0,0,0,0
00001814_009.png,Infiltration|Pleural_Thickening,9,1814,38,F,AP,3056,2544,0.139,0.139,1,0,0,0,1,0,0,0,0,0,0,0,0,1,0
00001816_000.png,No Finding,0,1816,64,M,PA,2500,2048,0.171,0.171,0,0,0,0,0,0,0,0,0,0,0,0,0,0,0
00001816_001.png,Effusion,1,1816,65,M,PA,2500,2048,0.171,0.171,1,0,0,1,0,0,0,0,0,0,0,0,0,0,0
00001817_000.png,No Finding,0,1817,60,F,PA,2586,2957,0.143,0.143,0,0,0,0,0,0,0,0,0,0,0,0,0,0,0
00001818_000.png,Effusion,0,1818,49,F,PA,2048,2500,0.168,0.168,1,0,0,1,0,0,0,0,0,0,0,0,0,0,0
00001818_001.png,No Finding,1,1818,49,F,PA,2048,2500,0.168,0.168,0,0,0,0,0,0,0,0,0,0,0,0,0,0,0
00001818_002.png,No Finding,2,1818,50,F,PA,2048,2500,0.168,0.168,0,0,0,0,0,0,0,0,0,0,0,0,0,0,0
00001818_003.png,No Finding,3,1818,51,F,PA,2992,2991,0.143,0.143,0,0,0,0,0,0,0,0,0,0,0,0,0,0,0
00001819_005.png,No Finding,0,1819,38,M,PA,2500,2048,0.171,0.171,0,0,0,0,0,0,0,0,0,0,0,0,0,0,0
00001819_006.png,No Finding,1,1819,38,M,AP,2500,2048,0.171,0.171,0,0,0,0,0,0,0,0,0,0,0,0,0,0,0
00001819_007.png,No Finding,2,1819,39,M,AP,2500,2048,0.171,0.171,0,0,0,0,0,0,0,0,0,0,0,0,0,0,0
00001819_000.png,No Finding,3,1819,47,M,PA,2992,2991,0.143,0.143,0,0,0,0,0,0,0,0,0,0,0,0,0,0,0
00001819_002.png,Infiltration,5,1819,47,M,PA,3056,2524,0.139,0.139,1,0,0,0,1,0,0,0,0,0,0,0,0,0,0
00001820_000.png,No Finding,0,1820,46,M,PA,2500,2048,0.168,0.168,0,0,0,0,0,0,0,0,0,0,0,0,0,0,0
00001820_001.png,No Finding,1,1820,46,M,AP,2500,2048,0.171,0.171,0,0,0,0,0,0,0,0,0,0,0,0,0,0,0
00001820_002.png,No Finding,2,1820,46,M,AP,2500,2048,0.171,0.171,0,0,0,0,0,0,0,0,0,0,0,0,0,0,0
00001820_003.png,No Finding,3,1820,46,M,AP,2500,2048,0.171,0.171,0,0,0,0,0,0,0,0,0,0,0,0,0,0,0
00001820_004.png,No Finding,4,1820,46,M,AP,2500,2048,0.171,0.171,0,0,0,0,0,0,0,0,0,0,0,0,0,0,0
00001820_005.png,No Finding,5,1820,46,M,PA,2500,2048,0.168,0.168,0,0,0,0,0,0,0,0,0,0,0,0,0,0,0
00001820_006.png,No Finding,6,1820,46,M,AP,2048,2500,0.171,0.171,0,0,0,0,0,0,0,0,0,0,0,0,0,0,0
00001820_007.png,No Finding,7,1820,46,M,AP,2500,2048,0.171,0.171,0,0,0,0,0,0,0,0,0,0,0,0,0,0,0
00001821_001.png,No Finding,0,1821,54,M,PA,2992,2991,0.143,0.143,0,0,0,0,0,0,0,0,0,0,0,0,0,0,0
00001821_000.png,No Finding,1,1821,56,M,PA,2512,2568,0.143,0.143,0,0,0,0,0,0,0,0,0,0,0,0,0,0,0
00001822_000.png,No Finding,0,1822,59,F,PA,2992,2991,0.143,0.143,0,0,0,0,0,0,0,0,0,0,0,0,0,0,0
00001824_000.png,No Finding,0,1824,75,M,PA,2021,2021,0.1943109999999999,0.1943109999999999,0,0,0,0,0,0,0,0,0,0,0,0,0,0,0
00001824_001.png,No Finding,1,1824,76,M,PA,2021,2021,0.1943109999999999,0.1943109999999999,0,0,0,0,0,0,0,0,0,0,0,0,0,0,0
00001825_000.png,No Finding,0,1825,66,F,PA,2662,2921,0.143,0.143,0,0,0,0,0,0,0,0,0,0,0,0,0,0,0
00001825_001.png,No Finding,1,1825,69,F,PA,2992,2991,0.143,0.143,0,0,0,0,0,0,0,0,0,0,0,0,0,0,0
00001828_000.png,No Finding,0,1828,55,F,PA,2020,2021,0.1943109999999999,0.1943109999999999,0,0,0,0,0,0,0,0,0,0,0,0,0,0,0
00001829_000.png,No Finding,0,1829,66,F,PA,2500,2048,0.168,0.168,0,0,0,0,0,0,0,0,0,0,0,0,0,0,0
00001829_001.png,No Finding,1,1829,67,F,PA,2500,2048,0.168,0.168,0,0,0,0,0,0,0,0,0,0,0,0,0,0,0
00001829_002.png,No Finding,2,1829,68,F,PA,2992,2893,0.143,0.143,0,0,0,0,0,0,0,0,0,0,0,0,0,0,0
00001833_000.png,No Finding,0,1833,59,F,PA,2048,2500,0.171,0.171,0,0,0,0,0,0,0,0,0,0,0,0,0,0,0
00001833_001.png,Pleural_Thickening,1,1833,61,F,PA,2048,2500,0.168,0.168,1,0,0,0,0,0,0,0,0,0,0,0,0,1,0
00001833_002.png,Pleural_Thickening,2,1833,62,F,PA,2048,2500,0.168,0.168,1,0,0,0,0,0,0,0,0,0,0,0,0,1,0
00001833_003.png,Pneumothorax,3,1833,62,F,AP,2500,2048,0.168,0.168,1,0,0,0,0,0,0,0,1,0,0,0,0,0,0
00001833_004.png,Infiltration,4,1833,62,F,AP,2500,2048,0.168,0.168,1,0,0,0,1,0,0,0,0,0,0,0,0,0,0
00001833_005.png,Emphysema,5,1833,62,F,AP,2500,2048,0.168,0.168,1,0,0,0,0,0,0,0,0,0,0,1,0,0,0
00001833_007.png,Pneumothorax,6,1833,62,F,PA,2500,2048,0.168,0.168,1,0,0,0,0,0,0,0,1,0,0,0,0,0,0
00001833_006.png,Emphysema,7,1833,62,F,PA,2500,2048,0.168,0.168,1,0,0,0,0,0,0,0,0,0,0,1,0,0,0
00001833_008.png,Fibrosis|Pleural_Thickening,8,1833,62,F,PA,2048,2500,0.168,0.168,1,0,0,0,0,0,0,0,0,0,0,0,1,1,0
00001833_009.png,Effusion,9,1833,62,F,PA,2048,2500,0.168,0.168,1,0,0,1,0,0,0,0,0,0,0,0,0,0,0
00001833_010.png,No Finding,10,1833,62,F,PA,2674,2777,0.143,0.143,0,0,0,0,0,0,0,0,0,0,0,0,0,0,0
00001833_011.png,Fibrosis,11,1833,63,F,PA,2718,2991,0.143,0.143,1,0,0,0,0,0,0,0,0,0,0,0,1,0,0
00001833_012.png,Mass,12,1833,64,F,PA,2992,2991,0.143,0.143,1,0,0,0,0,1,0,0,0,0,0,0,0,0,0
00001833_013.png,No Finding,13,1833,67,F,PA,2588,2901,0.143,0.143,0,0,0,0,0,0,0,0,0,0,0,0,0,0,0
00001834_000.png,No Finding,0,1834,48,M,PA,2992,2991,0.143,0.143,0,0,0,0,0,0,0,0,0,0,0,0,0,0,0
00001835_000.png,No Finding,0,1835,15,M,PA,2394,2553,0.143,0.143,0,0,0,0,0,0,0,0,0,0,0,0,0,0,0
00001836_000.png,Infiltration,0,1836,42,F,AP,2500,2048,0.171,0.171,1,0,0,0,1,0,0,0,0,0,0,0,0,0,0
00001836_001.png,Consolidation|Effusion,1,1836,47,F,AP,2500,2048,0.168,0.168,1,0,0,1,0,0,0,0,0,1,0,0,0,0,0
00001836_002.png,No Finding,2,1836,47,F,AP,2048,2500,0.168,0.168,0,0,0,0,0,0,0,0,0,0,0,0,0,0,0
00001836_003.png,No Finding,3,1836,47,F,AP,2500,2048,0.168,0.168,0,0,0,0,0,0,0,0,0,0,0,0,0,0,0
00001836_004.png,Effusion|Infiltration,4,1836,47,F,AP,2500,2048,0.168,0.168,1,0,0,1,1,0,0,0,0,0,0,0,0,0,0
00001836_005.png,No Finding,5,1836,47,F,AP,2048,2500,0.168,0.168,0,0,0,0,0,0,0,0,0,0,0,0,0,0,0
00001836_006.png,Mass,6,1836,48,F,AP,2048,2500,0.168,0.168,1,0,0,0,0,1,0,0,0,0,0,0,0,0,0
00001836_007.png,Effusion|Pneumothorax,7,1836,48,F,AP,2048,2500,0.168,0.168,1,0,0,1,0,0,0,0,1,0,0,0,0,0,0
00001836_008.png,No Finding,8,1836,48,F,AP,2048,2500,0.168,0.168,0,0,0,0,0,0,0,0,0,0,0,0,0,0,0
00001836_010.png,Consolidation|Fibrosis|Nodule|Pneumonia,9,1836,49,F,AP,2500,2048,0.168,0.168,1,0,0,0,0,0,1,1,0,1,0,0,1,0,0
00001836_009.png,Consolidation|Fibrosis,10,1836,49,F,AP,2500,2048,0.168,0.168,1,0,0,0,0,0,0,0,0,1,0,0,1,0,0
00001836_011.png,Infiltration|Mass,12,1836,49,F,AP,2500,2048,0.168,0.168,1,0,0,0,1,1,0,0,0,0,0,0,0,0,0
00001836_013.png,Infiltration,13,1836,49,F,AP,2500,2048,0.168,0.168,1,0,0,0,1,0,0,0,0,0,0,0,0,0,0
00001836_014.png,Consolidation|Infiltration,14,1836,49,F,AP,2500,2048,0.168,0.168,1,0,0,0,1,0,0,0,0,1,0,0,0,0,0
00001836_015.png,Consolidation|Fibrosis|Infiltration,15,1836,49,F,AP,2500,2048,0.168,0.168,1,0,0,0,1,0,0,0,0,1,0,0,1,0,0
00001836_016.png,Fibrosis|Nodule,16,1836,49,F,AP,2500,2048,0.168,0.168,1,0,0,0,0,0,1,0,0,0,0,0,1,0,0
00001836_017.png,Consolidation|Fibrosis|Nodule,17,1836,49,F,AP,2500,2048,0.168,0.168,1,0,0,0,0,0,1,0,0,1,0,0,1,0,0
00001836_018.png,Effusion|Infiltration,18,1836,49,F,AP,2500,2048,0.168,0.168,1,0,0,1,1,0,0,0,0,0,0,0,0,0,0
00001836_019.png,No Finding,19,1836,49,F,AP,2500,2048,0.168,0.168,0,0,0,0,0,0,0,0,0,0,0,0,0,0,0
00001836_020.png,Consolidation,20,1836,49,F,AP,2500,2048,0.168,0.168,1,0,0,0,0,0,0,0,0,1,0,0,0,0,0
00001836_021.png,No Finding,21,1836,49,F,AP,2500,2048,0.168,0.168,0,0,0,0,0,0,0,0,0,0,0,0,0,0,0
00001836_022.png,Infiltration|Nodule,22,1836,49,F,AP,2500,2048,0.168,0.168,1,0,0,0,1,0,1,0,0,0,0,0,0,0,0
00001836_023.png,No Finding,23,1836,49,F,AP,2500,2048,0.168,0.168,0,0,0,0,0,0,0,0,0,0,0,0,0,0,0
00001836_024.png,No Finding,24,1836,49,F,AP,2500,2048,0.168,0.168,0,0,0,0,0,0,0,0,0,0,0,0,0,0,0
00001836_026.png,No Finding,26,1836,49,F,AP,2500,2048,0.168,0.168,0,0,0,0,0,0,0,0,0,0,0,0,0,0,0
00001836_027.png,No Finding,27,1836,49,F,AP,2500,2048,0.168,0.168,0,0,0,0,0,0,0,0,0,0,0,0,0,0,0
00001836_028.png,No Finding,28,1836,49,F,AP,2500,2048,0.168,0.168,0,0,0,0,0,0,0,0,0,0,0,0,0,0,0
00001836_030.png,Infiltration,30,1836,49,F,AP,2500,2048,0.168,0.168,1,0,0,0,1,0,0,0,0,0,0,0,0,0,0
00001836_032.png,Infiltration|Mass,32,1836,49,F,AP,2500,2048,0.168,0.168,1,0,0,0,1,1,0,0,0,0,0,0,0,0,0
00001836_033.png,No Finding,33,1836,49,F,AP,2500,2048,0.168,0.168,0,0,0,0,0,0,0,0,0,0,0,0,0,0,0
00001836_035.png,Mass|Nodule,34,1836,49,F,AP,2500,2048,0.168,0.168,1,0,0,0,0,1,1,0,0,0,0,0,0,0,0
00001836_034.png,Mass,35,1836,49,F,AP,2500,2048,0.168,0.168,1,0,0,0,0,1,0,0,0,0,0,0,0,0,0
00001836_036.png,No Finding,36,1836,49,F,AP,2500,2048,0.168,0.168,0,0,0,0,0,0,0,0,0,0,0,0,0,0,0
00001836_037.png,Infiltration|Mass,37,1836,49,F,AP,2500,2048,0.168,0.168,1,0,0,0,1,1,0,0,0,0,0,0,0,0,0
00001836_039.png,Infiltration|Mass,38,1836,49,F,AP,2500,2048,0.168,0.168,1,0,0,0,1,1,0,0,0,0,0,0,0,0,0
00001836_038.png,Mass|Pleural_Thickening,39,1836,49,F,AP,2500,2048,0.168,0.168,1,0,0,0,0,1,0,0,0,0,0,0,0,1,0
00001836_040.png,No Finding,40,1836,49,F,AP,2500,2048,0.168,0.168,0,0,0,0,0,0,0,0,0,0,0,0,0,0,0
00001836_042.png,No Finding,41,1836,49,F,AP,2500,2048,0.168,0.168,0,0,0,0,0,0,0,0,0,0,0,0,0,0,0
00001836_043.png,Fibrosis|Nodule,42,1836,49,F,AP,2500,2048,0.168,0.168,1,0,0,0,0,0,1,0,0,0,0,0,1,0,0
00001836_041.png,Infiltration|Nodule,43,1836,49,F,AP,2500,2048,0.168,0.168,1,0,0,0,1,0,1,0,0,0,0,0,0,0,0
00001836_044.png,Mass,44,1836,49,F,AP,2500,2048,0.168,0.168,1,0,0,0,0,1,0,0,0,0,0,0,0,0,0
00001836_045.png,Nodule,45,1836,49,F,AP,2500,2048,0.168,0.168,1,0,0,0,0,0,1,0,0,0,0,0,0,0,0
00001836_046.png,Infiltration|Nodule,47,1836,49,F,AP,2500,2048,0.168,0.168,1,0,0,0,1,0,1,0,0,0,0,0,0,0,0
00001836_048.png,Effusion|Infiltration|Nodule,48,1836,49,F,AP,2500,2048,0.168,0.168,1,0,0,1,1,0,1,0,0,0,0,0,0,0,0
00001836_050.png,No Finding,50,1836,49,F,AP,2500,2048,0.168,0.168,0,0,0,0,0,0,0,0,0,0,0,0,0,0,0
00001836_051.png,No Finding,51,1836,49,F,AP,2500,2048,0.168,0.168,0,0,0,0,0,0,0,0,0,0,0,0,0,0,0
00001836_052.png,Edema|Infiltration|Pneumonia,52,1836,49,F,AP,2500,2048,0.168,0.168,1,0,0,0,1,0,0,1,0,0,1,0,0,0,0
00001836_053.png,Nodule,53,1836,49,F,AP,2500,2048,0.168,0.168,1,0,0,0,0,0,1,0,0,0,0,0,0,0,0
00001836_054.png,Nodule,54,1836,49,F,AP,2500,2048,0.168,0.168,1,0,0,0,0,0,1,0,0,0,0,0,0,0,0
00001836_055.png,No Finding,55,1836,49,F,AP,2500,2048,0.168,0.168,0,0,0,0,0,0,0,0,0,0,0,0,0,0,0
00001836_058.png,No Finding,58,1836,49,F,AP,2500,2048,0.168,0.168,0,0,0,0,0,0,0,0,0,0,0,0,0,0,0
00001836_059.png,No Finding,59,1836,49,F,AP,2500,2048,0.168,0.168,0,0,0,0,0,0,0,0,0,0,0,0,0,0,0
00001836_060.png,Consolidation,60,1836,49,F,AP,2500,2048,0.168,0.168,1,0,0,0,0,0,0,0,0,1,0,0,0,0,0
00001836_061.png,No Finding,61,1836,49,F,AP,2500,2048,0.168,0.168,0,0,0,0,0,0,0,0,0,0,0,0,0,0,0
00001836_062.png,No Finding,62,1836,49,F,AP,2500,2048,0.168,0.168,0,0,0,0,0,0,0,0,0,0,0,0,0,0,0
00001836_063.png,No Finding,63,1836,49,F,AP,2500,2048,0.168,0.168,0,0,0,0,0,0,0,0,0,0,0,0,0,0,0
00001836_064.png,No Finding,64,1836,49,F,AP,2500,2048,0.168,0.168,0,0,0,0,0,0,0,0,0,0,0,0,0,0,0
00001836_065.png,Fibrosis,65,1836,49,F,AP,2500,2048,0.168,0.168,1,0,0,0,0,0,0,0,0,0,0,0,1,0,0
00001836_066.png,No Finding,66,1836,49,F,AP,2500,2048,0.168,0.168,0,0,0,0,0,0,0,0,0,0,0,0,0,0,0
00001836_067.png,No Finding,67,1836,49,F,AP,2500,2048,0.168,0.168,0,0,0,0,0,0,0,0,0,0,0,0,0,0,0
00001836_068.png,Cardiomegaly|Fibrosis|Infiltration,68,1836,49,F,AP,2500,2048,0.168,0.168,1,0,1,0,1,0,0,0,0,0,0,0,1,0,0
00001836_069.png,Fibrosis|Infiltration,69,1836,49,F,AP,2500,2048,0.168,0.168,1,0,0,0,1,0,0,0,0,0,0,0,1,0,0
00001836_070.png,Effusion|Nodule,70,1836,49,F,AP,2500,2048,0.168,0.168,1,0,0,1,0,0,1,0,0,0,0,0,0,0,0
00001836_072.png,No Finding,71,1836,49,F,AP,2500,2048,0.168,0.168,0,0,0,0,0,0,0,0,0,0,0,0,0,0,0
00001836_073.png,No Finding,72,1836,49,F,AP,2500,2048,0.168,0.168,0,0,0,0,0,0,0,0,0,0,0,0,0,0,0
00001836_071.png,No Finding,73,1836,49,F,AP,2500,2048,0.168,0.168,0,0,0,0,0,0,0,0,0,0,0,0,0,0,0
00001836_074.png,No Finding,74,1836,49,F,AP,2500,2048,0.168,0.168,0,0,0,0,0,0,0,0,0,0,0,0,0,0,0
00001836_075.png,Fibrosis,75,1836,49,F,AP,2500,2048,0.168,0.168,1,0,0,0,0,0,0,0,0,0,0,0,1,0,0
00001836_076.png,Mass|Nodule,76,1836,49,F,AP,2500,2048,0.168,0.168,1,0,0,0,0,1,1,0,0,0,0,0,0,0,0
00001836_077.png,Mass|Nodule,77,1836,49,F,AP,2500,2048,0.168,0.168,1,0,0,0,0,1,1,0,0,0,0,0,0,0,0
00001836_079.png,No Finding,78,1836,49,F,AP,2048,2500,0.168,0.168,0,0,0,0,0,0,0,0,0,0,0,0,0,0,0
00001836_080.png,No Finding,79,1836,49,F,AP,2500,2048,0.168,0.168,0,0,0,0,0,0,0,0,0,0,0,0,0,0,0
00001836_078.png,Mass|Nodule,80,1836,49,F,AP,2500,2048,0.168,0.168,1,0,0,0,0,1,1,0,0,0,0,0,0,0,0
00001836_081.png,Mass|Nodule,81,1836,49,F,AP,2500,2048,0.168,0.168,1,0,0,0,0,1,1,0,0,0,0,0,0,0,0
00001836_083.png,Infiltration,83,1836,49,F,AP,2500,2048,0.168,0.168,1,0,0,0,1,0,0,0,0,0,0,0,0,0,0
00001836_084.png,No Finding,84,1836,49,F,AP,2500,2048,0.168,0.168,0,0,0,0,0,0,0,0,0,0,0,0,0,0,0
00001836_085.png,No Finding,85,1836,49,F,AP,2500,2048,0.168,0.168,0,0,0,0,0,0,0,0,0,0,0,0,0,0,0
00001836_086.png,No Finding,86,1836,49,F,AP,2500,2048,0.168,0.168,0,0,0,0,0,0,0,0,0,0,0,0,0,0,0
00001836_087.png,No Finding,87,1836,49,F,AP,2500,2048,0.168,0.168,0,0,0,0,0,0,0,0,0,0,0,0,0,0,0
00001836_088.png,Consolidation|Fibrosis|Nodule,88,1836,49,F,AP,2500,2048,0.168,0.168,1,0,0,0,0,0,1,0,0,1,0,0,1,0,0
00001836_090.png,Fibrosis|Infiltration|Mass,89,1836,49,F,AP,2500,2048,0.168,0.168,1,0,0,0,1,1,0,0,0,0,0,0,1,0,0
00001836_091.png,Infiltration,90,1836,49,F,AP,2500,2048,0.168,0.168,1,0,0,0,1,0,0,0,0,0,0,0,0,0,0
00001836_089.png,No Finding,91,1836,49,F,AP,2500,2048,0.168,0.168,0,0,0,0,0,0,0,0,0,0,0,0,0,0,0
00001836_093.png,No Finding,92,1836,49,F,AP,2500,2048,0.168,0.168,0,0,0,0,0,0,0,0,0,0,0,0,0,0,0
00001836_092.png,No Finding,93,1836,49,F,AP,2500,2048,0.168,0.168,0,0,0,0,0,0,0,0,0,0,0,0,0,0,0
00001836_094.png,No Finding,94,1836,49,F,AP,2500,2048,0.168,0.168,0,0,0,0,0,0,0,0,0,0,0,0,0,0,0
00001836_095.png,No Finding,95,1836,49,F,AP,2500,2048,0.168,0.168,0,0,0,0,0,0,0,0,0,0,0,0,0,0,0
00001836_096.png,Infiltration|Pleural_Thickening,96,1836,49,F,AP,2500,2048,0.168,0.168,1,0,0,0,1,0,0,0,0,0,0,0,0,1,0
00001836_097.png,Infiltration|Pleural_Thickening,97,1836,49,F,AP,2500,2048,0.168,0.168,1,0,0,0,1,0,0,0,0,0,0,0,0,1,0
00001836_098.png,Infiltration|Pleural_Thickening,98,1836,49,F,AP,2500,2048,0.168,0.168,1,0,0,0,1,0,0,0,0,0,0,0,0,1,0
00001836_100.png,Nodule,100,1836,49,F,AP,2500,2048,0.168,0.168,1,0,0,0,0,0,1,0,0,0,0,0,0,0,0
00001836_102.png,No Finding,102,1836,49,F,AP,2500,2048,0.168,0.168,0,0,0,0,0,0,0,0,0,0,0,0,0,0,0
00001836_103.png,Fibrosis|Infiltration,103,1836,49,F,AP,2500,2048,0.168,0.168,1,0,0,0,1,0,0,0,0,0,0,0,1,0,0
00001836_104.png,Infiltration,104,1836,49,F,AP,2500,2048,0.168,0.168,1,0,0,0,1,0,0,0,0,0,0,0,0,0,0
00001836_105.png,Fibrosis|Infiltration,105,1836,49,F,AP,2500,2048,0.168,0.168,1,0,0,0,1,0,0,0,0,0,0,0,1,0,0
00001836_106.png,No Finding,106,1836,49,F,AP,2500,2048,0.168,0.168,0,0,0,0,0,0,0,0,0,0,0,0,0,0,0
00001836_107.png,No Finding,107,1836,49,F,AP,2500,2048,0.168,0.168,0,0,0,0,0,0,0,0,0,0,0,0,0,0,0
00001836_109.png,No Finding,109,1836,49,F,AP,2500,2048,0.168,0.168,0,0,0,0,0,0,0,0,0,0,0,0,0,0,0
00001836_110.png,Mass|Pneumonia,110,1836,49,F,AP,2500,2048,0.168,0.168,1,0,0,0,0,1,0,1,0,0,0,0,0,0,0
00001836_111.png,Infiltration|Mass,111,1836,49,F,AP,2500,2048,0.168,0.168,1,0,0,0,1,1,0,0,0,0,0,0,0,0,0
00001836_112.png,No Finding,112,1836,49,F,AP,2500,2048,0.168,0.168,0,0,0,0,0,0,0,0,0,0,0,0,0,0,0
00001836_114.png,Nodule,114,1836,49,F,AP,2500,2048,0.168,0.168,1,0,0,0,0,0,1,0,0,0,0,0,0,0,0
00001836_116.png,No Finding,115,1836,49,F,AP,2500,2048,0.168,0.168,0,0,0,0,0,0,0,0,0,0,0,0,0,0,0
00001836_115.png,No Finding,117,1836,49,F,AP,2500,2048,0.168,0.168,0,0,0,0,0,0,0,0,0,0,0,0,0,0,0
00001836_118.png,Infiltration,118,1836,49,F,AP,2500,2048,0.168,0.168,1,0,0,0,1,0,0,0,0,0,0,0,0,0,0
00001836_121.png,No Finding,121,1836,49,F,AP,2500,2048,0.168,0.168,0,0,0,0,0,0,0,0,0,0,0,0,0,0,0
00001836_122.png,No Finding,122,1836,49,F,AP,2500,2048,0.168,0.168,0,0,0,0,0,0,0,0,0,0,0,0,0,0,0
00001836_124.png,No Finding,124,1836,49,F,AP,2500,2048,0.168,0.168,0,0,0,0,0,0,0,0,0,0,0,0,0,0,0
00001836_125.png,Nodule,125,1836,49,F,AP,2500,2048,0.168,0.168,1,0,0,0,0,0,1,0,0,0,0,0,0,0,0
00001836_126.png,No Finding,126,1836,49,F,AP,2500,2048,0.168,0.168,0,0,0,0,0,0,0,0,0,0,0,0,0,0,0
00001836_127.png,No Finding,127,1836,49,F,AP,2500,2048,0.168,0.168,0,0,0,0,0,0,0,0,0,0,0,0,0,0,0
00001836_128.png,Mass|Nodule,128,1836,49,F,AP,2500,2048,0.168,0.168,1,0,0,0,0,1,1,0,0,0,0,0,0,0,0
00001836_129.png,Fibrosis|Infiltration|Mass|Nodule,129,1836,49,F,AP,2500,2048,0.168,0.168,1,0,0,0,1,1,1,0,0,0,0,0,1,0,0
00001836_130.png,Fibrosis|Infiltration|Mass|Nodule,130,1836,49,F,AP,2500,2048,0.168,0.168,1,0,0,0,1,1,1,0,0,0,0,0,1,0,0
00001836_131.png,No Finding,131,1836,49,F,AP,2500,2048,0.168,0.168,0,0,0,0,0,0,0,0,0,0,0,0,0,0,0
00001836_132.png,No Finding,132,1836,49,F,AP,2500,2048,0.168,0.168,0,0,0,0,0,0,0,0,0,0,0,0,0,0,0
00001836_134.png,No Finding,133,1836,49,F,AP,2500,2048,0.168,0.168,0,0,0,0,0,0,0,0,0,0,0,0,0,0,0
00001836_133.png,No Finding,134,1836,49,F,AP,2500,2048,0.168,0.168,0,0,0,0,0,0,0,0,0,0,0,0,0,0,0
00001836_135.png,No Finding,135,1836,49,F,AP,2500,2048,0.168,0.168,0,0,0,0,0,0,0,0,0,0,0,0,0,0,0
00001836_136.png,Nodule,136,1836,49,F,AP,2500,2048,0.168,0.168,1,0,0,0,0,0,1,0,0,0,0,0,0,0,0
00001837_000.png,No Finding,0,1837,39,M,PA,2048,2500,0.171,0.171,0,0,0,0,0,0,0,0,0,0,0,0,0,0,0
00001837_001.png,Infiltration,1,1837,41,M,PA,2500,2048,0.168,0.168,1,0,0,0,1,0,0,0,0,0,0,0,0,0,0
00001837_002.png,Pneumonia,2,1837,44,M,PA,2658,2991,0.143,0.143,1,0,0,0,0,0,0,1,0,0,0,0,0,0,0
00001837_003.png,No Finding,3,1837,46,M,PA,2992,2991,0.143,0.143,0,0,0,0,0,0,0,0,0,0,0,0,0,0,0
00001839_000.png,No Finding,0,1839,45,M,PA,2048,2500,0.171,0.171,0,0,0,0,0,0,0,0,0,0,0,0,0,0,0
00001839_001.png,Nodule,1,1839,51,M,PA,2992,2991,0.143,0.143,1,0,0,0,0,0,1,0,0,0,0,0,0,0,0
00001839_002.png,No Finding,2,1839,54,M,PA,2992,2991,0.143,0.143,0,0,0,0,0,0,0,0,0,0,0,0,0,0,0
00001841_000.png,No Finding,0,1841,14,M,AP,2048,2500,0.168,0.168,0,0,0,0,0,0,0,0,0,0,0,0,0,0,0
00001841_001.png,Effusion,1,1841,14,M,PA,2992,2991,0.143,0.143,1,0,0,1,0,0,0,0,0,0,0,0,0,0,0
00001842_000.png,No Finding,0,1842,58,F,PA,2694,2991,0.143,0.143,0,0,0,0,0,0,0,0,0,0,0,0,0,0,0
00001843_000.png,Infiltration,0,1843,41,M,PA,2738,2991,0.143,0.143,1,0,0,0,1,0,0,0,0,0,0,0,0,0,0
00001844_000.png,Effusion,0,1844,59,F,PA,2418,2991,0.143,0.143,1,0,0,1,0,0,0,0,0,0,0,0,0,0,0
00001847_000.png,No Finding,0,1847,68,F,PA,2048,2500,0.171,0.171,0,0,0,0,0,0,0,0,0,0,0,0,0,0,0
00001847_001.png,No Finding,1,1847,70,F,PA,2048,2500,0.171,0.171,0,0,0,0,0,0,0,0,0,0,0,0,0,0,0
00001847_002.png,No Finding,2,1847,70,F,AP,2500,2048,0.171,0.171,0,0,0,0,0,0,0,0,0,0,0,0,0,0,0
00001847_003.png,Effusion,3,1847,70,F,PA,2048,2500,0.168,0.168,1,0,0,1,0,0,0,0,0,0,0,0,0,0,0
00001847_005.png,Edema,4,1847,70,F,AP,2500,2048,0.168,0.168,1,0,0,0,0,0,0,0,0,0,1,0,0,0,0
00001847_004.png,Effusion,5,1847,70,F,AP,2500,2048,0.168,0.168,1,0,0,1,0,0,0,0,0,0,0,0,0,0,0
00001847_006.png,No Finding,6,1847,70,F,AP,2500,2048,0.168,0.168,0,0,0,0,0,0,0,0,0,0,0,0,0,0,0
00001847_007.png,No Finding,7,1847,70,F,AP,2500,2048,0.168,0.168,0,0,0,0,0,0,0,0,0,0,0,0,0,0,0
00001847_008.png,Effusion|Nodule,8,1847,70,F,AP,2048,2500,0.168,0.168,1,0,0,1,0,0,1,0,0,0,0,0,0,0,0
00001847_009.png,Effusion|Nodule,9,1847,70,F,AP,2500,2048,0.168,0.168,1,0,0,1,0,0,1,0,0,0,0,0,0,0,0
00001847_010.png,Nodule,10,1847,71,F,PA,2048,2500,0.168,0.168,1,0,0,0,0,0,1,0,0,0,0,0,0,0,0
00001848_000.png,No Finding,0,1848,50,M,PA,2992,2991,0.143,0.143,0,0,0,0,0,0,0,0,0,0,0,0,0,0,0
00001848_001.png,No Finding,1,1848,52,M,PA,2992,2991,0.143,0.143,0,0,0,0,0,0,0,0,0,0,0,0,0,0,0
00001848_002.png,No Finding,2,1848,53,M,PA,2992,2991,0.143,0.143,0,0,0,0,0,0,0,0,0,0,0,0,0,0,0
00001849_000.png,No Finding,0,1849,49,M,PA,2614,2769,0.143,0.143,0,0,0,0,0,0,0,0,0,0,0,0,0,0,0
00001851_000.png,No Finding,0,1851,47,M,PA,2500,2048,0.168,0.168,0,0,0,0,0,0,0,0,0,0,0,0,0,0,0
00001851_001.png,No Finding,1,1851,48,M,PA,2500,2048,0.168,0.168,0,0,0,0,0,0,0,0,0,0,0,0,0,0,0
00001851_002.png,No Finding,2,1851,53,M,PA,2990,2991,0.143,0.143,0,0,0,0,0,0,0,0,0,0,0,0,0,0,0
00001851_003.png,No Finding,3,1851,53,M,AP,2500,2048,0.168,0.168,0,0,0,0,0,0,0,0,0,0,0,0,0,0,0
00001852_000.png,No Finding,0,1852,48,M,PA,2500,2048,0.168,0.168,0,0,0,0,0,0,0,0,0,0,0,0,0,0,0
00001853_000.png,Consolidation,0,1853,56,M,PA,2500,2048,0.171,0.171,1,0,0,0,0,0,0,0,0,1,0,0,0,0,0
00001854_000.png,Infiltration,0,1854,16,M,AP,2500,2048,0.168,0.168,1,0,0,0,1,0,0,0,0,0,0,0,0,0,0
00001854_001.png,No Finding,1,1854,16,M,AP,2048,2500,0.168,0.168,0,0,0,0,0,0,0,0,0,0,0,0,0,0,0
00001854_002.png,No Finding,2,1854,16,M,AP,2500,2048,0.168,0.168,0,0,0,0,0,0,0,0,0,0,0,0,0,0,0
00001854_003.png,No Finding,3,1854,16,M,AP,2048,2500,0.168,0.168,0,0,0,0,0,0,0,0,0,0,0,0,0,0,0
00001854_004.png,Nodule,4,1854,18,M,AP,2048,2500,0.168,0.168,1,0,0,0,0,0,1,0,0,0,0,0,0,0,0
00001855_000.png,No Finding,0,1855,11,M,AP,2500,2048,0.168,0.168,0,0,0,0,0,0,0,0,0,0,0,0,0,0,0
00001855_001.png,No Finding,1,1855,11,M,AP,2500,2048,0.168,0.168,0,0,0,0,0,0,0,0,0,0,0,0,0,0,0
00001855_002.png,No Finding,2,1855,11,M,AP,2500,2048,0.168,0.168,0,0,0,0,0,0,0,0,0,0,0,0,0,0,0
00001855_003.png,No Finding,3,1855,11,M,AP,2500,2048,0.168,0.168,0,0,0,0,0,0,0,0,0,0,0,0,0,0,0
00001855_004.png,No Finding,4,1855,11,M,PA,2048,2500,0.168,0.168,0,0,0,0,0,0,0,0,0,0,0,0,0,0,0
00001855_005.png,No Finding,5,1855,11,M,AP,2500,2048,0.168,0.168,0,0,0,0,0,0,0,0,0,0,0,0,0,0,0
00001855_006.png,Consolidation,6,1855,12,M,AP,2048,2500,0.168,0.168,1,0,0,0,0,0,0,0,0,1,0,0,0,0,0
00001855_007.png,No Finding,7,1855,12,M,AP,2048,2500,0.168,0.168,0,0,0,0,0,0,0,0,0,0,0,0,0,0,0
00001855_008.png,Pneumonia,8,1855,12,M,PA,2048,2500,0.168,0.168,1,0,0,0,0,0,0,1,0,0,0,0,0,0,0
00001855_009.png,No Finding,9,1855,12,M,AP,2048,2500,0.168,0.168,0,0,0,0,0,0,0,0,0,0,0,0,0,0,0
00001855_010.png,Infiltration,10,1855,12,M,AP,2048,2500,0.168,0.168,1,0,0,0,1,0,0,0,0,0,0,0,0,0,0
00001855_011.png,Effusion|Infiltration,11,1855,12,M,AP,2500,2048,0.168,0.168,1,0,0,1,1,0,0,0,0,0,0,0,0,0,0
00001855_012.png,No Finding,12,1855,12,M,AP,2500,2048,0.168,0.168,0,0,0,0,0,0,0,0,0,0,0,0,0,0,0
00001855_013.png,No Finding,13,1855,12,M,PA,2048,2500,0.168,0.168,0,0,0,0,0,0,0,0,0,0,0,0,0,0,0
00001855_014.png,Infiltration,14,1855,12,M,PA,2048,2500,0.168,0.168,1,0,0,0,1,0,0,0,0,0,0,0,0,0,0
00001855_015.png,No Finding,15,1855,12,M,AP,2500,2048,0.168,0.168,0,0,0,0,0,0,0,0,0,0,0,0,0,0,0
00001855_016.png,Infiltration,16,1855,12,M,AP,2048,2500,0.168,0.168,1,0,0,0,1,0,0,0,0,0,0,0,0,0,0
00001855_017.png,No Finding,17,1855,12,M,AP,2500,2048,0.168,0.168,0,0,0,0,0,0,0,0,0,0,0,0,0,0,0
00001855_018.png,Infiltration,18,1855,12,M,AP,2500,2048,0.168,0.168,1,0,0,0,1,0,0,0,0,0,0,0,0,0,0
00001855_019.png,Cardiomegaly|Infiltration,19,1855,12,M,AP,2500,2048,0.168,0.168,1,0,1,0,1,0,0,0,0,0,0,0,0,0,0
00001855_020.png,No Finding,20,1855,12,M,AP,2048,2500,0.168,0.168,0,0,0,0,0,0,0,0,0,0,0,0,0,0,0
00001855_021.png,No Finding,21,1855,12,M,AP,2500,2048,0.168,0.168,0,0,0,0,0,0,0,0,0,0,0,0,0,0,0
00001855_024.png,Infiltration,24,1855,12,M,AP,2500,2048,0.168,0.168,1,0,0,0,1,0,0,0,0,0,0,0,0,0,0
00001855_025.png,Infiltration,25,1855,12,M,AP,2500,2048,0.168,0.168,1,0,0,0,1,0,0,0,0,0,0,0,0,0,0
00001855_026.png,Infiltration,26,1855,12,M,AP,2500,2048,0.168,0.168,1,0,0,0,1,0,0,0,0,0,0,0,0,0,0
00001855_027.png,No Finding,27,1855,12,M,AP,2048,2500,0.168,0.168,0,0,0,0,0,0,0,0,0,0,0,0,0,0,0
00001855_028.png,No Finding,28,1855,12,M,AP,2048,2500,0.168,0.168,0,0,0,0,0,0,0,0,0,0,0,0,0,0,0
00001855_029.png,Infiltration,29,1855,12,M,AP,2048,2500,0.168,0.168,1,0,0,0,1,0,0,0,0,0,0,0,0,0,0
00001855_036.png,Infiltration,36,1855,12,M,AP,2048,2500,0.168,0.168,1,0,0,0,1,0,0,0,0,0,0,0,0,0,0
00001855_037.png,Edema|Pneumonia,37,1855,12,M,AP,2048,2500,0.168,0.168,1,0,0,0,0,0,0,1,0,0,1,0,0,0,0
00001855_038.png,No Finding,38,1855,12,M,AP,2500,2048,0.168,0.168,0,0,0,0,0,0,0,0,0,0,0,0,0,0,0
00001856_000.png,No Finding,0,1856,34,F,PA,2606,2991,0.143,0.143,0,0,0,0,0,0,0,0,0,0,0,0,0,0,0
00001857_000.png,Infiltration,0,1857,63,M,AP,2048,2500,0.171,0.171,1,0,0,0,1,0,0,0,0,0,0,0,0,0,0
00001857_001.png,Infiltration,1,1857,63,M,AP,2500,2048,0.171,0.171,1,0,0,0,1,0,0,0,0,0,0,0,0,0,0
00001858_000.png,No Finding,0,1858,66,F,PA,1669,2021,0.1943109999999999,0.1943109999999999,0,0,0,0,0,0,0,0,0,0,0,0,0,0,0
00001858_001.png,No Finding,1,1858,66,F,PA,2021,2021,0.1943109999999999,0.1943109999999999,0,0,0,0,0,0,0,0,0,0,0,0,0,0,0
00001859_000.png,Infiltration,0,1859,59,M,AP,2500,2048,0.171,0.171,1,0,0,0,1,0,0,0,0,0,0,0,0,0,0
00001859_001.png,No Finding,1,1859,59,M,AP,2500,2048,0.171,0.171,0,0,0,0,0,0,0,0,0,0,0,0,0,0,0
00001859_002.png,Infiltration,2,1859,59,M,AP,2500,2048,0.171,0.171,1,0,0,0,1,0,0,0,0,0,0,0,0,0,0
00001861_000.png,No Finding,0,1861,37,M,PA,2992,2991,0.143,0.143,0,0,0,0,0,0,0,0,0,0,0,0,0,0,0
00001861_001.png,No Finding,1,1861,37,M,PA,2992,2733,0.143,0.143,0,0,0,0,0,0,0,0,0,0,0,0,0,0,0
00001863_000.png,No Finding,0,1863,41,M,PA,2500,2048,0.168,0.168,0,0,0,0,0,0,0,0,0,0,0,0,0,0,0
00001863_001.png,Infiltration,1,1863,43,M,PA,2992,2991,0.143,0.143,1,0,0,0,1,0,0,0,0,0,0,0,0,0,0
00001864_000.png,No Finding,0,1864,57,M,PA,2500,2048,0.171,0.171,0,0,0,0,0,0,0,0,0,0,0,0,0,0,0
00001864_001.png,No Finding,1,1864,59,M,AP,2500,2048,0.168,0.168,0,0,0,0,0,0,0,0,0,0,0,0,0,0,0
00001864_002.png,No Finding,2,1864,59,M,AP,2500,2048,0.168,0.168,0,0,0,0,0,0,0,0,0,0,0,0,0,0,0
00001864_003.png,No Finding,3,1864,59,M,PA,2500,2048,0.168,0.168,0,0,0,0,0,0,0,0,0,0,0,0,0,0,0
00001866_000.png,Effusion,0,1866,59,F,PA,2048,2500,0.171,0.171,1,0,0,1,0,0,0,0,0,0,0,0,0,0,0
00001866_001.png,Consolidation|Effusion,1,1866,60,F,AP,2500,2048,0.171,0.171,1,0,0,1,0,0,0,0,0,1,0,0,0,0,0
00001867_000.png,No Finding,0,1867,33,F,PA,2992,2991,0.143,0.143,0,0,0,0,0,0,0,0,0,0,0,0,0,0,0
00001868_000.png,Cardiomegaly,0,1868,55,F,PA,2500,2048,0.171,0.171,1,0,1,0,0,0,0,0,0,0,0,0,0,0,0
00001869_000.png,No Finding,0,1869,24,M,PA,2500,2048,0.171,0.171,0,0,0,0,0,0,0,0,0,0,0,0,0,0,0
00001871_000.png,No Finding,0,1871,49,F,PA,2992,2991,0.143,0.143,0,0,0,0,0,0,0,0,0,0,0,0,0,0,0
00001872_003.png,No Finding,0,1872,39,M,PA,2500,2048,0.168,0.168,0,0,0,0,0,0,0,0,0,0,0,0,0,0,0
00001872_004.png,Infiltration|Pneumonia,1,1872,39,M,PA,2500,2048,0.168,0.168,1,0,0,0,1,0,0,1,0,0,0,0,0,0,0
00001872_005.png,No Finding,2,1872,39,M,PA,2500,2048,0.168,0.168,0,0,0,0,0,0,0,0,0,0,0,0,0,0,0
00001872_006.png,No Finding,3,1872,39,M,PA,2500,2048,0.168,0.168,0,0,0,0,0,0,0,0,0,0,0,0,0,0,0
00001872_007.png,No Finding,4,1872,39,M,PA,2048,2500,0.168,0.168,0,0,0,0,0,0,0,0,0,0,0,0,0,0,0
00001872_008.png,No Finding,5,1872,39,M,PA,2500,2048,0.168,0.168,0,0,0,0,0,0,0,0,0,0,0,0,0,0,0
00001872_009.png,No Finding,6,1872,39,M,PA,2500,2048,0.168,0.168,0,0,0,0,0,0,0,0,0,0,0,0,0,0,0
00001872_010.png,Infiltration,7,1872,39,M,PA,2500,2048,0.168,0.168,1,0,0,0,1,0,0,0,0,0,0,0,0,0,0
00001872_011.png,No Finding,8,1872,39,M,PA,2500,2048,0.168,0.168,0,0,0,0,0,0,0,0,0,0,0,0,0,0,0
00001872_013.png,No Finding,10,1872,40,M,PA,2500,2048,0.168,0.168,0,0,0,0,0,0,0,0,0,0,0,0,0,0,0
00001872_014.png,No Finding,11,1872,41,M,PA,2992,2991,0.143,0.143,0,0,0,0,0,0,0,0,0,0,0,0,0,0,0
00001872_000.png,No Finding,12,1872,50,M,AP,3056,2544,0.139,0.139,0,0,0,0,0,0,0,0,0,0,0,0,0,0,0
00001875_001.png,Mass,0,1875,8,M,AP,2500,2048,0.168,0.168,1,0,0,0,0,1,0,0,0,0,0,0,0,0,0
00001875_002.png,Infiltration|Nodule,1,1875,16,M,PA,2544,3056,0.139,0.139,1,0,0,0,1,0,1,0,0,0,0,0,0,0,0
00001875_003.png,Infiltration,2,1875,16,M,AP,2500,2048,0.168,0.168,1,0,0,0,1,0,0,0,0,0,0,0,0,0,0
00001875_004.png,Infiltration,3,1875,16,M,PA,2894,2991,0.143,0.143,1,0,0,0,1,0,0,0,0,0,0,0,0,0,0
00001875_000.png,Infiltration,4,1875,18,M,PA,2992,2991,0.143,0.143,1,0,0,0,1,0,0,0,0,0,0,0,0,0,0
00001876_000.png,Infiltration,0,1876,54,M,PA,2048,2500,0.171,0.171,1,0,0,0,1,0,0,0,0,0,0,0,0,0,0
00001879_001.png,No Finding,0,1879,66,F,PA,2854,2381,0.143,0.143,0,0,0,0,0,0,0,0,0,0,0,0,0,0,0
00001879_002.png,Fibrosis|Infiltration,1,1879,67,F,PA,2602,2557,0.143,0.143,1,0,0,0,1,0,0,0,0,0,0,0,1,0,0
00001879_000.png,No Finding,2,1879,74,F,PA,2544,3056,0.139,0.139,0,0,0,0,0,0,0,0,0,0,0,0,0,0,0
00001880_000.png,No Finding,0,1880,9,M,PA,2048,2500,0.171,0.171,0,0,0,0,0,0,0,0,0,0,0,0,0,0,0
00001880_001.png,No Finding,1,1880,9,M,AP,2048,2500,0.171,0.171,0,0,0,0,0,0,0,0,0,0,0,0,0,0,0
00001880_002.png,No Finding,2,1880,9,M,AP,2048,2500,0.171,0.171,0,0,0,0,0,0,0,0,0,0,0,0,0,0,0
00001880_003.png,Edema,3,1880,9,M,AP,2048,2500,0.171,0.171,1,0,0,0,0,0,0,0,0,0,1,0,0,0,0
00001880_004.png,No Finding,4,1880,9,M,PA,2048,2500,0.168,0.168,0,0,0,0,0,0,0,0,0,0,0,0,0,0,0
00001880_005.png,Infiltration,5,1880,10,M,PA,2048,2500,0.168,0.168,1,0,0,0,1,0,0,0,0,0,0,0,0,0,0
00001880_006.png,No Finding,6,1880,15,M,PA,2720,2612,0.143,0.143,0,0,0,0,0,0,0,0,0,0,0,0,0,0,0
00001881_000.png,No Finding,0,1881,35,M,PA,2500,2048,0.168,0.168,0,0,0,0,0,0,0,0,0,0,0,0,0,0,0
00001882_001.png,Infiltration,0,1882,26,M,PA,2048,2500,0.171,0.171,1,0,0,0,1,0,0,0,0,0,0,0,0,0,0
00001882_000.png,No Finding,2,1882,39,M,PA,2021,2021,0.1943109999999999,0.1943109999999999,0,0,0,0,0,0,0,0,0,0,0,0,0,0,0
00001884_000.png,Infiltration,0,1884,53,M,PA,2500,2048,0.168,0.168,1,0,0,0,1,0,0,0,0,0,0,0,0,0,0
00001884_001.png,No Finding,1,1884,54,M,PA,2766,2991,0.143,0.143,0,0,0,0,0,0,0,0,0,0,0,0,0,0,0
00001884_002.png,Infiltration,2,1884,56,M,PA,2992,2991,0.143,0.143,1,0,0,0,1,0,0,0,0,0,0,0,0,0,0
00001885_000.png,No Finding,0,1885,47,F,AP,2500,2048,0.168,0.168,0,0,0,0,0,0,0,0,0,0,0,0,0,0,0
00001885_001.png,No Finding,1,1885,49,F,PA,2482,2991,0.143,0.143,0,0,0,0,0,0,0,0,0,0,0,0,0,0,0
00001886_000.png,No Finding,0,1886,41,F,PA,2992,2991,0.143,0.143,0,0,0,0,0,0,0,0,0,0,0,0,0,0,0
00001889_000.png,No Finding,0,1889,74,M,PA,2500,2048,0.171,0.171,0,0,0,0,0,0,0,0,0,0,0,0,0,0,0
00001890_000.png,No Finding,0,1890,43,M,PA,2500,2048,0.171,0.171,0,0,0,0,0,0,0,0,0,0,0,0,0,0,0
00001893_000.png,No Finding,0,1893,65,M,PA,2742,2991,0.143,0.143,0,0,0,0,0,0,0,0,0,0,0,0,0,0,0
00001894_000.png,Pleural_Thickening,0,1894,34,F,PA,2048,2500,0.168,0.168,1,0,0,0,0,0,0,0,0,0,0,0,0,1,0
00001894_001.png,No Finding,1,1894,35,F,PA,2048,2500,0.168,0.168,0,0,0,0,0,0,0,0,0,0,0,0,0,0,0
00001894_002.png,Pneumothorax,2,1894,36,F,PA,2550,2693,0.143,0.143,1,0,0,0,0,0,0,0,1,0,0,0,0,0,0
00001894_003.png,Pneumothorax,3,1894,38,F,PA,2990,2991,0.143,0.143,1,0,0,0,0,0,0,0,1,0,0,0,0,0,0
00001894_004.png,Pneumothorax,4,1894,38,F,PA,2992,2991,0.143,0.143,1,0,0,0,0,0,0,0,1,0,0,0,0,0,0
00001894_005.png,Effusion|Fibrosis,5,1894,39,F,PA,2992,2991,0.143,0.143,1,0,0,1,0,0,0,0,0,0,0,0,1,0,0
00001896_001.png,No Finding,0,1896,58,F,PA,2048,2500,0.168,0.168,0,0,0,0,0,0,0,0,0,0,0,0,0,0,0
00001896_002.png,Fibrosis,1,1896,65,F,PA,2992,2991,0.143,0.143,1,0,0,0,0,0,0,0,0,0,0,0,1,0,0
00001896_000.png,Pneumothorax,2,1896,66,F,PA,2992,2991,0.143,0.143,1,0,0,0,0,0,0,0,1,0,0,0,0,0,0
00001898_000.png,No Finding,0,1898,17,F,PA,2048,2500,0.171,0.171,0,0,0,0,0,0,0,0,0,0,0,0,0,0,0
00001899_000.png,No Finding,0,1899,53,F,PA,2808,2874,0.143,0.143,0,0,0,0,0,0,0,0,0,0,0,0,0,0,0
00001900_001.png,No Finding,1,1900,47,M,AP,2500,2048,0.171,0.171,0,0,0,0,0,0,0,0,0,0,0,0,0,0,0
00001900_002.png,No Finding,2,1900,48,M,PA,2500,2048,0.171,0.171,0,0,0,0,0,0,0,0,0,0,0,0,0,0,0
00001900_003.png,No Finding,3,1900,48,M,AP,2500,2048,0.171,0.171,0,0,0,0,0,0,0,0,0,0,0,0,0,0,0
00001900_004.png,No Finding,4,1900,48,M,AP,2500,2048,0.171,0.171,0,0,0,0,0,0,0,0,0,0,0,0,0,0,0
00001900_005.png,No Finding,5,1900,48,M,AP,2500,2048,0.171,0.171,0,0,0,0,0,0,0,0,0,0,0,0,0,0,0
00001900_007.png,No Finding,7,1900,49,M,AP,2500,2048,0.168,0.168,0,0,0,0,0,0,0,0,0,0,0,0,0,0,0
00001900_008.png,No Finding,8,1900,49,M,AP,2500,2048,0.168,0.168,0,0,0,0,0,0,0,0,0,0,0,0,0,0,0
00001900_012.png,Edema|Effusion,12,1900,51,M,AP,2500,2048,0.168,0.168,1,0,0,1,0,0,0,0,0,0,1,0,0,0,0
00001900_013.png,Edema|Infiltration|Mass,13,1900,51,M,AP,2500,2048,0.168,0.168,1,0,0,0,1,1,0,0,0,0,1,0,0,0,0
00001900_014.png,Mass,14,1900,51,M,AP,2500,2048,0.168,0.168,1,0,0,0,0,1,0,0,0,0,0,0,0,0,0
00001900_015.png,Mass,15,1900,51,M,AP,2500,2048,0.168,0.168,1,0,0,0,0,1,0,0,0,0,0,0,0,0,0
00001900_017.png,Infiltration|Nodule,17,1900,51,M,AP,2500,2048,0.168,0.168,1,0,0,0,1,0,1,0,0,0,0,0,0,0,0
00001900_018.png,Effusion|Mass,18,1900,51,M,PA,2992,2991,0.143,0.143,1,0,0,1,0,1,0,0,0,0,0,0,0,0,0
00001900_019.png,No Finding,19,1900,51,M,PA,2992,2991,0.143,0.143,0,0,0,0,0,0,0,0,0,0,0,0,0,0,0
00001900_020.png,Mass|Nodule,20,1900,51,M,AP,2500,2048,0.168,0.168,1,0,0,0,0,1,1,0,0,0,0,0,0,0,0
00001900_021.png,Mass,21,1900,52,M,PA,2992,2991,0.143,0.143,1,0,0,0,0,1,0,0,0,0,0,0,0,0,0
00001900_022.png,No Finding,22,1900,52,M,PA,2992,2991,0.143,0.143,0,0,0,0,0,0,0,0,0,0,0,0,0,0,0
00001900_023.png,Consolidation|Effusion,23,1900,52,M,PA,2992,2991,0.143,0.143,1,0,0,1,0,0,0,0,0,1,0,0,0,0,0
00001900_025.png,Effusion,25,1900,52,M,PA,2990,2991,0.143,0.143,1,0,0,1,0,0,0,0,0,0,0,0,0,0,0
00001900_026.png,Effusion|Infiltration,26,1900,52,M,PA,2992,2991,0.143,0.143,1,0,0,1,1,0,0,0,0,0,0,0,0,0,0
00001900_027.png,Pneumothorax,27,1900,52,M,PA,2992,2991,0.143,0.143,1,0,0,0,0,0,0,0,1,0,0,0,0,0,0
00001900_028.png,Effusion|Hernia|Mass|Pleural_Thickening,28,1900,52,M,PA,2992,2991,0.143,0.143,1,0,0,1,0,1,0,0,0,0,0,0,0,1,1
00001900_031.png,Infiltration,31,1900,52,M,AP,2500,2048,0.168,0.168,1,0,0,0,1,0,0,0,0,0,0,0,0,0,0
00001900_032.png,Infiltration,32,1900,52,M,AP,2500,2048,0.168,0.168,1,0,0,0,1,0,0,0,0,0,0,0,0,0,0
00001900_033.png,Pleural_Thickening,33,1900,52,M,AP,2500,2048,0.168,0.168,1,0,0,0,0,0,0,0,0,0,0,0,0,1,0
00001900_034.png,Effusion|Pleural_Thickening,34,1900,52,M,AP,2500,2048,0.168,0.168,1,0,0,1,0,0,0,0,0,0,0,0,0,1,0
00001900_035.png,Mass|Pleural_Thickening,35,1900,52,M,AP,2500,2048,0.168,0.168,1,0,0,0,0,1,0,0,0,0,0,0,0,1,0
00001900_036.png,Effusion|Nodule,36,1900,52,M,PA,2990,2991,0.143,0.143,1,0,0,1,0,0,1,0,0,0,0,0,0,0,0
00001900_037.png,Effusion|Infiltration,37,1900,52,M,PA,2992,2991,0.143,0.143,1,0,0,1,1,0,0,0,0,0,0,0,0,0,0
00001900_038.png,Effusion|Mass|Pleural_Thickening,38,1900,52,M,PA,2992,2991,0.143,0.143,1,0,0,1,0,1,0,0,0,0,0,0,0,1,0
00001901_002.png,Fibrosis,0,1901,48,F,PA,2048,2500,0.171,0.171,1,0,0,0,0,0,0,0,0,0,0,0,1,0,0
00001901_003.png,Pleural_Thickening,1,1901,50,F,PA,2048,2500,0.168,0.168,1,0,0,0,0,0,0,0,0,0,0,0,0,1,0
00001901_004.png,No Finding,2,1901,51,F,PA,2670,2739,0.143,0.143,0,0,0,0,0,0,0,0,0,0,0,0,0,0,0
00001901_005.png,No Finding,3,1901,53,F,PA,2992,2991,0.143,0.143,0,0,0,0,0,0,0,0,0,0,0,0,0,0,0
00001901_006.png,Pleural_Thickening,4,1901,54,F,PA,2992,2991,0.143,0.143,1,0,0,0,0,0,0,0,0,0,0,0,0,1,0
00001901_007.png,Fibrosis,5,1901,56,F,PA,2500,2048,0.168,0.168,1,0,0,0,0,0,0,0,0,0,0,0,1,0,0
00001901_000.png,No Finding,6,1901,58,F,PA,2992,2991,0.143,0.143,0,0,0,0,0,0,0,0,0,0,0,0,0,0,0
00001901_001.png,Infiltration,7,1901,59,F,PA,2021,2021,0.194314,0.194314,1,0,0,0,1,0,0,0,0,0,0,0,0,0,0
00001902_000.png,No Finding,0,1902,13,F,PA,2048,2500,0.171,0.171,0,0,0,0,0,0,0,0,0,0,0,0,0,0,0
00001904_000.png,No Finding,0,1904,68,F,PA,2992,2991,0.143,0.143,0,0,0,0,0,0,0,0,0,0,0,0,0,0,0
00001905_000.png,No Finding,0,1905,50,F,PA,2992,2991,0.143,0.143,0,0,0,0,0,0,0,0,0,0,0,0,0,0,0
00001907_000.png,No Finding,0,1907,42,F,PA,2048,2500,0.168,0.168,0,0,0,0,0,0,0,0,0,0,0,0,0,0,0
00001907_001.png,No Finding,1,1907,45,F,PA,2610,2991,0.143,0.143,0,0,0,0,0,0,0,0,0,0,0,0,0,0,0
00001909_000.png,No Finding,0,1909,26,F,AP,2500,2048,0.168,0.168,0,0,0,0,0,0,0,0,0,0,0,0,0,0,0
00001911_000.png,No Finding,0,1911,63,F,PA,2098,2991,0.143,0.143,0,0,0,0,0,0,0,0,0,0,0,0,0,0,0
00001911_001.png,No Finding,1,1911,63,F,AP,2988,2544,0.139,0.139,0,0,0,0,0,0,0,0,0,0,0,0,0,0,0
00001911_004.png,No Finding,4,1911,63,F,AP,3052,2520,0.139,0.139,0,0,0,0,0,0,0,0,0,0,0,0,0,0,0
00001911_005.png,Infiltration,5,1911,63,F,AP,3056,2544,0.139,0.139,1,0,0,0,1,0,0,0,0,0,0,0,0,0,0
00001911_008.png,No Finding,8,1911,63,F,PA,2382,2553,0.143,0.143,0,0,0,0,0,0,0,0,0,0,0,0,0,0,0
00001911_009.png,No Finding,9,1911,63,F,PA,2450,2746,0.143,0.143,0,0,0,0,0,0,0,0,0,0,0,0,0,0,0
00001911_010.png,No Finding,10,1911,63,F,PA,2485,2822,0.139,0.139,0,0,0,0,0,0,0,0,0,0,0,0,0,0,0
00001911_012.png,No Finding,12,1911,63,F,PA,2544,2696,0.139,0.139,0,0,0,0,0,0,0,0,0,0,0,0,0,0,0
00001911_013.png,Cardiomegaly|Effusion|Infiltration,13,1911,63,F,PA,2634,2991,0.143,0.143,1,0,1,1,1,0,0,0,0,0,0,0,0,0,0
00001911_014.png,Edema|Infiltration,14,1911,63,F,AP,3056,2544,0.139,0.139,1,0,0,0,1,0,0,0,0,0,1,0,0,0,0
00001912_001.png,No Finding,1,1912,55,F,PA,2992,2991,0.143,0.143,0,0,0,0,0,0,0,0,0,0,0,0,0,0,0
00001912_002.png,No Finding,2,1912,55,F,PA,2992,2991,0.143,0.143,0,0,0,0,0,0,0,0,0,0,0,0,0,0,0
00001912_003.png,No Finding,3,1912,57,F,PA,2992,2991,0.143,0.143,0,0,0,0,0,0,0,0,0,0,0,0,0,0,0
00001912_004.png,No Finding,4,1912,58,F,PA,2946,2991,0.143,0.143,0,0,0,0,0,0,0,0,0,0,0,0,0,0,0
00001912_005.png,No Finding,5,1912,59,F,PA,2992,2991,0.143,0.143,0,0,0,0,0,0,0,0,0,0,0,0,0,0,0
00001912_006.png,Pneumothorax,6,1912,61,F,PA,2992,2991,0.143,0.143,1,0,0,0,0,0,0,0,1,0,0,0,0,0,0
00001914_000.png,No Finding,0,1914,21,M,AP,2500,2048,0.171,0.171,0,0,0,0,0,0,0,0,0,0,0,0,0,0,0
00001915_000.png,No Finding,0,1915,59,F,PA,2480,3056,0.139,0.139,0,0,0,0,0,0,0,0,0,0,0,0,0,0,0
00001918_000.png,No Finding,0,1918,44,F,PA,2544,3056,0.139,0.139,0,0,0,0,0,0,0,0,0,0,0,0,0,0,0
00001920_000.png,No Finding,0,1920,27,F,PA,2048,2500,0.171,0.171,0,0,0,0,0,0,0,0,0,0,0,0,0,0,0
00001920_001.png,Nodule,1,1920,28,F,PA,2500,2048,0.171,0.171,1,0,0,0,0,0,1,0,0,0,0,0,0,0,0
00001921_001.png,No Finding,0,1921,40,M,AP,2500,2048,0.171,0.171,0,0,0,0,0,0,0,0,0,0,0,0,0,0,0
00001921_000.png,No Finding,1,1921,40,M,AP,2500,2048,0.171,0.171,0,0,0,0,0,0,0,0,0,0,0,0,0,0,0
00001921_002.png,No Finding,2,1921,40,M,AP,2500,2048,0.168,0.168,0,0,0,0,0,0,0,0,0,0,0,0,0,0,0
00001921_003.png,No Finding,3,1921,40,M,AP,2500,2048,0.171,0.171,0,0,0,0,0,0,0,0,0,0,0,0,0,0,0
00001921_004.png,No Finding,4,1921,40,M,AP,2500,2048,0.171,0.171,0,0,0,0,0,0,0,0,0,0,0,0,0,0,0
00001921_005.png,No Finding,5,1921,40,M,AP,2500,2048,0.171,0.171,0,0,0,0,0,0,0,0,0,0,0,0,0,0,0
00001921_006.png,No Finding,6,1921,40,M,AP,2500,2048,0.171,0.171,0,0,0,0,0,0,0,0,0,0,0,0,0,0,0
00001921_007.png,No Finding,7,1921,40,M,AP,2500,2048,0.171,0.171,0,0,0,0,0,0,0,0,0,0,0,0,0,0,0
00001924_000.png,No Finding,0,1924,61,F,PA,2048,2500,0.171,0.171,0,0,0,0,0,0,0,0,0,0,0,0,0,0,0
00001925_000.png,No Finding,0,1925,27,F,PA,2992,2991,0.143,0.143,0,0,0,0,0,0,0,0,0,0,0,0,0,0,0
00001925_001.png,No Finding,1,1925,28,F,PA,2048,2500,0.168,0.168,0,0,0,0,0,0,0,0,0,0,0,0,0,0,0
00001926_000.png,No Finding,0,1926,55,M,AP,2500,2048,0.168,0.168,0,0,0,0,0,0,0,0,0,0,0,0,0,0,0
00001927_000.png,No Finding,0,1927,65,F,PA,2048,2500,0.171,0.171,0,0,0,0,0,0,0,0,0,0,0,0,0,0,0
00001928_000.png,No Finding,0,1928,51,M,PA,2500,2048,0.168,0.168,0,0,0,0,0,0,0,0,0,0,0,0,0,0,0
00001929_000.png,Emphysema,0,1929,76,F,PA,2992,2991,0.143,0.143,1,0,0,0,0,0,0,0,0,0,0,1,0,0,0
00001931_000.png,No Finding,0,1931,22,M,PA,2500,2048,0.171,0.171,0,0,0,0,0,0,0,0,0,0,0,0,0,0,0
00001931_001.png,No Finding,1,1931,22,M,AP,2500,2048,0.171,0.171,0,0,0,0,0,0,0,0,0,0,0,0,0,0,0
00001931_002.png,No Finding,2,1931,22,M,AP,2500,2048,0.171,0.171,0,0,0,0,0,0,0,0,0,0,0,0,0,0,0
00001931_003.png,No Finding,3,1931,22,M,AP,2500,2048,0.171,0.171,0,0,0,0,0,0,0,0,0,0,0,0,0,0,0
00001931_004.png,No Finding,4,1931,22,M,AP,2500,2048,0.171,0.171,0,0,0,0,0,0,0,0,0,0,0,0,0,0,0
00001931_005.png,No Finding,5,1931,22,M,AP,2500,2048,0.171,0.171,0,0,0,0,0,0,0,0,0,0,0,0,0,0,0
00001931_006.png,No Finding,6,1931,22,M,AP,2500,2048,0.171,0.171,0,0,0,0,0,0,0,0,0,0,0,0,0,0,0
00001931_007.png,No Finding,7,1931,22,M,AP,2500,2048,0.171,0.171,0,0,0,0,0,0,0,0,0,0,0,0,0,0,0
00001931_008.png,No Finding,8,1931,22,M,AP,2500,2048,0.171,0.171,0,0,0,0,0,0,0,0,0,0,0,0,0,0,0
00001931_009.png,Infiltration,9,1931,22,M,AP,2500,2048,0.171,0.171,1,0,0,0,1,0,0,0,0,0,0,0,0,0,0
00001931_010.png,Infiltration,10,1931,22,M,AP,2500,2048,0.171,0.171,1,0,0,0,1,0,0,0,0,0,0,0,0,0,0
00001931_011.png,No Finding,11,1931,22,M,AP,2500,2048,0.171,0.171,0,0,0,0,0,0,0,0,0,0,0,0,0,0,0
00001931_012.png,No Finding,12,1931,22,M,AP,2500,2048,0.171,0.171,0,0,0,0,0,0,0,0,0,0,0,0,0,0,0
00001931_013.png,Infiltration,13,1931,22,M,AP,2048,2500,0.171,0.171,1,0,0,0,1,0,0,0,0,0,0,0,0,0,0
00001931_014.png,Effusion|Infiltration,14,1931,22,M,AP,2500,2048,0.171,0.171,1,0,0,1,1,0,0,0,0,0,0,0,0,0,0
00001931_015.png,Effusion|Infiltration,15,1931,22,M,PA,2048,2500,0.171,0.171,1,0,0,1,1,0,0,0,0,0,0,0,0,0,0
00001931_017.png,No Finding,17,1931,22,M,AP,2500,2048,0.171,0.171,0,0,0,0,0,0,0,0,0,0,0,0,0,0,0
00001931_018.png,Infiltration,18,1931,22,M,AP,2500,2048,0.171,0.171,1,0,0,0,1,0,0,0,0,0,0,0,0,0,0
00001931_019.png,Infiltration,19,1931,22,M,AP,2500,2048,0.171,0.171,1,0,0,0,1,0,0,0,0,0,0,0,0,0,0
00001931_020.png,No Finding,20,1931,22,M,AP,2500,2048,0.171,0.171,0,0,0,0,0,0,0,0,0,0,0,0,0,0,0
00001931_021.png,No Finding,21,1931,22,M,AP,2500,2048,0.171,0.171,0,0,0,0,0,0,0,0,0,0,0,0,0,0,0
00001931_022.png,No Finding,22,1931,22,M,AP,2500,2048,0.168,0.168,0,0,0,0,0,0,0,0,0,0,0,0,0,0,0
00001931_023.png,No Finding,23,1931,22,M,PA,2048,2500,0.168,0.168,0,0,0,0,0,0,0,0,0,0,0,0,0,0,0
00001931_024.png,No Finding,24,1931,23,M,PA,2500,2048,0.168,0.168,0,0,0,0,0,0,0,0,0,0,0,0,0,0,0
00001932_000.png,No Finding,0,1932,46,F,PA,2500,2048,0.168,0.168,0,0,0,0,0,0,0,0,0,0,0,0,0,0,0
00001933_000.png,Consolidation|Pneumonia,0,1933,40,F,PA,2570,2991,0.143,0.143,1,0,0,0,0,0,0,1,0,1,0,0,0,0,0
00001934_000.png,No Finding,0,1934,28,M,PA,2992,2991,0.143,0.143,0,0,0,0,0,0,0,0,0,0,0,0,0,0,0
00001934_001.png,No Finding,1,1934,31,M,PA,2992,2991,0.143,0.143,0,0,0,0,0,0,0,0,0,0,0,0,0,0,0
00001934_002.png,No Finding,2,1934,32,M,PA,2992,2991,0.143,0.143,0,0,0,0,0,0,0,0,0,0,0,0,0,0,0
00001934_003.png,No Finding,3,1934,34,M,PA,3056,2544,0.139,0.139,0,0,0,0,0,0,0,0,0,0,0,0,0,0,0
00001935_000.png,No Finding,0,1935,51,M,PA,2500,2048,0.168,0.168,0,0,0,0,0,0,0,0,0,0,0,0,0,0,0
00001935_001.png,No Finding,1,1935,52,M,PA,2906,2991,0.143,0.143,0,0,0,0,0,0,0,0,0,0,0,0,0,0,0
00001935_002.png,No Finding,2,1935,52,M,PA,2500,2048,0.168,0.168,0,0,0,0,0,0,0,0,0,0,0,0,0,0,0
00001936_000.png,No Finding,0,1936,40,M,PA,2500,2048,0.171,0.171,0,0,0,0,0,0,0,0,0,0,0,0,0,0,0
00001940_003.png,No Finding,0,1940,40,F,PA,2626,2597,0.143,0.143,0,0,0,0,0,0,0,0,0,0,0,0,0,0,0
00001940_004.png,No Finding,1,1940,46,F,PA,2992,2991,0.143,0.143,0,0,0,0,0,0,0,0,0,0,0,0,0,0,0
00001940_000.png,No Finding,2,1940,49,F,PA,2544,3056,0.139,0.139,0,0,0,0,0,0,0,0,0,0,0,0,0,0,0
00001940_001.png,No Finding,3,1940,49,F,AP,3056,2544,0.139,0.139,0,0,0,0,0,0,0,0,0,0,0,0,0,0,0
00001941_003.png,No Finding,0,1941,26,F,PA,2048,2500,0.171,0.171,0,0,0,0,0,0,0,0,0,0,0,0,0,0,0
00001941_004.png,No Finding,1,1941,31,F,PA,2992,2991,0.143,0.143,0,0,0,0,0,0,0,0,0,0,0,0,0,0,0
00001941_005.png,No Finding,2,1941,32,F,PA,2826,2797,0.143,0.143,0,0,0,0,0,0,0,0,0,0,0,0,0,0,0
00001941_006.png,No Finding,3,1941,32,F,PA,2992,2991,0.143,0.143,0,0,0,0,0,0,0,0,0,0,0,0,0,0,0
00001941_000.png,Infiltration,5,1941,35,F,PA,2990,2991,0.143,0.143,1,0,0,0,1,0,0,0,0,0,0,0,0,0,0
00001941_001.png,No Finding,6,1941,36,F,PA,2992,2991,0.143,0.143,0,0,0,0,0,0,0,0,0,0,0,0,0,0,0
00001941_002.png,No Finding,7,1941,38,F,PA,2021,2021,0.1943109999999999,0.1943109999999999,0,0,0,0,0,0,0,0,0,0,0,0,0,0,0
00001942_000.png,No Finding,0,1942,68,F,PA,2021,2021,0.1943109999999999,0.1943109999999999,0,0,0,0,0,0,0,0,0,0,0,0,0,0,0
00001943_000.png,No Finding,0,1943,33,M,PA,2992,2991,0.143,0.143,0,0,0,0,0,0,0,0,0,0,0,0,0,0,0
00001944_000.png,No Finding,0,1944,66,M,PA,2500,2048,0.168,0.168,0,0,0,0,0,0,0,0,0,0,0,0,0,0,0
00001944_001.png,Emphysema,1,1944,69,M,PA,2992,2845,0.143,0.143,1,0,0,0,0,0,0,0,0,0,0,1,0,0,0
00001944_002.png,No Finding,2,1944,69,M,PA,2992,2991,0.143,0.143,0,0,0,0,0,0,0,0,0,0,0,0,0,0,0
00001945_000.png,No Finding,0,1945,58,M,PA,2992,2991,0.143,0.143,0,0,0,0,0,0,0,0,0,0,0,0,0,0,0
00001945_001.png,Infiltration,1,1945,58,M,AP,2500,2048,0.168,0.168,1,0,0,0,1,0,0,0,0,0,0,0,0,0,0
00001946_000.png,No Finding,0,1946,10,M,AP,2500,2048,0.171,0.171,0,0,0,0,0,0,0,0,0,0,0,0,0,0,0
00001946_001.png,Consolidation,1,1946,12,M,AP,2500,2048,0.168,0.168,1,0,0,0,0,0,0,0,0,1,0,0,0,0,0
00001946_002.png,No Finding,2,1946,12,M,AP,2048,2500,0.168,0.168,0,0,0,0,0,0,0,0,0,0,0,0,0,0,0
00001946_003.png,Consolidation|Pleural_Thickening,3,1946,12,M,AP,2048,2500,0.168,0.168,1,0,0,0,0,0,0,0,0,1,0,0,0,1,0
00001946_004.png,Infiltration,4,1946,12,M,AP,2500,2048,0.168,0.168,1,0,0,0,1,0,0,0,0,0,0,0,0,0,0
00001946_005.png,No Finding,5,1946,13,M,AP,2500,2048,0.168,0.168,0,0,0,0,0,0,0,0,0,0,0,0,0,0,0
00001946_006.png,Infiltration,6,1946,16,M,AP,2048,2500,0.168,0.168,1,0,0,0,1,0,0,0,0,0,0,0,0,0,0
00001946_007.png,Pneumonia,7,1946,16,M,PA,2992,2991,0.143,0.143,1,0,0,0,0,0,0,1,0,0,0,0,0,0,0
00001946_008.png,No Finding,8,1946,17,M,PA,2992,2991,0.143,0.143,0,0,0,0,0,0,0,0,0,0,0,0,0,0,0
00001946_009.png,No Finding,9,1946,18,M,PA,2048,2500,0.168,0.168,0,0,0,0,0,0,0,0,0,0,0,0,0,0,0
00001946_010.png,Infiltration|Pneumothorax,10,1946,18,M,PA,2048,2500,0.168,0.168,1,0,0,0,1,0,0,0,1,0,0,0,0,0,0
00001946_011.png,Pneumothorax,11,1946,18,M,AP,2500,2048,0.168,0.168,1,0,0,0,0,0,0,0,1,0,0,0,0,0,0
00001946_012.png,No Finding,12,1946,18,M,AP,2500,2048,0.168,0.168,0,0,0,0,0,0,0,0,0,0,0,0,0,0,0
00001946_013.png,Infiltration,13,1946,18,M,PA,2382,2991,0.143,0.143,1,0,0,0,1,0,0,0,0,0,0,0,0,0,0
00001946_014.png,Infiltration,14,1946,18,M,AP,2500,2048,0.168,0.168,1,0,0,0,1,0,0,0,0,0,0,0,0,0,0
00001946_015.png,Infiltration|Pleural_Thickening|Pneumonia,15,1946,19,M,PA,2544,2856,0.139,0.139,1,0,0,0,1,0,0,1,0,0,0,0,0,1,0
00001946_016.png,Infiltration|Pneumothorax,16,1946,19,M,AP,3038,2544,0.139,0.139,1,0,0,0,1,0,0,0,1,0,0,0,0,0,0
00001946_017.png,No Finding,17,1946,19,M,AP,3056,2544,0.139,0.139,0,0,0,0,0,0,0,0,0,0,0,0,0,0,0
00001946_018.png,Infiltration|Pneumonia,18,1946,19,M,PA,2634,2501,0.143,0.143,1,0,0,0,1,0,0,1,0,0,0,0,0,0,0
00001946_019.png,Infiltration|Pleural_Thickening,19,1946,19,M,PA,2892,2937,0.143,0.143,1,0,0,0,1,0,0,0,0,0,0,0,0,1,0
00001946_020.png,No Finding,20,1946,19,M,AP,2544,3048,0.139,0.139,0,0,0,0,0,0,0,0,0,0,0,0,0,0,0
00001946_021.png,No Finding,21,1946,19,M,AP,3056,2544,0.139,0.139,0,0,0,0,0,0,0,0,0,0,0,0,0,0,0
00001946_022.png,No Finding,22,1946,19,M,AP,2844,2496,0.139,0.139,0,0,0,0,0,0,0,0,0,0,0,0,0,0,0
00001946_023.png,No Finding,23,1946,19,M,AP,2804,2544,0.139,0.139,0,0,0,0,0,0,0,0,0,0,0,0,0,0,0
00001946_024.png,Pneumonia,24,1946,19,M,AP,3056,2544,0.139,0.139,1,0,0,0,0,0,0,1,0,0,0,0,0,0,0
00001946_025.png,Infiltration,25,1946,19,M,AP,3012,2544,0.139,0.139,1,0,0,0,1,0,0,0,0,0,0,0,0,0,0
00001946_026.png,Consolidation|Infiltration,26,1946,19,M,AP,3056,2544,0.139,0.139,1,0,0,0,1,0,0,0,0,1,0,0,0,0,0
00001946_027.png,No Finding,27,1946,19,M,AP,3056,2544,0.139,0.139,0,0,0,0,0,0,0,0,0,0,0,0,0,0,0
00001946_028.png,No Finding,28,1946,19,M,AP,3056,2544,0.139,0.139,0,0,0,0,0,0,0,0,0,0,0,0,0,0,0
00001946_029.png,Pneumothorax,29,1946,19,M,AP,3056,2544,0.139,0.139,1,0,0,0,0,0,0,0,1,0,0,0,0,0,0
00001946_030.png,No Finding,30,1946,19,M,AP,3056,2544,0.139,0.139,0,0,0,0,0,0,0,0,0,0,0,0,0,0,0
00001946_031.png,Infiltration,31,1946,19,M,AP,2896,2544,0.139,0.139,1,0,0,0,1,0,0,0,0,0,0,0,0,0,0
00001947_000.png,No Finding,0,1947,60,F,PA,2021,2021,0.1943109999999999,0.1943109999999999,0,0,0,0,0,0,0,0,0,0,0,0,0,0,0
00001950_000.png,Infiltration,0,1950,56,M,PA,2048,2500,0.171,0.171,1,0,0,0,1,0,0,0,0,0,0,0,0,0,0
00001950_001.png,No Finding,1,1950,56,M,PA,2500,2048,0.171,0.171,0,0,0,0,0,0,0,0,0,0,0,0,0,0,0
00001950_002.png,No Finding,2,1950,57,M,AP,2500,2048,0.171,0.171,0,0,0,0,0,0,0,0,0,0,0,0,0,0,0
00001950_003.png,No Finding,3,1950,57,M,AP,2500,2048,0.171,0.171,0,0,0,0,0,0,0,0,0,0,0,0,0,0,0
00001950_004.png,No Finding,4,1950,57,M,PA,2048,2500,0.171,0.171,0,0,0,0,0,0,0,0,0,0,0,0,0,0,0
00001950_005.png,No Finding,5,1950,57,M,AP,2500,2048,0.171,0.171,0,0,0,0,0,0,0,0,0,0,0,0,0,0,0
00001951_001.png,Mass|Pneumothorax,0,1951,13,M,AP,2500,2048,0.171,0.171,1,0,0,0,0,1,0,0,1,0,0,0,0,0,0
00001951_002.png,Mass|Pneumothorax,1,1951,13,M,AP,2048,2500,0.171,0.171,1,0,0,0,0,1,0,0,1,0,0,0,0,0,0
00001951_003.png,Pneumothorax,2,1951,13,M,PA,2500,2048,0.171,0.171,1,0,0,0,0,0,0,0,1,0,0,0,0,0,0
00001951_004.png,No Finding,3,1951,13,M,AP,2500,2048,0.171,0.171,0,0,0,0,0,0,0,0,0,0,0,0,0,0,0
00001951_005.png,No Finding,4,1951,13,M,AP,2048,2500,0.171,0.171,0,0,0,0,0,0,0,0,0,0,0,0,0,0,0
00001951_006.png,No Finding,5,1951,13,M,AP,2500,2048,0.171,0.171,0,0,0,0,0,0,0,0,0,0,0,0,0,0,0
00001951_007.png,No Finding,6,1951,13,M,AP,2500,2048,0.171,0.171,0,0,0,0,0,0,0,0,0,0,0,0,0,0,0
00001951_008.png,No Finding,7,1951,13,M,AP,2048,2500,0.171,0.171,0,0,0,0,0,0,0,0,0,0,0,0,0,0,0
00001951_010.png,No Finding,9,1951,13,M,AP,2500,2048,0.171,0.171,0,0,0,0,0,0,0,0,0,0,0,0,0,0,0
00001951_011.png,No Finding,10,1951,13,M,PA,2048,2500,0.171,0.171,0,0,0,0,0,0,0,0,0,0,0,0,0,0,0
00001951_012.png,No Finding,11,1951,13,M,PA,2048,2500,0.171,0.171,0,0,0,0,0,0,0,0,0,0,0,0,0,0,0
00001951_013.png,Pneumothorax,12,1951,13,M,AP,2048,2500,0.171,0.171,1,0,0,0,0,0,0,0,1,0,0,0,0,0,0
00001951_014.png,Consolidation|Mass|Pneumothorax,13,1951,13,M,AP,2048,2500,0.171,0.171,1,0,0,0,0,1,0,0,1,1,0,0,0,0,0
00001951_015.png,Pneumothorax,14,1951,13,M,AP,2500,2048,0.171,0.171,1,0,0,0,0,0,0,0,1,0,0,0,0,0,0
00001951_016.png,No Finding,15,1951,13,M,AP,2048,2500,0.171,0.171,0,0,0,0,0,0,0,0,0,0,0,0,0,0,0
00001951_017.png,No Finding,16,1951,16,M,AP,2048,2500,0.168,0.168,0,0,0,0,0,0,0,0,0,0,0,0,0,0,0
00001951_018.png,No Finding,17,1951,16,M,PA,2992,2991,0.143,0.143,0,0,0,0,0,0,0,0,0,0,0,0,0,0,0
00001951_019.png,Mass,18,1951,16,M,PA,2992,2991,0.143,0.143,1,0,0,0,0,1,0,0,0,0,0,0,0,0,0
00001951_000.png,No Finding,19,1951,22,M,AP,3056,2544,0.139,0.139,0,0,0,0,0,0,0,0,0,0,0,0,0,0,0
00001952_001.png,No Finding,1,1952,9,F,AP,2500,2048,0.171,0.171,0,0,0,0,0,0,0,0,0,0,0,0,0,0,0
00001952_002.png,No Finding,2,1952,9,F,AP,2048,2500,0.171,0.171,0,0,0,0,0,0,0,0,0,0,0,0,0,0,0
00001952_003.png,No Finding,3,1952,9,F,PA,2048,2500,0.171,0.171,0,0,0,0,0,0,0,0,0,0,0,0,0,0,0
00001952_004.png,No Finding,4,1952,9,F,AP,2500,2048,0.171,0.171,0,0,0,0,0,0,0,0,0,0,0,0,0,0,0
00001952_006.png,Emphysema,6,1952,9,F,AP,2500,2048,0.171,0.171,1,0,0,0,0,0,0,0,0,0,0,1,0,0,0
00001952_007.png,No Finding,7,1952,9,F,AP,2500,2048,0.171,0.171,0,0,0,0,0,0,0,0,0,0,0,0,0,0,0
00001952_008.png,Infiltration,8,1952,9,F,AP,2500,2048,0.171,0.171,1,0,0,0,1,0,0,0,0,0,0,0,0,0,0
00001952_009.png,No Finding,9,1952,9,F,AP,2048,2500,0.171,0.171,0,0,0,0,0,0,0,0,0,0,0,0,0,0,0
00001952_010.png,Consolidation,10,1952,10,F,AP,2500,2048,0.168,0.168,1,0,0,0,0,0,0,0,0,1,0,0,0,0,0
00001956_004.png,No Finding,0,1956,24,F,PA,2048,2500,0.171,0.171,0,0,0,0,0,0,0,0,0,0,0,0,0,0,0
00001956_005.png,No Finding,1,1956,31,F,PA,2470,2991,0.143,0.143,0,0,0,0,0,0,0,0,0,0,0,0,0,0,0
00001956_006.png,No Finding,2,1956,32,F,PA,2676,2901,0.143,0.143,0,0,0,0,0,0,0,0,0,0,0,0,0,0,0
00001956_007.png,No Finding,3,1956,32,F,PA,2976,2835,0.143,0.143,0,0,0,0,0,0,0,0,0,0,0,0,0,0,0
00001956_000.png,No Finding,4,1956,33,F,PA,2506,2991,0.143,0.143,0,0,0,0,0,0,0,0,0,0,0,0,0,0,0
00001956_001.png,No Finding,5,1956,34,F,PA,2350,2991,0.143,0.143,0,0,0,0,0,0,0,0,0,0,0,0,0,0,0
00001956_002.png,No Finding,6,1956,35,F,PA,2658,2991,0.143,0.143,0,0,0,0,0,0,0,0,0,0,0,0,0,0,0
00001956_003.png,No Finding,7,1956,35,F,PA,2418,2991,0.143,0.143,0,0,0,0,0,0,0,0,0,0,0,0,0,0,0
00001957_000.png,Consolidation,0,1957,24,M,PA,2534,2685,0.143,0.143,1,0,0,0,0,0,0,0,0,1,0,0,0,0,0
00001957_001.png,No Finding,1,1957,25,M,PA,2048,2500,0.168,0.168,0,0,0,0,0,0,0,0,0,0,0,0,0,0,0
00001957_002.png,No Finding,2,1957,25,M,AP,2500,2048,0.168,0.168,0,0,0,0,0,0,0,0,0,0,0,0,0,0,0
00001957_003.png,Infiltration,3,1957,25,M,PA,2234,2272,0.143,0.143,1,0,0,0,1,0,0,0,0,0,0,0,0,0,0
00001957_004.png,No Finding,4,1957,25,M,PA,2582,2605,0.143,0.143,0,0,0,0,0,0,0,0,0,0,0,0,0,0,0
00001959_000.png,Cardiomegaly,0,1959,50,F,PA,2048,2500,0.168,0.168,1,0,1,0,0,0,0,0,0,0,0,0,0,0,0
00001960_000.png,No Finding,0,1960,58,F,PA,2500,2048,0.168,0.168,0,0,0,0,0,0,0,0,0,0,0,0,0,0,0
00001961_000.png,No Finding,0,1961,64,M,AP,2500,2048,0.171,0.171,0,0,0,0,0,0,0,0,0,0,0,0,0,0,0
00001961_001.png,No Finding,1,1961,71,M,PA,2048,2500,0.168,0.168,0,0,0,0,0,0,0,0,0,0,0,0,0,0,0
00001961_002.png,Infiltration,2,1961,71,M,AP,2500,2048,0.168,0.168,1,0,0,0,1,0,0,0,0,0,0,0,0,0,0
00001961_003.png,Infiltration,3,1961,71,M,AP,2500,2048,0.168,0.168,1,0,0,0,1,0,0,0,0,0,0,0,0,0,0
00001961_004.png,No Finding,4,1961,71,M,PA,2992,2991,0.143,0.143,0,0,0,0,0,0,0,0,0,0,0,0,0,0,0
00001961_005.png,No Finding,5,1961,71,M,AP,2500,2048,0.168,0.168,0,0,0,0,0,0,0,0,0,0,0,0,0,0,0
00001963_000.png,No Finding,0,1963,12,M,PA,2048,2500,0.171,0.171,0,0,0,0,0,0,0,0,0,0,0,0,0,0,0
00001963_001.png,No Finding,1,1963,13,M,PA,2048,2500,0.168,0.168,0,0,0,0,0,0,0,0,0,0,0,0,0,0,0
00001963_002.png,No Finding,2,1963,13,M,PA,2048,2500,0.168,0.168,0,0,0,0,0,0,0,0,0,0,0,0,0,0,0
00001964_000.png,No Finding,0,1964,61,M,PA,2992,2991,0.143,0.143,0,0,0,0,0,0,0,0,0,0,0,0,0,0,0
00001969_000.png,Pleural_Thickening,0,1969,71,F,PA,2048,2500,0.168,0.168,1,0,0,0,0,0,0,0,0,0,0,0,0,1,0
00001969_001.png,Infiltration,1,1969,72,F,PA,2048,2500,0.168,0.168,1,0,0,0,1,0,0,0,0,0,0,0,0,0,0
00001969_002.png,No Finding,2,1969,72,F,PA,2048,2500,0.168,0.168,0,0,0,0,0,0,0,0,0,0,0,0,0,0,0
00001970_001.png,No Finding,0,1970,11,F,PA,2048,2500,0.171,0.171,0,0,0,0,0,0,0,0,0,0,0,0,0,0,0
00001970_002.png,No Finding,1,1970,17,F,PA,2992,2991,0.143,0.143,0,0,0,0,0,0,0,0,0,0,0,0,0,0,0
00001970_003.png,No Finding,2,1970,19,F,PA,2048,2500,0.168,0.168,0,0,0,0,0,0,0,0,0,0,0,0,0,0,0
00001970_000.png,No Finding,3,1970,24,F,PA,1713,2021,0.1943109999999999,0.1943109999999999,0,0,0,0,0,0,0,0,0,0,0,0,0,0,0
00001971_000.png,No Finding,0,1971,57,F,PA,2500,2048,0.168,0.168,0,0,0,0,0,0,0,0,0,0,0,0,0,0,0
00001971_001.png,Infiltration,1,1971,62,F,PA,2712,2492,0.143,0.143,1,0,0,0,1,0,0,0,0,0,0,0,0,0,0
00001971_002.png,Edema,2,1971,64,F,PA,2484,3056,0.139,0.139,1,0,0,0,0,0,0,0,0,0,1,0,0,0,0
00001974_000.png,Consolidation|Effusion,0,1974,49,F,PA,2992,2991,0.143,0.143,1,0,0,1,0,0,0,0,0,1,0,0,0,0,0
00001974_001.png,No Finding,1,1974,50,F,AP,2048,2500,0.168,0.168,0,0,0,0,0,0,0,0,0,0,0,0,0,0,0
00001974_002.png,Infiltration|Pneumothorax,2,1974,50,F,AP,2500,2048,0.168,0.168,1,0,0,0,1,0,0,0,1,0,0,0,0,0,0
00001974_003.png,Pneumothorax,3,1974,51,F,PA,2992,2991,0.143,0.143,1,0,0,0,0,0,0,0,1,0,0,0,0,0,0
00001974_004.png,Infiltration|Pneumothorax,4,1974,51,F,AP,2048,2500,0.168,0.168,1,0,0,0,1,0,0,0,1,0,0,0,0,0,0
00001974_005.png,Pneumothorax,6,1974,51,F,AP,2500,2048,0.168,0.168,1,0,0,0,0,0,0,0,1,0,0,0,0,0,0
00001974_007.png,No Finding,7,1974,51,F,PA,2988,2916,0.143,0.143,0,0,0,0,0,0,0,0,0,0,0,0,0,0,0
00001974_008.png,Fibrosis,8,1974,51,F,PA,2992,2991,0.143,0.143,1,0,0,0,0,0,0,0,0,0,0,0,1,0,0
00001974_010.png,Fibrosis|Infiltration,10,1974,51,F,PA,2590,2991,0.143,0.143,1,0,0,0,1,0,0,0,0,0,0,0,1,0,0
00001974_011.png,Nodule,11,1974,51,F,PA,2992,2991,0.143,0.143,1,0,0,0,0,0,1,0,0,0,0,0,0,0,0
00001974_012.png,Nodule,12,1974,51,F,PA,2642,2991,0.143,0.143,1,0,0,0,0,0,1,0,0,0,0,0,0,0,0
00001974_014.png,Nodule|Pleural_Thickening,13,1974,51,F,PA,2514,2991,0.143,0.143,1,0,0,0,0,0,1,0,0,0,0,0,0,1,0
00001974_013.png,Nodule|Pleural_Thickening,14,1974,51,F,PA,2446,2741,0.143,0.143,1,0,0,0,0,0,1,0,0,0,0,0,0,1,0
00001974_015.png,Fibrosis,15,1974,51,F,PA,2992,2991,0.143,0.143,1,0,0,0,0,0,0,0,0,0,0,0,1,0,0
00001975_000.png,No Finding,0,1975,51,M,PA,2500,2048,0.168,0.168,0,0,0,0,0,0,0,0,0,0,0,0,0,0,0
00001976_000.png,No Finding,0,1976,53,M,PA,2500,2048,0.171,0.171,0,0,0,0,0,0,0,0,0,0,0,0,0,0,0
00001976_001.png,No Finding,1,1976,55,M,PA,2500,2048,0.171,0.171,0,0,0,0,0,0,0,0,0,0,0,0,0,0,0
00001976_002.png,Consolidation|Mass,2,1976,55,M,PA,2500,2048,0.168,0.168,1,0,0,0,0,1,0,0,0,1,0,0,0,0,0
00001977_000.png,No Finding,0,1977,66,M,PA,2500,2048,0.171,0.171,0,0,0,0,0,0,0,0,0,0,0,0,0,0,0
00001977_001.png,No Finding,1,1977,72,M,PA,2992,2991,0.143,0.143,0,0,0,0,0,0,0,0,0,0,0,0,0,0,0
00001977_002.png,No Finding,2,1977,72,M,PA,2942,2681,0.143,0.143,0,0,0,0,0,0,0,0,0,0,0,0,0,0,0
00001977_003.png,No Finding,3,1977,73,M,PA,2822,2991,0.143,0.143,0,0,0,0,0,0,0,0,0,0,0,0,0,0,0
00001978_001.png,Infiltration,1,1978,60,F,PA,2654,2677,0.143,0.143,1,0,0,0,1,0,0,0,0,0,0,0,0,0,0
00001980_000.png,No Finding,0,1980,31,M,PA,2500,2048,0.168,0.168,0,0,0,0,0,0,0,0,0,0,0,0,0,0,0
00001980_001.png,No Finding,1,1980,32,M,PA,2500,2048,0.168,0.168,0,0,0,0,0,0,0,0,0,0,0,0,0,0,0
00001981_000.png,No Finding,0,1981,55,M,PA,2500,2048,0.168,0.168,0,0,0,0,0,0,0,0,0,0,0,0,0,0,0
00001983_000.png,No Finding,0,1983,36,M,PA,2048,2500,0.171,0.171,0,0,0,0,0,0,0,0,0,0,0,0,0,0,0
00001983_001.png,No Finding,1,1983,37,M,PA,2500,2048,0.171,0.171,0,0,0,0,0,0,0,0,0,0,0,0,0,0,0
00001985_000.png,No Finding,0,1985,54,M,PA,2021,2021,0.1943109999999999,0.1943109999999999,0,0,0,0,0,0,0,0,0,0,0,0,0,0,0
00001986_000.png,Nodule,0,1986,56,F,AP,2500,2048,0.168,0.168,1,0,0,0,0,0,1,0,0,0,0,0,0,0,0
00001986_001.png,No Finding,1,1986,58,F,AP,2500,2048,0.168,0.168,0,0,0,0,0,0,0,0,0,0,0,0,0,0,0
00001986_002.png,No Finding,2,1986,58,F,AP,2500,2048,0.168,0.168,0,0,0,0,0,0,0,0,0,0,0,0,0,0,0
00001986_003.png,No Finding,3,1986,58,F,AP,2500,2048,0.168,0.168,0,0,0,0,0,0,0,0,0,0,0,0,0,0,0
00001986_004.png,No Finding,4,1986,58,F,AP,2500,2048,0.168,0.168,0,0,0,0,0,0,0,0,0,0,0,0,0,0,0
00001986_005.png,No Finding,5,1986,58,F,AP,2500,2048,0.168,0.168,0,0,0,0,0,0,0,0,0,0,0,0,0,0,0
00001986_006.png,No Finding,6,1986,59,F,AP,2500,2048,0.168,0.168,0,0,0,0,0,0,0,0,0,0,0,0,0,0,0
00001986_007.png,No Finding,7,1986,59,F,AP,2500,2048,0.168,0.168,0,0,0,0,0,0,0,0,0,0,0,0,0,0,0
00001986_009.png,Nodule,9,1986,59,F,AP,2500,2048,0.168,0.168,1,0,0,0,0,0,1,0,0,0,0,0,0,0,0
00001986_010.png,No Finding,10,1986,59,F,AP,2500,2048,0.168,0.168,0,0,0,0,0,0,0,0,0,0,0,0,0,0,0
00001986_012.png,No Finding,11,1986,59,F,AP,2500,2048,0.168,0.168,0,0,0,0,0,0,0,0,0,0,0,0,0,0,0
00001986_011.png,No Finding,12,1986,59,F,AP,2500,2048,0.168,0.168,0,0,0,0,0,0,0,0,0,0,0,0,0,0,0
00001986_013.png,Infiltration,13,1986,59,F,AP,2500,2048,0.168,0.168,1,0,0,0,1,0,0,0,0,0,0,0,0,0,0
00001986_014.png,Infiltration,14,1986,59,F,AP,2500,2048,0.168,0.168,1,0,0,0,1,0,0,0,0,0,0,0,0,0,0
00001987_001.png,No Finding,0,1987,31,F,PA,2992,2991,0.143,0.143,0,0,0,0,0,0,0,0,0,0,0,0,0,0,0
00001987_000.png,No Finding,1,1987,40,F,PA,2544,3056,0.139,0.139,0,0,0,0,0,0,0,0,0,0,0,0,0,0,0
00001990_000.png,Pleural_Thickening,0,1990,69,M,PA,2500,2048,0.171,0.171,1,0,0,0,0,0,0,0,0,0,0,0,0,1,0
00001990_001.png,No Finding,1,1990,71,M,PA,2500,2048,0.168,0.168,0,0,0,0,0,0,0,0,0,0,0,0,0,0,0
00001990_002.png,Pleural_Thickening,2,1990,72,M,PA,2992,2991,0.143,0.143,1,0,0,0,0,0,0,0,0,0,0,0,0,1,0
00001991_002.png,Nodule|Pleural_Thickening,0,1991,57,F,PA,2048,2500,0.171,0.171,1,0,0,0,0,0,1,0,0,0,0,0,0,1,0
00001991_000.png,No Finding,1,1991,66,F,PA,2544,3056,0.139,0.139,0,0,0,0,0,0,0,0,0,0,0,0,0,0,0
00001991_001.png,No Finding,2,1991,70,F,PA,2021,2021,0.1943109999999999,0.1943109999999999,0,0,0,0,0,0,0,0,0,0,0,0,0,0,0
00001992_000.png,No Finding,0,1992,13,F,AP,2500,2048,0.168,0.168,0,0,0,0,0,0,0,0,0,0,0,0,0,0,0
00001992_001.png,Infiltration,1,1992,13,F,AP,2500,2048,0.168,0.168,1,0,0,0,1,0,0,0,0,0,0,0,0,0,0
00001992_002.png,Pneumonia,2,1992,14,F,AP,2500,2048,0.168,0.168,1,0,0,0,0,0,0,1,0,0,0,0,0,0,0
00001992_004.png,Fibrosis,3,1992,14,F,PA,2048,2500,0.168,0.168,1,0,0,0,0,0,0,0,0,0,0,0,1,0,0
00001992_003.png,No Finding,4,1992,14,F,PA,2390,2837,0.143,0.143,0,0,0,0,0,0,0,0,0,0,0,0,0,0,0
00001992_006.png,Effusion,6,1992,14,F,PA,2562,2429,0.143,0.143,1,0,0,1,0,0,0,0,0,0,0,0,0,0,0
00001992_007.png,Infiltration,7,1992,16,F,PA,2334,2352,0.143,0.143,1,0,0,0,1,0,0,0,0,0,0,0,0,0,0
00001992_008.png,Infiltration|Mass,8,1992,16,F,AP,2500,2048,0.168,0.168,1,0,0,0,1,1,0,0,0,0,0,0,0,0,0
00001992_009.png,Consolidation|Infiltration|Mass,9,1992,16,F,PA,2992,2991,0.143,0.143,1,0,0,0,1,1,0,0,0,1,0,0,0,0,0
00001992_010.png,No Finding,10,1992,17,F,AP,2500,2048,0.168,0.168,0,0,0,0,0,0,0,0,0,0,0,0,0,0,0
00001992_011.png,Infiltration,11,1992,17,F,PA,2618,2533,0.143,0.143,1,0,0,0,1,0,0,0,0,0,0,0,0,0,0
00001992_012.png,Infiltration,12,1992,17,F,PA,2992,2991,0.143,0.143,1,0,0,0,1,0,0,0,0,0,0,0,0,0,0
00001992_015.png,No Finding,15,1992,17,F,AP,2500,2048,0.168,0.168,0,0,0,0,0,0,0,0,0,0,0,0,0,0,0
00001992_016.png,No Finding,16,1992,17,F,AP,2500,2048,0.168,0.168,0,0,0,0,0,0,0,0,0,0,0,0,0,0,0
00001992_017.png,No Finding,17,1992,19,F,PA,2826,2661,0.143,0.143,0,0,0,0,0,0,0,0,0,0,0,0,0,0,0
00001995_000.png,No Finding,0,1995,45,M,PA,2500,2048,0.171,0.171,0,0,0,0,0,0,0,0,0,0,0,0,0,0,0
00001995_001.png,Nodule,1,1995,45,M,AP,2500,2048,0.171,0.171,1,0,0,0,0,0,1,0,0,0,0,0,0,0,0
00001995_002.png,Nodule|Pleural_Thickening,2,1995,46,M,PA,2500,2048,0.171,0.171,1,0,0,0,0,0,1,0,0,0,0,0,0,1,0
00001995_003.png,No Finding,3,1995,46,M,AP,2500,2048,0.171,0.171,0,0,0,0,0,0,0,0,0,0,0,0,0,0,0
00001995_004.png,No Finding,4,1995,46,M,AP,2500,2048,0.171,0.171,0,0,0,0,0,0,0,0,0,0,0,0,0,0,0
00001995_005.png,Nodule,5,1995,46,M,AP,2500,2048,0.171,0.171,1,0,0,0,0,0,1,0,0,0,0,0,0,0,0
00001995_006.png,Nodule,6,1995,46,M,PA,2500,2048,0.168,0.168,1,0,0,0,0,0,1,0,0,0,0,0,0,0,0
00001995_007.png,Nodule,7,1995,47,M,AP,2500,2048,0.168,0.168,1,0,0,0,0,0,1,0,0,0,0,0,0,0,0
00001997_000.png,No Finding,0,1997,42,M,AP,2500,2048,0.171,0.171,0,0,0,0,0,0,0,0,0,0,0,0,0,0,0
00001998_000.png,Fibrosis,0,1998,58,F,PA,2048,2500,0.171,0.171,1,0,0,0,0,0,0,0,0,0,0,0,1,0,0
00001998_001.png,No Finding,1,1998,59,F,PA,2048,2500,0.168,0.168,0,0,0,0,0,0,0,0,0,0,0,0,0,0,0
00001999_000.png,No Finding,0,1999,71,F,PA,2544,3056,0.139,0.139,0,0,0,0,0,0,0,0,0,0,0,0,0,0,0
00002001_000.png,No Finding,0,2001,16,M,PA,2048,2500,0.168,0.168,0,0,0,0,0,0,0,0,0,0,0,0,0,0,0
00002003_000.png,No Finding,0,2003,38,F,AP,2500,2048,0.171,0.171,0,0,0,0,0,0,0,0,0,0,0,0,0,0,0
00002003_001.png,No Finding,1,2003,38,F,AP,2500,2048,0.171,0.171,0,0,0,0,0,0,0,0,0,0,0,0,0,0,0
00002003_002.png,No Finding,2,2003,38,F,PA,2048,2500,0.171,0.171,0,0,0,0,0,0,0,0,0,0,0,0,0,0,0
00002003_003.png,No Finding,3,2003,38,F,PA,2500,2048,0.171,0.171,0,0,0,0,0,0,0,0,0,0,0,0,0,0,0
00002003_004.png,Effusion,4,2003,38,F,AP,2500,2048,0.171,0.171,1,0,0,1,0,0,0,0,0,0,0,0,0,0,0
00002003_005.png,Pleural_Thickening,5,2003,42,F,PA,2992,2991,0.143,0.143,1,0,0,0,0,0,0,0,0,0,0,0,0,1,0
00002003_006.png,Infiltration|Pneumothorax,6,2003,42,F,AP,2500,2048,0.168,0.168,1,0,0,0,1,0,0,0,1,0,0,0,0,0,0
00002003_007.png,No Finding,7,2003,42,F,AP,2500,2048,0.168,0.168,0,0,0,0,0,0,0,0,0,0,0,0,0,0,0
00002003_008.png,Infiltration,8,2003,42,F,PA,2992,2991,0.143,0.143,1,0,0,0,1,0,0,0,0,0,0,0,0,0,0
00002003_009.png,No Finding,9,2003,42,F,PA,2992,2991,0.143,0.143,0,0,0,0,0,0,0,0,0,0,0,0,0,0,0
00002003_010.png,No Finding,10,2003,42,F,PA,2738,2991,0.143,0.143,0,0,0,0,0,0,0,0,0,0,0,0,0,0,0
00002003_011.png,Infiltration|Pleural_Thickening,11,2003,42,F,PA,2992,2991,0.143,0.143,1,0,0,0,1,0,0,0,0,0,0,0,0,1,0
00002003_012.png,No Finding,12,2003,42,F,PA,2366,2472,0.143,0.143,0,0,0,0,0,0,0,0,0,0,0,0,0,0,0
00002004_002.png,Fibrosis|Infiltration,0,2004,52,M,PA,2048,2500,0.171,0.171,1,0,0,0,1,0,0,0,0,0,0,0,1,0,0
00002004_003.png,No Finding,1,2004,53,M,PA,2048,2500,0.171,0.171,0,0,0,0,0,0,0,0,0,0,0,0,0,0,0
00002004_000.png,Fibrosis,2,2004,63,M,PA,2930,2991,0.143,0.143,1,0,0,0,0,0,0,0,0,0,0,0,1,0,0
00002004_001.png,No Finding,3,2004,65,M,PA,2021,2021,0.1943109999999999,0.1943109999999999,0,0,0,0,0,0,0,0,0,0,0,0,0,0,0
00002007_000.png,No Finding,0,2007,25,F,PA,2048,2500,0.171,0.171,0,0,0,0,0,0,0,0,0,0,0,0,0,0,0
00002007_001.png,No Finding,1,2007,26,F,PA,2048,2500,0.171,0.171,0,0,0,0,0,0,0,0,0,0,0,0,0,0,0
00002008_000.png,Mass,0,2008,21,M,AP,3056,2544,0.139,0.139,1,0,0,0,0,1,0,0,0,0,0,0,0,0,0
00002010_000.png,No Finding,0,2010,51,M,PA,2992,2991,0.143,0.143,0,0,0,0,0,0,0,0,0,0,0,0,0,0,0
00002010_001.png,Nodule,1,2010,52,M,PA,2992,2991,0.143,0.143,1,0,0,0,0,0,1,0,0,0,0,0,0,0,0
00002013_000.png,No Finding,0,2013,55,F,PA,2048,2500,0.171,0.171,0,0,0,0,0,0,0,0,0,0,0,0,0,0,0
00002013_001.png,No Finding,1,2013,57,F,PA,2048,2500,0.168,0.168,0,0,0,0,0,0,0,0,0,0,0,0,0,0,0
00002013_002.png,No Finding,2,2013,59,F,PA,2500,2048,0.168,0.168,0,0,0,0,0,0,0,0,0,0,0,0,0,0,0
00002013_003.png,No Finding,3,2013,60,F,PA,2642,2529,0.143,0.143,0,0,0,0,0,0,0,0,0,0,0,0,0,0,0
00002014_000.png,No Finding,0,2014,31,F,PA,2048,2500,0.171,0.171,0,0,0,0,0,0,0,0,0,0,0,0,0,0,0
00002014_001.png,Infiltration,1,2014,31,F,PA,2048,2500,0.171,0.171,1,0,0,0,1,0,0,0,0,0,0,0,0,0,0
00002014_002.png,Nodule,2,2014,31,F,PA,2048,2500,0.171,0.171,1,0,0,0,0,0,1,0,0,0,0,0,0,0,0
00002014_003.png,No Finding,3,2014,32,F,PA,2500,2048,0.171,0.171,0,0,0,0,0,0,0,0,0,0,0,0,0,0,0
00002015_002.png,No Finding,0,2015,53,F,PA,2048,2500,0.168,0.168,0,0,0,0,0,0,0,0,0,0,0,0,0,0,0
00002015_003.png,Fibrosis|Pleural_Thickening,1,2015,60,F,AP,3056,2516,0.139,0.139,1,0,0,0,0,0,0,0,0,0,0,0,1,1,0
00002015_004.png,Infiltration|Mass,2,2015,60,F,PA,2992,2991,0.143,0.143,1,0,0,0,1,1,0,0,0,0,0,0,0,0,0
00002015_005.png,Pleural_Thickening,3,2015,60,F,AP,2704,2544,0.139,0.139,1,0,0,0,0,0,0,0,0,0,0,0,0,1,0
00002015_006.png,Pleural_Thickening,4,2015,60,F,AP,2620,2544,0.139,0.139,1,0,0,0,0,0,0,0,0,0,0,0,0,1,0
00002015_007.png,Effusion|Emphysema,5,2015,60,F,PA,2992,2991,0.143,0.143,1,0,0,1,0,0,0,0,0,0,0,1,0,0,0
00002015_008.png,No Finding,6,2015,60,F,PA,2992,2991,0.143,0.143,0,0,0,0,0,0,0,0,0,0,0,0,0,0,0
00002015_000.png,No Finding,7,2015,61,F,AP,3056,2544,0.139,0.139,0,0,0,0,0,0,0,0,0,0,0,0,0,0,0
00002015_001.png,Emphysema|Pleural_Thickening,8,2015,61,F,PA,2992,2991,0.143,0.143,1,0,0,0,0,0,0,0,0,0,0,1,0,1,0
00002017_000.png,No Finding,0,2017,47,F,PA,2544,3056,0.139,0.139,0,0,0,0,0,0,0,0,0,0,0,0,0,0,0
00002017_001.png,No Finding,1,2017,48,F,PA,2021,2020,0.1943109999999999,0.1943109999999999,0,0,0,0,0,0,0,0,0,0,0,0,0,0,0
00002018_000.png,Nodule,0,2018,42,F,PA,2021,2021,0.1943109999999999,0.1943109999999999,1,0,0,0,0,0,1,0,0,0,0,0,0,0,0
00002019_000.png,No Finding,0,2019,35,F,PA,2590,2991,0.143,0.143,0,0,0,0,0,0,0,0,0,0,0,0,0,0,0
00002019_001.png,Infiltration,1,2019,35,F,PA,2992,2991,0.143,0.143,1,0,0,0,1,0,0,0,0,0,0,0,0,0,0
00002021_000.png,Infiltration,0,2021,40,F,PA,2992,2991,0.143,0.143,1,0,0,0,1,0,0,0,0,0,0,0,0,0,0
00002021_001.png,No Finding,1,2021,40,F,PA,3056,2544,0.139,0.139,0,0,0,0,0,0,0,0,0,0,0,0,0,0,0
00002022_000.png,No Finding,0,2022,21,M,PA,2500,2048,0.168,0.168,0,0,0,0,0,0,0,0,0,0,0,0,0,0,0
00002022_001.png,Consolidation,1,2022,21,M,AP,2500,2048,0.168,0.168,1,0,0,0,0,0,0,0,0,1,0,0,0,0,0
00002022_003.png,No Finding,3,2022,23,M,PA,2992,2991,0.143,0.143,0,0,0,0,0,0,0,0,0,0,0,0,0,0,0
00002022_004.png,Fibrosis,4,2022,24,M,PA,2992,2991,0.143,0.143,1,0,0,0,0,0,0,0,0,0,0,0,1,0,0
00002023_000.png,No Finding,0,2023,44,M,PA,2500,2048,0.171,0.171,0,0,0,0,0,0,0,0,0,0,0,0,0,0,0
00002023_001.png,No Finding,1,2023,45,M,PA,2500,2048,0.168,0.168,0,0,0,0,0,0,0,0,0,0,0,0,0,0,0
00002023_002.png,No Finding,2,2023,47,M,PA,2500,2048,0.168,0.168,0,0,0,0,0,0,0,0,0,0,0,0,0,0,0
00002024_000.png,No Finding,0,2024,54,F,PA,2048,2500,0.168,0.168,0,0,0,0,0,0,0,0,0,0,0,0,0,0,0
00002024_001.png,No Finding,1,2024,55,F,PA,2886,2821,0.143,0.143,0,0,0,0,0,0,0,0,0,0,0,0,0,0,0
00002024_002.png,No Finding,2,2024,56,F,PA,2048,2500,0.168,0.168,0,0,0,0,0,0,0,0,0,0,0,0,0,0,0
00002024_003.png,No Finding,3,2024,57,F,PA,2886,2841,0.143,0.143,0,0,0,0,0,0,0,0,0,0,0,0,0,0,0
00002024_004.png,No Finding,4,2024,59,F,PA,2468,2840,0.139,0.139,0,0,0,0,0,0,0,0,0,0,0,0,0,0,0
00002026_000.png,No Finding,0,2026,26,M,PA,2021,2021,0.1943109999999999,0.1943109999999999,0,0,0,0,0,0,0,0,0,0,0,0,0,0,0
00002027_000.png,No Finding,0,2027,35,F,PA,2048,2500,0.171,0.171,0,0,0,0,0,0,0,0,0,0,0,0,0,0,0
00002028_000.png,Nodule,0,2028,67,F,PA,2048,2500,0.171,0.171,1,0,0,0,0,0,1,0,0,0,0,0,0,0,0
00002031_000.png,No Finding,0,2031,47,M,PA,2500,2048,0.168,0.168,0,0,0,0,0,0,0,0,0,0,0,0,0,0,0
00002032_000.png,No Finding,0,2032,52,M,PA,2048,2500,0.171,0.171,0,0,0,0,0,0,0,0,0,0,0,0,0,0,0
00002032_001.png,Pleural_Thickening,1,2032,52,M,PA,2500,2048,0.171,0.171,1,0,0,0,0,0,0,0,0,0,0,0,0,1,0
00002032_003.png,No Finding,3,2032,56,M,AP,2500,2048,0.168,0.168,0,0,0,0,0,0,0,0,0,0,0,0,0,0,0
00002032_005.png,No Finding,5,2032,56,M,PA,2992,2991,0.143,0.143,0,0,0,0,0,0,0,0,0,0,0,0,0,0,0
00002032_006.png,No Finding,6,2032,56,M,AP,2500,2048,0.168,0.168,0,0,0,0,0,0,0,0,0,0,0,0,0,0,0
00002032_007.png,No Finding,7,2032,57,M,PA,2674,2621,0.143,0.143,0,0,0,0,0,0,0,0,0,0,0,0,0,0,0
00002032_008.png,Infiltration,8,2032,57,M,PA,2992,2801,0.143,0.143,1,0,0,0,1,0,0,0,0,0,0,0,0,0,0
00002032_009.png,Effusion,9,2032,58,M,PA,2500,2048,0.168,0.168,1,0,0,1,0,0,0,0,0,0,0,0,0,0,0
00002032_010.png,Effusion|Mass,10,2032,58,M,PA,2992,2797,0.143,0.143,1,0,0,1,0,1,0,0,0,0,0,0,0,0,0
00002032_011.png,Effusion,11,2032,58,M,PA,2992,2991,0.143,0.143,1,0,0,1,0,0,0,0,0,0,0,0,0,0,0
00002032_012.png,No Finding,12,2032,58,M,PA,2992,2991,0.143,0.143,0,0,0,0,0,0,0,0,0,0,0,0,0,0,0
00002032_013.png,Pneumothorax,13,2032,58,M,PA,2992,2991,0.143,0.143,1,0,0,0,0,0,0,0,1,0,0,0,0,0,0
00002032_014.png,Mass,14,2032,58,M,PA,2990,2991,0.143,0.143,1,0,0,0,0,1,0,0,0,0,0,0,0,0,0
00002033_000.png,Infiltration,0,2033,63,F,PA,2048,2500,0.171,0.171,1,0,0,0,1,0,0,0,0,0,0,0,0,0,0
00002033_001.png,No Finding,1,2033,65,F,PA,2048,2500,0.168,0.168,0,0,0,0,0,0,0,0,0,0,0,0,0,0,0
00002033_002.png,No Finding,2,2033,66,F,PA,2048,2500,0.168,0.168,0,0,0,0,0,0,0,0,0,0,0,0,0,0,0
00002033_003.png,No Finding,3,2033,67,F,PA,2048,2500,0.168,0.168,0,0,0,0,0,0,0,0,0,0,0,0,0,0,0
00002033_004.png,No Finding,4,2033,68,F,PA,2454,2920,0.143,0.143,0,0,0,0,0,0,0,0,0,0,0,0,0,0,0
00002033_005.png,No Finding,5,2033,69,F,PA,2048,2500,0.168,0.168,0,0,0,0,0,0,0,0,0,0,0,0,0,0,0
00002034_000.png,No Finding,0,2034,47,F,PA,2500,2048,0.171,0.171,0,0,0,0,0,0,0,0,0,0,0,0,0,0,0
00002035_000.png,No Finding,0,2035,52,F,PA,2048,2500,0.171,0.171,0,0,0,0,0,0,0,0,0,0,0,0,0,0,0
00002037_000.png,No Finding,0,2037,44,F,PA,2758,2749,0.143,0.143,0,0,0,0,0,0,0,0,0,0,0,0,0,0,0
00002037_001.png,No Finding,1,2037,44,F,AP,2500,2048,0.168,0.168,0,0,0,0,0,0,0,0,0,0,0,0,0,0,0
00002038_000.png,Fibrosis,0,2038,50,F,PA,2048,2500,0.168,0.168,1,0,0,0,0,0,0,0,0,0,0,0,1,0,0
00002038_001.png,Cardiomegaly,1,2038,50,F,AP,2500,2048,0.168,0.168,1,0,1,0,0,0,0,0,0,0,0,0,0,0,0
00002039_000.png,No Finding,0,2039,46,F,PA,2048,2500,0.168,0.168,0,0,0,0,0,0,0,0,0,0,0,0,0,0,0
00002039_001.png,No Finding,1,2039,47,F,PA,2992,2991,0.143,0.143,0,0,0,0,0,0,0,0,0,0,0,0,0,0,0
00002040_000.png,No Finding,0,2040,41,F,PA,2021,2021,0.1943109999999999,0.1943109999999999,0,0,0,0,0,0,0,0,0,0,0,0,0,0,0
00002041_000.png,Emphysema,0,2041,69,F,PA,2834,2991,0.143,0.143,1,0,0,0,0,0,0,0,0,0,0,1,0,0,0
00002041_001.png,Emphysema,1,2041,74,F,PA,2464,3056,0.139,0.139,1,0,0,0,0,0,0,0,0,0,0,1,0,0,0
00002042_000.png,No Finding,0,2042,38,F,PA,2048,2500,0.171,0.171,0,0,0,0,0,0,0,0,0,0,0,0,0,0,0
00002042_001.png,Pneumothorax,1,2042,41,F,PA,2992,2991,0.143,0.143,1,0,0,0,0,0,0,0,1,0,0,0,0,0,0
00002042_002.png,Fibrosis,2,2042,41,F,PA,2380,2638,0.143,0.143,1,0,0,0,0,0,0,0,0,0,0,0,1,0,0
00002042_003.png,Pneumothorax,3,2042,43,F,PA,2438,2853,0.143,0.143,1,0,0,0,0,0,0,0,1,0,0,0,0,0,0
00002042_004.png,No Finding,4,2042,45,F,PA,2906,2991,0.143,0.143,0,0,0,0,0,0,0,0,0,0,0,0,0,0,0
00002042_005.png,No Finding,5,2042,46,F,PA,2516,3056,0.139,0.139,0,0,0,0,0,0,0,0,0,0,0,0,0,0,0
00002044_000.png,No Finding,0,2044,43,F,PA,2048,2500,0.168,0.168,0,0,0,0,0,0,0,0,0,0,0,0,0,0,0
00002047_000.png,No Finding,0,2047,61,M,PA,2992,2991,0.143,0.143,0,0,0,0,0,0,0,0,0,0,0,0,0,0,0
00002048_003.png,Consolidation,0,2048,38,M,PA,2500,2048,0.168,0.168,1,0,0,0,0,0,0,0,0,1,0,0,0,0,0
00002048_004.png,Infiltration,1,2048,38,M,AP,2500,2048,0.168,0.168,1,0,0,0,1,0,0,0,0,0,0,0,0,0,0
00002048_005.png,No Finding,2,2048,38,M,PA,2500,2048,0.168,0.168,0,0,0,0,0,0,0,0,0,0,0,0,0,0,0
00002048_006.png,No Finding,3,2048,39,M,PA,2990,2991,0.143,0.143,0,0,0,0,0,0,0,0,0,0,0,0,0,0,0
00002048_007.png,No Finding,4,2048,40,M,PA,2992,2991,0.143,0.143,0,0,0,0,0,0,0,0,0,0,0,0,0,0,0
00002048_008.png,No Finding,5,2048,41,M,PA,2500,2048,0.168,0.168,0,0,0,0,0,0,0,0,0,0,0,0,0,0,0
00002048_009.png,No Finding,6,2048,41,M,AP,2500,2048,0.168,0.168,0,0,0,0,0,0,0,0,0,0,0,0,0,0,0
00002048_010.png,No Finding,7,2048,41,M,PA,2992,2991,0.143,0.143,0,0,0,0,0,0,0,0,0,0,0,0,0,0,0
00002048_011.png,Infiltration,8,2048,42,M,PA,2992,2991,0.143,0.143,1,0,0,0,1,0,0,0,0,0,0,0,0,0,0
00002048_012.png,No Finding,9,2048,42,M,PA,2992,2991,0.143,0.143,0,0,0,0,0,0,0,0,0,0,0,0,0,0,0
00002048_013.png,Consolidation,10,2048,43,M,PA,2986,2991,0.143,0.143,1,0,0,0,0,0,0,0,0,1,0,0,0,0,0
00002048_014.png,No Finding,11,2048,43,M,AP,2500,2048,0.168,0.168,0,0,0,0,0,0,0,0,0,0,0,0,0,0,0
00002048_016.png,No Finding,12,2048,43,M,AP,2500,2048,0.168,0.168,0,0,0,0,0,0,0,0,0,0,0,0,0,0,0
00002048_015.png,No Finding,13,2048,43,M,AP,2500,2048,0.168,0.168,0,0,0,0,0,0,0,0,0,0,0,0,0,0,0
00002048_000.png,No Finding,16,2048,46,M,PA,2992,2991,0.143,0.143,0,0,0,0,0,0,0,0,0,0,0,0,0,0,0
00002048_001.png,No Finding,17,2048,47,M,PA,2992,2991,0.143,0.143,0,0,0,0,0,0,0,0,0,0,0,0,0,0,0
00002049_000.png,No Finding,0,2049,57,F,PA,2048,2500,0.168,0.168,0,0,0,0,0,0,0,0,0,0,0,0,0,0,0
00002049_002.png,No Finding,2,2049,60,F,PA,2590,2991,0.143,0.143,0,0,0,0,0,0,0,0,0,0,0,0,0,0,0
00002049_003.png,No Finding,3,2049,61,F,PA,2454,2991,0.143,0.143,0,0,0,0,0,0,0,0,0,0,0,0,0,0,0
00002050_000.png,No Finding,0,2050,47,F,PA,2762,2941,0.143,0.143,0,0,0,0,0,0,0,0,0,0,0,0,0,0,0
00002050_001.png,No Finding,1,2050,47,F,PA,2694,2625,0.143,0.143,0,0,0,0,0,0,0,0,0,0,0,0,0,0,0
00002051_000.png,Consolidation,0,2051,56,F,AP,3056,2544,0.139,0.139,1,0,0,0,0,0,0,0,0,1,0,0,0,0,0
00002051_002.png,Emphysema,2,2051,57,F,PA,2021,2021,0.1943109999999999,0.1943109999999999,1,0,0,0,0,0,0,0,0,0,0,1,0,0,0
00002051_003.png,Emphysema,3,2051,57,F,PA,2021,2021,0.1943109999999999,0.1943109999999999,1,0,0,0,0,0,0,0,0,0,0,1,0,0,0
00002052_000.png,No Finding,0,2052,66,M,AP,2500,2048,0.171,0.171,0,0,0,0,0,0,0,0,0,0,0,0,0,0,0
00002052_001.png,No Finding,1,2052,66,M,AP,2500,2048,0.171,0.171,0,0,0,0,0,0,0,0,0,0,0,0,0,0,0
00002052_002.png,Pneumonia,2,2052,66,M,PA,2500,2048,0.168,0.168,1,0,0,0,0,0,0,1,0,0,0,0,0,0,0
00002053_000.png,No Finding,0,2053,9,F,AP,2500,2048,0.171,0.171,0,0,0,0,0,0,0,0,0,0,0,0,0,0,0
00002054_000.png,No Finding,0,2054,27,M,PA,2500,2048,0.168,0.168,0,0,0,0,0,0,0,0,0,0,0,0,0,0,0
00002054_001.png,No Finding,1,2054,27,M,AP,2500,2048,0.168,0.168,0,0,0,0,0,0,0,0,0,0,0,0,0,0,0
00002054_002.png,No Finding,2,2054,27,M,PA,2992,2991,0.143,0.143,0,0,0,0,0,0,0,0,0,0,0,0,0,0,0
00002054_003.png,No Finding,3,2054,32,M,PA,2794,2991,0.143,0.143,0,0,0,0,0,0,0,0,0,0,0,0,0,0,0
00002055_000.png,No Finding,0,2055,47,M,AP,2500,2048,0.171,0.171,0,0,0,0,0,0,0,0,0,0,0,0,0,0,0
00002055_001.png,No Finding,1,2055,47,M,PA,2500,2048,0.171,0.171,0,0,0,0,0,0,0,0,0,0,0,0,0,0,0
00002055_002.png,No Finding,2,2055,49,M,PA,2048,2500,0.168,0.168,0,0,0,0,0,0,0,0,0,0,0,0,0,0,0
00002055_003.png,Emphysema,3,2055,49,M,AP,2500,2048,0.168,0.168,1,0,0,0,0,0,0,0,0,0,0,1,0,0,0
00002055_004.png,No Finding,4,2055,49,M,AP,2500,2048,0.171,0.171,0,0,0,0,0,0,0,0,0,0,0,0,0,0,0
00002055_005.png,No Finding,5,2055,51,M,PA,2936,2948,0.143,0.143,0,0,0,0,0,0,0,0,0,0,0,0,0,0,0
00002055_006.png,No Finding,6,2055,53,M,PA,2992,2991,0.143,0.143,0,0,0,0,0,0,0,0,0,0,0,0,0,0,0
00002056_000.png,No Finding,0,2056,20,M,PA,2500,2048,0.171,0.171,0,0,0,0,0,0,0,0,0,0,0,0,0,0,0
00002056_001.png,No Finding,1,2056,22,M,PA,2500,2048,0.168,0.168,0,0,0,0,0,0,0,0,0,0,0,0,0,0,0
00002057_000.png,No Finding,0,2057,8,F,PA,2048,2500,0.171,0.171,0,0,0,0,0,0,0,0,0,0,0,0,0,0,0
00002059_000.png,No Finding,0,2059,46,M,PA,2500,2048,0.168,0.168,0,0,0,0,0,0,0,0,0,0,0,0,0,0,0
00002059_001.png,Pneumothorax,1,2059,46,M,AP,2500,2048,0.168,0.168,1,0,0,0,0,0,0,0,1,0,0,0,0,0,0
00002059_002.png,Cardiomegaly,2,2059,46,M,AP,2500,2048,0.168,0.168,1,0,1,0,0,0,0,0,0,0,0,0,0,0,0
00002059_006.png,No Finding,6,2059,46,M,AP,2500,2048,0.168,0.168,0,0,0,0,0,0,0,0,0,0,0,0,0,0,0
00002059_007.png,No Finding,7,2059,46,M,AP,2500,2048,0.168,0.168,0,0,0,0,0,0,0,0,0,0,0,0,0,0,0
00002059_011.png,Pleural_Thickening,11,2059,49,M,PA,2992,2989,0.143,0.143,1,0,0,0,0,0,0,0,0,0,0,0,0,1,0
00002061_000.png,Nodule|Pleural_Thickening|Pneumonia,0,2061,57,M,PA,2021,2021,0.1943109999999999,0.1943109999999999,1,0,0,0,0,0,1,1,0,0,0,0,0,1,0
00002062_000.png,No Finding,0,2062,57,F,PA,2021,2021,0.1943109999999999,0.1943109999999999,0,0,0,0,0,0,0,0,0,0,0,0,0,0,0
00002062_001.png,No Finding,1,2062,57,F,AP,3056,2544,0.139,0.139,0,0,0,0,0,0,0,0,0,0,0,0,0,0,0
00002062_002.png,No Finding,2,2062,58,F,PA,2544,3056,0.139,0.139,0,0,0,0,0,0,0,0,0,0,0,0,0,0,0
00002063_000.png,No Finding,0,2063,37,F,PA,2048,2500,0.171,0.171,0,0,0,0,0,0,0,0,0,0,0,0,0,0,0
00002063_001.png,No Finding,1,2063,37,F,PA,2048,2500,0.171,0.171,0,0,0,0,0,0,0,0,0,0,0,0,0,0,0
00002064_003.png,No Finding,0,2064,32,M,PA,2500,2048,0.168,0.168,0,0,0,0,0,0,0,0,0,0,0,0,0,0,0
00002064_006.png,No Finding,3,2064,37,M,PA,2500,2048,0.168,0.168,0,0,0,0,0,0,0,0,0,0,0,0,0,0,0
00002064_000.png,No Finding,4,2064,41,M,PA,2990,2985,0.143,0.143,0,0,0,0,0,0,0,0,0,0,0,0,0,0,0
00002064_001.png,No Finding,5,2064,42,M,PA,2992,2991,0.143,0.143,0,0,0,0,0,0,0,0,0,0,0,0,0,0,0
00002064_002.png,No Finding,6,2064,42,M,PA,2021,2021,0.1943109999999999,0.1943109999999999,0,0,0,0,0,0,0,0,0,0,0,0,0,0,0
00002065_000.png,Infiltration,0,2065,46,M,PA,2500,2048,0.171,0.171,1,0,0,0,1,0,0,0,0,0,0,0,0,0,0
00002065_001.png,No Finding,1,2065,48,M,PA,2500,2048,0.168,0.168,0,0,0,0,0,0,0,0,0,0,0,0,0,0,0
00002066_001.png,No Finding,1,2066,73,M,PA,2500,2048,0.171,0.171,0,0,0,0,0,0,0,0,0,0,0,0,0,0,0
00002066_002.png,No Finding,2,2066,76,M,AP,2500,2048,0.168,0.168,0,0,0,0,0,0,0,0,0,0,0,0,0,0,0
00002066_005.png,Infiltration,5,2066,77,M,AP,2500,2048,0.168,0.168,1,0,0,0,1,0,0,0,0,0,0,0,0,0,0
00002066_007.png,Emphysema,6,2066,77,M,AP,2500,2048,0.168,0.168,1,0,0,0,0,0,0,0,0,0,0,1,0,0,0
00002066_006.png,Effusion|Emphysema,7,2066,77,M,PA,2992,2991,0.143,0.143,1,0,0,1,0,0,0,0,0,0,0,1,0,0,0
00002066_008.png,No Finding,8,2066,77,M,PA,2586,2989,0.143,0.143,0,0,0,0,0,0,0,0,0,0,0,0,0,0,0
00002066_009.png,No Finding,9,2066,77,M,PA,2992,2991,0.143,0.143,0,0,0,0,0,0,0,0,0,0,0,0,0,0,0
00002066_010.png,No Finding,10,2066,77,M,PA,2992,2991,0.143,0.143,0,0,0,0,0,0,0,0,0,0,0,0,0,0,0
00002066_011.png,No Finding,11,2066,77,M,PA,2992,2991,0.143,0.143,0,0,0,0,0,0,0,0,0,0,0,0,0,0,0
00002066_013.png,No Finding,13,2066,78,M,PA,2910,2985,0.143,0.143,0,0,0,0,0,0,0,0,0,0,0,0,0,0,0
00002066_014.png,Nodule,14,2066,80,M,PA,2992,2991,0.143,0.143,1,0,0,0,0,0,1,0,0,0,0,0,0,0,0
00002067_000.png,Infiltration|Pneumonia,0,2067,30,F,AP,2500,2048,0.168,0.168,1,0,0,0,1,0,0,1,0,0,0,0,0,0,0
00002069_000.png,No Finding,0,2069,44,M,PA,2500,2048,0.171,0.171,0,0,0,0,0,0,0,0,0,0,0,0,0,0,0
00002070_000.png,No Finding,0,2070,32,M,AP,2500,2048,0.171,0.171,0,0,0,0,0,0,0,0,0,0,0,0,0,0,0
00002070_001.png,No Finding,1,2070,33,M,PA,2500,2048,0.171,0.171,0,0,0,0,0,0,0,0,0,0,0,0,0,0,0
00002070_002.png,No Finding,2,2070,33,M,PA,2500,2048,0.168,0.168,0,0,0,0,0,0,0,0,0,0,0,0,0,0,0
00002070_003.png,No Finding,3,2070,33,M,AP,2500,2048,0.168,0.168,0,0,0,0,0,0,0,0,0,0,0,0,0,0,0
00002070_004.png,No Finding,4,2070,33,M,PA,2500,2048,0.168,0.168,0,0,0,0,0,0,0,0,0,0,0,0,0,0,0
00002071_000.png,No Finding,0,2071,50,F,AP,2500,2048,0.171,0.171,0,0,0,0,0,0,0,0,0,0,0,0,0,0,0
00002072_001.png,Cardiomegaly|Infiltration|Nodule,1,2072,8,M,AP,2500,2048,0.171,0.171,1,0,1,0,1,0,1,0,0,0,0,0,0,0,0
00002072_002.png,Consolidation|Infiltration|Nodule,2,2072,8,M,AP,2048,2500,0.115,0.115,1,0,0,0,1,0,1,0,0,1,0,0,0,0,0
00002072_003.png,Effusion|Infiltration,3,2072,8,M,AP,2500,2048,0.171,0.171,1,0,0,1,1,0,0,0,0,0,0,0,0,0,0
00002072_005.png,Infiltration,5,2072,9,M,AP,2500,2048,0.168,0.168,1,0,0,0,1,0,0,0,0,0,0,0,0,0,0
00002072_007.png,Consolidation,7,2072,9,M,AP,2500,2048,0.171,0.171,1,0,0,0,0,0,0,0,0,1,0,0,0,0,0
00002072_008.png,No Finding,8,2072,9,M,AP,2500,2048,0.171,0.171,0,0,0,0,0,0,0,0,0,0,0,0,0,0,0
00002072_009.png,Infiltration,9,2072,9,M,AP,2500,2048,0.171,0.171,1,0,0,0,1,0,0,0,0,0,0,0,0,0,0
00002072_014.png,No Finding,14,2072,9,M,AP,2048,2500,0.171,0.171,0,0,0,0,0,0,0,0,0,0,0,0,0,0,0
00002072_018.png,Infiltration|Mass,18,2072,9,M,AP,2048,2500,0.168,0.168,1,0,0,0,1,1,0,0,0,0,0,0,0,0,0
00002072_019.png,Infiltration,19,2072,9,M,AP,2048,2500,0.171,0.171,1,0,0,0,1,0,0,0,0,0,0,0,0,0,0
00002073_000.png,Mass,0,2073,53,F,PA,2048,2500,0.171,0.171,1,0,0,0,0,1,0,0,0,0,0,0,0,0,0
00002073_001.png,No Finding,1,2073,53,F,PA,2048,2500,0.171,0.171,0,0,0,0,0,0,0,0,0,0,0,0,0,0,0
00002073_002.png,Mass,2,2073,53,F,PA,2048,2500,0.171,0.171,1,0,0,0,0,1,0,0,0,0,0,0,0,0,0
00002074_000.png,No Finding,0,2074,15,F,PA,2048,2500,0.171,0.171,0,0,0,0,0,0,0,0,0,0,0,0,0,0,0
00002075_000.png,No Finding,0,2075,32,M,PA,2048,2500,0.168,0.168,0,0,0,0,0,0,0,0,0,0,0,0,0,0,0
00002075_001.png,Cardiomegaly|Effusion,1,2075,33,M,AP,2500,2048,0.168,0.168,1,0,1,1,0,0,0,0,0,0,0,0,0,0,0
00002075_002.png,Effusion,2,2075,33,M,AP,2500,2048,0.168,0.168,1,0,0,1,0,0,0,0,0,0,0,0,0,0,0
00002075_003.png,Effusion,3,2075,33,M,AP,2500,2048,0.168,0.168,1,0,0,1,0,0,0,0,0,0,0,0,0,0,0
00002075_004.png,Effusion,4,2075,33,M,AP,2500,2048,0.168,0.168,1,0,0,1,0,0,0,0,0,0,0,0,0,0,0
00002075_005.png,Effusion,5,2075,33,M,PA,2992,2991,0.143,0.143,1,0,0,1,0,0,0,0,0,0,0,0,0,0,0
00002076_000.png,No Finding,0,2076,56,F,PA,2500,2048,0.171,0.171,0,0,0,0,0,0,0,0,0,0,0,0,0,0,0
00002077_001.png,No Finding,0,2077,18,F,PA,2048,2500,0.171,0.171,0,0,0,0,0,0,0,0,0,0,0,0,0,0,0
00002077_002.png,No Finding,1,2077,23,F,PA,2282,2991,0.143,0.143,0,0,0,0,0,0,0,0,0,0,0,0,0,0,0
00002077_000.png,No Finding,2,2077,28,F,PA,2544,3056,0.139,0.139,0,0,0,0,0,0,0,0,0,0,0,0,0,0,0
00002078_000.png,No Finding,0,2078,9,M,PA,2048,2500,0.168,0.168,0,0,0,0,0,0,0,0,0,0,0,0,0,0,0
00002078_001.png,No Finding,1,2078,10,M,PA,2048,2500,0.168,0.168,0,0,0,0,0,0,0,0,0,0,0,0,0,0,0
00002078_002.png,No Finding,2,2078,10,M,PA,2048,2500,0.168,0.168,0,0,0,0,0,0,0,0,0,0,0,0,0,0,0
00002080_001.png,No Finding,0,2080,60,F,PA,2500,2048,0.168,0.168,0,0,0,0,0,0,0,0,0,0,0,0,0,0,0
00002080_002.png,No Finding,1,2080,62,F,PA,2586,2991,0.143,0.143,0,0,0,0,0,0,0,0,0,0,0,0,0,0,0
00002080_003.png,No Finding,2,2080,63,F,PA,2762,2991,0.143,0.143,0,0,0,0,0,0,0,0,0,0,0,0,0,0,0
00002080_004.png,No Finding,3,2080,65,F,PA,2992,2991,0.143,0.143,0,0,0,0,0,0,0,0,0,0,0,0,0,0,0
00002080_005.png,Pneumothorax,4,2080,67,F,PA,2992,2991,0.143,0.143,1,0,0,0,0,0,0,0,1,0,0,0,0,0,0
00002083_000.png,Cardiomegaly,0,2083,60,F,PA,2048,2500,0.168,0.168,1,0,1,0,0,0,0,0,0,0,0,0,0,0,0
00002085_000.png,No Finding,0,2085,47,F,PA,2048,2500,0.171,0.171,0,0,0,0,0,0,0,0,0,0,0,0,0,0,0
00002086_000.png,No Finding,0,2086,12,F,PA,2048,2500,0.171,0.171,0,0,0,0,0,0,0,0,0,0,0,0,0,0,0
00002087_000.png,Infiltration,0,2087,27,F,PA,2500,2048,0.168,0.168,1,0,0,0,1,0,0,0,0,0,0,0,0,0,0
00002088_000.png,No Finding,0,2088,47,M,PA,2500,2048,0.168,0.168,0,0,0,0,0,0,0,0,0,0,0,0,0,0,0
00002089_000.png,Hernia,0,2089,64,F,PA,2048,2500,0.171,0.171,1,0,0,0,0,0,0,0,0,0,0,0,0,0,1
00002089_001.png,Hernia,1,2089,65,F,PA,2048,2500,0.171,0.171,1,0,0,0,0,0,0,0,0,0,0,0,0,0,1
00002090_000.png,No Finding,0,2090,46,M,PA,2992,2991,0.143,0.143,0,0,0,0,0,0,0,0,0,0,0,0,0,0,0
00002090_001.png,Pneumothorax,1,2090,46,M,PA,2992,2991,0.143,0.143,1,0,0,0,0,0,0,0,1,0,0,0,0,0,0
00002090_002.png,No Finding,2,2090,46,M,PA,2990,2991,0.143,0.143,0,0,0,0,0,0,0,0,0,0,0,0,0,0,0
00002090_003.png,Pneumothorax,3,2090,46,M,PA,2992,2991,0.143,0.143,1,0,0,0,0,0,0,0,1,0,0,0,0,0,0
00002090_004.png,Pneumothorax,4,2090,46,M,AP,2500,2048,0.168,0.168,1,0,0,0,0,0,0,0,1,0,0,0,0,0,0
00002090_005.png,Effusion|Pneumothorax,5,2090,46,M,AP,2500,2048,0.168,0.168,1,0,0,1,0,0,0,0,1,0,0,0,0,0,0
00002091_000.png,No Finding,0,2091,47,F,PA,2021,2021,0.1943109999999999,0.1943109999999999,0,0,0,0,0,0,0,0,0,0,0,0,0,0,0
00002095_000.png,Infiltration,0,2095,36,F,PA,2048,2500,0.171,0.171,1,0,0,0,1,0,0,0,0,0,0,0,0,0,0
00002096_000.png,No Finding,0,2096,22,M,PA,2500,2048,0.171,0.171,0,0,0,0,0,0,0,0,0,0,0,0,0,0,0
00002097_000.png,No Finding,0,2097,51,M,AP,2048,2500,0.168,0.168,0,0,0,0,0,0,0,0,0,0,0,0,0,0,0
00002099_000.png,Nodule,0,2099,66,M,PA,3056,2544,0.139,0.139,1,0,0,0,0,0,1,0,0,0,0,0,0,0,0
00002101_000.png,Fibrosis,0,2101,54,M,PA,2048,2500,0.171,0.171,1,0,0,0,0,0,0,0,0,0,0,0,1,0,0
00002101_001.png,No Finding,1,2101,56,M,PA,2500,2048,0.171,0.171,0,0,0,0,0,0,0,0,0,0,0,0,0,0,0
00002101_002.png,Fibrosis,2,2101,56,M,PA,2500,2048,0.171,0.171,1,0,0,0,0,0,0,0,0,0,0,0,1,0,0
00002101_003.png,Fibrosis,3,2101,57,M,PA,2500,2048,0.168,0.168,1,0,0,0,0,0,0,0,0,0,0,0,1,0,0
00002101_004.png,No Finding,4,2101,58,M,PA,2992,2991,0.143,0.143,0,0,0,0,0,0,0,0,0,0,0,0,0,0,0
00002102_000.png,No Finding,0,2102,41,M,PA,2500,2048,0.168,0.168,0,0,0,0,0,0,0,0,0,0,0,0,0,0,0
00002103_000.png,No Finding,0,2103,43,M,PA,2992,2991,0.143,0.143,0,0,0,0,0,0,0,0,0,0,0,0,0,0,0
00002103_001.png,Cardiomegaly,1,2103,44,M,PA,2388,2607,0.143,0.143,1,0,1,0,0,0,0,0,0,0,0,0,0,0,0
00002106_000.png,Mass|Pleural_Thickening|Pneumothorax,0,2106,30,M,PA,2718,2991,0.143,0.143,1,0,0,0,0,1,0,0,1,0,0,0,0,1,0
00002106_001.png,Pneumothorax,1,2106,30,M,PA,2814,2991,0.143,0.143,1,0,0,0,0,0,0,0,1,0,0,0,0,0,0
00002106_002.png,Infiltration,2,2106,30,M,PA,2838,2991,0.143,0.143,1,0,0,0,1,0,0,0,0,0,0,0,0,0,0
00002106_003.png,Infiltration,3,2106,30,M,AP,3056,2544,0.139,0.139,1,0,0,0,1,0,0,0,0,0,0,0,0,0,0
00002107_001.png,No Finding,0,2107,58,M,PA,2992,2991,0.143,0.143,0,0,0,0,0,0,0,0,0,0,0,0,0,0,0
00002107_000.png,No Finding,1,2107,63,M,PA,2021,2021,0.1943109999999999,0.1943109999999999,0,0,0,0,0,0,0,0,0,0,0,0,0,0,0
00002109_000.png,Pneumonia,0,2109,21,M,AP,2500,2048,0.168,0.168,1,0,0,0,0,0,0,1,0,0,0,0,0,0,0
00002110_000.png,No Finding,0,2110,53,M,PA,2992,2991,0.143,0.143,0,0,0,0,0,0,0,0,0,0,0,0,0,0,0
00002111_000.png,No Finding,0,2111,56,M,AP,2500,2048,0.171,0.171,0,0,0,0,0,0,0,0,0,0,0,0,0,0,0
00002111_001.png,Emphysema|Infiltration,1,2111,56,M,AP,2500,2048,0.171,0.171,1,0,0,0,1,0,0,0,0,0,0,1,0,0,0
00002111_003.png,No Finding,3,2111,56,M,PA,2500,2048,0.171,0.171,0,0,0,0,0,0,0,0,0,0,0,0,0,0,0
00002111_004.png,Mass,4,2111,56,M,PA,2500,2048,0.171,0.171,1,0,0,0,0,1,0,0,0,0,0,0,0,0,0
00002111_005.png,Infiltration|Mass,5,2111,56,M,AP,2500,2048,0.171,0.171,1,0,0,0,1,1,0,0,0,0,0,0,0,0,0
00002111_006.png,No Finding,6,2111,56,M,AP,2500,2048,0.171,0.171,0,0,0,0,0,0,0,0,0,0,0,0,0,0,0
00002111_007.png,No Finding,7,2111,56,M,AP,2500,2048,0.171,0.171,0,0,0,0,0,0,0,0,0,0,0,0,0,0,0
00002111_008.png,No Finding,8,2111,56,M,AP,2500,2048,0.171,0.171,0,0,0,0,0,0,0,0,0,0,0,0,0,0,0
00002111_009.png,Infiltration,9,2111,56,M,PA,2500,2048,0.171,0.171,1,0,0,0,1,0,0,0,0,0,0,0,0,0,0
00002111_010.png,No Finding,10,2111,56,M,PA,2500,2048,0.171,0.171,0,0,0,0,0,0,0,0,0,0,0,0,0,0,0
00002111_011.png,No Finding,11,2111,56,M,PA,2500,2048,0.171,0.171,0,0,0,0,0,0,0,0,0,0,0,0,0,0,0
00002111_012.png,No Finding,12,2111,56,M,PA,2500,2048,0.171,0.171,0,0,0,0,0,0,0,0,0,0,0,0,0,0,0
00002111_013.png,Mass|Pleural_Thickening,13,2111,56,M,AP,2500,2048,0.171,0.171,1,0,0,0,0,1,0,0,0,0,0,0,0,1,0
00002111_014.png,Nodule,14,2111,56,M,PA,2500,2048,0.171,0.171,1,0,0,0,0,0,1,0,0,0,0,0,0,0,0
00002111_015.png,No Finding,15,2111,57,M,PA,2500,2048,0.168,0.168,0,0,0,0,0,0,0,0,0,0,0,0,0,0,0
00002111_016.png,No Finding,16,2111,57,M,PA,2500,2048,0.168,0.168,0,0,0,0,0,0,0,0,0,0,0,0,0,0,0
00002111_017.png,No Finding,17,2111,58,M,PA,2500,2048,0.168,0.168,0,0,0,0,0,0,0,0,0,0,0,0,0,0,0
00002113_000.png,Infiltration,0,2113,43,F,PA,2544,3016,0.139,0.139,1,0,0,0,1,0,0,0,0,0,0,0,0,0,0
00002114_000.png,No Finding,0,2114,40,M,PA,2500,2048,0.171,0.171,0,0,0,0,0,0,0,0,0,0,0,0,0,0,0
00002117_003.png,No Finding,0,2117,34,F,PA,2992,2991,0.143,0.143,0,0,0,0,0,0,0,0,0,0,0,0,0,0,0
00002117_004.png,No Finding,1,2117,34,F,PA,2510,2653,0.143,0.143,0,0,0,0,0,0,0,0,0,0,0,0,0,0,0
00002117_005.png,No Finding,2,2117,34,F,AP,2500,2048,0.168,0.168,0,0,0,0,0,0,0,0,0,0,0,0,0,0,0
00002117_006.png,Infiltration,3,2117,34,F,AP,2500,2048,0.168,0.168,1,0,0,0,1,0,0,0,0,0,0,0,0,0,0
00002117_007.png,No Finding,4,2117,34,F,AP,2500,2048,0.168,0.168,0,0,0,0,0,0,0,0,0,0,0,0,0,0,0
00002117_008.png,No Finding,5,2117,34,F,AP,2500,2048,0.168,0.168,0,0,0,0,0,0,0,0,0,0,0,0,0,0,0
00002117_009.png,No Finding,6,2117,34,F,AP,2500,2048,0.168,0.168,0,0,0,0,0,0,0,0,0,0,0,0,0,0,0
00002117_010.png,No Finding,7,2117,34,F,AP,2500,2048,0.168,0.168,0,0,0,0,0,0,0,0,0,0,0,0,0,0,0
00002117_011.png,No Finding,8,2117,35,F,AP,2048,2500,0.168,0.168,0,0,0,0,0,0,0,0,0,0,0,0,0,0,0
00002117_012.png,No Finding,9,2117,36,F,PA,2992,2991,0.143,0.143,0,0,0,0,0,0,0,0,0,0,0,0,0,0,0
00002117_013.png,No Finding,10,2117,37,F,PA,2992,2991,0.143,0.143,0,0,0,0,0,0,0,0,0,0,0,0,0,0,0
00002117_000.png,No Finding,11,2117,39,F,PA,2992,2991,0.143,0.143,0,0,0,0,0,0,0,0,0,0,0,0,0,0,0
00002117_001.png,No Finding,12,2117,39,F,PA,2546,2621,0.143,0.143,0,0,0,0,0,0,0,0,0,0,0,0,0,0,0
00002117_002.png,No Finding,13,2117,39,F,PA,2992,2991,0.143,0.143,0,0,0,0,0,0,0,0,0,0,0,0,0,0,0
00002119_000.png,Consolidation,0,2119,53,F,AP,2500,2048,0.171,0.171,1,0,0,0,0,0,0,0,0,1,0,0,0,0,0
00002119_001.png,No Finding,1,2119,53,F,AP,2500,2048,0.171,0.171,0,0,0,0,0,0,0,0,0,0,0,0,0,0,0
00002119_002.png,Cardiomegaly|Effusion,2,2119,55,F,PA,2048,2500,0.168,0.168,1,0,1,1,0,0,0,0,0,0,0,0,0,0,0
00002120_000.png,No Finding,0,2120,72,M,PA,2992,2991,0.143,0.143,0,0,0,0,0,0,0,0,0,0,0,0,0,0,0
00002120_001.png,No Finding,1,2120,73,M,PA,2992,2991,0.143,0.143,0,0,0,0,0,0,0,0,0,0,0,0,0,0,0
00002120_005.png,Effusion,5,2120,73,M,PA,2992,2991,0.143,0.143,1,0,0,1,0,0,0,0,0,0,0,0,0,0,0
00002120_006.png,Infiltration,6,2120,74,M,PA,2992,2991,0.143,0.143,1,0,0,0,1,0,0,0,0,0,0,0,0,0,0
00002120_007.png,No Finding,7,2120,74,M,PA,2500,2048,0.168,0.168,0,0,0,0,0,0,0,0,0,0,0,0,0,0,0
00002121_000.png,No Finding,0,2121,28,F,PA,2342,2991,0.143,0.143,0,0,0,0,0,0,0,0,0,0,0,0,0,0,0
00002123_000.png,Pleural_Thickening,0,2123,66,M,PA,2842,2917,0.143,0.143,1,0,0,0,0,0,0,0,0,0,0,0,0,1,0
00002125_000.png,No Finding,0,2125,53,M,PA,2992,2991,0.143,0.143,0,0,0,0,0,0,0,0,0,0,0,0,0,0,0
00002126_000.png,No Finding,0,2126,55,M,PA,2992,2991,0.143,0.143,0,0,0,0,0,0,0,0,0,0,0,0,0,0,0
00002127_000.png,No Finding,0,2127,44,F,PA,2614,2361,0.143,0.143,0,0,0,0,0,0,0,0,0,0,0,0,0,0,0
00002129_003.png,No Finding,0,2129,60,M,PA,2500,2048,0.168,0.168,0,0,0,0,0,0,0,0,0,0,0,0,0,0,0
00002129_004.png,No Finding,1,2129,63,M,PA,2992,2991,0.143,0.143,0,0,0,0,0,0,0,0,0,0,0,0,0,0,0
00002129_005.png,No Finding,2,2129,66,M,PA,2992,2991,0.143,0.143,0,0,0,0,0,0,0,0,0,0,0,0,0,0,0
00002129_006.png,No Finding,3,2129,67,M,PA,2992,2991,0.143,0.143,0,0,0,0,0,0,0,0,0,0,0,0,0,0,0
00002129_000.png,Infiltration,4,2129,68,M,PA,2992,2991,0.143,0.143,1,0,0,0,1,0,0,0,0,0,0,0,0,0,0
00002129_001.png,No Finding,5,2129,69,M,PA,2992,2991,0.143,0.143,0,0,0,0,0,0,0,0,0,0,0,0,0,0,0
00002129_002.png,No Finding,6,2129,71,M,PA,2021,2020,0.1943109999999999,0.1943109999999999,0,0,0,0,0,0,0,0,0,0,0,0,0,0,0
00002130_003.png,No Finding,0,2130,36,F,PA,2048,2500,0.168,0.168,0,0,0,0,0,0,0,0,0,0,0,0,0,0,0
00002130_000.png,Consolidation|Nodule,1,2130,45,F,PA,2402,2991,0.143,0.143,1,0,0,0,0,0,1,0,0,1,0,0,0,0,0
00002130_001.png,No Finding,2,2130,47,F,PA,2020,2021,0.1943109999999999,0.1943109999999999,0,0,0,0,0,0,0,0,0,0,0,0,0,0,0
00002130_002.png,No Finding,3,2130,47,F,PA,2021,2020,0.1943109999999999,0.1943109999999999,0,0,0,0,0,0,0,0,0,0,0,0,0,0,0
00002131_000.png,No Finding,0,2131,69,F,PA,2048,2500,0.168,0.168,0,0,0,0,0,0,0,0,0,0,0,0,0,0,0
00002131_001.png,No Finding,1,2131,71,F,PA,2992,2991,0.143,0.143,0,0,0,0,0,0,0,0,0,0,0,0,0,0,0
00002131_002.png,No Finding,2,2131,71,F,PA,2706,2761,0.143,0.143,0,0,0,0,0,0,0,0,0,0,0,0,0,0,0
00002132_000.png,No Finding,0,2132,56,F,PA,2500,2048,0.168,0.168,0,0,0,0,0,0,0,0,0,0,0,0,0,0,0
00002133_000.png,No Finding,0,2133,51,M,PA,2500,2048,0.168,0.168,0,0,0,0,0,0,0,0,0,0,0,0,0,0,0
00002133_001.png,No Finding,1,2133,52,M,PA,2500,2048,0.168,0.168,0,0,0,0,0,0,0,0,0,0,0,0,0,0,0
00002133_002.png,Nodule,2,2133,55,M,PA,2992,2991,0.143,0.143,1,0,0,0,0,0,1,0,0,0,0,0,0,0,0
00002134_000.png,No Finding,0,2134,23,M,PA,2992,2991,0.143,0.143,0,0,0,0,0,0,0,0,0,0,0,0,0,0,0
00002135_000.png,No Finding,0,2135,61,F,PA,2992,2991,0.143,0.143,0,0,0,0,0,0,0,0,0,0,0,0,0,0,0
00002135_001.png,No Finding,1,2135,63,F,PA,2992,2991,0.143,0.143,0,0,0,0,0,0,0,0,0,0,0,0,0,0,0
00002135_002.png,Infiltration,2,2135,63,F,PA,2021,2020,0.1943109999999999,0.1943109999999999,1,0,0,0,1,0,0,0,0,0,0,0,0,0,0
00002136_000.png,No Finding,0,2136,47,M,PA,2500,2048,0.171,0.171,0,0,0,0,0,0,0,0,0,0,0,0,0,0,0
00002137_000.png,Infiltration,0,2137,24,F,PA,2048,2500,0.168,0.168,1,0,0,0,1,0,0,0,0,0,0,0,0,0,0
00002138_000.png,No Finding,0,2138,85,M,PA,2878,2991,0.143,0.143,0,0,0,0,0,0,0,0,0,0,0,0,0,0,0
00002139_000.png,No Finding,0,2139,46,M,PA,2500,2048,0.168,0.168,0,0,0,0,0,0,0,0,0,0,0,0,0,0,0
00002139_001.png,No Finding,1,2139,46,M,PA,2500,2048,0.168,0.168,0,0,0,0,0,0,0,0,0,0,0,0,0,0,0
00002140_001.png,No Finding,0,2140,71,F,PA,2992,2991,0.143,0.143,0,0,0,0,0,0,0,0,0,0,0,0,0,0,0
00002140_002.png,No Finding,1,2140,73,F,PA,2606,2601,0.143,0.143,0,0,0,0,0,0,0,0,0,0,0,0,0,0,0
00002140_003.png,No Finding,2,2140,75,F,PA,2992,2991,0.143,0.143,0,0,0,0,0,0,0,0,0,0,0,0,0,0,0
00002140_000.png,No Finding,4,2140,79,F,PA,2544,3056,0.139,0.139,0,0,0,0,0,0,0,0,0,0,0,0,0,0,0
00002142_000.png,No Finding,0,2142,53,F,PA,2048,2500,0.171,0.171,0,0,0,0,0,0,0,0,0,0,0,0,0,0,0
00002143_000.png,Pneumothorax,0,2143,26,F,PA,2048,2500,0.171,0.171,1,0,0,0,0,0,0,0,1,0,0,0,0,0,0
00002143_001.png,No Finding,1,2143,27,F,AP,2500,2048,0.171,0.171,0,0,0,0,0,0,0,0,0,0,0,0,0,0,0
00002143_002.png,No Finding,2,2143,27,F,AP,2500,2048,0.171,0.171,0,0,0,0,0,0,0,0,0,0,0,0,0,0,0
00002143_003.png,No Finding,3,2143,27,F,PA,2048,2500,0.171,0.171,0,0,0,0,0,0,0,0,0,0,0,0,0,0,0
00002143_004.png,No Finding,4,2143,28,F,AP,2500,2048,0.171,0.171,0,0,0,0,0,0,0,0,0,0,0,0,0,0,0
00002143_005.png,No Finding,5,2143,28,F,AP,2500,2048,0.171,0.171,0,0,0,0,0,0,0,0,0,0,0,0,0,0,0
00002143_007.png,No Finding,7,2143,28,F,PA,2048,2500,0.171,0.171,0,0,0,0,0,0,0,0,0,0,0,0,0,0,0
00002143_008.png,No Finding,8,2143,30,F,PA,2658,2361,0.143,0.143,0,0,0,0,0,0,0,0,0,0,0,0,0,0,0
00002143_010.png,No Finding,10,2143,31,F,AP,2500,2048,0.168,0.168,0,0,0,0,0,0,0,0,0,0,0,0,0,0,0
00002144_000.png,Nodule,0,2144,50,M,PA,2500,2048,0.171,0.171,1,0,0,0,0,0,1,0,0,0,0,0,0,0,0
00002146_004.png,No Finding,0,2146,30,F,PA,2048,2500,0.171,0.171,0,0,0,0,0,0,0,0,0,0,0,0,0,0,0
00002146_005.png,No Finding,1,2146,30,F,PA,2048,2500,0.168,0.168,0,0,0,0,0,0,0,0,0,0,0,0,0,0,0
00002146_006.png,No Finding,2,2146,33,F,PA,2992,2991,0.143,0.143,0,0,0,0,0,0,0,0,0,0,0,0,0,0,0
00002146_007.png,Pneumothorax,3,2146,33,F,PA,2992,2991,0.143,0.143,1,0,0,0,0,0,0,0,1,0,0,0,0,0,0
00002146_000.png,Fibrosis,4,2146,39,F,PA,2992,2991,0.143,0.143,1,0,0,0,0,0,0,0,0,0,0,0,1,0,0
00002146_001.png,Pneumothorax,5,2146,40,F,PA,2992,2991,0.143,0.143,1,0,0,0,0,0,0,0,1,0,0,0,0,0,0
00002146_002.png,Pneumothorax,6,2146,41,F,PA,1794,2022,0.1943109999999999,0.1943109999999999,1,0,0,0,0,0,0,0,1,0,0,0,0,0,0
00002146_003.png,Pneumothorax,7,2146,41,F,PA,1766,2021,0.1943109999999999,0.1943109999999999,1,0,0,0,0,0,0,0,1,0,0,0,0,0,0
00002147_000.png,No Finding,0,2147,28,F,PA,2048,2500,0.171,0.171,0,0,0,0,0,0,0,0,0,0,0,0,0,0,0
00002148_000.png,No Finding,0,2148,51,M,PA,2992,2991,0.143,0.143,0,0,0,0,0,0,0,0,0,0,0,0,0,0,0
00002149_000.png,No Finding,0,2149,41,F,PA,2048,2500,0.168,0.168,0,0,0,0,0,0,0,0,0,0,0,0,0,0,0
00002150_000.png,Infiltration|Nodule,0,2150,58,M,PA,2500,2048,0.168,0.168,1,0,0,0,1,0,1,0,0,0,0,0,0,0,0
00002151_000.png,No Finding,0,2151,28,F,AP,2500,2048,0.171,0.171,0,0,0,0,0,0,0,0,0,0,0,0,0,0,0
00002152_001.png,Effusion,0,2152,37,M,AP,2500,2048,0.168,0.168,1,0,0,1,0,0,0,0,0,0,0,0,0,0,0
00002152_002.png,No Finding,1,2152,37,M,AP,2500,2048,0.168,0.168,0,0,0,0,0,0,0,0,0,0,0,0,0,0,0
00002152_003.png,Effusion,2,2152,37,M,AP,2500,2048,0.168,0.168,1,0,0,1,0,0,0,0,0,0,0,0,0,0,0
00002152_004.png,No Finding,3,2152,37,M,AP,2500,2048,0.168,0.168,0,0,0,0,0,0,0,0,0,0,0,0,0,0,0
00002152_006.png,No Finding,5,2152,38,M,AP,2500,2048,0.168,0.168,0,0,0,0,0,0,0,0,0,0,0,0,0,0,0
00002152_007.png,No Finding,6,2152,38,M,AP,2500,2048,0.168,0.168,0,0,0,0,0,0,0,0,0,0,0,0,0,0,0
00002152_008.png,No Finding,7,2152,38,M,PA,2686,2673,0.143,0.143,0,0,0,0,0,0,0,0,0,0,0,0,0,0,0
00002152_009.png,No Finding,8,2152,39,M,AP,2500,2048,0.168,0.168,0,0,0,0,0,0,0,0,0,0,0,0,0,0,0
00002152_000.png,No Finding,9,2152,48,M,AP,3056,2544,0.139,0.139,0,0,0,0,0,0,0,0,0,0,0,0,0,0,0
00002153_000.png,No Finding,0,2153,21,M,PA,2500,2048,0.171,0.171,0,0,0,0,0,0,0,0,0,0,0,0,0,0,0
00002155_000.png,No Finding,0,2155,41,F,PA,2936,2741,0.143,0.143,0,0,0,0,0,0,0,0,0,0,0,0,0,0,0
00002157_000.png,No Finding,0,2157,44,M,PA,2500,2048,0.171,0.171,0,0,0,0,0,0,0,0,0,0,0,0,0,0,0
00002159_000.png,No Finding,0,2159,58,M,PA,2500,2048,0.168,0.168,0,0,0,0,0,0,0,0,0,0,0,0,0,0,0
00002160_000.png,No Finding,0,2160,57,M,AP,3056,2544,0.139,0.139,0,0,0,0,0,0,0,0,0,0,0,0,0,0,0
00002160_001.png,No Finding,1,2160,57,M,AP,3056,2544,0.139,0.139,0,0,0,0,0,0,0,0,0,0,0,0,0,0,0
00002161_000.png,No Finding,0,2161,51,F,PA,2992,2991,0.143,0.143,0,0,0,0,0,0,0,0,0,0,0,0,0,0,0
00002162_000.png,No Finding,0,2162,56,M,PA,2048,2500,0.168,0.168,0,0,0,0,0,0,0,0,0,0,0,0,0,0,0
00002163_001.png,No Finding,0,2163,35,M,PA,2720,2708,0.143,0.143,0,0,0,0,0,0,0,0,0,0,0,0,0,0,0
00002163_000.png,No Finding,1,2163,40,M,PA,2992,2991,0.143,0.143,0,0,0,0,0,0,0,0,0,0,0,0,0,0,0
00002166_000.png,No Finding,0,2166,57,F,PA,2598,2991,0.143,0.143,0,0,0,0,0,0,0,0,0,0,0,0,0,0,0
00002167_000.png,No Finding,0,2167,39,M,PA,2500,2048,0.171,0.171,0,0,0,0,0,0,0,0,0,0,0,0,0,0,0
00002167_001.png,No Finding,1,2167,47,M,PA,2992,2991,0.143,0.143,0,0,0,0,0,0,0,0,0,0,0,0,0,0,0
00002168_000.png,No Finding,0,2168,50,M,PA,2500,2048,0.168,0.168,0,0,0,0,0,0,0,0,0,0,0,0,0,0,0
00002168_001.png,No Finding,1,2168,55,M,PA,2500,2048,0.168,0.168,0,0,0,0,0,0,0,0,0,0,0,0,0,0,0
00002169_000.png,Consolidation|Infiltration,0,2169,46,F,AP,2048,2500,0.171,0.171,1,0,0,0,1,0,0,0,0,1,0,0,0,0,0
00002170_000.png,Emphysema|Nodule|Pleural_Thickening,0,2170,75,M,PA,2778,2863,0.143,0.143,1,0,0,0,0,0,1,0,0,0,0,1,0,1,0
00002171_000.png,No Finding,0,2171,27,F,PA,2048,2500,0.168,0.168,0,0,0,0,0,0,0,0,0,0,0,0,0,0,0
00002173_000.png,No Finding,0,2173,63,F,PA,2021,2021,0.1943109999999999,0.1943109999999999,0,0,0,0,0,0,0,0,0,0,0,0,0,0,0
00002173_001.png,Effusion|Infiltration,1,2173,63,F,PA,2021,2021,0.1943109999999999,0.1943109999999999,1,0,0,1,1,0,0,0,0,0,0,0,0,0,0
00002174_000.png,Pneumothorax,0,2174,43,F,AP,2500,2048,0.168,0.168,1,0,0,0,0,0,0,0,1,0,0,0,0,0,0
00002174_001.png,No Finding,1,2174,45,F,PA,2758,2601,0.143,0.143,0,0,0,0,0,0,0,0,0,0,0,0,0,0,0
00002176_000.png,Infiltration|Nodule,0,2176,68,F,PA,2740,2948,0.143,0.143,1,0,0,0,1,0,1,0,0,0,0,0,0,0,0
00002176_001.png,No Finding,1,2176,68,F,PA,2782,2991,0.143,0.143,0,0,0,0,0,0,0,0,0,0,0,0,0,0,0
00002176_003.png,Emphysema|Mass,2,2176,68,F,AP,3056,2544,0.139,0.139,1,0,0,0,0,1,0,0,0,0,0,1,0,0,0
00002176_002.png,Pneumothorax,3,2176,68,F,PA,2992,2991,0.143,0.143,1,0,0,0,0,0,0,0,1,0,0,0,0,0,0
00002176_004.png,Infiltration|Pneumothorax,4,2176,68,F,PA,2992,2991,0.143,0.143,1,0,0,0,1,0,0,0,1,0,0,0,0,0,0
00002176_005.png,Pneumothorax,5,2176,68,F,PA,2992,2991,0.143,0.143,1,0,0,0,0,0,0,0,1,0,0,0,0,0,0
00002176_007.png,Pneumothorax,6,2176,68,F,PA,2992,2991,0.143,0.143,1,0,0,0,0,0,0,0,1,0,0,0,0,0,0
00002176_006.png,Pneumothorax,7,2176,68,F,PA,2992,2991,0.143,0.143,1,0,0,0,0,0,0,0,1,0,0,0,0,0,0
00002176_008.png,Pneumothorax,8,2176,68,F,PA,2890,2991,0.143,0.143,1,0,0,0,0,0,0,0,1,0,0,0,0,0,0
00002176_009.png,Effusion|Pleural_Thickening|Pneumothorax,9,2176,68,F,PA,2992,2991,0.143,0.143,1,0,0,1,0,0,0,0,1,0,0,0,0,1,0
00002176_010.png,Pneumothorax,10,2176,68,F,PA,3024,2512,0.139,0.139,1,0,0,0,0,0,0,0,1,0,0,0,0,0,0
00002176_011.png,No Finding,11,2176,68,F,PA,2674,2789,0.143,0.143,0,0,0,0,0,0,0,0,0,0,0,0,0,0,0
00002177_003.png,No Finding,0,2177,54,M,PA,2992,2991,0.143,0.143,0,0,0,0,0,0,0,0,0,0,0,0,0,0,0
00002177_004.png,No Finding,1,2177,54,M,PA,3056,2544,0.139,0.139,0,0,0,0,0,0,0,0,0,0,0,0,0,0,0
00002177_000.png,No Finding,2,2177,55,M,PA,2992,2991,0.143,0.143,0,0,0,0,0,0,0,0,0,0,0,0,0,0,0
00002177_001.png,No Finding,3,2177,56,M,PA,2992,2991,0.143,0.143,0,0,0,0,0,0,0,0,0,0,0,0,0,0,0
00002177_002.png,No Finding,4,2177,57,M,PA,2021,2021,0.1943109999999999,0.1943109999999999,0,0,0,0,0,0,0,0,0,0,0,0,0,0,0
00002180_000.png,No Finding,0,2180,6,M,AP,2500,2048,0.115,0.115,0,0,0,0,0,0,0,0,0,0,0,0,0,0,0
00002181_000.png,No Finding,0,2181,31,F,PA,2048,2500,0.171,0.171,0,0,0,0,0,0,0,0,0,0,0,0,0,0,0
00002183_000.png,No Finding,0,2183,60,F,PA,2374,2661,0.143,0.143,0,0,0,0,0,0,0,0,0,0,0,0,0,0,0
00002183_001.png,No Finding,1,2183,63,F,PA,2992,2991,0.143,0.143,0,0,0,0,0,0,0,0,0,0,0,0,0,0,0
00002184_000.png,No Finding,0,2184,59,F,PA,2500,2048,0.171,0.171,0,0,0,0,0,0,0,0,0,0,0,0,0,0,0
00002184_001.png,No Finding,1,2184,60,F,PA,2500,2048,0.171,0.171,0,0,0,0,0,0,0,0,0,0,0,0,0,0,0
00002184_002.png,No Finding,2,2184,61,F,PA,2500,2048,0.168,0.168,0,0,0,0,0,0,0,0,0,0,0,0,0,0,0
00002184_003.png,No Finding,3,2184,61,F,PA,2500,2048,0.168,0.168,0,0,0,0,0,0,0,0,0,0,0,0,0,0,0
00002185_000.png,No Finding,0,2185,28,M,PA,2500,2048,0.171,0.171,0,0,0,0,0,0,0,0,0,0,0,0,0,0,0
00002185_001.png,No Finding,1,2185,30,M,PA,2500,2048,0.168,0.168,0,0,0,0,0,0,0,0,0,0,0,0,0,0,0
00002186_000.png,No Finding,0,2186,59,F,PA,2782,2991,0.143,0.143,0,0,0,0,0,0,0,0,0,0,0,0,0,0,0
00002188_000.png,No Finding,0,2188,53,F,PA,2616,2746,0.143,0.143,0,0,0,0,0,0,0,0,0,0,0,0,0,0,0
00002190_000.png,No Finding,0,2190,31,F,PA,2048,2500,0.171,0.171,0,0,0,0,0,0,0,0,0,0,0,0,0,0,0
00002191_000.png,No Finding,0,2191,47,F,PA,2048,2500,0.171,0.171,0,0,0,0,0,0,0,0,0,0,0,0,0,0,0
00002191_001.png,No Finding,1,2191,48,F,PA,2048,2500,0.168,0.168,0,0,0,0,0,0,0,0,0,0,0,0,0,0,0
00002192_001.png,Infiltration,0,2192,11,F,PA,2682,2361,0.143,0.143,1,0,0,0,1,0,0,0,0,0,0,0,0,0,0
00002192_000.png,No Finding,1,2192,19,F,PA,2544,3056,0.139,0.139,0,0,0,0,0,0,0,0,0,0,0,0,0,0,0
00002194_000.png,Nodule,0,2194,66,M,AP,2500,2048,0.171,0.171,1,0,0,0,0,0,1,0,0,0,0,0,0,0,0
00002194_001.png,Nodule,1,2194,66,M,AP,2500,2048,0.171,0.171,1,0,0,0,0,0,1,0,0,0,0,0,0,0,0
00002194_002.png,No Finding,2,2194,66,M,AP,2500,2048,0.171,0.171,0,0,0,0,0,0,0,0,0,0,0,0,0,0,0
00002194_003.png,No Finding,3,2194,66,M,AP,2500,2048,0.171,0.171,0,0,0,0,0,0,0,0,0,0,0,0,0,0,0
00002195_000.png,No Finding,0,2195,38,M,PA,2500,2048,0.171,0.171,0,0,0,0,0,0,0,0,0,0,0,0,0,0,0
00002195_001.png,No Finding,1,2195,39,M,PA,2500,2048,0.168,0.168,0,0,0,0,0,0,0,0,0,0,0,0,0,0,0
00002195_002.png,No Finding,2,2195,40,M,PA,2500,2048,0.168,0.168,0,0,0,0,0,0,0,0,0,0,0,0,0,0,0
00002195_003.png,No Finding,3,2195,41,M,PA,2990,2991,0.143,0.143,0,0,0,0,0,0,0,0,0,0,0,0,0,0,0
00002195_004.png,No Finding,4,2195,44,M,PA,2990,2991,0.143,0.143,0,0,0,0,0,0,0,0,0,0,0,0,0,0,0
00002195_005.png,Infiltration,5,2195,47,M,PA,2992,2991,0.143,0.143,1,0,0,0,1,0,0,0,0,0,0,0,0,0,0
00002196_000.png,No Finding,0,2196,42,M,PA,2992,2991,0.143,0.143,0,0,0,0,0,0,0,0,0,0,0,0,0,0,0
00002198_000.png,No Finding,0,2198,45,F,PA,2048,2500,0.171,0.171,0,0,0,0,0,0,0,0,0,0,0,0,0,0,0
00002199_000.png,No Finding,0,2199,65,F,PA,2048,2500,0.171,0.171,0,0,0,0,0,0,0,0,0,0,0,0,0,0,0
00002199_001.png,No Finding,1,2199,66,F,PA,2500,2048,0.168,0.168,0,0,0,0,0,0,0,0,0,0,0,0,0,0,0
00002200_000.png,No Finding,0,2200,59,M,PA,2992,2991,0.143,0.143,0,0,0,0,0,0,0,0,0,0,0,0,0,0,0
00002201_000.png,No Finding,0,2201,47,M,PA,2992,2991,0.143,0.143,0,0,0,0,0,0,0,0,0,0,0,0,0,0,0
00002201_001.png,Pneumothorax,1,2201,47,M,AP,2500,2048,0.168,0.168,1,0,0,0,0,0,0,0,1,0,0,0,0,0,0
00002201_002.png,Pneumothorax,2,2201,47,M,PA,2992,2991,0.143,0.143,1,0,0,0,0,0,0,0,1,0,0,0,0,0,0
00002201_006.png,No Finding,6,2201,47,M,PA,2992,2991,0.143,0.143,0,0,0,0,0,0,0,0,0,0,0,0,0,0,0
00002201_007.png,Mass,7,2201,47,M,PA,2992,2991,0.143,0.143,1,0,0,0,0,1,0,0,0,0,0,0,0,0,0
00002201_008.png,Mass,8,2201,49,M,PA,2992,2991,0.143,0.143,1,0,0,0,0,1,0,0,0,0,0,0,0,0,0
00002202_000.png,No Finding,0,2202,42,F,PA,2048,2500,0.168,0.168,0,0,0,0,0,0,0,0,0,0,0,0,0,0,0
00002203_000.png,Nodule,0,2203,61,M,PA,2992,2991,0.143,0.143,1,0,0,0,0,0,1,0,0,0,0,0,0,0,0
00002204_000.png,No Finding,0,2204,32,M,PA,2500,2048,0.171,0.171,0,0,0,0,0,0,0,0,0,0,0,0,0,0,0
00002204_001.png,Nodule,1,2204,37,M,PA,2658,2991,0.143,0.143,1,0,0,0,0,0,1,0,0,0,0,0,0,0,0
00002205_000.png,No Finding,0,2205,5,M,AP,2048,2500,0.171,0.171,0,0,0,0,0,0,0,0,0,0,0,0,0,0,0
00002206_000.png,Infiltration,0,2206,59,M,PA,2021,2021,0.1943109999999999,0.1943109999999999,1,0,0,0,1,0,0,0,0,0,0,0,0,0,0
00002206_001.png,Infiltration,1,2206,60,M,PA,2021,2021,0.1943109999999999,0.1943109999999999,1,0,0,0,1,0,0,0,0,0,0,0,0,0,0
00002206_002.png,No Finding,2,2206,60,M,PA,2021,2021,0.1943109999999999,0.1943109999999999,0,0,0,0,0,0,0,0,0,0,0,0,0,0,0
00002206_003.png,No Finding,3,2206,60,M,AP,3056,2544,0.139,0.139,0,0,0,0,0,0,0,0,0,0,0,0,0,0,0
00002206_006.png,Pneumothorax,6,2206,60,M,PA,2021,2021,0.1943109999999999,0.1943109999999999,1,0,0,0,0,0,0,0,1,0,0,0,0,0,0
00002206_007.png,Pneumothorax,7,2206,60,M,PA,2021,2021,0.1943109999999999,0.1943109999999999,1,0,0,0,0,0,0,0,1,0,0,0,0,0,0
00002206_008.png,Effusion|Pneumothorax,8,2206,60,M,PA,2021,2021,0.1943109999999999,0.1943109999999999,1,0,0,1,0,0,0,0,1,0,0,0,0,0,0
00002206_009.png,Pneumothorax,9,2206,60,M,PA,2021,2021,0.1943109999999999,0.1943109999999999,1,0,0,0,0,0,0,0,1,0,0,0,0,0,0
00002208_001.png,No Finding,1,2208,51,F,AP,2500,2048,0.168,0.168,0,0,0,0,0,0,0,0,0,0,0,0,0,0,0
00002208_002.png,Effusion,2,2208,51,F,AP,2500,2048,0.168,0.168,1,0,0,1,0,0,0,0,0,0,0,0,0,0,0
00002208_003.png,Effusion,3,2208,51,F,AP,2500,2048,0.168,0.168,1,0,0,1,0,0,0,0,0,0,0,0,0,0,0
00002208_006.png,Effusion|Infiltration|Mass,6,2208,51,F,AP,2500,2048,0.168,0.168,1,0,0,1,1,1,0,0,0,0,0,0,0,0,0
00002208_008.png,Consolidation|Effusion,7,2208,51,F,AP,2500,2048,0.168,0.168,1,0,0,1,0,0,0,0,0,1,0,0,0,0,0
00002208_007.png,Consolidation|Effusion,8,2208,51,F,AP,2500,2048,0.168,0.168,1,0,0,1,0,0,0,0,0,1,0,0,0,0,0
00002208_010.png,Effusion,10,2208,51,F,AP,2500,2048,0.168,0.168,1,0,0,1,0,0,0,0,0,0,0,0,0,0,0
00002208_011.png,Effusion,11,2208,51,F,AP,2500,2048,0.168,0.168,1,0,0,1,0,0,0,0,0,0,0,0,0,0,0
00002208_014.png,No Finding,14,2208,53,F,PA,2992,2991,0.143,0.143,0,0,0,0,0,0,0,0,0,0,0,0,0,0,0
00002210_000.png,No Finding,0,2210,56,F,PA,2048,2500,0.168,0.168,0,0,0,0,0,0,0,0,0,0,0,0,0,0,0
00002210_001.png,No Finding,1,2210,56,F,PA,2048,2500,0.168,0.168,0,0,0,0,0,0,0,0,0,0,0,0,0,0,0
00002212_003.png,No Finding,0,2212,34,F,PA,2048,2500,0.171,0.171,0,0,0,0,0,0,0,0,0,0,0,0,0,0,0
00002212_004.png,No Finding,1,2212,34,F,PA,2048,2500,0.171,0.171,0,0,0,0,0,0,0,0,0,0,0,0,0,0,0
00002212_005.png,No Finding,2,2212,35,F,PA,2048,2500,0.168,0.168,0,0,0,0,0,0,0,0,0,0,0,0,0,0,0
00002212_006.png,Pneumothorax,3,2212,38,F,PA,2992,2991,0.143,0.143,1,0,0,0,0,0,0,0,1,0,0,0,0,0,0
00002212_000.png,No Finding,4,2212,45,F,PA,2544,3056,0.139,0.139,0,0,0,0,0,0,0,0,0,0,0,0,0,0,0
00002212_001.png,No Finding,5,2212,46,F,PA,2021,2021,0.1943109999999999,0.1943109999999999,0,0,0,0,0,0,0,0,0,0,0,0,0,0,0
00002212_002.png,No Finding,6,2212,47,F,PA,2021,2020,0.1943109999999999,0.1943109999999999,0,0,0,0,0,0,0,0,0,0,0,0,0,0,0
00002213_000.png,Emphysema,0,2213,83,F,PA,2048,2500,0.168,0.168,1,0,0,0,0,0,0,0,0,0,0,1,0,0,0
00002213_001.png,Emphysema,1,2213,87,F,PA,2352,2271,0.143,0.143,1,0,0,0,0,0,0,0,0,0,0,1,0,0,0
00002213_002.png,No Finding,2,2213,89,F,PA,2048,2500,0.168,0.168,0,0,0,0,0,0,0,0,0,0,0,0,0,0,0
00002215_000.png,No Finding,0,2215,11,F,PA,2048,2500,0.171,0.171,0,0,0,0,0,0,0,0,0,0,0,0,0,0,0
00002215_001.png,No Finding,1,2215,11,F,PA,2048,2500,0.171,0.171,0,0,0,0,0,0,0,0,0,0,0,0,0,0,0
00002215_002.png,No Finding,2,2215,12,F,PA,2048,2500,0.168,0.168,0,0,0,0,0,0,0,0,0,0,0,0,0,0,0
00002216_000.png,No Finding,0,2216,39,F,PA,2048,2500,0.171,0.171,0,0,0,0,0,0,0,0,0,0,0,0,0,0,0
00002218_000.png,No Finding,0,2218,51,F,PA,2048,2500,0.171,0.171,0,0,0,0,0,0,0,0,0,0,0,0,0,0,0
00002218_001.png,No Finding,1,2218,52,F,PA,2048,2500,0.171,0.171,0,0,0,0,0,0,0,0,0,0,0,0,0,0,0
00002218_002.png,Effusion|Pleural_Thickening|Pneumothorax,2,2218,54,F,PA,2048,2500,0.168,0.168,1,0,0,1,0,0,0,0,1,0,0,0,0,1,0
00002218_003.png,No Finding,3,2218,55,F,PA,2048,2500,0.168,0.168,0,0,0,0,0,0,0,0,0,0,0,0,0,0,0
00002218_004.png,No Finding,4,2218,55,F,PA,2992,2991,0.143,0.143,0,0,0,0,0,0,0,0,0,0,0,0,0,0,0
00002219_005.png,No Finding,0,2219,36,F,PA,2048,2500,0.171,0.171,0,0,0,0,0,0,0,0,0,0,0,0,0,0,0
00002219_006.png,Pneumothorax,1,2219,37,F,PA,2048,2500,0.168,0.168,1,0,0,0,0,0,0,0,1,0,0,0,0,0,0
00002219_007.png,No Finding,2,2219,39,F,PA,2992,2991,0.143,0.143,0,0,0,0,0,0,0,0,0,0,0,0,0,0,0
00002219_008.png,No Finding,3,2219,39,F,PA,2500,2048,0.168,0.168,0,0,0,0,0,0,0,0,0,0,0,0,0,0,0
00002219_009.png,No Finding,4,2219,40,F,PA,2582,2393,0.143,0.143,0,0,0,0,0,0,0,0,0,0,0,0,0,0,0
00002219_010.png,No Finding,5,2219,45,F,PA,2442,2397,0.143,0.143,0,0,0,0,0,0,0,0,0,0,0,0,0,0,0
00002219_011.png,No Finding,6,2219,45,F,PA,2544,3056,0.139,0.139,0,0,0,0,0,0,0,0,0,0,0,0,0,0,0
00002219_000.png,No Finding,7,2219,45,F,PA,2992,2991,0.143,0.143,0,0,0,0,0,0,0,0,0,0,0,0,0,0,0
00002219_001.png,No Finding,8,2219,46,F,PA,2632,2696,0.143,0.143,0,0,0,0,0,0,0,0,0,0,0,0,0,0,0
00002219_002.png,Pleural_Thickening|Pneumothorax,9,2219,47,F,PA,2526,2991,0.143,0.143,1,0,0,0,0,0,0,0,1,0,0,0,0,1,0
00002219_003.png,No Finding,10,2219,47,F,PA,2992,2991,0.143,0.143,0,0,0,0,0,0,0,0,0,0,0,0,0,0,0
00002219_004.png,Infiltration|Pleural_Thickening,11,2219,47,F,PA,3056,2544,0.139,0.139,1,0,0,0,1,0,0,0,0,0,0,0,0,1,0
00002220_000.png,No Finding,0,2220,74,M,PA,2500,2048,0.168,0.168,0,0,0,0,0,0,0,0,0,0,0,0,0,0,0
00002221_000.png,No Finding,0,2221,45,F,PA,2048,2500,0.171,0.171,0,0,0,0,0,0,0,0,0,0,0,0,0,0,0
00002222_000.png,No Finding,0,2222,40,M,PA,2992,2991,0.143,0.143,0,0,0,0,0,0,0,0,0,0,0,0,0,0,0
00002223_000.png,No Finding,0,2223,21,F,PA,2048,2500,0.171,0.171,0,0,0,0,0,0,0,0,0,0,0,0,0,0,0
00002223_001.png,No Finding,1,2223,22,F,PA,2048,2500,0.171,0.171,0,0,0,0,0,0,0,0,0,0,0,0,0,0,0
00002223_002.png,No Finding,2,2223,24,F,PA,2048,2500,0.168,0.168,0,0,0,0,0,0,0,0,0,0,0,0,0,0,0
00002225_000.png,No Finding,0,2225,54,F,AP,2500,2048,0.171,0.171,0,0,0,0,0,0,0,0,0,0,0,0,0,0,0
00002225_001.png,Infiltration,1,2225,54,F,PA,2048,2500,0.171,0.171,1,0,0,0,1,0,0,0,0,0,0,0,0,0,0
00002225_002.png,No Finding,2,2225,54,F,PA,2048,2500,0.171,0.171,0,0,0,0,0,0,0,0,0,0,0,0,0,0,0
00002225_003.png,No Finding,3,2225,54,F,PA,2048,2500,0.171,0.171,0,0,0,0,0,0,0,0,0,0,0,0,0,0,0
00002225_004.png,No Finding,4,2225,55,F,PA,2048,2500,0.168,0.168,0,0,0,0,0,0,0,0,0,0,0,0,0,0,0
00002225_005.png,Infiltration,5,2225,57,F,PA,2478,2249,0.143,0.143,1,0,0,0,1,0,0,0,0,0,0,0,0,0,0
00002225_006.png,No Finding,6,2225,62,F,PA,2992,2991,0.143,0.143,0,0,0,0,0,0,0,0,0,0,0,0,0,0,0
00002226_000.png,Fibrosis,0,2226,42,F,PA,2500,2048,0.171,0.171,1,0,0,0,0,0,0,0,0,0,0,0,1,0,0
00002227_000.png,No Finding,0,2227,50,M,PA,2048,2500,0.171,0.171,0,0,0,0,0,0,0,0,0,0,0,0,0,0,0
00002227_001.png,No Finding,1,2227,50,M,AP,2048,2500,0.171,0.171,0,0,0,0,0,0,0,0,0,0,0,0,0,0,0
00002227_002.png,Effusion|Fibrosis,2,2227,50,M,PA,2048,2500,0.171,0.171,1,0,0,1,0,0,0,0,0,0,0,0,1,0,0
00002227_003.png,Infiltration,3,2227,50,M,PA,2500,2048,0.171,0.171,1,0,0,0,1,0,0,0,0,0,0,0,0,0,0
00002227_004.png,Effusion|Pleural_Thickening,4,2227,50,M,PA,2048,2500,0.171,0.171,1,0,0,1,0,0,0,0,0,0,0,0,0,1,0
00002227_005.png,Edema|Effusion|Infiltration|Mass,5,2227,50,M,PA,2048,2500,0.171,0.171,1,0,0,1,1,1,0,0,0,0,1,0,0,0,0
00002228_000.png,No Finding,0,2228,5,F,PA,2048,2500,0.171,0.171,0,0,0,0,0,0,0,0,0,0,0,0,0,0,0
00002229_000.png,No Finding,0,2229,80,M,PA,2500,2048,0.168,0.168,0,0,0,0,0,0,0,0,0,0,0,0,0,0,0
00002229_001.png,No Finding,1,2229,81,M,PA,2832,2874,0.143,0.143,0,0,0,0,0,0,0,0,0,0,0,0,0,0,0
00002229_002.png,Effusion,2,2229,81,M,PA,2990,2991,0.143,0.143,1,0,0,1,0,0,0,0,0,0,0,0,0,0,0
00002229_003.png,No Finding,3,2229,81,M,AP,2500,2048,0.168,0.168,0,0,0,0,0,0,0,0,0,0,0,0,0,0,0
00002229_004.png,No Finding,4,2229,81,M,AP,2500,2048,0.168,0.168,0,0,0,0,0,0,0,0,0,0,0,0,0,0,0
00002232_000.png,No Finding,0,2232,30,M,AP,2500,2048,0.168,0.168,0,0,0,0,0,0,0,0,0,0,0,0,0,0,0
00002235_000.png,No Finding,0,2235,53,F,PA,2048,2500,0.171,0.171,0,0,0,0,0,0,0,0,0,0,0,0,0,0,0
00002236_001.png,No Finding,0,2236,55,F,PA,2500,2048,0.168,0.168,0,0,0,0,0,0,0,0,0,0,0,0,0,0,0
00002236_002.png,Mass|Nodule,1,2236,57,F,PA,2666,2991,0.143,0.143,1,0,0,0,0,1,1,0,0,0,0,0,0,0,0
00002236_003.png,No Finding,2,2236,58,F,PA,2992,2991,0.143,0.143,0,0,0,0,0,0,0,0,0,0,0,0,0,0,0
00002236_004.png,Fibrosis,3,2236,60,F,PA,2992,2991,0.143,0.143,1,0,0,0,0,0,0,0,0,0,0,0,1,0,0
00002236_005.png,Infiltration,4,2236,63,F,PA,2650,2991,0.143,0.143,1,0,0,0,1,0,0,0,0,0,0,0,0,0,0
00002236_000.png,Fibrosis|Pleural_Thickening,5,2236,64,F,PA,2992,2991,0.143,0.143,1,0,0,0,0,0,0,0,0,0,0,0,1,1,0
00002237_000.png,No Finding,0,2237,32,M,PA,2500,2048,0.171,0.171,0,0,0,0,0,0,0,0,0,0,0,0,0,0,0
00002237_001.png,No Finding,1,2237,32,M,PA,2500,2048,0.171,0.171,0,0,0,0,0,0,0,0,0,0,0,0,0,0,0
00002237_002.png,No Finding,2,2237,33,M,PA,2500,2048,0.171,0.171,0,0,0,0,0,0,0,0,0,0,0,0,0,0,0
00002237_003.png,No Finding,3,2237,34,M,PA,2500,2048,0.168,0.168,0,0,0,0,0,0,0,0,0,0,0,0,0,0,0
00002238_001.png,No Finding,0,2238,41,F,PA,2048,2500,0.171,0.171,0,0,0,0,0,0,0,0,0,0,0,0,0,0,0
00002238_002.png,Mass,1,2238,43,F,PA,2048,2500,0.168,0.168,1,0,0,0,0,1,0,0,0,0,0,0,0,0,0
00002238_003.png,No Finding,2,2238,45,F,PA,2048,2500,0.168,0.168,0,0,0,0,0,0,0,0,0,0,0,0,0,0,0
00002238_004.png,No Finding,3,2238,46,F,PA,2992,2991,0.143,0.143,0,0,0,0,0,0,0,0,0,0,0,0,0,0,0
00002238_005.png,No Finding,4,2238,47,F,PA,2992,2991,0.143,0.143,0,0,0,0,0,0,0,0,0,0,0,0,0,0,0
00002238_006.png,No Finding,5,2238,49,F,PA,2048,2500,0.168,0.168,0,0,0,0,0,0,0,0,0,0,0,0,0,0,0
00002238_007.png,Infiltration,6,2238,50,F,PA,2992,2991,0.143,0.143,1,0,0,0,1,0,0,0,0,0,0,0,0,0,0
00002238_000.png,No Finding,7,2238,51,F,PA,2558,2657,0.143,0.143,0,0,0,0,0,0,0,0,0,0,0,0,0,0,0
00002240_000.png,No Finding,0,2240,50,M,PA,2992,2991,0.143,0.143,0,0,0,0,0,0,0,0,0,0,0,0,0,0,0
00002243_005.png,No Finding,0,2243,36,M,PA,2500,2048,0.168,0.168,0,0,0,0,0,0,0,0,0,0,0,0,0,0,0
00002243_009.png,No Finding,4,2243,38,M,PA,2500,2048,0.168,0.168,0,0,0,0,0,0,0,0,0,0,0,0,0,0,0
00002243_010.png,No Finding,5,2243,38,M,AP,2500,2048,0.168,0.168,0,0,0,0,0,0,0,0,0,0,0,0,0,0,0
00002243_011.png,No Finding,6,2243,38,M,AP,2500,2048,0.168,0.168,0,0,0,0,0,0,0,0,0,0,0,0,0,0,0
00002243_012.png,Effusion,7,2243,38,M,AP,2500,2048,0.168,0.168,1,0,0,1,0,0,0,0,0,0,0,0,0,0,0
00002243_013.png,No Finding,8,2243,40,M,PA,2992,2991,0.143,0.143,0,0,0,0,0,0,0,0,0,0,0,0,0,0,0
00002243_014.png,No Finding,9,2243,41,M,PA,2992,2991,0.143,0.143,0,0,0,0,0,0,0,0,0,0,0,0,0,0,0
00002243_000.png,No Finding,10,2243,45,M,PA,2934,2991,0.143,0.143,0,0,0,0,0,0,0,0,0,0,0,0,0,0,0
00002243_001.png,No Finding,11,2243,46,M,PA,2992,2991,0.143,0.143,0,0,0,0,0,0,0,0,0,0,0,0,0,0,0
00002243_002.png,No Finding,12,2243,46,M,PA,2021,2021,0.1943109999999999,0.1943109999999999,0,0,0,0,0,0,0,0,0,0,0,0,0,0,0
00002243_003.png,No Finding,13,2243,46,M,PA,2021,2021,0.1943109999999999,0.1943109999999999,0,0,0,0,0,0,0,0,0,0,0,0,0,0,0
00002243_004.png,No Finding,14,2243,48,M,PA,2021,2020,0.1943109999999999,0.1943109999999999,0,0,0,0,0,0,0,0,0,0,0,0,0,0,0
00002244_000.png,Consolidation|Edema,0,2244,45,M,PA,2992,2991,0.143,0.143,1,0,0,0,0,0,0,0,0,1,1,0,0,0,0
00002247_001.png,No Finding,0,2247,43,M,PA,2500,2048,0.168,0.168,0,0,0,0,0,0,0,0,0,0,0,0,0,0,0
00002247_002.png,No Finding,1,2247,47,M,PA,2992,2991,0.143,0.143,0,0,0,0,0,0,0,0,0,0,0,0,0,0,0
00002247_003.png,Infiltration,2,2247,47,M,PA,2500,2048,0.168,0.168,1,0,0,0,1,0,0,0,0,0,0,0,0,0,0
00002247_000.png,No Finding,3,2247,54,M,PA,2021,2021,0.1943109999999999,0.1943109999999999,0,0,0,0,0,0,0,0,0,0,0,0,0,0,0
00002248_000.png,Infiltration,0,2248,60,F,PA,2230,2497,0.143,0.143,1,0,0,0,1,0,0,0,0,0,0,0,0,0,0
00002248_001.png,Consolidation,1,2248,61,F,PA,2048,2500,0.168,0.168,1,0,0,0,0,0,0,0,0,1,0,0,0,0,0
00002248_002.png,No Finding,2,2248,61,F,PA,2992,2991,0.143,0.143,0,0,0,0,0,0,0,0,0,0,0,0,0,0,0
00002248_003.png,Effusion|Infiltration,3,2248,62,F,PA,2598,2991,0.143,0.143,1,0,0,1,1,0,0,0,0,0,0,0,0,0,0
00002248_004.png,Effusion,4,2248,62,F,PA,2530,2585,0.143,0.143,1,0,0,1,0,0,0,0,0,0,0,0,0,0,0
00002248_005.png,Effusion|Nodule,5,2248,62,F,PA,2766,2600,0.143,0.143,1,0,0,1,0,0,1,0,0,0,0,0,0,0,0
00002248_006.png,Effusion,6,2248,62,F,PA,2372,2429,0.143,0.143,1,0,0,1,0,0,0,0,0,0,0,0,0,0,0
00002249_000.png,No Finding,0,2249,61,M,PA,2992,2773,0.143,0.143,0,0,0,0,0,0,0,0,0,0,0,0,0,0,0
00002250_000.png,No Finding,0,2250,19,F,PA,2500,2048,0.171,0.171,0,0,0,0,0,0,0,0,0,0,0,0,0,0,0
00002250_001.png,Infiltration,1,2250,21,F,PA,2500,2048,0.168,0.168,1,0,0,0,1,0,0,0,0,0,0,0,0,0,0
00002250_002.png,No Finding,2,2250,24,F,PA,2500,2048,0.168,0.168,0,0,0,0,0,0,0,0,0,0,0,0,0,0,0
00002251_002.png,Consolidation,0,2251,65,F,PA,2048,2500,0.171,0.171,1,0,0,0,0,0,0,0,0,1,0,0,0,0,0
00002251_003.png,No Finding,1,2251,67,F,PA,2048,2500,0.168,0.168,0,0,0,0,0,0,0,0,0,0,0,0,0,0,0
00002251_004.png,No Finding,2,2251,69,F,PA,2642,2991,0.143,0.143,0,0,0,0,0,0,0,0,0,0,0,0,0,0,0
00002251_005.png,Pneumothorax,3,2251,69,F,PA,2618,2991,0.143,0.143,1,0,0,0,0,0,0,0,1,0,0,0,0,0,0
00002251_006.png,No Finding,4,2251,70,F,PA,2992,2991,0.143,0.143,0,0,0,0,0,0,0,0,0,0,0,0,0,0,0
00002251_007.png,No Finding,5,2251,71,F,PA,2992,2991,0.143,0.143,0,0,0,0,0,0,0,0,0,0,0,0,0,0,0
00002251_008.png,Consolidation|Pneumothorax,6,2251,72,F,PA,2992,2991,0.143,0.143,1,0,0,0,0,0,0,0,1,1,0,0,0,0,0
00002251_009.png,Pneumothorax,7,2251,73,F,PA,2992,2991,0.143,0.143,1,0,0,0,0,0,0,0,1,0,0,0,0,0,0
00002251_000.png,No Finding,8,2251,75,F,PA,2992,2991,0.143,0.143,0,0,0,0,0,0,0,0,0,0,0,0,0,0,0
00002251_001.png,No Finding,9,2251,76,F,PA,2992,2991,0.143,0.143,0,0,0,0,0,0,0,0,0,0,0,0,0,0,0
00002252_000.png,Infiltration|Nodule,0,2252,39,F,PA,2048,2500,0.168,0.168,1,0,0,0,1,0,1,0,0,0,0,0,0,0,0
00002253_000.png,No Finding,0,2253,23,M,PA,2500,2048,0.171,0.171,0,0,0,0,0,0,0,0,0,0,0,0,0,0,0
00002254_000.png,No Finding,0,2254,42,M,PA,2500,2048,0.171,0.171,0,0,0,0,0,0,0,0,0,0,0,0,0,0,0
00002254_002.png,No Finding,2,2254,43,M,AP,2500,2048,0.171,0.171,0,0,0,0,0,0,0,0,0,0,0,0,0,0,0
00002254_003.png,Infiltration,3,2254,43,M,AP,2500,2048,0.171,0.171,1,0,0,0,1,0,0,0,0,0,0,0,0,0,0
00002255_000.png,No Finding,0,2255,15,M,PA,2048,2500,0.171,0.171,0,0,0,0,0,0,0,0,0,0,0,0,0,0,0
00002255_001.png,Infiltration|Pleural_Thickening,1,2255,15,M,AP,2048,2500,0.171,0.171,1,0,0,0,1,0,0,0,0,0,0,0,0,1,0
00002256_001.png,No Finding,1,2256,34,M,PA,2500,2048,0.171,0.171,0,0,0,0,0,0,0,0,0,0,0,0,0,0,0
00002256_002.png,No Finding,2,2256,35,M,PA,2500,2048,0.171,0.171,0,0,0,0,0,0,0,0,0,0,0,0,0,0,0
00002256_003.png,No Finding,3,2256,35,M,PA,2500,2048,0.171,0.171,0,0,0,0,0,0,0,0,0,0,0,0,0,0,0
00002256_004.png,No Finding,4,2256,35,M,AP,2500,2048,0.171,0.171,0,0,0,0,0,0,0,0,0,0,0,0,0,0,0
00002256_005.png,No Finding,5,2256,35,M,PA,2500,2048,0.168,0.168,0,0,0,0,0,0,0,0,0,0,0,0,0,0,0
00002256_006.png,No Finding,6,2256,35,M,PA,2500,2048,0.168,0.168,0,0,0,0,0,0,0,0,0,0,0,0,0,0,0
00002256_007.png,No Finding,7,2256,36,M,PA,2500,2048,0.168,0.168,0,0,0,0,0,0,0,0,0,0,0,0,0,0,0
00002256_008.png,No Finding,8,2256,39,M,PA,2992,2991,0.143,0.143,0,0,0,0,0,0,0,0,0,0,0,0,0,0,0
00002256_009.png,No Finding,9,2256,40,M,AP,2500,2048,0.168,0.168,0,0,0,0,0,0,0,0,0,0,0,0,0,0,0
00002256_010.png,No Finding,10,2256,40,M,PA,2992,2991,0.143,0.143,0,0,0,0,0,0,0,0,0,0,0,0,0,0,0
00002256_011.png,No Finding,11,2256,40,M,PA,2992,2991,0.143,0.143,0,0,0,0,0,0,0,0,0,0,0,0,0,0,0
00002256_012.png,Cardiomegaly,12,2256,41,M,AP,2500,2048,0.168,0.168,1,0,1,0,0,0,0,0,0,0,0,0,0,0,0
00002256_013.png,Cardiomegaly,13,2256,41,M,PA,2992,2991,0.143,0.143,1,0,1,0,0,0,0,0,0,0,0,0,0,0,0
00002256_014.png,No Finding,14,2256,41,M,AP,2500,2048,0.168,0.168,0,0,0,0,0,0,0,0,0,0,0,0,0,0,0
00002256_015.png,No Finding,15,2256,41,M,PA,2966,2991,0.143,0.143,0,0,0,0,0,0,0,0,0,0,0,0,0,0,0
00002256_016.png,Cardiomegaly,16,2256,42,M,AP,2048,2500,0.168,0.168,1,0,1,0,0,0,0,0,0,0,0,0,0,0,0
00002256_017.png,No Finding,17,2256,42,M,AP,2500,2048,0.168,0.168,0,0,0,0,0,0,0,0,0,0,0,0,0,0,0
00002262_000.png,No Finding,0,2262,72,M,AP,2500,2048,0.168,0.168,0,0,0,0,0,0,0,0,0,0,0,0,0,0,0
00002262_001.png,No Finding,1,2262,72,M,AP,2500,2048,0.168,0.168,0,0,0,0,0,0,0,0,0,0,0,0,0,0,0
00002262_002.png,No Finding,2,2262,72,M,AP,2500,2048,0.168,0.168,0,0,0,0,0,0,0,0,0,0,0,0,0,0,0
00002262_003.png,Cardiomegaly,3,2262,72,M,AP,2500,2048,0.168,0.168,1,0,1,0,0,0,0,0,0,0,0,0,0,0,0
00002262_004.png,No Finding,4,2262,72,M,PA,2992,2991,0.143,0.143,0,0,0,0,0,0,0,0,0,0,0,0,0,0,0
00002262_005.png,No Finding,5,2262,72,M,PA,2500,2048,0.168,0.168,0,0,0,0,0,0,0,0,0,0,0,0,0,0,0
00002262_006.png,No Finding,6,2262,72,M,AP,2500,2048,0.168,0.168,0,0,0,0,0,0,0,0,0,0,0,0,0,0,0
00002262_007.png,No Finding,7,2262,72,M,AP,2500,2048,0.168,0.168,0,0,0,0,0,0,0,0,0,0,0,0,0,0,0
00002262_008.png,No Finding,8,2262,72,M,AP,2500,2048,0.168,0.168,0,0,0,0,0,0,0,0,0,0,0,0,0,0,0
00002262_009.png,No Finding,9,2262,72,M,AP,2500,2048,0.168,0.168,0,0,0,0,0,0,0,0,0,0,0,0,0,0,0
00002262_010.png,No Finding,10,2262,72,M,AP,2500,2048,0.168,0.168,0,0,0,0,0,0,0,0,0,0,0,0,0,0,0
00002262_011.png,No Finding,11,2262,72,M,AP,2500,2048,0.168,0.168,0,0,0,0,0,0,0,0,0,0,0,0,0,0,0
00002262_013.png,Infiltration,13,2262,72,M,AP,2500,2048,0.168,0.168,1,0,0,0,1,0,0,0,0,0,0,0,0,0,0
00002263_000.png,No Finding,0,2263,64,M,PA,2968,2456,0.139,0.139,0,0,0,0,0,0,0,0,0,0,0,0,0,0,0
00002264_001.png,No Finding,0,2264,51,M,PA,2500,2048,0.171,0.171,0,0,0,0,0,0,0,0,0,0,0,0,0,0,0
00002264_002.png,Nodule,1,2264,55,M,PA,2992,2991,0.143,0.143,1,0,0,0,0,0,1,0,0,0,0,0,0,0,0
00002264_000.png,Nodule,2,2264,64,M,PA,3056,2544,0.139,0.139,1,0,0,0,0,0,1,0,0,0,0,0,0,0,0
00002265_000.png,No Finding,0,2265,65,M,PA,2992,2991,0.143,0.143,0,0,0,0,0,0,0,0,0,0,0,0,0,0,0
00002266_000.png,No Finding,0,2266,52,F,PA,2826,2661,0.143,0.143,0,0,0,0,0,0,0,0,0,0,0,0,0,0,0
00002267_000.png,No Finding,0,2267,64,M,PA,2500,2048,0.171,0.171,0,0,0,0,0,0,0,0,0,0,0,0,0,0,0
00002267_001.png,Infiltration|Nodule,1,2267,65,M,PA,2500,2048,0.171,0.171,1,0,0,0,1,0,1,0,0,0,0,0,0,0,0
00002267_002.png,Infiltration,2,2267,65,M,PA,2500,2048,0.171,0.171,1,0,0,0,1,0,0,0,0,0,0,0,0,0,0
00002267_003.png,No Finding,3,2267,65,M,PA,2500,2048,0.171,0.171,0,0,0,0,0,0,0,0,0,0,0,0,0,0,0
00002267_004.png,No Finding,4,2267,66,M,PA,2500,2048,0.168,0.168,0,0,0,0,0,0,0,0,0,0,0,0,0,0,0
00002267_005.png,No Finding,5,2267,66,M,PA,2500,2048,0.168,0.168,0,0,0,0,0,0,0,0,0,0,0,0,0,0,0
00002268_000.png,No Finding,0,2268,59,M,PA,2992,2991,0.143,0.143,0,0,0,0,0,0,0,0,0,0,0,0,0,0,0
00002269_000.png,No Finding,0,2269,26,F,PA,1797,1822,0.1943109999999999,0.1943109999999999,0,0,0,0,0,0,0,0,0,0,0,0,0,0,0
00002270_000.png,No Finding,0,2270,60,M,PA,2500,2048,0.171,0.171,0,0,0,0,0,0,0,0,0,0,0,0,0,0,0
00002270_001.png,No Finding,1,2270,61,M,PA,2500,2048,0.171,0.171,0,0,0,0,0,0,0,0,0,0,0,0,0,0,0
00002270_002.png,No Finding,2,2270,64,M,PA,2734,2991,0.143,0.143,0,0,0,0,0,0,0,0,0,0,0,0,0,0,0
00002270_003.png,Consolidation|Pleural_Thickening,3,2270,65,M,PA,2670,2991,0.143,0.143,1,0,0,0,0,0,0,0,0,1,0,0,0,1,0
00002272_000.png,No Finding,0,2272,53,M,PA,2748,2685,0.143,0.143,0,0,0,0,0,0,0,0,0,0,0,0,0,0,0
00002272_001.png,No Finding,1,2272,53,M,AP,3056,2544,0.139,0.139,0,0,0,0,0,0,0,0,0,0,0,0,0,0,0
00002272_002.png,No Finding,2,2272,53,M,AP,3056,2544,0.139,0.139,0,0,0,0,0,0,0,0,0,0,0,0,0,0,0
00002272_003.png,No Finding,3,2272,53,M,PA,2992,2991,0.143,0.143,0,0,0,0,0,0,0,0,0,0,0,0,0,0,0
00002273_000.png,No Finding,0,2273,23,F,PA,2544,3056,0.139,0.139,0,0,0,0,0,0,0,0,0,0,0,0,0,0,0
00002274_003.png,No Finding,0,2274,51,F,PA,2992,2991,0.143,0.143,0,0,0,0,0,0,0,0,0,0,0,0,0,0,0
00002274_004.png,Consolidation|Pneumothorax,1,2274,52,F,PA,2992,2991,0.143,0.143,1,0,0,0,0,0,0,0,1,1,0,0,0,0,0
00002274_005.png,No Finding,2,2274,55,F,PA,2992,2991,0.143,0.143,0,0,0,0,0,0,0,0,0,0,0,0,0,0,0
00002274_000.png,No Finding,3,2274,58,F,PA,2594,2991,0.143,0.143,0,0,0,0,0,0,0,0,0,0,0,0,0,0,0
00002274_002.png,Infiltration,5,2274,60,F,PA,2021,2021,0.194314,0.194314,1,0,0,0,1,0,0,0,0,0,0,0,0,0,0
00002276_000.png,No Finding,0,2276,46,M,PA,2894,2991,0.143,0.143,0,0,0,0,0,0,0,0,0,0,0,0,0,0,0
00002276_001.png,No Finding,1,2276,46,M,AP,3056,2544,0.139,0.139,0,0,0,0,0,0,0,0,0,0,0,0,0,0,0
00002276_002.png,No Finding,2,2276,46,M,AP,3056,2544,0.139,0.139,0,0,0,0,0,0,0,0,0,0,0,0,0,0,0
00002278_000.png,Cardiomegaly|Effusion,0,2278,63,F,PA,2892,2898,0.143,0.143,1,0,1,1,0,0,0,0,0,0,0,0,0,0,0
00002279_000.png,Mass,0,2279,52,F,PA,2048,2500,0.168,0.168,1,0,0,0,0,1,0,0,0,0,0,0,0,0,0
00002281_000.png,No Finding,0,2281,54,F,PA,2982,2991,0.143,0.143,0,0,0,0,0,0,0,0,0,0,0,0,0,0,0
00002282_000.png,No Finding,0,2282,56,M,PA,2500,2048,0.171,0.171,0,0,0,0,0,0,0,0,0,0,0,0,0,0,0
00002283_000.png,No Finding,0,2283,45,M,PA,2500,2048,0.171,0.171,0,0,0,0,0,0,0,0,0,0,0,0,0,0,0
00002284_000.png,Fibrosis,0,2284,45,M,PA,2500,2048,0.168,0.168,1,0,0,0,0,0,0,0,0,0,0,0,1,0,0
00002287_000.png,No Finding,0,2287,42,F,PA,2992,2991,0.143,0.143,0,0,0,0,0,0,0,0,0,0,0,0,0,0,0
00002288_000.png,No Finding,0,2288,59,M,PA,2500,2048,0.171,0.171,0,0,0,0,0,0,0,0,0,0,0,0,0,0,0
00002288_001.png,No Finding,1,2288,60,M,PA,2500,2048,0.171,0.171,0,0,0,0,0,0,0,0,0,0,0,0,0,0,0
00002288_002.png,No Finding,2,2288,60,M,PA,2500,2048,0.171,0.171,0,0,0,0,0,0,0,0,0,0,0,0,0,0,0
00002288_003.png,No Finding,3,2288,61,M,PA,2500,2048,0.168,0.168,0,0,0,0,0,0,0,0,0,0,0,0,0,0,0
00002288_004.png,Pneumonia,4,2288,61,M,AP,2500,2048,0.168,0.168,1,0,0,0,0,0,0,1,0,0,0,0,0,0,0
00002288_005.png,No Finding,5,2288,61,M,AP,2500,2048,0.168,0.168,0,0,0,0,0,0,0,0,0,0,0,0,0,0,0
00002288_006.png,Infiltration,6,2288,61,M,AP,2500,2048,0.168,0.168,1,0,0,0,1,0,0,0,0,0,0,0,0,0,0
00002288_007.png,No Finding,7,2288,61,M,PA,2500,2048,0.168,0.168,0,0,0,0,0,0,0,0,0,0,0,0,0,0,0
00002288_008.png,No Finding,8,2288,61,M,AP,2500,2048,0.168,0.168,0,0,0,0,0,0,0,0,0,0,0,0,0,0,0
00002288_009.png,No Finding,9,2288,61,M,PA,2500,2048,0.168,0.168,0,0,0,0,0,0,0,0,0,0,0,0,0,0,0
00002288_010.png,No Finding,10,2288,61,M,AP,2500,2048,0.168,0.168,0,0,0,0,0,0,0,0,0,0,0,0,0,0,0
00002288_011.png,No Finding,11,2288,61,M,PA,2500,2048,0.168,0.168,0,0,0,0,0,0,0,0,0,0,0,0,0,0,0
00002288_012.png,Nodule,12,2288,61,M,AP,2500,2048,0.168,0.168,1,0,0,0,0,0,1,0,0,0,0,0,0,0,0
00002290_002.png,No Finding,0,2290,35,F,PA,2992,2991,0.143,0.143,0,0,0,0,0,0,0,0,0,0,0,0,0,0,0
00002290_003.png,Pneumothorax,1,2290,35,F,AP,2500,2048,0.168,0.168,1,0,0,0,0,0,0,0,1,0,0,0,0,0,0
00002290_004.png,Pneumothorax,2,2290,35,F,PA,2992,2991,0.143,0.143,1,0,0,0,0,0,0,0,1,0,0,0,0,0,0
00002290_005.png,Pneumothorax,3,2290,35,F,PA,2686,2989,0.143,0.143,1,0,0,0,0,0,0,0,1,0,0,0,0,0,0
00002290_000.png,No Finding,5,2290,37,F,PA,2870,2991,0.143,0.143,0,0,0,0,0,0,0,0,0,0,0,0,0,0,0
00002290_001.png,Infiltration|Nodule,6,2290,38,F,PA,2690,2843,0.143,0.143,1,0,0,0,1,0,1,0,0,0,0,0,0,0,0
00002291_000.png,No Finding,0,2291,23,M,PA,2992,2991,0.143,0.143,0,0,0,0,0,0,0,0,0,0,0,0,0,0,0
00002291_001.png,No Finding,1,2291,23,M,AP,3056,2544,0.139,0.139,0,0,0,0,0,0,0,0,0,0,0,0,0,0,0
00002291_002.png,No Finding,2,2291,23,M,PA,2992,2991,0.143,0.143,0,0,0,0,0,0,0,0,0,0,0,0,0,0,0
00002291_003.png,Infiltration,3,2291,23,M,PA,2992,2991,0.143,0.143,1,0,0,0,1,0,0,0,0,0,0,0,0,0,0
00002292_002.png,No Finding,0,2292,18,F,PA,2482,2991,0.143,0.143,0,0,0,0,0,0,0,0,0,0,0,0,0,0,0
00002292_000.png,Infiltration,1,2292,23,F,PA,2502,2553,0.143,0.143,1,0,0,0,1,0,0,0,0,0,0,0,0,0,0
00002292_001.png,No Finding,2,2292,24,F,PA,2962,2913,0.143,0.143,0,0,0,0,0,0,0,0,0,0,0,0,0,0,0
00002293_000.png,No Finding,0,2293,64,F,PA,2544,3056,0.139,0.139,0,0,0,0,0,0,0,0,0,0,0,0,0,0,0
00002294_000.png,Emphysema,0,2294,64,F,PA,2750,2991,0.143,0.143,1,0,0,0,0,0,0,0,0,0,0,1,0,0,0
00002295_000.png,No Finding,0,2295,40,F,PA,2048,2500,0.168,0.168,0,0,0,0,0,0,0,0,0,0,0,0,0,0,0
00002297_000.png,No Finding,0,2297,59,M,PA,2992,2991,0.143,0.143,0,0,0,0,0,0,0,0,0,0,0,0,0,0,0
00002300_000.png,Effusion,0,2300,80,F,PA,2010,2399,0.143,0.143,1,0,0,1,0,0,0,0,0,0,0,0,0,0,0
00002300_001.png,No Finding,1,2300,80,F,AP,2500,2048,0.168,0.168,0,0,0,0,0,0,0,0,0,0,0,0,0,0,0
00002300_002.png,No Finding,2,2300,80,F,AP,2048,2500,0.168,0.168,0,0,0,0,0,0,0,0,0,0,0,0,0,0,0
00002300_003.png,No Finding,3,2300,81,F,AP,2500,2048,0.168,0.168,0,0,0,0,0,0,0,0,0,0,0,0,0,0,0
00002300_004.png,Effusion,4,2300,81,F,AP,2500,2048,0.168,0.168,1,0,0,1,0,0,0,0,0,0,0,0,0,0,0
00002300_005.png,Consolidation,5,2300,81,F,AP,2048,2500,0.168,0.168,1,0,0,0,0,0,0,0,0,1,0,0,0,0,0
00002300_006.png,Consolidation,6,2300,81,F,AP,2500,2048,0.168,0.168,1,0,0,0,0,0,0,0,0,1,0,0,0,0,0
00002300_007.png,Consolidation,7,2300,81,F,AP,2500,2048,0.168,0.168,1,0,0,0,0,0,0,0,0,1,0,0,0,0,0
00002300_008.png,Effusion|Pneumonia,8,2300,81,F,AP,2048,2500,0.168,0.168,1,0,0,1,0,0,0,1,0,0,0,0,0,0,0
00002300_009.png,Consolidation|Fibrosis,9,2300,81,F,PA,2546,2989,0.143,0.143,1,0,0,0,0,0,0,0,0,1,0,0,1,0,0
00002300_010.png,Pleural_Thickening,10,2300,81,F,AP,2500,2048,0.168,0.168,1,0,0,0,0,0,0,0,0,0,0,0,0,1,0
00002300_011.png,Infiltration,11,2300,81,F,AP,2500,2048,0.168,0.168,1,0,0,0,1,0,0,0,0,0,0,0,0,0,0
00002300_012.png,Infiltration,12,2300,81,F,AP,2500,2048,0.168,0.168,1,0,0,0,1,0,0,0,0,0,0,0,0,0,0
00002300_015.png,No Finding,15,2300,81,F,AP,2500,2048,0.168,0.168,0,0,0,0,0,0,0,0,0,0,0,0,0,0,0
00002300_016.png,Infiltration,16,2300,81,F,AP,2500,2048,0.168,0.168,1,0,0,0,1,0,0,0,0,0,0,0,0,0,0
00002300_017.png,No Finding,17,2300,81,F,AP,2048,2500,0.168,0.168,0,0,0,0,0,0,0,0,0,0,0,0,0,0,0
00002300_018.png,Consolidation|Infiltration,18,2300,81,F,AP,2500,2048,0.168,0.168,1,0,0,0,1,0,0,0,0,1,0,0,0,0,0
00002300_019.png,Consolidation|Infiltration,19,2300,81,F,AP,2500,2048,0.168,0.168,1,0,0,0,1,0,0,0,0,1,0,0,0,0,0
00002300_020.png,Effusion|Infiltration,20,2300,81,F,AP,2048,2500,0.168,0.168,1,0,0,1,1,0,0,0,0,0,0,0,0,0,0
00002300_021.png,Effusion,21,2300,81,F,AP,2500,2048,0.168,0.168,1,0,0,1,0,0,0,0,0,0,0,0,0,0,0
00002300_023.png,Consolidation|Pneumothorax,22,2300,81,F,AP,2048,2500,0.168,0.168,1,0,0,0,0,0,0,0,1,1,0,0,0,0,0
00002300_022.png,Consolidation|Pneumothorax,23,2300,81,F,AP,2500,2048,0.168,0.168,1,0,0,0,0,0,0,0,1,1,0,0,0,0,0
00002300_025.png,Infiltration,24,2300,81,F,AP,2500,2048,0.168,0.168,1,0,0,0,1,0,0,0,0,0,0,0,0,0,0
00002300_026.png,Infiltration,25,2300,81,F,AP,2500,2048,0.168,0.168,1,0,0,0,1,0,0,0,0,0,0,0,0,0,0
00002300_027.png,Infiltration,26,2300,81,F,AP,2048,2500,0.168,0.168,1,0,0,0,1,0,0,0,0,0,0,0,0,0,0
00002300_028.png,Infiltration,27,2300,81,F,AP,2048,2500,0.168,0.168,1,0,0,0,1,0,0,0,0,0,0,0,0,0,0
00002300_024.png,Infiltration,28,2300,81,F,AP,2048,2500,0.168,0.168,1,0,0,0,1,0,0,0,0,0,0,0,0,0,0
00002300_030.png,No Finding,29,2300,81,F,AP,2500,2048,0.168,0.168,0,0,0,0,0,0,0,0,0,0,0,0,0,0,0
00002300_029.png,No Finding,30,2300,81,F,AP,2500,2048,0.168,0.168,0,0,0,0,0,0,0,0,0,0,0,0,0,0,0
00002300_031.png,Effusion,31,2300,81,F,AP,2500,2048,0.168,0.168,1,0,0,1,0,0,0,0,0,0,0,0,0,0,0
00002300_032.png,No Finding,32,2300,81,F,AP,2500,2048,0.168,0.168,0,0,0,0,0,0,0,0,0,0,0,0,0,0,0
00002300_033.png,Infiltration,33,2300,81,F,AP,2500,2048,0.168,0.168,1,0,0,0,1,0,0,0,0,0,0,0,0,0,0
00002300_034.png,Effusion|Infiltration,34,2300,81,F,AP,2048,2500,0.168,0.168,1,0,0,1,1,0,0,0,0,0,0,0,0,0,0
00002300_035.png,Effusion,35,2300,81,F,AP,2500,2048,0.168,0.168,1,0,0,1,0,0,0,0,0,0,0,0,0,0,0
00002300_036.png,Infiltration|Nodule,36,2300,81,F,AP,2500,2048,0.168,0.168,1,0,0,0,1,0,1,0,0,0,0,0,0,0,0
00002300_038.png,Effusion,37,2300,81,F,AP,2048,2500,0.168,0.168,1,0,0,1,0,0,0,0,0,0,0,0,0,0,0
00002300_037.png,Effusion|Pleural_Thickening,38,2300,81,F,AP,2500,2048,0.168,0.168,1,0,0,1,0,0,0,0,0,0,0,0,0,1,0
00002300_040.png,No Finding,39,2300,81,F,AP,2500,2048,0.168,0.168,0,0,0,0,0,0,0,0,0,0,0,0,0,0,0
00002300_041.png,Infiltration|Nodule,40,2300,81,F,AP,2500,2048,0.168,0.168,1,0,0,0,1,0,1,0,0,0,0,0,0,0,0
00002300_039.png,Infiltration|Nodule,41,2300,81,F,AP,2500,2048,0.168,0.168,1,0,0,0,1,0,1,0,0,0,0,0,0,0,0
00002300_042.png,No Finding,42,2300,81,F,AP,2500,2048,0.168,0.168,0,0,0,0,0,0,0,0,0,0,0,0,0,0,0
00002300_043.png,Infiltration|Nodule,43,2300,81,F,AP,2048,2500,0.168,0.168,1,0,0,0,1,0,1,0,0,0,0,0,0,0,0
00002300_044.png,Infiltration|Nodule,44,2300,81,F,AP,2048,2500,0.168,0.168,1,0,0,0,1,0,1,0,0,0,0,0,0,0,0
00002300_045.png,Consolidation|Infiltration|Nodule,45,2300,81,F,AP,2500,2048,0.168,0.168,1,0,0,0,1,0,1,0,0,1,0,0,0,0,0
00002300_046.png,No Finding,46,2300,81,F,AP,2500,2048,0.168,0.168,0,0,0,0,0,0,0,0,0,0,0,0,0,0,0
00002300_047.png,No Finding,47,2300,81,F,AP,2500,2048,0.168,0.168,0,0,0,0,0,0,0,0,0,0,0,0,0,0,0
00002300_048.png,Infiltration|Nodule,48,2300,81,F,AP,2500,2048,0.168,0.168,1,0,0,0,1,0,1,0,0,0,0,0,0,0,0
00002300_049.png,Consolidation|Effusion|Infiltration,49,2300,81,F,AP,2500,2048,0.168,0.168,1,0,0,1,1,0,0,0,0,1,0,0,0,0,0
00002300_051.png,Effusion|Infiltration,51,2300,81,F,AP,2500,2048,0.168,0.168,1,0,0,1,1,0,0,0,0,0,0,0,0,0,0
00002300_052.png,Consolidation|Infiltration|Pneumonia,52,2300,81,F,AP,2500,2048,0.168,0.168,1,0,0,0,1,0,0,1,0,1,0,0,0,0,0
00002300_053.png,No Finding,53,2300,81,F,AP,2500,2048,0.168,0.168,0,0,0,0,0,0,0,0,0,0,0,0,0,0,0
00002300_054.png,Effusion|Infiltration|Nodule,54,2300,81,F,AP,2500,2048,0.168,0.168,1,0,0,1,1,0,1,0,0,0,0,0,0,0,0
00002301_000.png,No Finding,0,2301,40,M,PA,2500,2048,0.171,0.171,0,0,0,0,0,0,0,0,0,0,0,0,0,0,0
00002302_000.png,No Finding,0,2302,57,F,PA,2992,2991,0.143,0.143,0,0,0,0,0,0,0,0,0,0,0,0,0,0,0
00002302_001.png,No Finding,1,2302,57,F,PA,2878,2991,0.143,0.143,0,0,0,0,0,0,0,0,0,0,0,0,0,0,0
00002305_000.png,No Finding,0,2305,43,M,PA,2500,2048,0.171,0.171,0,0,0,0,0,0,0,0,0,0,0,0,0,0,0
00002306_000.png,Infiltration,0,2306,34,M,PA,2992,2991,0.143,0.143,1,0,0,0,1,0,0,0,0,0,0,0,0,0,0
00002307_000.png,No Finding,0,2307,20,F,PA,2048,2500,0.168,0.168,0,0,0,0,0,0,0,0,0,0,0,0,0,0,0
00002309_000.png,No Finding,0,2309,80,M,PA,2500,2048,0.171,0.171,0,0,0,0,0,0,0,0,0,0,0,0,0,0,0
00002309_001.png,No Finding,1,2309,84,M,PA,2506,2737,0.143,0.143,0,0,0,0,0,0,0,0,0,0,0,0,0,0,0
00002310_000.png,No Finding,0,2310,39,F,PA,2500,2048,0.171,0.171,0,0,0,0,0,0,0,0,0,0,0,0,0,0,0
00002312_001.png,Emphysema,0,2312,52,M,AP,2500,2048,0.171,0.171,1,0,0,0,0,0,0,0,0,0,0,1,0,0,0
00002312_000.png,No Finding,2,2312,52,M,AP,2500,2048,0.171,0.171,0,0,0,0,0,0,0,0,0,0,0,0,0,0,0
00002312_003.png,No Finding,3,2312,52,M,AP,2500,2048,0.171,0.171,0,0,0,0,0,0,0,0,0,0,0,0,0,0,0
00002312_004.png,No Finding,4,2312,52,M,AP,2500,2048,0.171,0.171,0,0,0,0,0,0,0,0,0,0,0,0,0,0,0
00002312_005.png,No Finding,5,2312,52,M,AP,2500,2048,0.171,0.171,0,0,0,0,0,0,0,0,0,0,0,0,0,0,0
00002312_006.png,Effusion|Infiltration|Mass,6,2312,53,M,PA,2500,2048,0.171,0.171,1,0,0,1,1,1,0,0,0,0,0,0,0,0,0
00002312_007.png,Effusion|Pleural_Thickening,7,2312,53,M,PA,2500,2048,0.171,0.171,1,0,0,1,0,0,0,0,0,0,0,0,0,1,0
00002313_000.png,No Finding,0,2313,41,F,PA,2048,2500,0.168,0.168,0,0,0,0,0,0,0,0,0,0,0,0,0,0,0
00002316_003.png,No Finding,0,2316,61,F,PA,2048,2500,0.168,0.168,0,0,0,0,0,0,0,0,0,0,0,0,0,0,0
00002316_004.png,No Finding,1,2316,63,F,AP,2500,2048,0.168,0.168,0,0,0,0,0,0,0,0,0,0,0,0,0,0,0
00002316_005.png,Infiltration,2,2316,67,F,PA,2918,2657,0.143,0.143,1,0,0,0,1,0,0,0,0,0,0,0,0,0,0
00002316_006.png,Pneumothorax,3,2316,67,F,PA,2486,2991,0.143,0.143,1,0,0,0,0,0,0,0,1,0,0,0,0,0,0
00002316_007.png,Pneumothorax,4,2316,67,F,PA,2730,2991,0.143,0.143,1,0,0,0,0,0,0,0,1,0,0,0,0,0,0
00002316_008.png,Pneumothorax,5,2316,67,F,PA,2992,2991,0.143,0.143,1,0,0,0,0,0,0,0,1,0,0,0,0,0,0
00002316_010.png,Pneumothorax,6,2316,67,F,PA,2992,2991,0.143,0.143,1,0,0,0,0,0,0,0,1,0,0,0,0,0,0
00002316_011.png,Pneumothorax,7,2316,67,F,AP,3056,2544,0.139,0.139,1,0,0,0,0,0,0,0,1,0,0,0,0,0,0
00002316_009.png,Pneumothorax,8,2316,67,F,PA,2368,2789,0.143,0.143,1,0,0,0,0,0,0,0,1,0,0,0,0,0,0
00002316_000.png,No Finding,9,2316,70,F,PA,2566,2991,0.143,0.143,0,0,0,0,0,0,0,0,0,0,0,0,0,0,0
00002316_001.png,No Finding,10,2316,71,F,PA,1878,2021,0.1943109999999999,0.1943109999999999,0,0,0,0,0,0,0,0,0,0,0,0,0,0,0
00002316_002.png,No Finding,11,2316,71,F,PA,2512,2992,0.139,0.139,0,0,0,0,0,0,0,0,0,0,0,0,0,0,0
00002317_000.png,No Finding,0,2317,70,M,PA,2918,2669,0.143,0.143,0,0,0,0,0,0,0,0,0,0,0,0,0,0,0
00002318_000.png,No Finding,0,2318,31,F,AP,2048,2500,0.171,0.171,0,0,0,0,0,0,0,0,0,0,0,0,0,0,0
00002323_000.png,Emphysema,0,2323,66,M,PA,2958,2991,0.143,0.143,1,0,0,0,0,0,0,0,0,0,0,1,0,0,0
00002326_000.png,No Finding,0,2326,72,M,PA,2500,2048,0.168,0.168,0,0,0,0,0,0,0,0,0,0,0,0,0,0,0
00002326_001.png,Nodule,1,2326,73,M,PA,2500,2048,0.168,0.168,1,0,0,0,0,0,1,0,0,0,0,0,0,0,0
00002327_000.png,No Finding,0,2327,42,F,PA,2048,2500,0.171,0.171,0,0,0,0,0,0,0,0,0,0,0,0,0,0,0
00002328_000.png,No Finding,0,2328,31,M,PA,2500,2048,0.168,0.168,0,0,0,0,0,0,0,0,0,0,0,0,0,0,0
00002328_001.png,No Finding,1,2328,33,M,PA,2914,2805,0.143,0.143,0,0,0,0,0,0,0,0,0,0,0,0,0,0,0
00002329_000.png,Fibrosis|Nodule,0,2329,56,F,PA,2500,2048,0.171,0.171,1,0,0,0,0,0,1,0,0,0,0,0,1,0,0
00002329_001.png,No Finding,1,2329,56,F,PA,2048,2500,0.171,0.171,0,0,0,0,0,0,0,0,0,0,0,0,0,0,0
00002330_002.png,No Finding,0,2330,22,M,AP,2500,2048,0.168,0.168,0,0,0,0,0,0,0,0,0,0,0,0,0,0,0
00002330_003.png,No Finding,1,2330,22,M,AP,2500,2048,0.168,0.168,0,0,0,0,0,0,0,0,0,0,0,0,0,0,0
00002330_004.png,No Finding,2,2330,22,M,AP,2500,2048,0.168,0.168,0,0,0,0,0,0,0,0,0,0,0,0,0,0,0
00002330_005.png,No Finding,3,2330,22,M,PA,2710,2991,0.143,0.143,0,0,0,0,0,0,0,0,0,0,0,0,0,0,0
00002330_006.png,No Finding,4,2330,25,M,PA,2458,2991,0.143,0.143,0,0,0,0,0,0,0,0,0,0,0,0,0,0,0
00002330_000.png,No Finding,5,2330,26,M,PA,2992,2991,0.143,0.143,0,0,0,0,0,0,0,0,0,0,0,0,0,0,0
00002330_001.png,No Finding,6,2330,26,M,AP,2544,3056,0.139,0.139,0,0,0,0,0,0,0,0,0,0,0,0,0,0,0
00002332_000.png,No Finding,0,2332,49,M,PA,2500,2048,0.171,0.171,0,0,0,0,0,0,0,0,0,0,0,0,0,0,0
00002333_001.png,No Finding,0,2333,55,M,PA,2992,2991,0.143,0.143,0,0,0,0,0,0,0,0,0,0,0,0,0,0,0
00002333_000.png,No Finding,1,2333,62,M,PA,2021,2021,0.1943109999999999,0.1943109999999999,0,0,0,0,0,0,0,0,0,0,0,0,0,0,0
00002334_000.png,No Finding,0,2334,40,F,PA,2048,2500,0.171,0.171,0,0,0,0,0,0,0,0,0,0,0,0,0,0,0
00002334_001.png,No Finding,1,2334,43,F,PA,2992,2991,0.143,0.143,0,0,0,0,0,0,0,0,0,0,0,0,0,0,0
00002334_002.png,No Finding,2,2334,44,F,PA,2048,2500,0.168,0.168,0,0,0,0,0,0,0,0,0,0,0,0,0,0,0
00002336_000.png,No Finding,0,2336,14,M,PA,2048,2500,0.171,0.171,0,0,0,0,0,0,0,0,0,0,0,0,0,0,0
00002336_001.png,No Finding,1,2336,15,M,PA,2048,2500,0.168,0.168,0,0,0,0,0,0,0,0,0,0,0,0,0,0,0
00002336_002.png,No Finding,2,2336,16,M,PA,2048,2500,0.168,0.168,0,0,0,0,0,0,0,0,0,0,0,0,0,0,0
00002336_003.png,No Finding,3,2336,16,M,PA,2048,2500,0.168,0.168,0,0,0,0,0,0,0,0,0,0,0,0,0,0,0
00002337_000.png,Fibrosis,0,2337,53,M,PA,2500,2048,0.168,0.168,1,0,0,0,0,0,0,0,0,0,0,0,1,0,0
00002337_001.png,Emphysema,1,2337,55,M,PA,2694,2549,0.143,0.143,1,0,0,0,0,0,0,0,0,0,0,1,0,0,0
00002337_002.png,No Finding,2,2337,55,M,PA,2992,2991,0.143,0.143,0,0,0,0,0,0,0,0,0,0,0,0,0,0,0
00002337_003.png,No Finding,3,2337,55,M,PA,2754,2991,0.143,0.143,0,0,0,0,0,0,0,0,0,0,0,0,0,0,0
00002337_004.png,No Finding,4,2337,56,M,PA,2992,2991,0.143,0.143,0,0,0,0,0,0,0,0,0,0,0,0,0,0,0
00002337_005.png,Consolidation|Infiltration,5,2337,56,M,PA,2500,2048,0.168,0.168,1,0,0,0,1,0,0,0,0,1,0,0,0,0,0
00002337_006.png,No Finding,6,2337,57,M,PA,2500,2048,0.168,0.168,0,0,0,0,0,0,0,0,0,0,0,0,0,0,0
00002337_007.png,Infiltration,7,2337,57,M,PA,2992,2991,0.143,0.143,1,0,0,0,1,0,0,0,0,0,0,0,0,0,0
00002337_008.png,No Finding,8,2337,58,M,PA,2992,2991,0.143,0.143,0,0,0,0,0,0,0,0,0,0,0,0,0,0,0
00002337_009.png,Pleural_Thickening,9,2337,59,M,PA,2048,2500,0.168,0.168,1,0,0,0,0,0,0,0,0,0,0,0,0,1,0
00002337_010.png,Infiltration,10,2337,59,M,PA,2992,2991,0.143,0.143,1,0,0,0,1,0,0,0,0,0,0,0,0,0,0
00002337_011.png,No Finding,11,2337,59,M,PA,2946,2937,0.143,0.143,0,0,0,0,0,0,0,0,0,0,0,0,0,0,0
00002337_012.png,Nodule,12,2337,59,M,PA,2818,2853,0.143,0.143,1,0,0,0,0,0,1,0,0,0,0,0,0,0,0
00002343_000.png,Infiltration,0,2343,27,F,PA,2500,2048,0.171,0.171,1,0,0,0,1,0,0,0,0,0,0,0,0,0,0
00002343_001.png,Effusion|Pleural_Thickening,1,2343,30,F,PA,2992,2991,0.143,0.143,1,0,0,1,0,0,0,0,0,0,0,0,0,1,0
00002343_002.png,No Finding,2,2343,31,F,PA,2604,2592,0.143,0.143,0,0,0,0,0,0,0,0,0,0,0,0,0,0,0
00002343_003.png,Effusion|Pneumonia,3,2343,31,F,PA,2682,2318,0.143,0.143,1,0,0,1,0,0,0,1,0,0,0,0,0,0,0
00002343_004.png,Infiltration,4,2343,35,F,PA,2450,2991,0.143,0.143,1,0,0,0,1,0,0,0,0,0,0,0,0,0,0
00002344_000.png,No Finding,0,2344,20,F,AP,2048,2500,0.171,0.171,0,0,0,0,0,0,0,0,0,0,0,0,0,0,0
00002344_001.png,No Finding,1,2344,20,F,PA,2048,2500,0.171,0.171,0,0,0,0,0,0,0,0,0,0,0,0,0,0,0
00002344_002.png,No Finding,2,2344,20,F,AP,2500,2048,0.171,0.171,0,0,0,0,0,0,0,0,0,0,0,0,0,0,0
00002344_003.png,No Finding,3,2344,20,F,PA,2048,2500,0.171,0.171,0,0,0,0,0,0,0,0,0,0,0,0,0,0,0
00002344_004.png,No Finding,4,2344,20,F,AP,2500,2048,0.171,0.171,0,0,0,0,0,0,0,0,0,0,0,0,0,0,0
00002344_005.png,No Finding,5,2344,20,F,AP,2500,2048,0.171,0.171,0,0,0,0,0,0,0,0,0,0,0,0,0,0,0
00002344_006.png,No Finding,6,2344,20,F,AP,2500,2048,0.171,0.171,0,0,0,0,0,0,0,0,0,0,0,0,0,0,0
00002344_007.png,No Finding,7,2344,20,F,AP,2500,2048,0.171,0.171,0,0,0,0,0,0,0,0,0,0,0,0,0,0,0
00002344_008.png,No Finding,8,2344,20,F,AP,2500,2048,0.171,0.171,0,0,0,0,0,0,0,0,0,0,0,0,0,0,0
00002344_009.png,No Finding,9,2344,20,F,AP,2500,2048,0.171,0.171,0,0,0,0,0,0,0,0,0,0,0,0,0,0,0
00002344_010.png,No Finding,10,2344,20,F,AP,2500,2048,0.171,0.171,0,0,0,0,0,0,0,0,0,0,0,0,0,0,0
00002344_011.png,No Finding,11,2344,20,F,AP,2500,2048,0.171,0.171,0,0,0,0,0,0,0,0,0,0,0,0,0,0,0
00002345_000.png,Nodule,0,2345,56,F,AP,3056,2544,0.139,0.139,1,0,0,0,0,0,1,0,0,0,0,0,0,0,0
00002345_001.png,No Finding,1,2345,56,F,PA,2992,2991,0.143,0.143,0,0,0,0,0,0,0,0,0,0,0,0,0,0,0
00002345_002.png,Nodule,2,2345,56,F,PA,2554,2617,0.143,0.143,1,0,0,0,0,0,1,0,0,0,0,0,0,0,0
00002345_003.png,Nodule,3,2345,57,F,AP,3056,2544,0.139,0.139,1,0,0,0,0,0,1,0,0,0,0,0,0,0,0
00002345_004.png,Effusion|Infiltration|Nodule,4,2345,57,F,AP,3056,2544,0.139,0.139,1,0,0,1,1,0,1,0,0,0,0,0,0,0,0
00002345_005.png,No Finding,5,2345,57,F,AP,2544,3056,0.139,0.139,0,0,0,0,0,0,0,0,0,0,0,0,0,0,0
00002345_006.png,No Finding,6,2345,57,F,AP,3056,2544,0.139,0.139,0,0,0,0,0,0,0,0,0,0,0,0,0,0,0
00002345_007.png,Infiltration,7,2345,57,F,AP,2544,3056,0.139,0.139,1,0,0,0,1,0,0,0,0,0,0,0,0,0,0
00002345_008.png,No Finding,8,2345,57,F,AP,3056,2544,0.139,0.139,0,0,0,0,0,0,0,0,0,0,0,0,0,0,0
00002345_009.png,Infiltration,9,2345,57,F,AP,3056,2544,0.139,0.139,1,0,0,0,1,0,0,0,0,0,0,0,0,0,0
00002345_010.png,Infiltration|Nodule|Pleural_Thickening,10,2345,57,F,PA,2544,3056,0.139,0.139,1,0,0,0,1,0,1,0,0,0,0,0,0,1,0
00002345_011.png,No Finding,11,2345,58,F,PA,1684,1840,0.1943109999999999,0.1943109999999999,0,0,0,0,0,0,0,0,0,0,0,0,0,0,0
00002345_012.png,Consolidation,12,2345,59,F,PA,2021,2021,0.1943109999999999,0.1943109999999999,1,0,0,0,0,0,0,0,0,1,0,0,0,0,0
00002345_013.png,Fibrosis|Infiltration|Nodule,13,2345,59,F,PA,2544,3056,0.139,0.139,1,0,0,0,1,0,1,0,0,0,0,0,1,0,0
00002346_000.png,No Finding,0,2346,41,M,PA,2686,2991,0.143,0.143,0,0,0,0,0,0,0,0,0,0,0,0,0,0,0
00002350_002.png,No Finding,2,2350,51,F,PA,2992,2991,0.143,0.143,0,0,0,0,0,0,0,0,0,0,0,0,0,0,0
00002350_006.png,No Finding,6,2350,51,F,PA,2992,2991,0.143,0.143,0,0,0,0,0,0,0,0,0,0,0,0,0,0,0
00002350_007.png,No Finding,7,2350,51,F,PA,2606,2753,0.143,0.143,0,0,0,0,0,0,0,0,0,0,0,0,0,0,0
00002350_011.png,No Finding,11,2350,51,F,PA,2260,2476,0.143,0.143,0,0,0,0,0,0,0,0,0,0,0,0,0,0,0
00002350_013.png,Fibrosis,13,2350,51,F,PA,2992,2991,0.143,0.143,1,0,0,0,0,0,0,0,0,0,0,0,1,0,0
00002350_014.png,No Finding,14,2350,51,F,PA,2450,2509,0.143,0.143,0,0,0,0,0,0,0,0,0,0,0,0,0,0,0
00002350_021.png,Effusion|Infiltration,22,2350,52,F,AP,2500,2048,0.168,0.168,1,0,0,1,1,0,0,0,0,0,0,0,0,0,0
00002351_001.png,No Finding,0,2351,45,F,PA,2048,2500,0.171,0.171,0,0,0,0,0,0,0,0,0,0,0,0,0,0,0
00002351_002.png,No Finding,1,2351,47,F,PA,2048,2500,0.168,0.168,0,0,0,0,0,0,0,0,0,0,0,0,0,0,0
00002351_003.png,No Finding,2,2351,48,F,PA,2048,2500,0.168,0.168,0,0,0,0,0,0,0,0,0,0,0,0,0,0,0
00002351_004.png,No Finding,3,2351,48,F,PA,2992,2991,0.143,0.143,0,0,0,0,0,0,0,0,0,0,0,0,0,0,0
00002351_005.png,No Finding,4,2351,49,F,PA,2852,2948,0.143,0.143,0,0,0,0,0,0,0,0,0,0,0,0,0,0,0
00002351_006.png,No Finding,5,2351,49,F,PA,2992,2991,0.143,0.143,0,0,0,0,0,0,0,0,0,0,0,0,0,0,0
00002351_007.png,No Finding,6,2351,50,F,PA,2810,2785,0.143,0.143,0,0,0,0,0,0,0,0,0,0,0,0,0,0,0
00002351_008.png,No Finding,7,2351,50,F,PA,2640,2488,0.143,0.143,0,0,0,0,0,0,0,0,0,0,0,0,0,0,0
00002351_009.png,No Finding,8,2351,51,F,PA,2992,2991,0.143,0.143,0,0,0,0,0,0,0,0,0,0,0,0,0,0,0
00002351_010.png,No Finding,9,2351,52,F,PA,2666,2733,0.143,0.143,0,0,0,0,0,0,0,0,0,0,0,0,0,0,0
00002351_011.png,No Finding,10,2351,53,F,PA,2734,2913,0.143,0.143,0,0,0,0,0,0,0,0,0,0,0,0,0,0,0
00002351_012.png,Infiltration,11,2351,55,F,PA,2466,2457,0.143,0.143,1,0,0,0,1,0,0,0,0,0,0,0,0,0,0
00002351_000.png,No Finding,12,2351,56,F,PA,2992,2991,0.143,0.143,0,0,0,0,0,0,0,0,0,0,0,0,0,0,0
00002353_002.png,Effusion,1,2353,32,M,PA,2992,2809,0.143,0.143,1,0,0,1,0,0,0,0,0,0,0,0,0,0,0
00002353_003.png,Nodule,2,2353,34,M,PA,2806,2991,0.143,0.143,1,0,0,0,0,0,1,0,0,0,0,0,0,0,0
00002353_004.png,Infiltration|Nodule,3,2353,34,M,PA,2992,2991,0.143,0.143,1,0,0,0,1,0,1,0,0,0,0,0,0,0,0
00002353_005.png,No Finding,4,2353,34,M,AP,3056,2544,0.139,0.139,0,0,0,0,0,0,0,0,0,0,0,0,0,0,0
00002353_006.png,Infiltration,5,2353,35,M,PA,2992,2991,0.143,0.143,1,0,0,0,1,0,0,0,0,0,0,0,0,0,0
00002353_000.png,No Finding,6,2353,36,M,AP,3056,2544,0.139,0.139,0,0,0,0,0,0,0,0,0,0,0,0,0,0,0
00002355_003.png,No Finding,0,2355,58,F,PA,2048,2500,0.168,0.168,0,0,0,0,0,0,0,0,0,0,0,0,0,0,0
00002355_004.png,Pneumothorax,1,2355,60,F,PA,2992,2991,0.143,0.143,1,0,0,0,0,0,0,0,1,0,0,0,0,0,0
00002355_005.png,No Finding,2,2355,60,F,PA,2550,2769,0.143,0.143,0,0,0,0,0,0,0,0,0,0,0,0,0,0,0
00002355_006.png,Pneumothorax,3,2355,61,F,PA,2992,2991,0.143,0.143,1,0,0,0,0,0,0,0,1,0,0,0,0,0,0
00002355_007.png,No Finding,4,2355,62,F,PA,2886,2948,0.143,0.143,0,0,0,0,0,0,0,0,0,0,0,0,0,0,0
00002355_008.png,No Finding,5,2355,66,F,PA,2508,3016,0.139,0.139,0,0,0,0,0,0,0,0,0,0,0,0,0,0,0
00002355_000.png,No Finding,6,2355,67,F,PA,2634,2991,0.143,0.143,0,0,0,0,0,0,0,0,0,0,0,0,0,0,0
00002355_001.png,No Finding,7,2355,68,F,PA,2992,2991,0.143,0.143,0,0,0,0,0,0,0,0,0,0,0,0,0,0,0
00002355_002.png,Pneumothorax,8,2355,68,F,PA,2670,2991,0.143,0.143,1,0,0,0,0,0,0,0,1,0,0,0,0,0,0
00002356_002.png,No Finding,0,2356,59,F,PA,2048,2500,0.171,0.171,0,0,0,0,0,0,0,0,0,0,0,0,0,0,0
00002356_003.png,No Finding,1,2356,60,F,PA,2048,2500,0.171,0.171,0,0,0,0,0,0,0,0,0,0,0,0,0,0,0
00002356_004.png,No Finding,2,2356,61,F,PA,2048,2500,0.168,0.168,0,0,0,0,0,0,0,0,0,0,0,0,0,0,0
00002356_005.png,No Finding,3,2356,62,F,PA,2048,2500,0.168,0.168,0,0,0,0,0,0,0,0,0,0,0,0,0,0,0
00002356_006.png,No Finding,4,2356,62,F,PA,2048,2500,0.168,0.168,0,0,0,0,0,0,0,0,0,0,0,0,0,0,0
00002356_007.png,No Finding,5,2356,63,F,PA,2992,2991,0.143,0.143,0,0,0,0,0,0,0,0,0,0,0,0,0,0,0
00002356_008.png,No Finding,6,2356,64,F,PA,2714,2693,0.143,0.143,0,0,0,0,0,0,0,0,0,0,0,0,0,0,0
00002356_009.png,Pneumothorax,7,2356,66,F,PA,2594,2991,0.143,0.143,1,0,0,0,0,0,0,0,1,0,0,0,0,0,0
00002356_010.png,No Finding,8,2356,68,F,PA,2544,3056,0.139,0.139,0,0,0,0,0,0,0,0,0,0,0,0,0,0,0
00002356_011.png,No Finding,9,2356,69,F,PA,2612,2352,0.143,0.143,0,0,0,0,0,0,0,0,0,0,0,0,0,0,0
00002356_000.png,Pneumothorax,10,2356,71,F,PA,2674,2741,0.143,0.143,1,0,0,0,0,0,0,0,1,0,0,0,0,0,0
00002356_001.png,No Finding,11,2356,73,F,PA,2021,2021,0.1943109999999999,0.1943109999999999,0,0,0,0,0,0,0,0,0,0,0,0,0,0,0
00002357_000.png,No Finding,0,2357,38,F,PA,2048,2500,0.171,0.171,0,0,0,0,0,0,0,0,0,0,0,0,0,0,0
00002359_001.png,Effusion,1,2359,69,M,PA,2990,2991,0.143,0.143,1,0,0,1,0,0,0,0,0,0,0,0,0,0,0
00002359_002.png,No Finding,2,2359,69,M,PA,2992,2991,0.143,0.143,0,0,0,0,0,0,0,0,0,0,0,0,0,0,0
00002359_005.png,No Finding,5,2359,69,M,AP,2500,2048,0.168,0.168,0,0,0,0,0,0,0,0,0,0,0,0,0,0,0
00002359_008.png,No Finding,7,2359,69,M,AP,2500,2048,0.168,0.168,0,0,0,0,0,0,0,0,0,0,0,0,0,0,0
00002359_007.png,No Finding,8,2359,69,M,AP,2500,2048,0.168,0.168,0,0,0,0,0,0,0,0,0,0,0,0,0,0,0
00002359_009.png,Emphysema,9,2359,69,M,PA,2992,2991,0.143,0.143,1,0,0,0,0,0,0,0,0,0,0,1,0,0,0
00002359_010.png,No Finding,10,2359,69,M,PA,2992,2991,0.143,0.143,0,0,0,0,0,0,0,0,0,0,0,0,0,0,0
00002359_011.png,No Finding,11,2359,69,M,AP,2500,2048,0.168,0.168,0,0,0,0,0,0,0,0,0,0,0,0,0,0,0
00002359_012.png,No Finding,12,2359,69,M,AP,2500,2048,0.168,0.168,0,0,0,0,0,0,0,0,0,0,0,0,0,0,0
00002359_013.png,No Finding,13,2359,69,M,AP,2500,2048,0.168,0.168,0,0,0,0,0,0,0,0,0,0,0,0,0,0,0
00002359_014.png,No Finding,14,2359,69,M,AP,2500,2048,0.168,0.168,0,0,0,0,0,0,0,0,0,0,0,0,0,0,0
00002359_015.png,No Finding,15,2359,69,M,AP,2500,2048,0.168,0.168,0,0,0,0,0,0,0,0,0,0,0,0,0,0,0
00002359_016.png,Infiltration,16,2359,69,M,AP,2500,2048,0.168,0.168,1,0,0,0,1,0,0,0,0,0,0,0,0,0,0
00002359_018.png,No Finding,18,2359,69,M,AP,2048,2500,0.168,0.168,0,0,0,0,0,0,0,0,0,0,0,0,0,0,0
00002359_019.png,Effusion,19,2359,69,M,PA,2706,2737,0.143,0.143,1,0,0,1,0,0,0,0,0,0,0,0,0,0,0
00002361_000.png,Pleural_Thickening,0,2361,50,F,PA,2048,2500,0.171,0.171,1,0,0,0,0,0,0,0,0,0,0,0,0,1,0
00002361_001.png,Nodule,1,2361,51,F,PA,2048,2500,0.168,0.168,1,0,0,0,0,0,1,0,0,0,0,0,0,0,0
00002361_002.png,Mass,2,2361,54,F,PA,2678,2745,0.143,0.143,1,0,0,0,0,1,0,0,0,0,0,0,0,0,0
00002361_003.png,Mass,3,2361,54,F,AP,2500,2048,0.168,0.168,1,0,0,0,0,1,0,0,0,0,0,0,0,0,0
00002361_004.png,No Finding,4,2361,54,F,AP,2500,2048,0.168,0.168,0,0,0,0,0,0,0,0,0,0,0,0,0,0,0
00002361_005.png,No Finding,5,2361,54,F,AP,2500,2048,0.168,0.168,0,0,0,0,0,0,0,0,0,0,0,0,0,0,0
00002361_006.png,Mass,6,2361,54,F,AP,2500,2048,0.168,0.168,1,0,0,0,0,1,0,0,0,0,0,0,0,0,0
00002361_007.png,Effusion|Mass|Nodule,7,2361,54,F,AP,2500,2048,0.168,0.168,1,0,0,1,0,1,1,0,0,0,0,0,0,0,0
00002361_008.png,Effusion|Mass|Nodule,8,2361,54,F,AP,2500,2048,0.168,0.168,1,0,0,1,0,1,1,0,0,0,0,0,0,0,0
00002361_009.png,No Finding,9,2361,54,F,AP,2500,2048,0.168,0.168,0,0,0,0,0,0,0,0,0,0,0,0,0,0,0
00002361_010.png,Mass,10,2361,54,F,AP,2500,2048,0.168,0.168,1,0,0,0,0,1,0,0,0,0,0,0,0,0,0
00002361_011.png,Mass,11,2361,54,F,AP,2500,2048,0.168,0.168,1,0,0,0,0,1,0,0,0,0,0,0,0,0,0
00002361_012.png,Mass,12,2361,54,F,AP,2500,2048,0.168,0.168,1,0,0,0,0,1,0,0,0,0,0,0,0,0,0
00002361_013.png,Mass,13,2361,54,F,AP,2500,2048,0.168,0.168,1,0,0,0,0,1,0,0,0,0,0,0,0,0,0
00002361_014.png,No Finding,14,2361,54,F,AP,2500,2048,0.168,0.168,0,0,0,0,0,0,0,0,0,0,0,0,0,0,0
00002361_015.png,Mass,15,2361,54,F,PA,2678,2769,0.143,0.143,1,0,0,0,0,1,0,0,0,0,0,0,0,0,0
00002362_000.png,No Finding,0,2362,43,M,PA,2992,2833,0.143,0.143,0,0,0,0,0,0,0,0,0,0,0,0,0,0,0
00002363_000.png,No Finding,0,2363,45,M,PA,2500,2048,0.171,0.171,0,0,0,0,0,0,0,0,0,0,0,0,0,0,0
00002364_000.png,No Finding,0,2364,43,M,AP,2500,2048,0.168,0.168,0,0,0,0,0,0,0,0,0,0,0,0,0,0,0
00002364_001.png,Nodule,1,2364,43,M,PA,2992,2991,0.143,0.143,1,0,0,0,0,0,1,0,0,0,0,0,0,0,0
00002364_002.png,No Finding,2,2364,44,M,PA,2992,2991,0.143,0.143,0,0,0,0,0,0,0,0,0,0,0,0,0,0,0
00002365_000.png,No Finding,0,2365,60,M,PA,2500,2048,0.171,0.171,0,0,0,0,0,0,0,0,0,0,0,0,0,0,0
00002365_001.png,No Finding,1,2365,60,M,PA,2500,2048,0.171,0.171,0,0,0,0,0,0,0,0,0,0,0,0,0,0,0
00002365_002.png,Infiltration,2,2365,60,M,PA,2500,2048,0.171,0.171,1,0,0,0,1,0,0,0,0,0,0,0,0,0,0
00002365_003.png,No Finding,3,2365,61,M,PA,2500,2048,0.171,0.171,0,0,0,0,0,0,0,0,0,0,0,0,0,0,0
00002365_004.png,No Finding,4,2365,62,M,PA,2500,2048,0.171,0.171,0,0,0,0,0,0,0,0,0,0,0,0,0,0,0
00002366_000.png,No Finding,0,2366,24,M,PA,2992,2991,0.143,0.143,0,0,0,0,0,0,0,0,0,0,0,0,0,0,0
00002366_001.png,No Finding,1,2366,24,M,AP,2500,2048,0.168,0.168,0,0,0,0,0,0,0,0,0,0,0,0,0,0,0
00002366_002.png,Infiltration,2,2366,24,M,AP,2500,2048,0.168,0.168,1,0,0,0,1,0,0,0,0,0,0,0,0,0,0
00002366_003.png,No Finding,3,2366,24,M,AP,2500,2048,0.168,0.168,0,0,0,0,0,0,0,0,0,0,0,0,0,0,0
00002368_000.png,No Finding,0,2368,52,F,PA,2314,2549,0.143,0.143,0,0,0,0,0,0,0,0,0,0,0,0,0,0,0
00002368_001.png,No Finding,1,2368,52,F,PA,2614,2717,0.143,0.143,0,0,0,0,0,0,0,0,0,0,0,0,0,0,0
00002369_000.png,No Finding,0,2369,45,F,PA,2048,2500,0.171,0.171,0,0,0,0,0,0,0,0,0,0,0,0,0,0,0
00002370_000.png,Infiltration,0,2370,56,F,PA,2992,2991,0.143,0.143,1,0,0,0,1,0,0,0,0,0,0,0,0,0,0
00002372_000.png,No Finding,0,2372,57,M,PA,2500,2048,0.171,0.171,0,0,0,0,0,0,0,0,0,0,0,0,0,0,0
00002373_002.png,No Finding,0,2373,46,M,PA,2500,2048,0.168,0.168,0,0,0,0,0,0,0,0,0,0,0,0,0,0,0
00002373_000.png,No Finding,1,2373,54,M,PA,2992,2991,0.143,0.143,0,0,0,0,0,0,0,0,0,0,0,0,0,0,0
00002373_001.png,No Finding,2,2373,54,M,PA,2992,2991,0.143,0.143,0,0,0,0,0,0,0,0,0,0,0,0,0,0,0
00002374_000.png,No Finding,0,2374,35,M,PA,2048,2500,0.171,0.171,0,0,0,0,0,0,0,0,0,0,0,0,0,0,0
00002374_001.png,No Finding,1,2374,36,M,PA,2500,2048,0.171,0.171,0,0,0,0,0,0,0,0,0,0,0,0,0,0,0
00002377_000.png,No Finding,0,2377,9,M,PA,2048,2500,0.168,0.168,0,0,0,0,0,0,0,0,0,0,0,0,0,0,0
00002378_000.png,Emphysema,0,2378,26,F,PA,2500,2048,0.168,0.168,1,0,0,0,0,0,0,0,0,0,0,1,0,0,0
00002378_001.png,No Finding,1,2378,26,F,AP,2500,2048,0.168,0.168,0,0,0,0,0,0,0,0,0,0,0,0,0,0,0
00002378_002.png,Infiltration,2,2378,26,F,PA,2048,2500,0.168,0.168,1,0,0,0,1,0,0,0,0,0,0,0,0,0,0
00002378_003.png,Emphysema,3,2378,26,F,PA,2048,2500,0.168,0.168,1,0,0,0,0,0,0,0,0,0,0,1,0,0,0
00002379_001.png,No Finding,0,2379,22,F,PA,2048,2500,0.168,0.168,0,0,0,0,0,0,0,0,0,0,0,0,0,0,0
00002379_000.png,No Finding,1,2379,29,F,PA,2152,2923,0.143,0.143,0,0,0,0,0,0,0,0,0,0,0,0,0,0,0
00002386_006.png,No Finding,0,2386,23,M,PA,2992,2725,0.143,0.143,0,0,0,0,0,0,0,0,0,0,0,0,0,0,0
00002386_008.png,No Finding,2,2386,23,M,AP,2500,2048,0.168,0.168,0,0,0,0,0,0,0,0,0,0,0,0,0,0,0
00002386_009.png,Effusion,3,2386,23,M,PA,2992,2991,0.143,0.143,1,0,0,1,0,0,0,0,0,0,0,0,0,0,0
00002386_010.png,No Finding,4,2386,26,M,PA,2526,2991,0.143,0.143,0,0,0,0,0,0,0,0,0,0,0,0,0,0,0
00002386_011.png,No Finding,5,2386,26,M,AP,2500,2048,0.168,0.168,0,0,0,0,0,0,0,0,0,0,0,0,0,0,0
00002386_000.png,No Finding,6,2386,30,M,PA,2992,2991,0.143,0.143,0,0,0,0,0,0,0,0,0,0,0,0,0,0,0
00002386_001.png,No Finding,7,2386,30,M,AP,3056,2544,0.139,0.139,0,0,0,0,0,0,0,0,0,0,0,0,0,0,0
00002386_004.png,No Finding,10,2386,31,M,PA,2021,2021,0.1943109999999999,0.1943109999999999,0,0,0,0,0,0,0,0,0,0,0,0,0,0,0
00002386_005.png,No Finding,11,2386,33,M,PA,1882,2021,0.1943109999999999,0.1943109999999999,0,0,0,0,0,0,0,0,0,0,0,0,0,0,0
00002387_003.png,No Finding,0,2387,44,F,PA,2048,2500,0.168,0.168,0,0,0,0,0,0,0,0,0,0,0,0,0,0,0
00002387_004.png,No Finding,1,2387,45,F,PA,2048,2500,0.168,0.168,0,0,0,0,0,0,0,0,0,0,0,0,0,0,0
00002387_005.png,No Finding,2,2387,46,F,PA,2048,2500,0.168,0.168,0,0,0,0,0,0,0,0,0,0,0,0,0,0,0
00002387_006.png,Consolidation|Pneumothorax,3,2387,47,F,PA,2402,2673,0.143,0.143,1,0,0,0,0,0,0,0,1,1,0,0,0,0,0
00002387_007.png,No Finding,4,2387,49,F,PA,2992,2991,0.143,0.143,0,0,0,0,0,0,0,0,0,0,0,0,0,0,0
00002387_000.png,No Finding,5,2387,52,F,PA,2992,2991,0.143,0.143,0,0,0,0,0,0,0,0,0,0,0,0,0,0,0
00002387_001.png,No Finding,6,2387,54,F,PA,2992,2991,0.143,0.143,0,0,0,0,0,0,0,0,0,0,0,0,0,0,0
00002387_002.png,No Finding,7,2387,55,F,PA,1840,2021,0.1943109999999999,0.1943109999999999,0,0,0,0,0,0,0,0,0,0,0,0,0,0,0
00002389_000.png,No Finding,0,2389,24,M,PA,2500,2048,0.168,0.168,0,0,0,0,0,0,0,0,0,0,0,0,0,0,0
00002389_001.png,No Finding,1,2389,27,M,PA,2500,2048,0.168,0.168,0,0,0,0,0,0,0,0,0,0,0,0,0,0,0
00002391_000.png,No Finding,0,2391,45,M,PA,2048,2500,0.171,0.171,0,0,0,0,0,0,0,0,0,0,0,0,0,0,0
00002392_000.png,No Finding,0,2392,20,M,PA,2992,2991,0.143,0.143,0,0,0,0,0,0,0,0,0,0,0,0,0,0,0
00002394_000.png,No Finding,0,2394,57,M,PA,2992,2991,0.143,0.143,0,0,0,0,0,0,0,0,0,0,0,0,0,0,0
00002395_000.png,Infiltration|Nodule,0,2395,59,F,PA,2500,2048,0.168,0.168,1,0,0,0,1,0,1,0,0,0,0,0,0,0,0
00002395_001.png,No Finding,1,2395,62,F,AP,2048,2500,0.168,0.168,0,0,0,0,0,0,0,0,0,0,0,0,0,0,0
00002395_002.png,No Finding,2,2395,62,F,AP,2048,2500,0.168,0.168,0,0,0,0,0,0,0,0,0,0,0,0,0,0,0
00002395_003.png,No Finding,3,2395,62,F,AP,2500,2048,0.168,0.168,0,0,0,0,0,0,0,0,0,0,0,0,0,0,0
00002395_005.png,Effusion,4,2395,62,F,AP,2048,2500,0.168,0.168,1,0,0,1,0,0,0,0,0,0,0,0,0,0,0
00002395_004.png,Effusion|Infiltration,5,2395,62,F,AP,2500,2048,0.168,0.168,1,0,0,1,1,0,0,0,0,0,0,0,0,0,0
00002395_006.png,Effusion,6,2395,62,F,AP,2500,2048,0.168,0.168,1,0,0,1,0,0,0,0,0,0,0,0,0,0,0
00002395_007.png,Effusion,7,2395,62,F,AP,2500,2048,0.168,0.168,1,0,0,1,0,0,0,0,0,0,0,0,0,0,0
00002395_010.png,Effusion,9,2395,62,F,AP,2500,2048,0.168,0.168,1,0,0,1,0,0,0,0,0,0,0,0,0,0,0
00002395_008.png,Effusion|Infiltration,10,2395,62,F,AP,2500,2048,0.168,0.168,1,0,0,1,1,0,0,0,0,0,0,0,0,0,0
00002395_012.png,Effusion|Infiltration,11,2395,62,F,AP,2500,2048,0.168,0.168,1,0,0,1,1,0,0,0,0,0,0,0,0,0,0
00002395_011.png,Effusion|Infiltration,12,2395,62,F,AP,2500,2048,0.168,0.168,1,0,0,1,1,0,0,0,0,0,0,0,0,0,0
00002395_013.png,Pleural_Thickening,13,2395,62,F,AP,2500,2048,0.168,0.168,1,0,0,0,0,0,0,0,0,0,0,0,0,1,0
00002395_015.png,Infiltration,14,2395,62,F,AP,2500,2048,0.168,0.168,1,0,0,0,1,0,0,0,0,0,0,0,0,0,0
00002395_014.png,Infiltration,15,2395,62,F,AP,2500,2048,0.168,0.168,1,0,0,0,1,0,0,0,0,0,0,0,0,0,0
00002395_016.png,Effusion|Infiltration,16,2395,62,F,AP,2500,2048,0.168,0.168,1,0,0,1,1,0,0,0,0,0,0,0,0,0,0
00002395_017.png,Infiltration,17,2395,62,F,AP,2500,2048,0.168,0.168,1,0,0,0,1,0,0,0,0,0,0,0,0,0,0
00002395_018.png,Infiltration,18,2395,62,F,AP,2500,2048,0.168,0.168,1,0,0,0,1,0,0,0,0,0,0,0,0,0,0
00002395_019.png,Effusion,19,2395,62,F,AP,2500,2048,0.168,0.168,1,0,0,1,0,0,0,0,0,0,0,0,0,0,0
00002395_020.png,Effusion,20,2395,62,F,AP,2500,2048,0.168,0.168,1,0,0,1,0,0,0,0,0,0,0,0,0,0,0
00002395_021.png,Fibrosis,21,2395,62,F,AP,2500,2048,0.168,0.168,1,0,0,0,0,0,0,0,0,0,0,0,1,0,0
00002395_022.png,No Finding,22,2395,62,F,AP,2500,2048,0.168,0.168,0,0,0,0,0,0,0,0,0,0,0,0,0,0,0
00002395_023.png,Fibrosis,23,2395,62,F,AP,2500,2048,0.168,0.168,1,0,0,0,0,0,0,0,0,0,0,0,1,0,0
00002395_024.png,Effusion,24,2395,62,F,AP,2500,2048,0.168,0.168,1,0,0,1,0,0,0,0,0,0,0,0,0,0,0
00002395_025.png,Pleural_Thickening,25,2395,62,F,AP,2500,2048,0.168,0.168,1,0,0,0,0,0,0,0,0,0,0,0,0,1,0
00002395_026.png,Effusion|Pleural_Thickening,26,2395,62,F,AP,2500,2048,0.168,0.168,1,0,0,1,0,0,0,0,0,0,0,0,0,1,0
00002395_027.png,Pleural_Thickening,27,2395,62,F,AP,2500,2048,0.168,0.168,1,0,0,0,0,0,0,0,0,0,0,0,0,1,0
00002395_029.png,No Finding,28,2395,62,F,AP,2500,2048,0.168,0.168,0,0,0,0,0,0,0,0,0,0,0,0,0,0,0
00002395_028.png,No Finding,29,2395,62,F,AP,2500,2048,0.168,0.168,0,0,0,0,0,0,0,0,0,0,0,0,0,0,0
00002395_030.png,Effusion,30,2395,62,F,AP,2500,2048,0.168,0.168,1,0,0,1,0,0,0,0,0,0,0,0,0,0,0
00002395_031.png,Effusion|Infiltration|Nodule,31,2395,62,F,AP,2048,2500,0.168,0.168,1,0,0,1,1,0,1,0,0,0,0,0,0,0,0
00002395_032.png,Effusion|Infiltration|Nodule,32,2395,62,F,AP,2500,2048,0.168,0.168,1,0,0,1,1,0,1,0,0,0,0,0,0,0,0
00002395_033.png,Effusion,33,2395,62,F,AP,2500,2048,0.168,0.168,1,0,0,1,0,0,0,0,0,0,0,0,0,0,0
00002395_034.png,Effusion|Pleural_Thickening,34,2395,62,F,AP,2500,2048,0.168,0.168,1,0,0,1,0,0,0,0,0,0,0,0,0,1,0
00002395_035.png,No Finding,35,2395,62,F,AP,2500,2048,0.168,0.168,0,0,0,0,0,0,0,0,0,0,0,0,0,0,0
00002395_036.png,Fibrosis,36,2395,62,F,AP,2500,2048,0.168,0.168,1,0,0,0,0,0,0,0,0,0,0,0,1,0,0
00002395_037.png,Effusion|Infiltration,37,2395,62,F,AP,2500,2048,0.168,0.168,1,0,0,1,1,0,0,0,0,0,0,0,0,0,0
00002396_000.png,No Finding,0,2396,13,F,PA,2048,2500,0.171,0.171,0,0,0,0,0,0,0,0,0,0,0,0,0,0,0
00002397_000.png,No Finding,0,2397,21,M,PA,2500,2048,0.171,0.171,0,0,0,0,0,0,0,0,0,0,0,0,0,0,0
00002397_001.png,No Finding,1,2397,22,M,PA,2500,2048,0.168,0.168,0,0,0,0,0,0,0,0,0,0,0,0,0,0,0
00002398_000.png,Infiltration,0,2398,39,F,PA,2048,2500,0.168,0.168,1,0,0,0,1,0,0,0,0,0,0,0,0,0,0
00002398_001.png,No Finding,1,2398,41,F,PA,2438,2577,0.143,0.143,0,0,0,0,0,0,0,0,0,0,0,0,0,0,0
00002399_000.png,No Finding,0,2399,48,M,PA,2500,2048,0.171,0.171,0,0,0,0,0,0,0,0,0,0,0,0,0,0,0
00002401_000.png,No Finding,0,2401,61,M,PA,2500,2048,0.171,0.171,0,0,0,0,0,0,0,0,0,0,0,0,0,0,0
00002402_000.png,No Finding,0,2402,65,F,PA,2544,3056,0.139,0.139,0,0,0,0,0,0,0,0,0,0,0,0,0,0,0
00002403_002.png,No Finding,0,2403,48,M,PA,2500,2048,0.171,0.171,0,0,0,0,0,0,0,0,0,0,0,0,0,0,0
00002403_003.png,No Finding,1,2403,51,M,PA,2500,2048,0.168,0.168,0,0,0,0,0,0,0,0,0,0,0,0,0,0,0
00002403_004.png,No Finding,2,2403,52,M,PA,2992,2991,0.143,0.143,0,0,0,0,0,0,0,0,0,0,0,0,0,0,0
00002403_005.png,Infiltration,3,2403,53,M,PA,2992,2991,0.143,0.143,1,0,0,0,1,0,0,0,0,0,0,0,0,0,0
00002403_006.png,No Finding,4,2403,54,M,AP,2500,2048,0.168,0.168,0,0,0,0,0,0,0,0,0,0,0,0,0,0,0
00002403_007.png,No Finding,5,2403,55,M,PA,2992,2991,0.143,0.143,0,0,0,0,0,0,0,0,0,0,0,0,0,0,0
00002403_000.png,Infiltration,6,2403,57,M,PA,2992,2991,0.143,0.143,1,0,0,0,1,0,0,0,0,0,0,0,0,0,0
00002403_001.png,No Finding,7,2403,59,M,PA,1912,2022,0.1943109999999999,0.1943109999999999,0,0,0,0,0,0,0,0,0,0,0,0,0,0,0
00002404_000.png,No Finding,0,2404,52,M,PA,2500,2048,0.171,0.171,0,0,0,0,0,0,0,0,0,0,0,0,0,0,0
00002404_001.png,No Finding,1,2404,52,M,PA,2048,2500,0.171,0.171,0,0,0,0,0,0,0,0,0,0,0,0,0,0,0
00002405_000.png,Infiltration,0,2405,39,F,PA,2500,2048,0.168,0.168,1,0,0,0,1,0,0,0,0,0,0,0,0,0,0
00002405_001.png,No Finding,1,2405,41,F,PA,2990,2991,0.143,0.143,0,0,0,0,0,0,0,0,0,0,0,0,0,0,0
00002405_002.png,No Finding,2,2405,42,F,PA,2992,2991,0.143,0.143,0,0,0,0,0,0,0,0,0,0,0,0,0,0,0
00002405_003.png,Infiltration,3,2405,44,F,PA,2992,2991,0.143,0.143,1,0,0,0,1,0,0,0,0,0,0,0,0,0,0
00002405_004.png,Pneumothorax,4,2405,46,F,PA,2992,2989,0.143,0.143,1,0,0,0,0,0,0,0,1,0,0,0,0,0,0
00002406_000.png,No Finding,0,2406,54,F,PA,2500,2048,0.171,0.171,0,0,0,0,0,0,0,0,0,0,0,0,0,0,0
00002406_001.png,Infiltration,1,2406,56,F,PA,2048,2500,0.168,0.168,1,0,0,0,1,0,0,0,0,0,0,0,0,0,0
00002408_000.png,Infiltration,0,2408,49,F,PA,2500,2048,0.168,0.168,1,0,0,0,1,0,0,0,0,0,0,0,0,0,0
00002409_000.png,No Finding,0,2409,55,F,AP,2500,2048,0.171,0.171,0,0,0,0,0,0,0,0,0,0,0,0,0,0,0
00002409_001.png,No Finding,1,2409,56,F,PA,2048,2500,0.171,0.171,0,0,0,0,0,0,0,0,0,0,0,0,0,0,0
00002409_002.png,No Finding,2,2409,56,F,AP,2048,2500,0.171,0.171,0,0,0,0,0,0,0,0,0,0,0,0,0,0,0
00002411_002.png,No Finding,0,2411,30,M,PA,2500,2048,0.171,0.171,0,0,0,0,0,0,0,0,0,0,0,0,0,0,0
00002411_003.png,No Finding,1,2411,31,M,PA,2500,2048,0.171,0.171,0,0,0,0,0,0,0,0,0,0,0,0,0,0,0
00002411_004.png,No Finding,2,2411,32,M,AP,2500,2048,0.168,0.168,0,0,0,0,0,0,0,0,0,0,0,0,0,0,0
00002411_005.png,No Finding,3,2411,35,M,PA,2992,2991,0.143,0.143,0,0,0,0,0,0,0,0,0,0,0,0,0,0,0
00002411_006.png,No Finding,4,2411,35,M,AP,2500,2048,0.168,0.168,0,0,0,0,0,0,0,0,0,0,0,0,0,0,0
00002411_007.png,No Finding,5,2411,35,M,AP,2500,2048,0.168,0.168,0,0,0,0,0,0,0,0,0,0,0,0,0,0,0
00002411_008.png,No Finding,6,2411,35,M,AP,2500,2048,0.168,0.168,0,0,0,0,0,0,0,0,0,0,0,0,0,0,0
00002411_009.png,Infiltration,7,2411,35,M,AP,2500,2048,0.168,0.168,1,0,0,0,1,0,0,0,0,0,0,0,0,0,0
00002411_010.png,Consolidation|Infiltration,8,2411,35,M,AP,2500,2048,0.168,0.168,1,0,0,0,1,0,0,0,0,1,0,0,0,0,0
00002411_011.png,No Finding,9,2411,35,M,AP,2500,2048,0.168,0.168,0,0,0,0,0,0,0,0,0,0,0,0,0,0,0
00002411_012.png,Pneumothorax,10,2411,35,M,AP,2500,2048,0.168,0.168,1,0,0,0,0,0,0,0,1,0,0,0,0,0,0
00002411_013.png,No Finding,11,2411,36,M,PA,2992,2991,0.143,0.143,0,0,0,0,0,0,0,0,0,0,0,0,0,0,0
00002411_014.png,No Finding,12,2411,36,M,AP,2500,2048,0.168,0.168,0,0,0,0,0,0,0,0,0,0,0,0,0,0,0
00002411_015.png,Infiltration,13,2411,38,M,PA,2992,2991,0.143,0.143,1,0,0,0,1,0,0,0,0,0,0,0,0,0,0
00002411_016.png,No Finding,14,2411,39,M,PA,2992,2991,0.143,0.143,0,0,0,0,0,0,0,0,0,0,0,0,0,0,0
00002411_017.png,No Finding,15,2411,39,M,PA,2992,2991,0.143,0.143,0,0,0,0,0,0,0,0,0,0,0,0,0,0,0
00002411_018.png,No Finding,16,2411,39,M,AP,3056,2544,0.139,0.139,0,0,0,0,0,0,0,0,0,0,0,0,0,0,0
00002411_000.png,No Finding,17,2411,42,M,PA,2021,2021,0.1943109999999999,0.1943109999999999,0,0,0,0,0,0,0,0,0,0,0,0,0,0,0
00002411_001.png,No Finding,18,2411,43,M,PA,2021,2021,0.1943109999999999,0.1943109999999999,0,0,0,0,0,0,0,0,0,0,0,0,0,0,0
00002412_000.png,Edema,0,2412,62,M,AP,2500,2048,0.168,0.168,1,0,0,0,0,0,0,0,0,0,1,0,0,0,0
00002412_001.png,No Finding,1,2412,62,M,PA,2992,2991,0.143,0.143,0,0,0,0,0,0,0,0,0,0,0,0,0,0,0
00002412_002.png,Emphysema|Pneumothorax,2,2412,62,M,PA,2992,2991,0.143,0.143,1,0,0,0,0,0,0,0,1,0,0,1,0,0,0
00002412_003.png,Emphysema|Infiltration|Pneumothorax,3,2412,64,M,PA,2918,2507,0.143,0.143,1,0,0,0,1,0,0,0,1,0,0,1,0,0,0
00002412_007.png,Consolidation,4,2412,64,M,AP,3056,2544,0.139,0.139,1,0,0,0,0,0,0,0,0,1,0,0,0,0,0
00002412_008.png,No Finding,5,2412,64,M,AP,3056,2544,0.139,0.139,0,0,0,0,0,0,0,0,0,0,0,0,0,0,0
00002412_009.png,Consolidation|Pneumothorax,6,2412,64,M,AP,3056,2544,0.139,0.139,1,0,0,0,0,0,0,0,1,1,0,0,0,0,0
00002412_004.png,Consolidation|Nodule|Pneumothorax,7,2412,64,M,PA,2698,2681,0.143,0.143,1,0,0,0,0,0,1,0,1,1,0,0,0,0,0
00002412_005.png,Consolidation,8,2412,64,M,PA,2992,2991,0.143,0.143,1,0,0,0,0,0,0,0,0,1,0,0,0,0,0
00002412_006.png,Consolidation|Infiltration|Mass|Pleural_Thickening|Pneumothorax,9,2412,64,M,PA,2598,2605,0.143,0.143,1,0,0,0,1,1,0,0,1,1,0,0,0,1,0
00002412_010.png,Consolidation|Effusion|Infiltration|Pneumothorax,10,2412,64,M,PA,2992,2991,0.143,0.143,1,0,0,1,1,0,0,0,1,1,0,0,0,0,0
00002413_000.png,Nodule,0,2413,54,M,PA,2048,2500,0.171,0.171,1,0,0,0,0,0,1,0,0,0,0,0,0,0,0
00002413_002.png,No Finding,2,2413,54,M,AP,2500,2048,0.171,0.171,0,0,0,0,0,0,0,0,0,0,0,0,0,0,0
00002413_003.png,No Finding,3,2413,55,M,AP,2500,2048,0.171,0.171,0,0,0,0,0,0,0,0,0,0,0,0,0,0,0
00002413_004.png,Mass,4,2413,55,M,AP,2500,2048,0.171,0.171,1,0,0,0,0,1,0,0,0,0,0,0,0,0,0
00002413_005.png,Consolidation,5,2413,55,M,AP,2500,2048,0.171,0.171,1,0,0,0,0,0,0,0,0,1,0,0,0,0,0
00002414_000.png,No Finding,0,2414,43,M,PA,2500,2048,0.171,0.171,0,0,0,0,0,0,0,0,0,0,0,0,0,0,0
00002416_000.png,Pleural_Thickening,0,2416,49,F,PA,2992,2991,0.143,0.143,1,0,0,0,0,0,0,0,0,0,0,0,0,1,0
00002419_000.png,No Finding,0,2419,44,F,PA,2992,2991,0.143,0.143,0,0,0,0,0,0,0,0,0,0,0,0,0,0,0
00002419_001.png,No Finding,1,2419,44,F,PA,2992,2991,0.143,0.143,0,0,0,0,0,0,0,0,0,0,0,0,0,0,0
00002419_002.png,No Finding,2,2419,45,F,PA,2048,2500,0.168,0.168,0,0,0,0,0,0,0,0,0,0,0,0,0,0,0
00002419_003.png,Mass,3,2419,45,F,PA,2992,2991,0.143,0.143,1,0,0,0,0,1,0,0,0,0,0,0,0,0,0
00002419_004.png,No Finding,4,2419,46,F,PA,2992,2985,0.143,0.143,0,0,0,0,0,0,0,0,0,0,0,0,0,0,0
00002419_005.png,Infiltration,5,2419,47,F,PA,2048,2500,0.168,0.168,1,0,0,0,1,0,0,0,0,0,0,0,0,0,0
00002420_002.png,No Finding,1,2420,61,F,PA,2670,2991,0.143,0.143,0,0,0,0,0,0,0,0,0,0,0,0,0,0,0
00002420_003.png,No Finding,2,2420,61,F,PA,2500,2048,0.168,0.168,0,0,0,0,0,0,0,0,0,0,0,0,0,0,0
00002420_000.png,No Finding,3,2420,66,F,PA,2992,2991,0.143,0.143,0,0,0,0,0,0,0,0,0,0,0,0,0,0,0
00002422_000.png,Nodule,0,2422,25,M,PA,2048,2500,0.171,0.171,1,0,0,0,0,0,1,0,0,0,0,0,0,0,0
00002423_000.png,No Finding,0,2423,57,M,PA,2992,2991,0.143,0.143,0,0,0,0,0,0,0,0,0,0,0,0,0,0,0
00002423_001.png,No Finding,1,2423,57,M,AP,2500,2048,0.168,0.168,0,0,0,0,0,0,0,0,0,0,0,0,0,0,0
00002423_002.png,No Finding,2,2423,58,M,PA,2846,2917,0.143,0.143,0,0,0,0,0,0,0,0,0,0,0,0,0,0,0
00002423_003.png,No Finding,3,2423,58,M,AP,2500,2048,0.168,0.168,0,0,0,0,0,0,0,0,0,0,0,0,0,0,0
00002423_004.png,No Finding,4,2423,58,M,AP,2500,2048,0.168,0.168,0,0,0,0,0,0,0,0,0,0,0,0,0,0,0
00002423_005.png,No Finding,5,2423,59,M,PA,2980,2975,0.143,0.143,0,0,0,0,0,0,0,0,0,0,0,0,0,0,0
00002423_006.png,No Finding,6,2423,59,M,AP,2500,2048,0.168,0.168,0,0,0,0,0,0,0,0,0,0,0,0,0,0,0
00002424_004.png,No Finding,0,2424,23,M,AP,2500,2048,0.168,0.168,0,0,0,0,0,0,0,0,0,0,0,0,0,0,0
00002424_005.png,No Finding,1,2424,23,M,AP,2500,2048,0.168,0.168,0,0,0,0,0,0,0,0,0,0,0,0,0,0,0
00002424_006.png,No Finding,2,2424,23,M,AP,2500,2048,0.168,0.168,0,0,0,0,0,0,0,0,0,0,0,0,0,0,0
00002424_007.png,No Finding,3,2424,23,M,AP,2500,2048,0.168,0.168,0,0,0,0,0,0,0,0,0,0,0,0,0,0,0
00002424_008.png,No Finding,4,2424,23,M,PA,2992,2991,0.143,0.143,0,0,0,0,0,0,0,0,0,0,0,0,0,0,0
00002424_009.png,Consolidation,5,2424,23,M,AP,2500,2048,0.168,0.168,1,0,0,0,0,0,0,0,0,1,0,0,0,0,0
00002424_010.png,Infiltration,6,2424,27,M,PA,2992,2991,0.143,0.143,1,0,0,0,1,0,0,0,0,0,0,0,0,0,0
00002424_011.png,No Finding,7,2424,27,M,AP,3056,2544,0.139,0.139,0,0,0,0,0,0,0,0,0,0,0,0,0,0,0
00002424_012.png,No Finding,8,2424,27,M,AP,3056,2544,0.139,0.139,0,0,0,0,0,0,0,0,0,0,0,0,0,0,0
00002424_013.png,Effusion,9,2424,27,M,PA,2992,2991,0.143,0.143,1,0,0,1,0,0,0,0,0,0,0,0,0,0,0
00002424_000.png,No Finding,10,2424,29,M,PA,2892,2948,0.143,0.143,0,0,0,0,0,0,0,0,0,0,0,0,0,0,0
00002424_001.png,Nodule,11,2424,30,M,PA,2992,2991,0.143,0.143,1,0,0,0,0,0,1,0,0,0,0,0,0,0,0
00002424_002.png,No Finding,12,2424,31,M,PA,2021,2021,0.1943109999999999,0.1943109999999999,0,0,0,0,0,0,0,0,0,0,0,0,0,0,0
00002424_003.png,No Finding,13,2424,32,M,PA,2021,2021,0.194314,0.194314,0,0,0,0,0,0,0,0,0,0,0,0,0,0,0
00002425_006.png,No Finding,0,2425,21,M,PA,2992,2991,0.143,0.143,0,0,0,0,0,0,0,0,0,0,0,0,0,0,0
00002425_007.png,No Finding,1,2425,22,M,AP,2500,2048,0.168,0.168,0,0,0,0,0,0,0,0,0,0,0,0,0,0,0
00002425_008.png,No Finding,2,2425,25,M,PA,2992,2991,0.143,0.143,0,0,0,0,0,0,0,0,0,0,0,0,0,0,0
00002425_000.png,Consolidation,5,2425,25,M,PA,2992,2991,0.143,0.143,1,0,0,0,0,0,0,0,0,1,0,0,0,0,0
00002425_001.png,No Finding,6,2425,27,M,PA,2992,2991,0.143,0.143,0,0,0,0,0,0,0,0,0,0,0,0,0,0,0
00002425_002.png,No Finding,7,2425,27,M,AP,3056,2544,0.139,0.139,0,0,0,0,0,0,0,0,0,0,0,0,0,0,0
00002425_004.png,No Finding,9,2425,28,M,PA,3056,2544,0.139,0.139,0,0,0,0,0,0,0,0,0,0,0,0,0,0,0
00002425_005.png,No Finding,10,2425,29,M,PA,2020,2021,0.1943109999999999,0.1943109999999999,0,0,0,0,0,0,0,0,0,0,0,0,0,0,0
00002428_001.png,No Finding,0,2428,66,F,PA,2048,2500,0.171,0.171,0,0,0,0,0,0,0,0,0,0,0,0,0,0,0
00002428_002.png,Infiltration,1,2428,73,F,PA,2662,2991,0.143,0.143,1,0,0,0,1,0,0,0,0,0,0,0,0,0,0
00002428_000.png,No Finding,2,2428,78,F,PA,2021,2021,0.194314,0.194314,0,0,0,0,0,0,0,0,0,0,0,0,0,0,0
00002429_000.png,No Finding,0,2429,12,M,AP,2048,2500,0.168,0.168,0,0,0,0,0,0,0,0,0,0,0,0,0,0,0
00002432_000.png,No Finding,0,2432,55,F,PA,2500,2048,0.171,0.171,0,0,0,0,0,0,0,0,0,0,0,0,0,0,0
00002432_001.png,No Finding,1,2432,57,F,PA,2500,2048,0.168,0.168,0,0,0,0,0,0,0,0,0,0,0,0,0,0,0
00002433_000.png,No Finding,0,2433,44,M,PA,2990,2716,0.143,0.143,0,0,0,0,0,0,0,0,0,0,0,0,0,0,0
00002434_000.png,Cardiomegaly,0,2434,52,F,PA,2021,2021,0.1943109999999999,0.1943109999999999,1,0,1,0,0,0,0,0,0,0,0,0,0,0,0
00002434_001.png,Cardiomegaly,1,2434,52,F,AP,3056,2544,0.139,0.139,1,0,1,0,0,0,0,0,0,0,0,0,0,0,0
00002435_007.png,No Finding,1,2435,40,F,AP,2500,2048,0.171,0.171,0,0,0,0,0,0,0,0,0,0,0,0,0,0,0
00002435_008.png,Cardiomegaly,2,2435,45,F,PA,2396,2094,0.143,0.143,1,0,1,0,0,0,0,0,0,0,0,0,0,0,0
00002435_009.png,Cardiomegaly,3,2435,46,F,PA,2992,2991,0.143,0.143,1,0,1,0,0,0,0,0,0,0,0,0,0,0,0
00002435_010.png,Cardiomegaly,4,2435,46,F,PA,2048,2500,0.168,0.168,1,0,1,0,0,0,0,0,0,0,0,0,0,0,0
00002435_000.png,Cardiomegaly,5,2435,50,F,PA,2544,3056,0.139,0.139,1,0,1,0,0,0,0,0,0,0,0,0,0,0,0
00002435_001.png,Cardiomegaly,6,2435,50,F,PA,2414,2991,0.143,0.143,1,0,1,0,0,0,0,0,0,0,0,0,0,0,0
00002435_002.png,No Finding,7,2435,50,F,PA,2992,2991,0.143,0.143,0,0,0,0,0,0,0,0,0,0,0,0,0,0,0
00002435_003.png,No Finding,8,2435,51,F,PA,3056,2544,0.139,0.139,0,0,0,0,0,0,0,0,0,0,0,0,0,0,0
00002435_004.png,No Finding,9,2435,51,F,PA,2544,3056,0.139,0.139,0,0,0,0,0,0,0,0,0,0,0,0,0,0,0
00002435_005.png,Cardiomegaly,10,2435,51,F,AP,3056,2544,0.139,0.139,1,0,1,0,0,0,0,0,0,0,0,0,0,0,0
00002436_000.png,No Finding,0,2436,56,M,AP,2500,2048,0.171,0.171,0,0,0,0,0,0,0,0,0,0,0,0,0,0,0
00002436_001.png,No Finding,1,2436,60,M,PA,2910,2769,0.143,0.143,0,0,0,0,0,0,0,0,0,0,0,0,0,0,0
00002438_000.png,Fibrosis,0,2438,67,F,PA,2048,2500,0.171,0.171,1,0,0,0,0,0,0,0,0,0,0,0,1,0,0
00002438_001.png,Pleural_Thickening,1,2438,67,F,PA,2048,2500,0.171,0.171,1,0,0,0,0,0,0,0,0,0,0,0,0,1,0
00002438_002.png,No Finding,2,2438,67,F,PA,2048,2500,0.171,0.171,0,0,0,0,0,0,0,0,0,0,0,0,0,0,0
00002439_000.png,No Finding,0,2439,64,M,AP,2500,2048,0.171,0.171,0,0,0,0,0,0,0,0,0,0,0,0,0,0,0
00002439_001.png,Effusion,1,2439,64,M,PA,2500,2048,0.171,0.171,1,0,0,1,0,0,0,0,0,0,0,0,0,0,0
00002439_002.png,No Finding,2,2439,64,M,AP,2500,2048,0.171,0.171,0,0,0,0,0,0,0,0,0,0,0,0,0,0,0
00002439_003.png,Cardiomegaly|Infiltration|Pleural_Thickening,3,2439,64,M,PA,2048,2500,0.171,0.171,1,0,1,0,1,0,0,0,0,0,0,0,0,1,0
00002439_004.png,No Finding,4,2439,64,M,PA,2500,2048,0.171,0.171,0,0,0,0,0,0,0,0,0,0,0,0,0,0,0
00002439_005.png,No Finding,5,2439,64,M,AP,2500,2048,0.171,0.171,0,0,0,0,0,0,0,0,0,0,0,0,0,0,0
00002439_006.png,No Finding,6,2439,64,M,AP,2500,2048,0.171,0.171,0,0,0,0,0,0,0,0,0,0,0,0,0,0,0
00002439_007.png,Effusion,7,2439,64,M,AP,2500,2048,0.171,0.171,1,0,0,1,0,0,0,0,0,0,0,0,0,0,0
00002439_009.png,Infiltration|Pleural_Thickening,9,2439,64,M,PA,2500,2048,0.171,0.171,1,0,0,0,1,0,0,0,0,0,0,0,0,1,0
00002439_010.png,Infiltration|Pneumonia,10,2439,64,M,PA,2500,2048,0.171,0.171,1,0,0,0,1,0,0,1,0,0,0,0,0,0,0
00002442_000.png,Cardiomegaly|Infiltration,0,2442,25,M,PA,2544,2984,0.139,0.139,1,0,1,0,1,0,0,0,0,0,0,0,0,0,0
00002442_001.png,No Finding,1,2442,25,M,PA,2048,2500,0.168,0.168,0,0,0,0,0,0,0,0,0,0,0,0,0,0,0
00002443_000.png,No Finding,0,2443,52,M,PA,2500,2048,0.168,0.168,0,0,0,0,0,0,0,0,0,0,0,0,0,0,0
00002444_000.png,Pleural_Thickening,0,2444,69,F,PA,2490,2991,0.143,0.143,1,0,0,0,0,0,0,0,0,0,0,0,0,1,0
00002444_004.png,No Finding,4,2444,69,F,PA,2992,2991,0.143,0.143,0,0,0,0,0,0,0,0,0,0,0,0,0,0,0
00002445_000.png,No Finding,0,2445,18,F,PA,2544,3056,0.139,0.139,0,0,0,0,0,0,0,0,0,0,0,0,0,0,0
00002447_000.png,Infiltration,0,2447,26,M,PA,2806,2991,0.143,0.143,1,0,0,0,1,0,0,0,0,0,0,0,0,0,0
00002449_000.png,No Finding,0,2449,27,F,PA,2500,2048,0.171,0.171,0,0,0,0,0,0,0,0,0,0,0,0,0,0,0
00002450_000.png,No Finding,0,2450,4,F,PA,2048,2500,0.171,0.171,0,0,0,0,0,0,0,0,0,0,0,0,0,0,0
00002451_005.png,No Finding,0,2451,47,F,PA,2048,2500,0.168,0.168,0,0,0,0,0,0,0,0,0,0,0,0,0,0,0
00002451_006.png,No Finding,1,2451,48,F,PA,2048,2500,0.168,0.168,0,0,0,0,0,0,0,0,0,0,0,0,0,0,0
00002451_007.png,Pneumonia,2,2451,48,F,PA,2048,2500,0.168,0.168,1,0,0,0,0,0,0,1,0,0,0,0,0,0,0
00002451_008.png,No Finding,3,2451,49,F,PA,2622,2913,0.143,0.143,0,0,0,0,0,0,0,0,0,0,0,0,0,0,0
00002451_009.png,No Finding,4,2451,49,F,PA,2554,2535,0.143,0.143,0,0,0,0,0,0,0,0,0,0,0,0,0,0,0
00002451_010.png,No Finding,5,2451,50,F,PA,2990,2948,0.143,0.143,0,0,0,0,0,0,0,0,0,0,0,0,0,0,0
00002451_011.png,No Finding,6,2451,51,F,PA,2494,2991,0.143,0.143,0,0,0,0,0,0,0,0,0,0,0,0,0,0,0
00002451_012.png,No Finding,7,2451,51,F,PA,2992,2991,0.143,0.143,0,0,0,0,0,0,0,0,0,0,0,0,0,0,0
00002451_013.png,No Finding,8,2451,52,F,PA,2430,2625,0.143,0.143,0,0,0,0,0,0,0,0,0,0,0,0,0,0,0
00002451_014.png,No Finding,9,2451,53,F,PA,2992,2991,0.143,0.143,0,0,0,0,0,0,0,0,0,0,0,0,0,0,0
00002451_015.png,No Finding,10,2451,54,F,PA,2544,3036,0.139,0.139,0,0,0,0,0,0,0,0,0,0,0,0,0,0,0
00002451_016.png,Infiltration,11,2451,54,F,PA,2326,2991,0.143,0.143,1,0,0,0,1,0,0,0,0,0,0,0,0,0,0
00002451_000.png,Infiltration,12,2451,56,F,PA,2642,2991,0.143,0.143,1,0,0,0,1,0,0,0,0,0,0,0,0,0,0
00002451_001.png,No Finding,13,2451,57,F,PA,2454,2495,0.143,0.143,0,0,0,0,0,0,0,0,0,0,0,0,0,0,0
00002451_002.png,Infiltration|Nodule,14,2451,57,F,PA,2992,2991,0.143,0.143,1,0,0,0,1,0,1,0,0,0,0,0,0,0,0
00002451_003.png,No Finding,15,2451,57,F,PA,2454,2577,0.143,0.143,0,0,0,0,0,0,0,0,0,0,0,0,0,0,0
00002451_004.png,Nodule,16,2451,57,F,PA,1980,2021,0.1943109999999999,0.1943109999999999,1,0,0,0,0,0,1,0,0,0,0,0,0,0,0
00002452_000.png,No Finding,0,2452,22,F,PA,2048,2500,0.171,0.171,0,0,0,0,0,0,0,0,0,0,0,0,0,0,0
00002452_001.png,No Finding,1,2452,24,F,PA,2048,2500,0.171,0.171,0,0,0,0,0,0,0,0,0,0,0,0,0,0,0
00002454_000.png,Pneumothorax,0,2454,52,F,PA,2762,2673,0.143,0.143,1,0,0,0,0,0,0,0,1,0,0,0,0,0,0
00002454_001.png,No Finding,1,2454,53,F,PA,2992,2991,0.143,0.143,0,0,0,0,0,0,0,0,0,0,0,0,0,0,0
00002455_000.png,No Finding,0,2455,63,M,PA,2992,2991,0.143,0.143,0,0,0,0,0,0,0,0,0,0,0,0,0,0,0
00002456_000.png,Pneumothorax,0,2456,62,M,PA,2500,2048,0.171,0.171,1,0,0,0,0,0,0,0,1,0,0,0,0,0,0
00002457_000.png,No Finding,0,2457,9,M,PA,2048,2500,0.171,0.171,0,0,0,0,0,0,0,0,0,0,0,0,0,0,0
00002457_001.png,Consolidation,1,2457,13,M,PA,2670,1869,0.143,0.143,1,0,0,0,0,0,0,0,0,1,0,0,0,0,0
00002457_002.png,No Finding,2,2457,14,M,PA,2002,2177,0.143,0.143,0,0,0,0,0,0,0,0,0,0,0,0,0,0,0
00002457_003.png,No Finding,3,2457,14,M,AP,2048,2500,0.168,0.168,0,0,0,0,0,0,0,0,0,0,0,0,0,0,0
00002457_005.png,No Finding,5,2457,14,M,AP,2048,2500,0.168,0.168,0,0,0,0,0,0,0,0,0,0,0,0,0,0,0
00002457_006.png,No Finding,6,2457,14,M,AP,2048,2500,0.168,0.168,0,0,0,0,0,0,0,0,0,0,0,0,0,0,0
00002457_007.png,Consolidation,7,2457,15,M,AP,2500,2048,0.168,0.168,1,0,0,0,0,0,0,0,0,1,0,0,0,0,0
00002457_008.png,Consolidation,8,2457,15,M,AP,2500,2048,0.168,0.168,1,0,0,0,0,0,0,0,0,1,0,0,0,0,0
00002457_009.png,No Finding,9,2457,15,M,AP,2500,2048,0.168,0.168,0,0,0,0,0,0,0,0,0,0,0,0,0,0,0
00002457_010.png,No Finding,10,2457,15,M,AP,2500,2048,0.168,0.168,0,0,0,0,0,0,0,0,0,0,0,0,0,0,0
00002457_011.png,No Finding,11,2457,15,M,AP,2500,2048,0.168,0.168,0,0,0,0,0,0,0,0,0,0,0,0,0,0,0
00002457_012.png,No Finding,12,2457,15,M,AP,2500,2048,0.168,0.168,0,0,0,0,0,0,0,0,0,0,0,0,0,0,0
00002457_013.png,No Finding,13,2457,15,M,AP,2500,2048,0.168,0.168,0,0,0,0,0,0,0,0,0,0,0,0,0,0,0
00002458_000.png,No Finding,0,2458,52,F,PA,2778,2581,0.143,0.143,0,0,0,0,0,0,0,0,0,0,0,0,0,0,0
00002459_000.png,No Finding,0,2459,17,F,PA,2992,2991,0.143,0.143,0,0,0,0,0,0,0,0,0,0,0,0,0,0,0
00002460_001.png,No Finding,0,2460,39,F,PA,2048,2500,0.171,0.171,0,0,0,0,0,0,0,0,0,0,0,0,0,0,0
00002460_002.png,No Finding,1,2460,44,F,PA,2048,2500,0.168,0.168,0,0,0,0,0,0,0,0,0,0,0,0,0,0,0
00002460_000.png,Pneumothorax,2,2460,51,F,PA,2706,2991,0.143,0.143,1,0,0,0,0,0,0,0,1,0,0,0,0,0,0
00002461_000.png,No Finding,0,2461,34,M,PA,2500,2048,0.171,0.171,0,0,0,0,0,0,0,0,0,0,0,0,0,0,0
00002464_000.png,Emphysema,0,2464,52,F,AP,2500,2048,0.168,0.168,1,0,0,0,0,0,0,0,0,0,0,1,0,0,0
00002464_001.png,No Finding,1,2464,52,F,AP,2048,2500,0.168,0.168,0,0,0,0,0,0,0,0,0,0,0,0,0,0,0
00002464_002.png,No Finding,2,2464,52,F,PA,2048,2500,0.168,0.168,0,0,0,0,0,0,0,0,0,0,0,0,0,0,0
00002464_003.png,Effusion|Infiltration|Mass,3,2464,52,F,PA,2048,2500,0.168,0.168,1,0,0,1,1,1,0,0,0,0,0,0,0,0,0
00002465_001.png,No Finding,0,2465,58,F,PA,2770,2845,0.143,0.143,0,0,0,0,0,0,0,0,0,0,0,0,0,0,0
00002465_002.png,No Finding,1,2465,61,F,PA,2992,2991,0.143,0.143,0,0,0,0,0,0,0,0,0,0,0,0,0,0,0
00002465_000.png,No Finding,2,2465,65,F,PA,1980,2021,0.1943109999999999,0.1943109999999999,0,0,0,0,0,0,0,0,0,0,0,0,0,0,0
00002468_001.png,No Finding,0,2468,49,F,PA,2992,2991,0.143,0.143,0,0,0,0,0,0,0,0,0,0,0,0,0,0,0
00002468_000.png,No Finding,1,2468,51,F,PA,3056,2544,0.139,0.139,0,0,0,0,0,0,0,0,0,0,0,0,0,0,0
00002469_000.png,No Finding,0,2469,62,M,PA,2048,2500,0.171,0.171,0,0,0,0,0,0,0,0,0,0,0,0,0,0,0
00002469_001.png,No Finding,1,2469,62,M,PA,2500,2048,0.171,0.171,0,0,0,0,0,0,0,0,0,0,0,0,0,0,0
00002469_002.png,No Finding,2,2469,62,M,PA,2500,2048,0.171,0.171,0,0,0,0,0,0,0,0,0,0,0,0,0,0,0
00002469_004.png,Effusion|Pneumothorax,4,2469,62,M,PA,2048,2500,0.171,0.171,1,0,0,1,0,0,0,0,1,0,0,0,0,0,0
00002469_005.png,Pneumothorax,5,2469,62,M,PA,2500,2048,0.171,0.171,1,0,0,0,0,0,0,0,1,0,0,0,0,0,0
00002469_006.png,No Finding,6,2469,62,M,PA,2500,2048,0.171,0.171,0,0,0,0,0,0,0,0,0,0,0,0,0,0,0
00002469_007.png,No Finding,7,2469,62,M,PA,2500,2048,0.171,0.171,0,0,0,0,0,0,0,0,0,0,0,0,0,0,0
00002470_000.png,No Finding,0,2470,41,M,AP,2500,2048,0.168,0.168,0,0,0,0,0,0,0,0,0,0,0,0,0,0,0
00002470_001.png,No Finding,1,2470,45,M,AP,2500,2048,0.168,0.168,0,0,0,0,0,0,0,0,0,0,0,0,0,0,0
00002470_002.png,No Finding,2,2470,46,M,AP,3056,2544,0.139,0.139,0,0,0,0,0,0,0,0,0,0,0,0,0,0,0
00002473_000.png,No Finding,0,2473,18,F,PA,2598,2991,0.143,0.143,0,0,0,0,0,0,0,0,0,0,0,0,0,0,0
00002473_001.png,No Finding,1,2473,21,F,PA,2462,2991,0.143,0.143,0,0,0,0,0,0,0,0,0,0,0,0,0,0,0
00002474_000.png,No Finding,0,2474,35,M,PA,2048,2500,0.171,0.171,0,0,0,0,0,0,0,0,0,0,0,0,0,0,0
00002474_001.png,Effusion,1,2474,35,M,PA,2048,2500,0.171,0.171,1,0,0,1,0,0,0,0,0,0,0,0,0,0,0
00002474_002.png,Effusion|Infiltration,2,2474,35,M,AP,2500,2048,0.171,0.171,1,0,0,1,1,0,0,0,0,0,0,0,0,0,0
00002474_003.png,No Finding,3,2474,35,M,AP,2500,2048,0.171,0.171,0,0,0,0,0,0,0,0,0,0,0,0,0,0,0
00002474_004.png,Edema|Infiltration|Pneumonia,4,2474,35,M,AP,2500,2048,0.171,0.171,1,0,0,0,1,0,0,1,0,0,1,0,0,0,0
00002474_005.png,Effusion,5,2474,35,M,AP,2500,2048,0.171,0.171,1,0,0,1,0,0,0,0,0,0,0,0,0,0,0
00002474_006.png,No Finding,6,2474,35,M,AP,2500,2048,0.171,0.171,0,0,0,0,0,0,0,0,0,0,0,0,0,0,0
00002474_007.png,No Finding,7,2474,36,M,AP,2500,2048,0.171,0.171,0,0,0,0,0,0,0,0,0,0,0,0,0,0,0
00002477_000.png,Nodule,0,2477,23,M,PA,2500,2048,0.168,0.168,1,0,0,0,0,0,1,0,0,0,0,0,0,0,0
00002477_001.png,Infiltration|Nodule,1,2477,23,M,PA,2992,2991,0.143,0.143,1,0,0,0,1,0,1,0,0,0,0,0,0,0,0
00002478_001.png,No Finding,0,2478,56,F,PA,2048,2500,0.168,0.168,0,0,0,0,0,0,0,0,0,0,0,0,0,0,0
00002478_002.png,No Finding,1,2478,57,F,PA,2048,2500,0.168,0.168,0,0,0,0,0,0,0,0,0,0,0,0,0,0,0
00002478_003.png,No Finding,2,2478,57,F,PA,2048,2500,0.168,0.168,0,0,0,0,0,0,0,0,0,0,0,0,0,0,0
00002478_004.png,No Finding,3,2478,58,F,PA,2048,2500,0.168,0.168,0,0,0,0,0,0,0,0,0,0,0,0,0,0,0
00002478_005.png,No Finding,4,2478,59,F,PA,2598,2573,0.143,0.143,0,0,0,0,0,0,0,0,0,0,0,0,0,0,0
00002478_006.png,No Finding,5,2478,59,F,PA,2992,2991,0.143,0.143,0,0,0,0,0,0,0,0,0,0,0,0,0,0,0
00002478_000.png,No Finding,6,2478,67,F,PA,2021,2020,0.1943109999999999,0.1943109999999999,0,0,0,0,0,0,0,0,0,0,0,0,0,0,0
00002479_000.png,No Finding,0,2479,15,F,PA,2048,2500,0.168,0.168,0,0,0,0,0,0,0,0,0,0,0,0,0,0,0
00002479_001.png,No Finding,1,2479,18,F,PA,2578,2521,0.143,0.143,0,0,0,0,0,0,0,0,0,0,0,0,0,0,0
00002479_002.png,Infiltration,2,2479,18,F,AP,2500,2048,0.168,0.168,1,0,0,0,1,0,0,0,0,0,0,0,0,0,0
00002480_000.png,No Finding,0,2480,49,M,PA,2500,2048,0.168,0.168,0,0,0,0,0,0,0,0,0,0,0,0,0,0,0
00002480_001.png,No Finding,1,2480,50,M,PA,2048,2500,0.168,0.168,0,0,0,0,0,0,0,0,0,0,0,0,0,0,0
00002480_002.png,No Finding,2,2480,52,M,PA,2500,2048,0.168,0.168,0,0,0,0,0,0,0,0,0,0,0,0,0,0,0
00002480_003.png,No Finding,3,2480,53,M,PA,2992,2991,0.143,0.143,0,0,0,0,0,0,0,0,0,0,0,0,0,0,0
00002480_004.png,No Finding,4,2480,55,M,PA,2500,2048,0.168,0.168,0,0,0,0,0,0,0,0,0,0,0,0,0,0,0
00002480_005.png,No Finding,5,2480,56,M,PA,2992,2991,0.143,0.143,0,0,0,0,0,0,0,0,0,0,0,0,0,0,0
00002483_000.png,No Finding,0,2483,14,M,PA,2466,2465,0.143,0.143,0,0,0,0,0,0,0,0,0,0,0,0,0,0,0
00002483_001.png,No Finding,1,2483,15,M,PA,2370,2345,0.143,0.143,0,0,0,0,0,0,0,0,0,0,0,0,0,0,0
00002483_002.png,No Finding,2,2483,16,M,PA,2802,2601,0.143,0.143,0,0,0,0,0,0,0,0,0,0,0,0,0,0,0
00002483_003.png,No Finding,3,2483,17,M,PA,2514,2741,0.143,0.143,0,0,0,0,0,0,0,0,0,0,0,0,0,0,0
00002484_003.png,Cardiomegaly|Pneumonia,3,2484,44,F,AP,2500,2048,0.171,0.171,1,0,1,0,0,0,0,1,0,0,0,0,0,0,0
00002484_004.png,No Finding,4,2484,44,F,AP,2500,2048,0.171,0.171,0,0,0,0,0,0,0,0,0,0,0,0,0,0,0
00002485_000.png,No Finding,0,2485,21,M,PA,2802,2545,0.143,0.143,0,0,0,0,0,0,0,0,0,0,0,0,0,0,0
00002486_000.png,Infiltration,0,2486,45,F,PA,2500,2048,0.168,0.168,1,0,0,0,1,0,0,0,0,0,0,0,0,0,0
00002488_000.png,Infiltration,0,2488,43,M,PA,2992,2991,0.143,0.143,1,0,0,0,1,0,0,0,0,0,0,0,0,0,0
00002490_000.png,Effusion,0,2490,47,F,PA,2714,2633,0.143,0.143,1,0,0,1,0,0,0,0,0,0,0,0,0,0,0
00002491_000.png,No Finding,0,2491,50,M,PA,2500,2048,0.171,0.171,0,0,0,0,0,0,0,0,0,0,0,0,0,0,0
00002491_001.png,No Finding,1,2491,53,M,PA,2500,2048,0.168,0.168,0,0,0,0,0,0,0,0,0,0,0,0,0,0,0
00002491_002.png,Infiltration,2,2491,53,M,PA,2500,2048,0.168,0.168,1,0,0,0,1,0,0,0,0,0,0,0,0,0,0
00002491_005.png,No Finding,5,2491,55,M,AP,2500,2048,0.168,0.168,0,0,0,0,0,0,0,0,0,0,0,0,0,0,0
00002491_006.png,Cardiomegaly,6,2491,56,M,PA,2992,2991,0.143,0.143,1,0,1,0,0,0,0,0,0,0,0,0,0,0,0
00002491_007.png,Infiltration,7,2491,57,M,AP,2500,2048,0.168,0.168,1,0,0,0,1,0,0,0,0,0,0,0,0,0,0
00002491_008.png,No Finding,8,2491,57,M,AP,2500,2048,0.168,0.168,0,0,0,0,0,0,0,0,0,0,0,0,0,0,0
00002491_009.png,No Finding,9,2491,57,M,AP,2500,2048,0.168,0.168,0,0,0,0,0,0,0,0,0,0,0,0,0,0,0
00002491_010.png,No Finding,10,2491,57,M,AP,2500,2048,0.168,0.168,0,0,0,0,0,0,0,0,0,0,0,0,0,0,0
00002491_011.png,No Finding,11,2491,57,M,AP,2500,2048,0.168,0.168,0,0,0,0,0,0,0,0,0,0,0,0,0,0,0
00002491_012.png,No Finding,12,2491,57,M,AP,2500,2048,0.168,0.168,0,0,0,0,0,0,0,0,0,0,0,0,0,0,0
00002492_006.png,No Finding,0,2492,39,F,PA,2048,2500,0.171,0.171,0,0,0,0,0,0,0,0,0,0,0,0,0,0,0
00002492_007.png,No Finding,1,2492,39,F,PA,2048,2500,0.168,0.168,0,0,0,0,0,0,0,0,0,0,0,0,0,0,0
00002492_008.png,Infiltration,2,2492,40,F,PA,2048,2500,0.168,0.168,1,0,0,0,1,0,0,0,0,0,0,0,0,0,0
00002492_009.png,No Finding,3,2492,40,F,PA,2048,2500,0.168,0.168,0,0,0,0,0,0,0,0,0,0,0,0,0,0,0
00002492_010.png,No Finding,4,2492,42,F,PA,2806,2769,0.143,0.143,0,0,0,0,0,0,0,0,0,0,0,0,0,0,0
00002492_011.png,No Finding,5,2492,42,F,PA,2602,2991,0.143,0.143,0,0,0,0,0,0,0,0,0,0,0,0,0,0,0
00002492_012.png,No Finding,6,2492,43,F,PA,2558,2991,0.143,0.143,0,0,0,0,0,0,0,0,0,0,0,0,0,0,0
00002492_013.png,No Finding,7,2492,45,F,PA,2598,2991,0.143,0.143,0,0,0,0,0,0,0,0,0,0,0,0,0,0,0
00002492_014.png,Infiltration,8,2492,46,F,PA,2992,2991,0.143,0.143,1,0,0,0,1,0,0,0,0,0,0,0,0,0,0
00002492_015.png,No Finding,9,2492,46,F,AP,3044,2532,0.139,0.139,0,0,0,0,0,0,0,0,0,0,0,0,0,0,0
00002492_017.png,No Finding,11,2492,46,F,PA,2992,2991,0.143,0.143,0,0,0,0,0,0,0,0,0,0,0,0,0,0,0
00002492_018.png,No Finding,12,2492,46,F,PA,2992,2991,0.143,0.143,0,0,0,0,0,0,0,0,0,0,0,0,0,0,0
00002492_019.png,No Finding,13,2492,46,F,PA,2376,2507,0.143,0.143,0,0,0,0,0,0,0,0,0,0,0,0,0,0,0
00002492_000.png,Fibrosis|Pleural_Thickening,14,2492,48,F,PA,2992,2991,0.143,0.143,1,0,0,0,0,0,0,0,0,0,0,0,1,1,0
00002492_001.png,No Finding,15,2492,48,F,PA,2544,3056,0.139,0.139,0,0,0,0,0,0,0,0,0,0,0,0,0,0,0
00002492_002.png,Pneumothorax,16,2492,49,F,PA,2992,2991,0.143,0.143,1,0,0,0,0,0,0,0,1,0,0,0,0,0,0
00002492_003.png,Pneumothorax,17,2492,49,F,PA,2992,2991,0.143,0.143,1,0,0,0,0,0,0,0,1,0,0,0,0,0,0
00002492_004.png,No Finding,18,2492,50,F,PA,1980,2021,0.1943109999999999,0.1943109999999999,0,0,0,0,0,0,0,0,0,0,0,0,0,0,0
00002492_005.png,No Finding,19,2492,51,F,PA,1887,2021,0.1943109999999999,0.1943109999999999,0,0,0,0,0,0,0,0,0,0,0,0,0,0,0
00002493_000.png,No Finding,0,2493,37,M,PA,2500,2048,0.171,0.171,0,0,0,0,0,0,0,0,0,0,0,0,0,0,0
00002495_000.png,No Finding,0,2495,27,F,PA,2048,2500,0.168,0.168,0,0,0,0,0,0,0,0,0,0,0,0,0,0,0
00002497_000.png,No Finding,0,2497,48,M,AP,2500,2048,0.168,0.168,0,0,0,0,0,0,0,0,0,0,0,0,0,0,0
00002497_001.png,Cardiomegaly,1,2497,48,M,PA,2500,2048,0.168,0.168,1,0,1,0,0,0,0,0,0,0,0,0,0,0,0
00002498_000.png,No Finding,0,2498,63,F,PA,2714,2991,0.143,0.143,0,0,0,0,0,0,0,0,0,0,0,0,0,0,0
00002500_000.png,No Finding,0,2500,65,M,PA,2500,2048,0.171,0.171,0,0,0,0,0,0,0,0,0,0,0,0,0,0,0
00002500_001.png,No Finding,1,2500,66,M,PA,2500,2048,0.168,0.168,0,0,0,0,0,0,0,0,0,0,0,0,0,0,0
00002500_002.png,Infiltration,2,2500,67,M,PA,2500,2048,0.168,0.168,1,0,0,0,1,0,0,0,0,0,0,0,0,0,0
00002500_004.png,No Finding,4,2500,67,M,AP,2500,2048,0.168,0.168,0,0,0,0,0,0,0,0,0,0,0,0,0,0,0
00002500_005.png,No Finding,5,2500,67,M,PA,2500,2048,0.168,0.168,0,0,0,0,0,0,0,0,0,0,0,0,0,0,0
00002501_000.png,No Finding,0,2501,44,F,PA,2048,2500,0.168,0.168,0,0,0,0,0,0,0,0,0,0,0,0,0,0,0
00002502_006.png,No Finding,0,2502,51,M,PA,2500,2048,0.168,0.168,0,0,0,0,0,0,0,0,0,0,0,0,0,0,0
00002502_007.png,No Finding,1,2502,54,M,PA,2500,2048,0.168,0.168,0,0,0,0,0,0,0,0,0,0,0,0,0,0,0
00002502_008.png,No Finding,2,2502,57,M,PA,3056,2508,0.139,0.139,0,0,0,0,0,0,0,0,0,0,0,0,0,0,0
00002502_000.png,No Finding,3,2502,58,M,PA,2992,2991,0.143,0.143,0,0,0,0,0,0,0,0,0,0,0,0,0,0,0
00002502_001.png,No Finding,4,2502,58,M,PA,2992,2991,0.143,0.143,0,0,0,0,0,0,0,0,0,0,0,0,0,0,0
00002502_003.png,No Finding,6,2502,58,M,AP,3056,2544,0.139,0.139,0,0,0,0,0,0,0,0,0,0,0,0,0,0,0
00002502_004.png,No Finding,7,2502,58,M,PA,2910,2991,0.143,0.143,0,0,0,0,0,0,0,0,0,0,0,0,0,0,0
00002502_005.png,No Finding,8,2502,61,M,PA,2021,2021,0.1943109999999999,0.1943109999999999,0,0,0,0,0,0,0,0,0,0,0,0,0,0,0
00002503_000.png,No Finding,0,2503,47,F,PA,2518,2991,0.143,0.143,0,0,0,0,0,0,0,0,0,0,0,0,0,0,0
00002505_000.png,No Finding,0,2505,24,M,PA,2500,2048,0.171,0.171,0,0,0,0,0,0,0,0,0,0,0,0,0,0,0
00002505_001.png,No Finding,1,2505,28,M,PA,2992,2991,0.143,0.143,0,0,0,0,0,0,0,0,0,0,0,0,0,0,0
00002505_002.png,No Finding,2,2505,28,M,AP,2500,2048,0.168,0.168,0,0,0,0,0,0,0,0,0,0,0,0,0,0,0
00002505_003.png,Infiltration,3,2505,28,M,AP,2500,2048,0.168,0.168,1,0,0,0,1,0,0,0,0,0,0,0,0,0,0
00002505_004.png,Infiltration|Nodule,4,2505,28,M,AP,2500,2048,0.168,0.168,1,0,0,0,1,0,1,0,0,0,0,0,0,0,0
00002505_005.png,Edema|Infiltration,5,2505,28,M,AP,2500,2048,0.168,0.168,1,0,0,0,1,0,0,0,0,0,1,0,0,0,0
00002505_006.png,No Finding,6,2505,28,M,AP,2500,2048,0.168,0.168,0,0,0,0,0,0,0,0,0,0,0,0,0,0,0
00002505_007.png,No Finding,7,2505,28,M,AP,2500,2048,0.168,0.168,0,0,0,0,0,0,0,0,0,0,0,0,0,0,0
00002505_009.png,Infiltration,8,2505,28,M,AP,2500,2048,0.168,0.168,1,0,0,0,1,0,0,0,0,0,0,0,0,0,0
00002505_010.png,Infiltration,9,2505,28,M,AP,2500,2048,0.168,0.168,1,0,0,0,1,0,0,0,0,0,0,0,0,0,0
00002505_008.png,Infiltration,10,2505,28,M,AP,2500,2048,0.168,0.168,1,0,0,0,1,0,0,0,0,0,0,0,0,0,0
00002505_012.png,Consolidation|Effusion,12,2505,28,M,AP,2500,2048,0.168,0.168,1,0,0,1,0,0,0,0,0,1,0,0,0,0,0
00002505_015.png,Infiltration,14,2505,28,M,AP,2500,2048,0.168,0.168,1,0,0,0,1,0,0,0,0,0,0,0,0,0,0
00002505_014.png,Edema|Infiltration,15,2505,28,M,AP,2500,2048,0.168,0.168,1,0,0,0,1,0,0,0,0,0,1,0,0,0,0
00002505_016.png,Infiltration,16,2505,28,M,AP,2500,2048,0.168,0.168,1,0,0,0,1,0,0,0,0,0,0,0,0,0,0
00002505_017.png,Consolidation|Infiltration,17,2505,28,M,AP,2500,2048,0.168,0.168,1,0,0,0,1,0,0,0,0,1,0,0,0,0,0
00002505_018.png,No Finding,18,2505,28,M,AP,2500,2048,0.168,0.168,0,0,0,0,0,0,0,0,0,0,0,0,0,0,0
00002505_019.png,Edema|Infiltration,19,2505,28,M,AP,2500,2048,0.168,0.168,1,0,0,0,1,0,0,0,0,0,1,0,0,0,0
00002505_020.png,No Finding,20,2505,28,M,AP,2500,2048,0.168,0.168,0,0,0,0,0,0,0,0,0,0,0,0,0,0,0
00002505_022.png,No Finding,22,2505,28,M,PA,2500,2048,0.168,0.168,0,0,0,0,0,0,0,0,0,0,0,0,0,0,0
00002509_004.png,No Finding,0,2509,40,F,PA,2992,2991,0.143,0.143,0,0,0,0,0,0,0,0,0,0,0,0,0,0,0
00002509_005.png,No Finding,1,2509,40,F,PA,2992,2991,0.143,0.143,0,0,0,0,0,0,0,0,0,0,0,0,0,0,0
00002509_006.png,No Finding,2,2509,40,F,PA,2048,2500,0.168,0.168,0,0,0,0,0,0,0,0,0,0,0,0,0,0,0
00002509_007.png,Pneumothorax,3,2509,40,F,AP,2500,2048,0.168,0.168,1,0,0,0,0,0,0,0,1,0,0,0,0,0,0
00002509_008.png,No Finding,4,2509,40,F,PA,2992,2991,0.143,0.143,0,0,0,0,0,0,0,0,0,0,0,0,0,0,0
00002509_009.png,Pneumothorax,5,2509,40,F,PA,2992,2991,0.143,0.143,1,0,0,0,0,0,0,0,1,0,0,0,0,0,0
00002509_010.png,Pneumothorax,6,2509,40,F,PA,2562,2991,0.143,0.143,1,0,0,0,0,0,0,0,1,0,0,0,0,0,0
00002509_011.png,Effusion,7,2509,40,F,PA,2992,2991,0.143,0.143,1,0,0,1,0,0,0,0,0,0,0,0,0,0,0
00002509_012.png,Effusion,8,2509,40,F,PA,2992,2991,0.143,0.143,1,0,0,1,0,0,0,0,0,0,0,0,0,0,0
00002509_013.png,Infiltration|Nodule,9,2509,41,F,PA,2992,2991,0.143,0.143,1,0,0,0,1,0,1,0,0,0,0,0,0,0,0
00002509_014.png,Fibrosis|Infiltration,10,2509,41,F,PA,2992,2991,0.143,0.143,1,0,0,0,1,0,0,0,0,0,0,0,1,0,0
00002509_015.png,Nodule,11,2509,42,F,PA,2992,2991,0.143,0.143,1,0,0,0,0,0,1,0,0,0,0,0,0,0,0
00002509_016.png,No Finding,12,2509,42,F,PA,2992,2991,0.143,0.143,0,0,0,0,0,0,0,0,0,0,0,0,0,0,0
00002509_017.png,No Finding,13,2509,43,F,PA,2272,2380,0.143,0.143,0,0,0,0,0,0,0,0,0,0,0,0,0,0,0
00002509_018.png,Pneumothorax,14,2509,43,F,PA,2742,2991,0.143,0.143,1,0,0,0,0,0,0,0,1,0,0,0,0,0,0
00002509_019.png,Pneumothorax,15,2509,44,F,PA,2992,2991,0.143,0.143,1,0,0,0,0,0,0,0,1,0,0,0,0,0,0
00002509_020.png,No Finding,16,2509,44,F,PA,2506,2991,0.143,0.143,0,0,0,0,0,0,0,0,0,0,0,0,0,0,0
00002509_021.png,Infiltration,17,2509,44,F,PA,2992,2991,0.143,0.143,1,0,0,0,1,0,0,0,0,0,0,0,0,0,0
00002509_022.png,No Finding,18,2509,45,F,PA,2326,2565,0.143,0.143,0,0,0,0,0,0,0,0,0,0,0,0,0,0,0
00002509_023.png,Nodule|Pleural_Thickening|Pneumothorax,19,2509,45,F,PA,2540,3056,0.139,0.139,1,0,0,0,0,0,1,0,1,0,0,0,0,1,0
00002509_000.png,Nodule,20,2509,46,F,PA,2638,2853,0.143,0.143,1,0,0,0,0,0,1,0,0,0,0,0,0,0,0
00002509_001.png,No Finding,21,2509,47,F,PA,2946,2953,0.143,0.143,0,0,0,0,0,0,0,0,0,0,0,0,0,0,0
00002509_002.png,Effusion|Pleural_Thickening,22,2509,48,F,PA,1753,2021,0.1943109999999999,0.1943109999999999,1,0,0,1,0,0,0,0,0,0,0,0,0,1,0
00002509_003.png,No Finding,23,2509,50,F,PA,2021,2021,0.1943109999999999,0.1943109999999999,0,0,0,0,0,0,0,0,0,0,0,0,0,0,0
00002510_000.png,No Finding,0,2510,48,M,AP,2500,2048,0.171,0.171,0,0,0,0,0,0,0,0,0,0,0,0,0,0,0
00002510_001.png,Mass,1,2510,48,M,AP,2500,2048,0.171,0.171,1,0,0,0,0,1,0,0,0,0,0,0,0,0,0
00002510_002.png,Mass,2,2510,48,M,PA,2500,2048,0.171,0.171,1,0,0,0,0,1,0,0,0,0,0,0,0,0,0
00002510_003.png,Mass,3,2510,48,M,PA,2500,2048,0.171,0.171,1,0,0,0,0,1,0,0,0,0,0,0,0,0,0
00002510_004.png,Mass,4,2510,48,M,PA,2500,2048,0.171,0.171,1,0,0,0,0,1,0,0,0,0,0,0,0,0,0
00002510_005.png,Mass,5,2510,48,M,PA,2500,2048,0.171,0.171,1,0,0,0,0,1,0,0,0,0,0,0,0,0,0
00002510_006.png,No Finding,6,2510,48,M,PA,2500,2048,0.171,0.171,0,0,0,0,0,0,0,0,0,0,0,0,0,0,0
00002510_007.png,Mass,7,2510,48,M,AP,2500,2048,0.171,0.171,1,0,0,0,0,1,0,0,0,0,0,0,0,0,0
00002510_009.png,Effusion|Mass,8,2510,48,M,AP,2500,2048,0.171,0.171,1,0,0,1,0,1,0,0,0,0,0,0,0,0,0
00002510_008.png,Effusion|Mass,9,2510,48,M,AP,2500,2048,0.171,0.171,1,0,0,1,0,1,0,0,0,0,0,0,0,0,0
00002510_010.png,No Finding,10,2510,48,M,AP,2500,2048,0.171,0.171,0,0,0,0,0,0,0,0,0,0,0,0,0,0,0
00002510_011.png,Effusion,11,2510,48,M,AP,2500,2048,0.171,0.171,1,0,0,1,0,0,0,0,0,0,0,0,0,0,0
00002510_012.png,Effusion,12,2510,48,M,AP,2500,2048,0.171,0.171,1,0,0,1,0,0,0,0,0,0,0,0,0,0,0
00002510_013.png,Nodule,13,2510,48,M,AP,2500,2048,0.171,0.171,1,0,0,0,0,0,1,0,0,0,0,0,0,0,0
00002512_003.png,Infiltration,0,2512,53,M,PA,2742,2709,0.143,0.143,1,0,0,0,1,0,0,0,0,0,0,0,0,0,0
00002512_000.png,Infiltration,1,2512,56,M,PA,3056,2544,0.139,0.139,1,0,0,0,1,0,0,0,0,0,0,0,0,0,0
00002512_001.png,No Finding,2,2512,59,M,PA,2021,2015,0.1943109999999999,0.1943109999999999,0,0,0,0,0,0,0,0,0,0,0,0,0,0,0
00002512_002.png,No Finding,3,2512,59,M,PA,2021,2015,0.1943109999999999,0.1943109999999999,0,0,0,0,0,0,0,0,0,0,0,0,0,0,0
00002517_000.png,Fibrosis,0,2517,18,M,PA,2992,2991,0.143,0.143,1,0,0,0,0,0,0,0,0,0,0,0,1,0,0
00002519_000.png,No Finding,0,2519,52,F,PA,2500,2048,0.171,0.171,0,0,0,0,0,0,0,0,0,0,0,0,0,0,0
00002521_000.png,No Finding,0,2521,33,M,PA,2992,2991,0.143,0.143,0,0,0,0,0,0,0,0,0,0,0,0,0,0,0
00002522_000.png,No Finding,0,2522,74,M,PA,2992,2991,0.143,0.143,0,0,0,0,0,0,0,0,0,0,0,0,0,0,0
00002523_000.png,Effusion|Mass,0,2523,38,F,AP,2500,2048,0.171,0.171,1,0,0,1,0,1,0,0,0,0,0,0,0,0,0
00002523_001.png,Mass,1,2523,38,F,PA,2048,2500,0.171,0.171,1,0,0,0,0,1,0,0,0,0,0,0,0,0,0
00002523_002.png,Effusion,2,2523,39,F,PA,2048,2500,0.171,0.171,1,0,0,1,0,0,0,0,0,0,0,0,0,0,0
00002523_003.png,Effusion,3,2523,39,F,PA,2048,2500,0.171,0.171,1,0,0,1,0,0,0,0,0,0,0,0,0,0,0
00002524_005.png,No Finding,0,2524,49,M,PA,2500,2048,0.171,0.171,0,0,0,0,0,0,0,0,0,0,0,0,0,0,0
00002524_007.png,No Finding,2,2524,50,M,AP,2500,2048,0.171,0.171,0,0,0,0,0,0,0,0,0,0,0,0,0,0,0
00002524_008.png,Effusion,3,2524,50,M,PA,2048,2500,0.171,0.171,1,0,0,1,0,0,0,0,0,0,0,0,0,0,0
00002524_009.png,No Finding,4,2524,50,M,AP,2500,2048,0.171,0.171,0,0,0,0,0,0,0,0,0,0,0,0,0,0,0
00002524_010.png,Pleural_Thickening,5,2524,50,M,PA,2048,2500,0.171,0.171,1,0,0,0,0,0,0,0,0,0,0,0,0,1,0
00002524_011.png,No Finding,6,2524,50,M,AP,2500,2048,0.171,0.171,0,0,0,0,0,0,0,0,0,0,0,0,0,0,0
00002524_012.png,No Finding,7,2524,50,M,PA,2048,2500,0.171,0.171,0,0,0,0,0,0,0,0,0,0,0,0,0,0,0
00002524_013.png,Effusion,8,2524,50,M,AP,2500,2048,0.171,0.171,1,0,0,1,0,0,0,0,0,0,0,0,0,0,0
00002524_014.png,No Finding,9,2524,50,M,PA,2048,2500,0.171,0.171,0,0,0,0,0,0,0,0,0,0,0,0,0,0,0
00002524_015.png,No Finding,10,2524,50,M,AP,2500,2048,0.171,0.171,0,0,0,0,0,0,0,0,0,0,0,0,0,0,0
00002524_017.png,No Finding,11,2524,50,M,AP,2500,2048,0.171,0.171,0,0,0,0,0,0,0,0,0,0,0,0,0,0,0
00002524_016.png,Effusion|Pleural_Thickening,12,2524,51,M,PA,2048,2500,0.171,0.171,1,0,0,1,0,0,0,0,0,0,0,0,0,1,0
00002524_018.png,Pleural_Thickening,13,2524,51,M,PA,2500,2048,0.171,0.171,1,0,0,0,0,0,0,0,0,0,0,0,0,1,0
00002524_019.png,No Finding,14,2524,51,M,AP,2500,2048,0.171,0.171,0,0,0,0,0,0,0,0,0,0,0,0,0,0,0
00002524_020.png,No Finding,15,2524,51,M,PA,2500,2048,0.171,0.171,0,0,0,0,0,0,0,0,0,0,0,0,0,0,0
00002524_021.png,Effusion,16,2524,51,M,PA,2500,2048,0.168,0.168,1,0,0,1,0,0,0,0,0,0,0,0,0,0,0
00002524_022.png,Effusion,17,2524,51,M,PA,2048,2500,0.168,0.168,1,0,0,1,0,0,0,0,0,0,0,0,0,0,0
00002524_023.png,Effusion,18,2524,51,M,PA,2048,2500,0.168,0.168,1,0,0,1,0,0,0,0,0,0,0,0,0,0,0
00002524_024.png,No Finding,19,2524,51,M,PA,2500,2048,0.168,0.168,0,0,0,0,0,0,0,0,0,0,0,0,0,0,0
00002524_025.png,No Finding,20,2524,51,M,PA,2048,2500,0.168,0.168,0,0,0,0,0,0,0,0,0,0,0,0,0,0,0
00002524_026.png,Pleural_Thickening,21,2524,51,M,PA,2500,2048,0.168,0.168,1,0,0,0,0,0,0,0,0,0,0,0,0,1,0
00002524_027.png,Infiltration,22,2524,52,M,PA,2048,2500,0.168,0.168,1,0,0,0,1,0,0,0,0,0,0,0,0,0,0
00002524_028.png,No Finding,23,2524,53,M,PA,2702,2991,0.143,0.143,0,0,0,0,0,0,0,0,0,0,0,0,0,0,0
00002524_029.png,No Finding,24,2524,54,M,PA,2992,2991,0.143,0.143,0,0,0,0,0,0,0,0,0,0,0,0,0,0,0
00002524_030.png,No Finding,25,2524,55,M,PA,2992,2991,0.143,0.143,0,0,0,0,0,0,0,0,0,0,0,0,0,0,0
00002524_031.png,Pleural_Thickening,26,2524,55,M,PA,2992,2991,0.143,0.143,1,0,0,0,0,0,0,0,0,0,0,0,0,1,0
00002524_032.png,Emphysema,27,2524,56,M,PA,2682,2681,0.143,0.143,1,0,0,0,0,0,0,0,0,0,0,1,0,0,0
00002524_033.png,No Finding,28,2524,58,M,PA,2918,2991,0.143,0.143,0,0,0,0,0,0,0,0,0,0,0,0,0,0,0
00002524_034.png,No Finding,29,2524,59,M,PA,2524,3056,0.139,0.139,0,0,0,0,0,0,0,0,0,0,0,0,0,0,0
00002524_035.png,No Finding,30,2524,59,M,PA,2992,2991,0.143,0.143,0,0,0,0,0,0,0,0,0,0,0,0,0,0,0
00002524_000.png,No Finding,31,2524,61,M,PA,2992,2991,0.143,0.143,0,0,0,0,0,0,0,0,0,0,0,0,0,0,0
00002524_001.png,No Finding,32,2524,61,M,PA,2544,3056,0.139,0.139,0,0,0,0,0,0,0,0,0,0,0,0,0,0,0
00002524_002.png,No Finding,33,2524,62,M,PA,2021,2021,0.1943109999999999,0.1943109999999999,0,0,0,0,0,0,0,0,0,0,0,0,0,0,0
00002524_003.png,No Finding,34,2524,62,M,PA,2021,2021,0.1943109999999999,0.1943109999999999,0,0,0,0,0,0,0,0,0,0,0,0,0,0,0
00002525_000.png,No Finding,0,2525,35,F,PA,2048,2500,0.171,0.171,0,0,0,0,0,0,0,0,0,0,0,0,0,0,0
00002528_000.png,No Finding,0,2528,29,M,PA,2048,2500,0.171,0.171,0,0,0,0,0,0,0,0,0,0,0,0,0,0,0
00002529_000.png,No Finding,0,2529,13,F,PA,2048,2500,0.171,0.171,0,0,0,0,0,0,0,0,0,0,0,0,0,0,0
00002529_001.png,Infiltration,1,2529,15,F,AP,2500,2048,0.168,0.168,1,0,0,0,1,0,0,0,0,0,0,0,0,0,0
00002529_002.png,Edema|Effusion|Infiltration,2,2529,15,F,AP,2500,2048,0.168,0.168,1,0,0,1,1,0,0,0,0,0,1,0,0,0,0
00002529_003.png,No Finding,3,2529,15,F,AP,2048,2500,0.168,0.168,0,0,0,0,0,0,0,0,0,0,0,0,0,0,0
00002529_004.png,No Finding,4,2529,15,F,AP,2500,2048,0.168,0.168,0,0,0,0,0,0,0,0,0,0,0,0,0,0,0
00002529_005.png,No Finding,5,2529,15,F,AP,2500,2048,0.168,0.168,0,0,0,0,0,0,0,0,0,0,0,0,0,0,0
00002529_006.png,No Finding,6,2529,15,F,PA,2926,2509,0.143,0.143,0,0,0,0,0,0,0,0,0,0,0,0,0,0,0
00002529_007.png,Effusion,7,2529,15,F,AP,2500,2048,0.168,0.168,1,0,0,1,0,0,0,0,0,0,0,0,0,0,0
00002529_008.png,Infiltration|Nodule|Pneumonia,8,2529,15,F,AP,2048,2500,0.168,0.168,1,0,0,0,1,0,1,1,0,0,0,0,0,0,0
00002529_009.png,No Finding,9,2529,15,F,AP,2500,2048,0.168,0.168,0,0,0,0,0,0,0,0,0,0,0,0,0,0,0
00002529_010.png,No Finding,10,2529,15,F,PA,2138,2161,0.143,0.143,0,0,0,0,0,0,0,0,0,0,0,0,0,0,0
00002529_011.png,No Finding,11,2529,16,F,AP,2500,2048,0.168,0.168,0,0,0,0,0,0,0,0,0,0,0,0,0,0,0
00002529_012.png,No Finding,12,2529,16,F,AP,2048,2500,0.168,0.168,0,0,0,0,0,0,0,0,0,0,0,0,0,0,0
00002529_013.png,No Finding,13,2529,16,F,AP,2500,2048,0.168,0.168,0,0,0,0,0,0,0,0,0,0,0,0,0,0,0
00002529_014.png,Infiltration,14,2529,16,F,PA,2990,2341,0.143,0.143,1,0,0,0,1,0,0,0,0,0,0,0,0,0,0
00002529_015.png,No Finding,15,2529,16,F,AP,2500,2048,0.168,0.168,0,0,0,0,0,0,0,0,0,0,0,0,0,0,0
00002529_016.png,No Finding,16,2529,16,F,PA,2624,2024,0.143,0.143,0,0,0,0,0,0,0,0,0,0,0,0,0,0,0
00002529_017.png,No Finding,17,2529,16,F,AP,2500,2048,0.168,0.168,0,0,0,0,0,0,0,0,0,0,0,0,0,0,0
00002529_018.png,Consolidation|Fibrosis,18,2529,16,F,PA,2454,2225,0.143,0.143,1,0,0,0,0,0,0,0,0,1,0,0,1,0,0
00002529_019.png,Consolidation|Infiltration,19,2529,16,F,PA,2048,2500,0.168,0.168,1,0,0,0,1,0,0,0,0,1,0,0,0,0,0
00002529_020.png,Infiltration,20,2529,17,F,AP,2500,2048,0.168,0.168,1,0,0,0,1,0,0,0,0,0,0,0,0,0,0
00002529_021.png,No Finding,21,2529,17,F,AP,2500,2048,0.168,0.168,0,0,0,0,0,0,0,0,0,0,0,0,0,0,0
00002529_024.png,Edema|Effusion,24,2529,17,F,AP,2048,2500,0.168,0.168,1,0,0,1,0,0,0,0,0,0,1,0,0,0,0
00002529_025.png,Infiltration,25,2529,18,F,AP,2500,2048,0.168,0.168,1,0,0,0,1,0,0,0,0,0,0,0,0,0,0
00002529_026.png,No Finding,26,2529,18,F,AP,2500,2048,0.168,0.168,0,0,0,0,0,0,0,0,0,0,0,0,0,0,0
00002529_027.png,No Finding,27,2529,18,F,AP,2500,2048,0.168,0.168,0,0,0,0,0,0,0,0,0,0,0,0,0,0,0
00002529_028.png,No Finding,28,2529,18,F,AP,2500,2048,0.168,0.168,0,0,0,0,0,0,0,0,0,0,0,0,0,0,0
00002529_029.png,No Finding,29,2529,18,F,AP,2500,2048,0.168,0.168,0,0,0,0,0,0,0,0,0,0,0,0,0,0,0
00002529_030.png,Effusion,30,2529,18,F,AP,2500,2048,0.168,0.168,1,0,0,1,0,0,0,0,0,0,0,0,0,0,0
00002531_000.png,No Finding,0,2531,30,M,PA,2500,2048,0.171,0.171,0,0,0,0,0,0,0,0,0,0,0,0,0,0,0
00002533_007.png,No Finding,0,2533,11,M,PA,2048,2500,0.171,0.171,0,0,0,0,0,0,0,0,0,0,0,0,0,0,0
00002533_008.png,No Finding,1,2533,15,M,PA,2048,2500,0.168,0.168,0,0,0,0,0,0,0,0,0,0,0,0,0,0,0
00002533_000.png,No Finding,2,2533,21,M,AP,3056,2544,0.139,0.139,0,0,0,0,0,0,0,0,0,0,0,0,0,0,0
00002533_001.png,No Finding,3,2533,21,M,PA,2630,2991,0.143,0.143,0,0,0,0,0,0,0,0,0,0,0,0,0,0,0
00002533_003.png,Edema,5,2533,21,M,AP,3056,2544,0.139,0.139,1,0,0,0,0,0,0,0,0,0,1,0,0,0,0
00002533_004.png,Edema|Effusion,6,2533,21,M,PA,2992,2991,0.143,0.143,1,0,0,1,0,0,0,0,0,0,1,0,0,0,0
00002534_000.png,No Finding,0,2534,54,M,PA,3056,2544,0.139,0.139,0,0,0,0,0,0,0,0,0,0,0,0,0,0,0
00002534_001.png,Infiltration,1,2534,55,M,PA,2021,2021,0.1943109999999999,0.1943109999999999,1,0,0,0,1,0,0,0,0,0,0,0,0,0,0
00002534_002.png,No Finding,2,2534,55,M,PA,2021,2011,0.1943109999999999,0.1943109999999999,0,0,0,0,0,0,0,0,0,0,0,0,0,0,0
00002536_000.png,Emphysema,0,2536,52,M,PA,2500,2048,0.168,0.168,1,0,0,0,0,0,0,0,0,0,0,1,0,0,0
00002537_000.png,No Finding,0,2537,37,F,PA,2048,2500,0.171,0.171,0,0,0,0,0,0,0,0,0,0,0,0,0,0,0
00002537_001.png,Infiltration,1,2537,38,F,PA,2048,2500,0.171,0.171,1,0,0,0,1,0,0,0,0,0,0,0,0,0,0
00002537_002.png,No Finding,2,2537,38,F,AP,2500,2048,0.171,0.171,0,0,0,0,0,0,0,0,0,0,0,0,0,0,0
00002537_003.png,Fibrosis|Infiltration,3,2537,39,F,PA,2048,2500,0.168,0.168,1,0,0,0,1,0,0,0,0,0,0,0,1,0,0
00002538_000.png,Emphysema,0,2538,70,M,PA,2500,2048,0.168,0.168,1,0,0,0,0,0,0,0,0,0,0,1,0,0,0
00002540_000.png,No Finding,0,2540,29,F,PA,2048,2500,0.171,0.171,0,0,0,0,0,0,0,0,0,0,0,0,0,0,0
00002540_001.png,No Finding,1,2540,32,F,AP,2500,2048,0.168,0.168,0,0,0,0,0,0,0,0,0,0,0,0,0,0,0
00002540_002.png,Fibrosis,2,2540,34,F,PA,2992,2991,0.143,0.143,1,0,0,0,0,0,0,0,0,0,0,0,1,0,0
00002541_000.png,Cardiomegaly,0,2541,68,F,PA,2048,2500,0.171,0.171,1,0,1,0,0,0,0,0,0,0,0,0,0,0,0
00002543_000.png,No Finding,0,2543,58,M,PA,2500,2048,0.171,0.171,0,0,0,0,0,0,0,0,0,0,0,0,0,0,0
00002545_000.png,No Finding,0,2545,43,M,PA,2500,2048,0.171,0.171,0,0,0,0,0,0,0,0,0,0,0,0,0,0,0
00002545_001.png,No Finding,1,2545,43,M,PA,2500,2048,0.171,0.171,0,0,0,0,0,0,0,0,0,0,0,0,0,0,0
00002547_007.png,No Finding,0,2547,51,F,PA,2048,2500,0.171,0.171,0,0,0,0,0,0,0,0,0,0,0,0,0,0,0
00002547_008.png,Nodule,1,2547,54,F,PA,2500,2048,0.168,0.168,1,0,0,0,0,0,1,0,0,0,0,0,0,0,0
00002547_009.png,Nodule,2,2547,54,F,PA,2992,2991,0.143,0.143,1,0,0,0,0,0,1,0,0,0,0,0,0,0,0
00002547_010.png,No Finding,3,2547,55,F,PA,2990,2991,0.143,0.143,0,0,0,0,0,0,0,0,0,0,0,0,0,0,0
00002547_011.png,No Finding,4,2547,56,F,PA,2992,2991,0.143,0.143,0,0,0,0,0,0,0,0,0,0,0,0,0,0,0
00002547_012.png,Pneumothorax,5,2547,57,F,PA,2718,2991,0.143,0.143,1,0,0,0,0,0,0,0,1,0,0,0,0,0,0
00002547_013.png,Pneumothorax,6,2547,59,F,PA,2992,2991,0.143,0.143,1,0,0,0,0,0,0,0,1,0,0,0,0,0,0
00002547_014.png,No Finding,7,2547,60,F,PA,2486,2991,0.143,0.143,0,0,0,0,0,0,0,0,0,0,0,0,0,0,0
00002547_000.png,No Finding,8,2547,60,F,PA,2708,2959,0.143,0.143,0,0,0,0,0,0,0,0,0,0,0,0,0,0,0
00002547_001.png,No Finding,9,2547,61,F,PA,2992,2991,0.143,0.143,0,0,0,0,0,0,0,0,0,0,0,0,0,0,0
00002547_002.png,No Finding,10,2547,61,F,PA,2992,2991,0.143,0.143,0,0,0,0,0,0,0,0,0,0,0,0,0,0,0
00002547_003.png,No Finding,11,2547,62,F,PA,2936,2948,0.143,0.143,0,0,0,0,0,0,0,0,0,0,0,0,0,0,0
00002547_004.png,Nodule,12,2547,62,F,PA,1692,2021,0.1943109999999999,0.1943109999999999,1,0,0,0,0,0,1,0,0,0,0,0,0,0,0
00002547_005.png,No Finding,13,2547,63,F,PA,2021,2021,0.1943109999999999,0.1943109999999999,0,0,0,0,0,0,0,0,0,0,0,0,0,0,0
00002547_006.png,Infiltration,14,2547,64,F,PA,1960,2021,0.194314,0.194314,1,0,0,0,1,0,0,0,0,0,0,0,0,0,0
00002548_000.png,Consolidation|Effusion,0,2548,34,M,AP,2500,2048,0.171,0.171,1,0,0,1,0,0,0,0,0,1,0,0,0,0,0
00002548_001.png,Infiltration,1,2548,34,M,AP,2500,2048,0.171,0.171,1,0,0,0,1,0,0,0,0,0,0,0,0,0,0
00002548_002.png,No Finding,2,2548,34,M,AP,2500,2048,0.171,0.171,0,0,0,0,0,0,0,0,0,0,0,0,0,0,0
00002549_000.png,No Finding,0,2549,42,F,AP,2500,2048,0.171,0.171,0,0,0,0,0,0,0,0,0,0,0,0,0,0,0
00002549_003.png,No Finding,3,2549,42,F,PA,2500,2048,0.168,0.168,0,0,0,0,0,0,0,0,0,0,0,0,0,0,0
00002549_004.png,No Finding,4,2549,42,F,PA,2500,2048,0.168,0.168,0,0,0,0,0,0,0,0,0,0,0,0,0,0,0
00002549_005.png,No Finding,5,2549,43,F,PA,2048,2500,0.168,0.168,0,0,0,0,0,0,0,0,0,0,0,0,0,0,0
00002550_000.png,No Finding,0,2550,54,F,AP,2500,2048,0.168,0.168,0,0,0,0,0,0,0,0,0,0,0,0,0,0,0
00002551_001.png,Effusion|Infiltration,0,2551,19,M,AP,2500,2048,0.168,0.168,1,0,0,1,1,0,0,0,0,0,0,0,0,0,0
00002551_002.png,Infiltration,1,2551,19,M,AP,2500,2048,0.168,0.168,1,0,0,0,1,0,0,0,0,0,0,0,0,0,0
00002551_003.png,No Finding,2,2551,19,M,AP,2500,2048,0.168,0.168,0,0,0,0,0,0,0,0,0,0,0,0,0,0,0
00002551_004.png,Infiltration,3,2551,19,M,AP,2500,2048,0.168,0.168,1,0,0,0,1,0,0,0,0,0,0,0,0,0,0
00002551_005.png,Consolidation|Nodule,4,2551,20,M,AP,3056,2544,0.139,0.139,1,0,0,0,0,0,1,0,0,1,0,0,0,0,0
00002551_006.png,Infiltration,5,2551,20,M,AP,3056,2544,0.139,0.139,1,0,0,0,1,0,0,0,0,0,0,0,0,0,0
00002552_000.png,No Finding,0,2552,37,F,PA,2048,2500,0.171,0.171,0,0,0,0,0,0,0,0,0,0,0,0,0,0,0
00002552_002.png,Edema,2,2552,45,F,AP,2500,2048,0.168,0.168,1,0,0,0,0,0,0,0,0,0,1,0,0,0,0
00002552_004.png,No Finding,3,2552,45,F,AP,2048,2500,0.168,0.168,0,0,0,0,0,0,0,0,0,0,0,0,0,0,0
00002552_003.png,No Finding,4,2552,45,F,AP,2500,2048,0.168,0.168,0,0,0,0,0,0,0,0,0,0,0,0,0,0,0
00002556_000.png,No Finding,0,2556,7,M,PA,2048,2500,0.171,0.171,0,0,0,0,0,0,0,0,0,0,0,0,0,0,0
00002556_001.png,No Finding,1,2556,12,M,PA,2992,2991,0.143,0.143,0,0,0,0,0,0,0,0,0,0,0,0,0,0,0
00002557_000.png,No Finding,0,2557,30,F,PA,2048,2500,0.171,0.171,0,0,0,0,0,0,0,0,0,0,0,0,0,0,0
00002558_000.png,No Finding,0,2558,9,M,PA,2048,2500,0.171,0.171,0,0,0,0,0,0,0,0,0,0,0,0,0,0,0
00002558_001.png,No Finding,1,2558,11,M,PA,2048,2500,0.168,0.168,0,0,0,0,0,0,0,0,0,0,0,0,0,0,0
00002558_002.png,No Finding,2,2558,15,M,PA,2826,2741,0.143,0.143,0,0,0,0,0,0,0,0,0,0,0,0,0,0,0
00002560_000.png,No Finding,0,2560,20,M,PA,2048,2500,0.168,0.168,0,0,0,0,0,0,0,0,0,0,0,0,0,0,0
00002561_000.png,No Finding,0,2561,45,M,PA,2500,2048,0.171,0.171,0,0,0,0,0,0,0,0,0,0,0,0,0,0,0
00002561_001.png,No Finding,1,2561,45,M,PA,2500,2048,0.168,0.168,0,0,0,0,0,0,0,0,0,0,0,0,0,0,0
00002563_000.png,No Finding,0,2563,38,M,PA,2500,2048,0.168,0.168,0,0,0,0,0,0,0,0,0,0,0,0,0,0,0
00002564_000.png,No Finding,0,2564,46,F,PA,2970,2991,0.143,0.143,0,0,0,0,0,0,0,0,0,0,0,0,0,0,0
00002566_000.png,No Finding,0,2566,36,F,PA,2048,2500,0.171,0.171,0,0,0,0,0,0,0,0,0,0,0,0,0,0,0
00002566_001.png,Fibrosis,1,2566,38,F,PA,2500,2048,0.171,0.171,1,0,0,0,0,0,0,0,0,0,0,0,1,0,0
00002566_002.png,Infiltration,2,2566,39,F,PA,2048,2500,0.168,0.168,1,0,0,0,1,0,0,0,0,0,0,0,0,0,0
00002567_000.png,No Finding,0,2567,53,M,AP,3056,2544,0.139,0.139,0,0,0,0,0,0,0,0,0,0,0,0,0,0,0
00002567_001.png,Infiltration,1,2567,54,M,PA,2992,2991,0.143,0.143,1,0,0,0,1,0,0,0,0,0,0,0,0,0,0
00002568_000.png,Infiltration,0,2568,35,M,PA,2500,2048,0.171,0.171,1,0,0,0,1,0,0,0,0,0,0,0,0,0,0
00002568_001.png,No Finding,1,2568,37,M,PA,2500,2048,0.171,0.171,0,0,0,0,0,0,0,0,0,0,0,0,0,0,0
00002570_000.png,No Finding,0,2570,74,M,PA,2500,2048,0.171,0.171,0,0,0,0,0,0,0,0,0,0,0,0,0,0,0
00002570_001.png,No Finding,1,2570,74,M,PA,2500,2048,0.168,0.168,0,0,0,0,0,0,0,0,0,0,0,0,0,0,0
00002570_002.png,Emphysema,2,2570,74,M,PA,2500,2048,0.168,0.168,1,0,0,0,0,0,0,0,0,0,0,1,0,0,0
00002570_003.png,Infiltration,3,2570,75,M,AP,2500,2048,0.168,0.168,1,0,0,0,1,0,0,0,0,0,0,0,0,0,0
00002570_005.png,Effusion|Infiltration,5,2570,75,M,AP,2500,2048,0.168,0.168,1,0,0,1,1,0,0,0,0,0,0,0,0,0,0
00002570_007.png,No Finding,7,2570,75,M,AP,2500,2048,0.168,0.168,0,0,0,0,0,0,0,0,0,0,0,0,0,0,0
00002572_000.png,No Finding,0,2572,54,F,AP,2500,2048,0.168,0.168,0,0,0,0,0,0,0,0,0,0,0,0,0,0,0
00002572_001.png,No Finding,1,2572,54,F,AP,2500,2048,0.168,0.168,0,0,0,0,0,0,0,0,0,0,0,0,0,0,0
00002572_002.png,No Finding,2,2572,54,F,AP,2500,2048,0.168,0.168,0,0,0,0,0,0,0,0,0,0,0,0,0,0,0
00002572_003.png,No Finding,3,2572,54,F,AP,2500,2048,0.168,0.168,0,0,0,0,0,0,0,0,0,0,0,0,0,0,0
00002572_004.png,No Finding,4,2572,55,F,AP,2500,2048,0.168,0.168,0,0,0,0,0,0,0,0,0,0,0,0,0,0,0
00002572_005.png,No Finding,5,2572,55,F,AP,2500,2048,0.168,0.168,0,0,0,0,0,0,0,0,0,0,0,0,0,0,0
00002572_006.png,Pneumonia,6,2572,55,F,PA,2502,2649,0.143,0.143,1,0,0,0,0,0,0,1,0,0,0,0,0,0,0
00002573_000.png,No Finding,0,2573,17,M,AP,2048,2500,0.171,0.171,0,0,0,0,0,0,0,0,0,0,0,0,0,0,0
00002574_000.png,No Finding,0,2574,67,M,PA,2500,2048,0.168,0.168,0,0,0,0,0,0,0,0,0,0,0,0,0,0,0
00002579_000.png,Pneumothorax,0,2579,45,F,PA,2048,2500,0.168,0.168,1,0,0,0,0,0,0,0,1,0,0,0,0,0,0
00002581_000.png,No Finding,0,2581,59,F,PA,2048,2500,0.171,0.171,0,0,0,0,0,0,0,0,0,0,0,0,0,0,0
00002582_001.png,No Finding,0,2582,60,M,AP,2500,2048,0.168,0.168,0,0,0,0,0,0,0,0,0,0,0,0,0,0,0
00002582_002.png,No Finding,1,2582,60,M,PA,2500,2048,0.168,0.168,0,0,0,0,0,0,0,0,0,0,0,0,0,0,0
00002582_003.png,No Finding,2,2582,61,M,PA,2500,2048,0.168,0.168,0,0,0,0,0,0,0,0,0,0,0,0,0,0,0
00002582_004.png,No Finding,3,2582,61,M,PA,2992,2991,0.143,0.143,0,0,0,0,0,0,0,0,0,0,0,0,0,0,0
00002582_005.png,No Finding,4,2582,61,M,AP,2500,2048,0.168,0.168,0,0,0,0,0,0,0,0,0,0,0,0,0,0,0
00002582_006.png,No Finding,5,2582,61,M,AP,2500,2048,0.168,0.168,0,0,0,0,0,0,0,0,0,0,0,0,0,0,0
00002582_007.png,Effusion|Infiltration,6,2582,61,M,AP,2500,2048,0.168,0.168,1,0,0,1,1,0,0,0,0,0,0,0,0,0,0
00002582_008.png,No Finding,7,2582,61,M,AP,2500,2048,0.168,0.168,0,0,0,0,0,0,0,0,0,0,0,0,0,0,0
00002582_013.png,No Finding,12,2582,62,M,PA,2992,2991,0.143,0.143,0,0,0,0,0,0,0,0,0,0,0,0,0,0,0
00002582_014.png,No Finding,13,2582,63,M,PA,2992,2991,0.143,0.143,0,0,0,0,0,0,0,0,0,0,0,0,0,0,0
00002582_015.png,No Finding,14,2582,63,M,AP,2500,2048,0.168,0.168,0,0,0,0,0,0,0,0,0,0,0,0,0,0,0
00002582_000.png,No Finding,15,2582,68,M,PA,2992,2991,0.143,0.143,0,0,0,0,0,0,0,0,0,0,0,0,0,0,0
00002586_000.png,No Finding,0,2586,64,M,PA,2500,2048,0.171,0.171,0,0,0,0,0,0,0,0,0,0,0,0,0,0,0
00002586_001.png,Pleural_Thickening,1,2586,65,M,PA,2500,2048,0.171,0.171,1,0,0,0,0,0,0,0,0,0,0,0,0,1,0
00002586_003.png,No Finding,3,2586,65,M,PA,2500,2048,0.171,0.171,0,0,0,0,0,0,0,0,0,0,0,0,0,0,0
00002586_004.png,No Finding,4,2586,66,M,PA,2500,2048,0.171,0.171,0,0,0,0,0,0,0,0,0,0,0,0,0,0,0
00002586_005.png,No Finding,5,2586,66,M,PA,2500,2048,0.171,0.171,0,0,0,0,0,0,0,0,0,0,0,0,0,0,0
00002586_006.png,No Finding,6,2586,67,M,PA,2500,2048,0.168,0.168,0,0,0,0,0,0,0,0,0,0,0,0,0,0,0
00002588_000.png,Nodule,0,2588,43,M,PA,2048,2500,0.171,0.171,1,0,0,0,0,0,1,0,0,0,0,0,0,0,0
00002589_000.png,Infiltration,0,2589,36,M,PA,2500,2048,0.171,0.171,1,0,0,0,1,0,0,0,0,0,0,0,0,0,0
00002589_002.png,No Finding,2,2589,39,M,PA,2822,2705,0.143,0.143,0,0,0,0,0,0,0,0,0,0,0,0,0,0,0
00002589_003.png,No Finding,3,2589,41,M,PA,2992,2991,0.143,0.143,0,0,0,0,0,0,0,0,0,0,0,0,0,0,0
00002589_004.png,No Finding,4,2589,41,M,PA,2992,2991,0.143,0.143,0,0,0,0,0,0,0,0,0,0,0,0,0,0,0
00002589_005.png,No Finding,5,2589,41,M,PA,2910,2991,0.143,0.143,0,0,0,0,0,0,0,0,0,0,0,0,0,0,0
00002589_006.png,No Finding,6,2589,41,M,PA,2992,2991,0.143,0.143,0,0,0,0,0,0,0,0,0,0,0,0,0,0,0
00002589_007.png,No Finding,7,2589,42,M,PA,2500,2048,0.168,0.168,0,0,0,0,0,0,0,0,0,0,0,0,0,0,0
00002590_000.png,No Finding,0,2590,43,M,PA,2500,2048,0.168,0.168,0,0,0,0,0,0,0,0,0,0,0,0,0,0,0
00002591_000.png,No Finding,0,2591,52,F,PA,2936,2948,0.143,0.143,0,0,0,0,0,0,0,0,0,0,0,0,0,0,0
00002593_000.png,No Finding,0,2593,52,M,PA,2048,2500,0.171,0.171,0,0,0,0,0,0,0,0,0,0,0,0,0,0,0
00002593_001.png,No Finding,1,2593,57,M,PA,2992,2913,0.143,0.143,0,0,0,0,0,0,0,0,0,0,0,0,0,0,0
00002594_000.png,No Finding,0,2594,33,F,AP,2500,2048,0.168,0.168,0,0,0,0,0,0,0,0,0,0,0,0,0,0,0
00002594_002.png,Effusion,2,2594,34,F,PA,2992,2991,0.143,0.143,1,0,0,1,0,0,0,0,0,0,0,0,0,0,0
00002594_003.png,No Finding,3,2594,34,F,PA,2992,2991,0.143,0.143,0,0,0,0,0,0,0,0,0,0,0,0,0,0,0
00002594_004.png,Effusion|Infiltration,4,2594,34,F,AP,2500,2048,0.168,0.168,1,0,0,1,1,0,0,0,0,0,0,0,0,0,0
00002594_005.png,Infiltration,5,2594,34,F,AP,2500,2048,0.168,0.168,1,0,0,0,1,0,0,0,0,0,0,0,0,0,0
00002594_007.png,No Finding,7,2594,34,F,AP,2500,2048,0.168,0.168,0,0,0,0,0,0,0,0,0,0,0,0,0,0,0
00002596_000.png,No Finding,0,2596,40,M,PA,2500,2048,0.171,0.171,0,0,0,0,0,0,0,0,0,0,0,0,0,0,0
00002599_001.png,Effusion|Infiltration|Mass|Nodule,1,2599,58,M,PA,2500,2048,0.171,0.171,1,0,0,1,1,1,1,0,0,0,0,0,0,0,0
00002599_002.png,Mass|Nodule|Pleural_Thickening,2,2599,58,M,AP,2500,2048,0.171,0.171,1,0,0,0,0,1,1,0,0,0,0,0,0,1,0
00002599_003.png,Nodule|Pleural_Thickening,3,2599,58,M,AP,2500,2048,0.171,0.171,1,0,0,0,0,0,1,0,0,0,0,0,0,1,0
00002599_004.png,Consolidation|Nodule,4,2599,58,M,AP,2500,2048,0.171,0.171,1,0,0,0,0,0,1,0,0,1,0,0,0,0,0
00002599_005.png,Consolidation|Mass,5,2599,58,M,AP,2500,2048,0.171,0.171,1,0,0,0,0,1,0,0,0,1,0,0,0,0,0
00002599_006.png,No Finding,6,2599,58,M,PA,2500,2048,0.171,0.171,0,0,0,0,0,0,0,0,0,0,0,0,0,0,0
00002599_007.png,No Finding,7,2599,58,M,AP,2500,2048,0.171,0.171,0,0,0,0,0,0,0,0,0,0,0,0,0,0,0
00002601_000.png,No Finding,0,2601,57,F,PA,2450,2533,0.143,0.143,0,0,0,0,0,0,0,0,0,0,0,0,0,0,0
00002602_000.png,No Finding,0,2602,47,M,PA,2992,2991,0.143,0.143,0,0,0,0,0,0,0,0,0,0,0,0,0,0,0
00002603_000.png,No Finding,0,2603,45,M,PA,2992,2991,0.143,0.143,0,0,0,0,0,0,0,0,0,0,0,0,0,0,0
00002604_000.png,Pleural_Thickening,0,2604,18,M,AP,2048,2500,0.171,0.171,1,0,0,0,0,0,0,0,0,0,0,0,0,1,0
00002604_001.png,Cardiomegaly,1,2604,19,M,PA,2500,2048,0.171,0.171,1,0,1,0,0,0,0,0,0,0,0,0,0,0,0
00002604_002.png,Fibrosis,2,2604,21,M,PA,2500,2048,0.168,0.168,1,0,0,0,0,0,0,0,0,0,0,0,1,0,0
00002605_000.png,No Finding,0,2605,36,F,PA,2500,2048,0.171,0.171,0,0,0,0,0,0,0,0,0,0,0,0,0,0,0
00002605_001.png,No Finding,1,2605,37,F,PA,2500,2048,0.171,0.171,0,0,0,0,0,0,0,0,0,0,0,0,0,0,0
00002606_000.png,Pleural_Thickening,0,2606,51,F,PA,2048,2500,0.168,0.168,1,0,0,0,0,0,0,0,0,0,0,0,0,1,0
00002607_000.png,No Finding,0,2607,57,M,PA,2500,2048,0.168,0.168,0,0,0,0,0,0,0,0,0,0,0,0,0,0,0
00002608_002.png,No Finding,0,2608,14,M,PA,2048,2500,0.171,0.171,0,0,0,0,0,0,0,0,0,0,0,0,0,0,0
00002608_003.png,Infiltration,1,2608,23,M,PA,2566,2991,0.143,0.143,1,0,0,0,1,0,0,0,0,0,0,0,0,0,0
00002608_000.png,No Finding,2,2608,27,M,PA,2021,2016,0.1943109999999999,0.1943109999999999,0,0,0,0,0,0,0,0,0,0,0,0,0,0,0
00002608_001.png,No Finding,3,2608,27,M,AP,3056,2544,0.139,0.139,0,0,0,0,0,0,0,0,0,0,0,0,0,0,0
00002612_000.png,No Finding,0,2612,70,M,PA,2021,2021,0.1943109999999999,0.1943109999999999,0,0,0,0,0,0,0,0,0,0,0,0,0,0,0
00002613_000.png,No Finding,0,2613,51,M,AP,2500,2048,0.171,0.171,0,0,0,0,0,0,0,0,0,0,0,0,0,0,0
00002613_001.png,Mass,1,2613,51,M,AP,2500,2048,0.171,0.171,1,0,0,0,0,1,0,0,0,0,0,0,0,0,0
00002613_002.png,Mass,2,2613,51,M,AP,2500,2048,0.171,0.171,1,0,0,0,0,1,0,0,0,0,0,0,0,0,0
00002614_000.png,No Finding,0,2614,68,M,PA,2862,2831,0.143,0.143,0,0,0,0,0,0,0,0,0,0,0,0,0,0,0
00002614_001.png,No Finding,1,2614,68,M,AP,2500,2048,0.168,0.168,0,0,0,0,0,0,0,0,0,0,0,0,0,0,0
00002614_002.png,No Finding,2,2614,68,M,PA,2674,2689,0.143,0.143,0,0,0,0,0,0,0,0,0,0,0,0,0,0,0
00002614_003.png,Emphysema,3,2614,68,M,PA,2446,2689,0.143,0.143,1,0,0,0,0,0,0,0,0,0,0,1,0,0,0
00002615_000.png,No Finding,0,2615,58,F,PA,2500,2048,0.171,0.171,0,0,0,0,0,0,0,0,0,0,0,0,0,0,0
00002617_000.png,No Finding,0,2617,47,F,PA,2582,2991,0.143,0.143,0,0,0,0,0,0,0,0,0,0,0,0,0,0,0
00002617_001.png,No Finding,1,2617,47,F,PA,2666,2991,0.143,0.143,0,0,0,0,0,0,0,0,0,0,0,0,0,0,0
00002618_000.png,No Finding,0,2618,46,F,PA,2992,2991,0.143,0.143,0,0,0,0,0,0,0,0,0,0,0,0,0,0,0
00002619_000.png,No Finding,0,2619,6,F,PA,2048,2500,0.171,0.171,0,0,0,0,0,0,0,0,0,0,0,0,0,0,0
00002621_000.png,No Finding,0,2621,64,F,AP,2500,2048,0.171,0.171,0,0,0,0,0,0,0,0,0,0,0,0,0,0,0
00002622_001.png,No Finding,0,2622,51,F,PA,2500,2048,0.168,0.168,0,0,0,0,0,0,0,0,0,0,0,0,0,0,0
00002622_002.png,No Finding,1,2622,52,F,PA,2048,2500,0.168,0.168,0,0,0,0,0,0,0,0,0,0,0,0,0,0,0
00002622_003.png,No Finding,2,2622,52,F,PA,2500,2048,0.168,0.168,0,0,0,0,0,0,0,0,0,0,0,0,0,0,0
00002622_004.png,No Finding,3,2622,54,F,PA,2446,2991,0.143,0.143,0,0,0,0,0,0,0,0,0,0,0,0,0,0,0
00002622_000.png,Fibrosis,4,2622,60,F,PA,2992,2991,0.143,0.143,1,0,0,0,0,0,0,0,0,0,0,0,1,0,0
00002624_000.png,No Finding,0,2624,51,M,PA,2500,2048,0.171,0.171,0,0,0,0,0,0,0,0,0,0,0,0,0,0,0
00002625_000.png,No Finding,0,2625,43,M,AP,2500,2048,0.171,0.171,0,0,0,0,0,0,0,0,0,0,0,0,0,0,0
00002625_001.png,Consolidation,1,2625,43,M,AP,2500,2048,0.171,0.171,1,0,0,0,0,0,0,0,0,1,0,0,0,0,0
00002625_002.png,Consolidation,2,2625,43,M,AP,2500,2048,0.171,0.171,1,0,0,0,0,0,0,0,0,1,0,0,0,0,0
00002625_003.png,No Finding,3,2625,44,M,PA,2048,2500,0.168,0.168,0,0,0,0,0,0,0,0,0,0,0,0,0,0,0
00002625_004.png,No Finding,4,2625,44,M,PA,2048,2500,0.168,0.168,0,0,0,0,0,0,0,0,0,0,0,0,0,0,0
00002626_000.png,No Finding,0,2626,53,M,PA,2500,2048,0.171,0.171,0,0,0,0,0,0,0,0,0,0,0,0,0,0,0
00002627_000.png,No Finding,0,2627,50,M,PA,2500,2048,0.168,0.168,0,0,0,0,0,0,0,0,0,0,0,0,0,0,0
00002631_000.png,No Finding,0,2631,42,F,PA,2048,2500,0.168,0.168,0,0,0,0,0,0,0,0,0,0,0,0,0,0,0
00002631_001.png,No Finding,1,2631,44,F,PA,2854,2991,0.143,0.143,0,0,0,0,0,0,0,0,0,0,0,0,0,0,0
00002632_000.png,No Finding,0,2632,75,F,PA,2048,2500,0.171,0.171,0,0,0,0,0,0,0,0,0,0,0,0,0,0,0
00002634_000.png,Infiltration|Pneumonia,0,2634,50,M,AP,2500,2048,0.168,0.168,1,0,0,0,1,0,0,1,0,0,0,0,0,0,0
00002635_000.png,No Finding,0,2635,59,M,AP,2500,2048,0.171,0.171,0,0,0,0,0,0,0,0,0,0,0,0,0,0,0
00002635_001.png,Infiltration,1,2635,61,M,PA,2992,2991,0.143,0.143,1,0,0,0,1,0,0,0,0,0,0,0,0,0,0
00002635_002.png,No Finding,2,2635,62,M,PA,2910,2991,0.143,0.143,0,0,0,0,0,0,0,0,0,0,0,0,0,0,0
00002635_003.png,Infiltration,3,2635,62,M,PA,2992,2991,0.143,0.143,1,0,0,0,1,0,0,0,0,0,0,0,0,0,0
00002636_000.png,No Finding,0,2636,6,F,AP,2048,2500,0.171,0.171,0,0,0,0,0,0,0,0,0,0,0,0,0,0,0
00002637_000.png,No Finding,0,2637,56,F,PA,2048,2500,0.171,0.171,0,0,0,0,0,0,0,0,0,0,0,0,0,0,0
00002638_000.png,No Finding,0,2638,40,F,PA,2544,3056,0.139,0.139,0,0,0,0,0,0,0,0,0,0,0,0,0,0,0
00002638_001.png,Infiltration,1,2638,40,F,PA,2758,2991,0.143,0.143,1,0,0,0,1,0,0,0,0,0,0,0,0,0,0
00002639_000.png,No Finding,0,2639,74,F,PA,2048,2500,0.171,0.171,0,0,0,0,0,0,0,0,0,0,0,0,0,0,0
00002639_001.png,No Finding,1,2639,75,F,PA,2048,2500,0.171,0.171,0,0,0,0,0,0,0,0,0,0,0,0,0,0,0
00002639_002.png,Effusion,2,2639,75,F,PA,2048,2500,0.171,0.171,1,0,0,1,0,0,0,0,0,0,0,0,0,0,0
00002639_003.png,No Finding,3,2639,75,F,PA,2048,2500,0.171,0.171,0,0,0,0,0,0,0,0,0,0,0,0,0,0,0
00002639_004.png,No Finding,4,2639,75,F,PA,2048,2500,0.171,0.171,0,0,0,0,0,0,0,0,0,0,0,0,0,0,0
00002639_005.png,Effusion,5,2639,75,F,PA,2048,2500,0.171,0.171,1,0,0,1,0,0,0,0,0,0,0,0,0,0,0
00002639_006.png,Effusion,6,2639,75,F,PA,2048,2500,0.171,0.171,1,0,0,1,0,0,0,0,0,0,0,0,0,0,0
00002639_007.png,No Finding,7,2639,76,F,PA,2048,2500,0.171,0.171,0,0,0,0,0,0,0,0,0,0,0,0,0,0,0
00002639_008.png,No Finding,8,2639,76,F,AP,2048,2500,0.171,0.171,0,0,0,0,0,0,0,0,0,0,0,0,0,0,0
00002639_009.png,No Finding,9,2639,76,F,PA,2048,2500,0.171,0.171,0,0,0,0,0,0,0,0,0,0,0,0,0,0,0
00002639_010.png,No Finding,10,2639,76,F,PA,2048,2500,0.171,0.171,0,0,0,0,0,0,0,0,0,0,0,0,0,0,0
00002639_011.png,No Finding,11,2639,76,F,PA,2048,2500,0.171,0.171,0,0,0,0,0,0,0,0,0,0,0,0,0,0,0
00002639_012.png,Effusion|Fibrosis,12,2639,76,F,PA,2048,2500,0.171,0.171,1,0,0,1,0,0,0,0,0,0,0,0,1,0,0
00002639_014.png,Effusion,14,2639,76,F,PA,2048,2500,0.171,0.171,1,0,0,1,0,0,0,0,0,0,0,0,0,0,0
00002639_015.png,Effusion|Emphysema,15,2639,76,F,PA,2048,2500,0.171,0.171,1,0,0,1,0,0,0,0,0,0,0,1,0,0,0
00002640_001.png,No Finding,0,2640,47,M,AP,2500,2048,0.171,0.171,0,0,0,0,0,0,0,0,0,0,0,0,0,0,0
00002640_000.png,No Finding,1,2640,47,M,AP,2500,2048,0.171,0.171,0,0,0,0,0,0,0,0,0,0,0,0,0,0,0
00002640_002.png,No Finding,2,2640,47,M,PA,2500,2048,0.171,0.171,0,0,0,0,0,0,0,0,0,0,0,0,0,0,0
00002640_003.png,No Finding,3,2640,47,M,PA,2500,2048,0.171,0.171,0,0,0,0,0,0,0,0,0,0,0,0,0,0,0
00002641_000.png,No Finding,0,2641,50,M,PA,2500,2048,0.171,0.171,0,0,0,0,0,0,0,0,0,0,0,0,0,0,0
00002642_000.png,No Finding,0,2642,41,F,PA,2992,2991,0.143,0.143,0,0,0,0,0,0,0,0,0,0,0,0,0,0,0
00002643_000.png,Fibrosis,0,2643,45,F,PA,2048,2500,0.168,0.168,1,0,0,0,0,0,0,0,0,0,0,0,1,0,0
00002646_000.png,No Finding,0,2646,41,M,PA,2500,2048,0.168,0.168,0,0,0,0,0,0,0,0,0,0,0,0,0,0,0
00002647_000.png,No Finding,0,2647,22,M,PA,2500,2048,0.168,0.168,0,0,0,0,0,0,0,0,0,0,0,0,0,0,0
00002648_000.png,No Finding,0,2648,63,M,PA,2500,2048,0.171,0.171,0,0,0,0,0,0,0,0,0,0,0,0,0,0,0
00002649_008.png,No Finding,0,2649,52,F,PA,2500,2048,0.168,0.168,0,0,0,0,0,0,0,0,0,0,0,0,0,0,0
00002649_009.png,No Finding,1,2649,53,F,PA,2048,2500,0.168,0.168,0,0,0,0,0,0,0,0,0,0,0,0,0,0,0
00002649_010.png,No Finding,2,2649,54,F,PA,2726,2991,0.143,0.143,0,0,0,0,0,0,0,0,0,0,0,0,0,0,0
00002649_011.png,Pneumothorax,3,2649,54,F,PA,2534,2913,0.143,0.143,1,0,0,0,0,0,0,0,1,0,0,0,0,0,0
00002649_012.png,No Finding,4,2649,55,F,PA,2048,2500,0.168,0.168,0,0,0,0,0,0,0,0,0,0,0,0,0,0,0
00002649_013.png,Emphysema,5,2649,55,F,PA,2048,2500,0.168,0.168,1,0,0,0,0,0,0,0,0,0,0,1,0,0,0
00002649_014.png,Infiltration|Pneumothorax,6,2649,56,F,PA,2992,2991,0.143,0.143,1,0,0,0,1,0,0,0,1,0,0,0,0,0,0
00002649_015.png,Pneumothorax,7,2649,57,F,PA,2342,2991,0.143,0.143,1,0,0,0,0,0,0,0,1,0,0,0,0,0,0
00002649_016.png,Infiltration,8,2649,57,F,PA,2730,2991,0.143,0.143,1,0,0,0,1,0,0,0,0,0,0,0,0,0,0
00002649_017.png,Emphysema,9,2649,58,F,PA,2486,2991,0.143,0.143,1,0,0,0,0,0,0,0,0,0,0,1,0,0,0
00002649_018.png,No Finding,10,2649,58,F,PA,2048,2500,0.168,0.168,0,0,0,0,0,0,0,0,0,0,0,0,0,0,0
00002649_019.png,Fibrosis,11,2649,59,F,PA,2536,2960,0.139,0.139,1,0,0,0,0,0,0,0,0,0,0,0,1,0,0
00002649_020.png,Fibrosis,12,2649,59,F,PA,2446,2365,0.143,0.143,1,0,0,0,0,0,0,0,0,0,0,0,1,0,0
00002649_000.png,No Finding,13,2649,60,F,PA,2544,3056,0.139,0.139,0,0,0,0,0,0,0,0,0,0,0,0,0,0,0
00002649_001.png,No Finding,14,2649,60,F,PA,2992,2991,0.143,0.143,0,0,0,0,0,0,0,0,0,0,0,0,0,0,0
00002649_002.png,Fibrosis,15,2649,61,F,PA,2992,2991,0.143,0.143,1,0,0,0,0,0,0,0,0,0,0,0,1,0,0
00002649_003.png,Pneumothorax,16,2649,61,F,PA,2598,2461,0.143,0.143,1,0,0,0,0,0,0,0,1,0,0,0,0,0,0
00002649_004.png,No Finding,17,2649,62,F,PA,2610,2991,0.143,0.143,0,0,0,0,0,0,0,0,0,0,0,0,0,0,0
00002649_005.png,Pneumothorax,18,2649,62,F,PA,2021,1829,0.1943109999999999,0.1943109999999999,1,0,0,0,0,0,0,0,1,0,0,0,0,0,0
00002649_006.png,Nodule,19,2649,63,F,PA,2544,3056,0.139,0.139,1,0,0,0,0,0,1,0,0,0,0,0,0,0,0
00002649_007.png,No Finding,20,2649,63,F,PA,2021,2021,0.1943109999999999,0.1943109999999999,0,0,0,0,0,0,0,0,0,0,0,0,0,0,0
00002650_000.png,Fibrosis,0,2650,47,F,PA,2048,2500,0.171,0.171,1,0,0,0,0,0,0,0,0,0,0,0,1,0,0
00002650_001.png,Pleural_Thickening,1,2650,49,F,PA,2048,2500,0.168,0.168,1,0,0,0,0,0,0,0,0,0,0,0,0,1,0
00002651_000.png,No Finding,0,2651,47,F,PA,2048,2500,0.168,0.168,0,0,0,0,0,0,0,0,0,0,0,0,0,0,0
00002651_001.png,No Finding,1,2651,48,F,PA,2048,2500,0.168,0.168,0,0,0,0,0,0,0,0,0,0,0,0,0,0,0
00002651_002.png,No Finding,2,2651,49,F,PA,2048,2500,0.168,0.168,0,0,0,0,0,0,0,0,0,0,0,0,0,0,0
00002653_000.png,No Finding,0,2653,17,M,PA,2048,2500,0.171,0.171,0,0,0,0,0,0,0,0,0,0,0,0,0,0,0
00002653_001.png,No Finding,1,2653,18,M,PA,2048,2500,0.168,0.168,0,0,0,0,0,0,0,0,0,0,0,0,0,0,0
00002655_002.png,No Finding,2,2655,38,M,AP,2500,2048,0.171,0.171,0,0,0,0,0,0,0,0,0,0,0,0,0,0,0
00002655_003.png,Edema,3,2655,38,M,AP,2500,2048,0.171,0.171,1,0,0,0,0,0,0,0,0,0,1,0,0,0,0
00002655_004.png,Infiltration,4,2655,38,M,AP,2500,2048,0.171,0.171,1,0,0,0,1,0,0,0,0,0,0,0,0,0,0
00002659_000.png,No Finding,0,2659,27,M,PA,2500,2048,0.168,0.168,0,0,0,0,0,0,0,0,0,0,0,0,0,0,0
00002659_001.png,No Finding,1,2659,27,M,AP,2500,2048,0.168,0.168,0,0,0,0,0,0,0,0,0,0,0,0,0,0,0
00002659_002.png,No Finding,2,2659,27,M,PA,2500,2048,0.168,0.168,0,0,0,0,0,0,0,0,0,0,0,0,0,0,0
00002659_004.png,No Finding,4,2659,28,M,PA,2500,2048,0.168,0.168,0,0,0,0,0,0,0,0,0,0,0,0,0,0,0
00002659_005.png,Infiltration,5,2659,34,M,PA,2992,2991,0.143,0.143,1,0,0,0,1,0,0,0,0,0,0,0,0,0,0
00002661_001.png,Mass,1,2661,63,F,PA,2500,2048,0.168,0.168,1,0,0,0,0,1,0,0,0,0,0,0,0,0,0
00002661_002.png,Infiltration|Mass,2,2661,63,F,PA,2048,2500,0.168,0.168,1,0,0,0,1,1,0,0,0,0,0,0,0,0,0
00002663_000.png,No Finding,0,2663,51,F,PA,2614,2991,0.143,0.143,0,0,0,0,0,0,0,0,0,0,0,0,0,0,0
00002663_001.png,No Finding,1,2663,51,F,PA,2478,2621,0.143,0.143,0,0,0,0,0,0,0,0,0,0,0,0,0,0,0
00002663_002.png,No Finding,2,2663,52,F,PA,2992,2991,0.143,0.143,0,0,0,0,0,0,0,0,0,0,0,0,0,0,0
00002663_003.png,No Finding,3,2663,52,F,PA,2992,2991,0.143,0.143,0,0,0,0,0,0,0,0,0,0,0,0,0,0,0
00002665_003.png,No Finding,3,2665,47,F,PA,2992,2991,0.143,0.143,0,0,0,0,0,0,0,0,0,0,0,0,0,0,0
00002665_004.png,No Finding,4,2665,47,F,AP,2500,2048,0.168,0.168,0,0,0,0,0,0,0,0,0,0,0,0,0,0,0
00002665_005.png,No Finding,5,2665,48,F,PA,2534,2619,0.143,0.143,0,0,0,0,0,0,0,0,0,0,0,0,0,0,0
00002666_000.png,Pneumothorax,0,2666,37,M,AP,2500,2048,0.171,0.171,1,0,0,0,0,0,0,0,1,0,0,0,0,0,0
00002666_002.png,No Finding,1,2666,37,M,PA,2500,2048,0.171,0.171,0,0,0,0,0,0,0,0,0,0,0,0,0,0,0
00002666_001.png,No Finding,2,2666,37,M,AP,2500,2048,0.171,0.171,0,0,0,0,0,0,0,0,0,0,0,0,0,0,0
00002666_003.png,No Finding,3,2666,37,M,PA,2500,2048,0.171,0.171,0,0,0,0,0,0,0,0,0,0,0,0,0,0,0
00002666_004.png,Infiltration,4,2666,37,M,AP,2500,2048,0.171,0.171,1,0,0,0,1,0,0,0,0,0,0,0,0,0,0
00002666_005.png,Infiltration,5,2666,37,M,AP,2500,2048,0.171,0.171,1,0,0,0,1,0,0,0,0,0,0,0,0,0,0
00002666_006.png,Consolidation|Emphysema|Infiltration,6,2666,37,M,AP,2500,2048,0.171,0.171,1,0,0,0,1,0,0,0,0,1,0,1,0,0,0
00002666_007.png,Consolidation,7,2666,37,M,PA,2500,2048,0.171,0.171,1,0,0,0,0,0,0,0,0,1,0,0,0,0,0
00002666_008.png,Pneumothorax,8,2666,37,M,PA,2048,2500,0.171,0.171,1,0,0,0,0,0,0,0,1,0,0,0,0,0,0
00002666_009.png,No Finding,9,2666,37,M,AP,2500,2048,0.171,0.171,0,0,0,0,0,0,0,0,0,0,0,0,0,0,0
00002666_010.png,Infiltration,10,2666,37,M,PA,2048,2500,0.171,0.171,1,0,0,0,1,0,0,0,0,0,0,0,0,0,0
00002667_000.png,Infiltration,0,2667,29,M,AP,3056,2544,0.139,0.139,1,0,0,0,1,0,0,0,0,0,0,0,0,0,0
00002668_000.png,No Finding,0,2668,56,F,PA,2048,2500,0.171,0.171,0,0,0,0,0,0,0,0,0,0,0,0,0,0,0
00002668_001.png,Effusion,1,2668,56,F,PA,2048,2500,0.171,0.171,1,0,0,1,0,0,0,0,0,0,0,0,0,0,0
00002668_002.png,No Finding,2,2668,57,F,PA,2048,2500,0.168,0.168,0,0,0,0,0,0,0,0,0,0,0,0,0,0,0
00002668_003.png,Pneumothorax,3,2668,58,F,PA,2048,2500,0.168,0.168,1,0,0,0,0,0,0,0,1,0,0,0,0,0,0
00002668_004.png,No Finding,4,2668,58,F,PA,2500,2048,0.168,0.168,0,0,0,0,0,0,0,0,0,0,0,0,0,0,0
00002668_005.png,Pneumothorax,5,2668,59,F,PA,2992,2991,0.143,0.143,1,0,0,0,0,0,0,0,1,0,0,0,0,0,0
00002668_006.png,Nodule,6,2668,60,F,PA,2526,2991,0.143,0.143,1,0,0,0,0,0,1,0,0,0,0,0,0,0,0
00002668_007.png,No Finding,7,2668,61,F,PA,2992,2991,0.143,0.143,0,0,0,0,0,0,0,0,0,0,0,0,0,0,0
00002669_000.png,No Finding,0,2669,52,M,PA,2500,2048,0.171,0.171,0,0,0,0,0,0,0,0,0,0,0,0,0,0,0
00002669_001.png,No Finding,1,2669,55,M,PA,2992,2991,0.143,0.143,0,0,0,0,0,0,0,0,0,0,0,0,0,0,0
00002670_000.png,No Finding,0,2670,59,F,PA,2048,2500,0.171,0.171,0,0,0,0,0,0,0,0,0,0,0,0,0,0,0
00002671_000.png,No Finding,0,2671,72,F,PA,1749,2021,0.1943109999999999,0.1943109999999999,0,0,0,0,0,0,0,0,0,0,0,0,0,0,0
00002672_000.png,No Finding,0,2672,45,F,PA,2482,2991,0.143,0.143,0,0,0,0,0,0,0,0,0,0,0,0,0,0,0
00002672_001.png,No Finding,1,2672,46,F,PA,2048,2500,0.168,0.168,0,0,0,0,0,0,0,0,0,0,0,0,0,0,0
00002672_002.png,No Finding,2,2672,46,F,AP,2500,2048,0.168,0.168,0,0,0,0,0,0,0,0,0,0,0,0,0,0,0
00002672_003.png,No Finding,3,2672,46,F,PA,2992,2991,0.143,0.143,0,0,0,0,0,0,0,0,0,0,0,0,0,0,0
00002674_000.png,No Finding,0,2674,61,F,PA,2048,2500,0.171,0.171,0,0,0,0,0,0,0,0,0,0,0,0,0,0,0
00002676_000.png,No Finding,0,2676,44,F,PA,2048,2500,0.171,0.171,0,0,0,0,0,0,0,0,0,0,0,0,0,0,0
00002677_000.png,No Finding,0,2677,37,M,PA,2500,2048,0.168,0.168,0,0,0,0,0,0,0,0,0,0,0,0,0,0,0
00002677_001.png,No Finding,1,2677,38,M,PA,2992,2677,0.143,0.143,0,0,0,0,0,0,0,0,0,0,0,0,0,0,0
00002679_000.png,No Finding,0,2679,24,M,AP,2500,2048,0.168,0.168,0,0,0,0,0,0,0,0,0,0,0,0,0,0,0
00002680_000.png,No Finding,0,2680,27,F,PA,2048,2500,0.171,0.171,0,0,0,0,0,0,0,0,0,0,0,0,0,0,0
00002680_001.png,No Finding,1,2680,29,F,PA,2500,2048,0.168,0.168,0,0,0,0,0,0,0,0,0,0,0,0,0,0,0
00002680_002.png,No Finding,2,2680,30,F,PA,2480,2716,0.143,0.143,0,0,0,0,0,0,0,0,0,0,0,0,0,0,0
00002681_000.png,No Finding,0,2681,85,M,PA,2992,2991,0.143,0.143,0,0,0,0,0,0,0,0,0,0,0,0,0,0,0
00002681_001.png,No Finding,1,2681,85,M,PA,2992,2991,0.143,0.143,0,0,0,0,0,0,0,0,0,0,0,0,0,0,0
00002681_002.png,Edema|Infiltration,2,2681,85,M,PA,2992,2991,0.143,0.143,1,0,0,0,1,0,0,0,0,0,1,0,0,0,0
00002682_000.png,No Finding,0,2682,55,F,PA,2048,2500,0.171,0.171,0,0,0,0,0,0,0,0,0,0,0,0,0,0,0
00002682_001.png,No Finding,1,2682,55,F,AP,2500,2048,0.171,0.171,0,0,0,0,0,0,0,0,0,0,0,0,0,0,0
00002684_000.png,No Finding,0,2684,49,F,PA,2048,2500,0.171,0.171,0,0,0,0,0,0,0,0,0,0,0,0,0,0,0
00002686_000.png,No Finding,0,2686,51,M,PA,2500,2048,0.171,0.171,0,0,0,0,0,0,0,0,0,0,0,0,0,0,0
00002686_001.png,Cardiomegaly,1,2686,52,M,PA,2500,2048,0.171,0.171,1,0,1,0,0,0,0,0,0,0,0,0,0,0,0
00002686_002.png,No Finding,2,2686,53,M,PA,2500,2048,0.168,0.168,0,0,0,0,0,0,0,0,0,0,0,0,0,0,0
00002687_000.png,No Finding,0,2687,47,M,PA,2048,2500,0.171,0.171,0,0,0,0,0,0,0,0,0,0,0,0,0,0,0
00002689_000.png,Infiltration|Pleural_Thickening,0,2689,54,F,PA,2048,2500,0.168,0.168,1,0,0,0,1,0,0,0,0,0,0,0,0,1,0
00002689_001.png,No Finding,1,2689,54,F,PA,2048,2500,0.168,0.168,0,0,0,0,0,0,0,0,0,0,0,0,0,0,0
00002690_001.png,No Finding,0,2690,42,M,PA,2500,2048,0.168,0.168,0,0,0,0,0,0,0,0,0,0,0,0,0,0,0
00002690_002.png,No Finding,1,2690,44,M,PA,2992,2991,0.143,0.143,0,0,0,0,0,0,0,0,0,0,0,0,0,0,0
00002690_003.png,No Finding,2,2690,45,M,PA,2992,2991,0.143,0.143,0,0,0,0,0,0,0,0,0,0,0,0,0,0,0
00002690_004.png,No Finding,3,2690,46,M,PA,2992,2991,0.143,0.143,0,0,0,0,0,0,0,0,0,0,0,0,0,0,0
00002690_000.png,Infiltration,4,2690,51,M,PA,2992,2991,0.143,0.143,1,0,0,0,1,0,0,0,0,0,0,0,0,0,0
00002691_000.png,Infiltration,0,2691,41,F,AP,2500,2048,0.171,0.171,1,0,0,0,1,0,0,0,0,0,0,0,0,0,0
00002691_001.png,Infiltration,1,2691,41,F,AP,2500,2048,0.171,0.171,1,0,0,0,1,0,0,0,0,0,0,0,0,0,0
00002692_000.png,No Finding,0,2692,53,M,PA,2500,2048,0.171,0.171,0,0,0,0,0,0,0,0,0,0,0,0,0,0,0
00002692_001.png,No Finding,1,2692,54,M,PA,2500,2048,0.171,0.171,0,0,0,0,0,0,0,0,0,0,0,0,0,0,0
00002693_000.png,No Finding,0,2693,43,F,PA,2076,2368,0.143,0.143,0,0,0,0,0,0,0,0,0,0,0,0,0,0,0
00002694_000.png,No Finding,0,2694,56,F,PA,2048,2500,0.171,0.171,0,0,0,0,0,0,0,0,0,0,0,0,0,0,0
00002695_000.png,No Finding,0,2695,25,M,PA,2992,2991,0.143,0.143,0,0,0,0,0,0,0,0,0,0,0,0,0,0,0
00002696_000.png,No Finding,0,2696,26,M,AP,3056,2544,0.139,0.139,0,0,0,0,0,0,0,0,0,0,0,0,0,0,0
00002697_000.png,No Finding,0,2697,35,M,PA,2936,2937,0.143,0.143,0,0,0,0,0,0,0,0,0,0,0,0,0,0,0
00002697_001.png,No Finding,1,2697,35,M,AP,2500,2048,0.168,0.168,0,0,0,0,0,0,0,0,0,0,0,0,0,0,0
00002699_000.png,Mass,0,2699,39,M,PA,2500,2048,0.171,0.171,1,0,0,0,0,1,0,0,0,0,0,0,0,0,0
00002699_001.png,No Finding,1,2699,40,M,PA,2500,2048,0.168,0.168,0,0,0,0,0,0,0,0,0,0,0,0,0,0,0
00002701_000.png,No Finding,0,2701,49,F,PA,2048,2500,0.171,0.171,0,0,0,0,0,0,0,0,0,0,0,0,0,0,0
00002701_001.png,No Finding,1,2701,49,F,PA,2048,2500,0.171,0.171,0,0,0,0,0,0,0,0,0,0,0,0,0,0,0
00002701_002.png,No Finding,2,2701,50,F,PA,2048,2500,0.171,0.171,0,0,0,0,0,0,0,0,0,0,0,0,0,0,0
00002701_003.png,No Finding,3,2701,50,F,AP,2500,2048,0.171,0.171,0,0,0,0,0,0,0,0,0,0,0,0,0,0,0
00002701_006.png,No Finding,6,2701,54,F,PA,2992,2991,0.143,0.143,0,0,0,0,0,0,0,0,0,0,0,0,0,0,0
00002701_009.png,Nodule,9,2701,55,F,PA,2992,2991,0.143,0.143,1,0,0,0,0,0,1,0,0,0,0,0,0,0,0
00002702_001.png,No Finding,0,2702,51,F,AP,3056,2544,0.139,0.139,0,0,0,0,0,0,0,0,0,0,0,0,0,0,0
00002702_000.png,Mass,1,2702,51,F,PA,2021,2021,0.1943109999999999,0.1943109999999999,1,0,0,0,0,1,0,0,0,0,0,0,0,0,0
00002702_002.png,Emphysema|Mass,2,2702,51,F,AP,3056,2544,0.139,0.139,1,0,0,0,0,1,0,0,0,0,0,1,0,0,0
00002702_003.png,Emphysema,3,2702,51,F,AP,3056,2544,0.139,0.139,1,0,0,0,0,0,0,0,0,0,0,1,0,0,0
00002702_004.png,No Finding,4,2702,51,F,PA,2021,2021,0.1943109999999999,0.1943109999999999,0,0,0,0,0,0,0,0,0,0,0,0,0,0,0
00002702_005.png,Emphysema|Infiltration,5,2702,51,F,PA,2021,2021,0.1943109999999999,0.1943109999999999,1,0,0,0,1,0,0,0,0,0,0,1,0,0,0
00002702_006.png,Infiltration,6,2702,51,F,PA,2021,2021,0.1943109999999999,0.1943109999999999,1,0,0,0,1,0,0,0,0,0,0,0,0,0,0
00002702_010.png,No Finding,7,2702,51,F,PA,2021,2020,0.1943109999999999,0.1943109999999999,0,0,0,0,0,0,0,0,0,0,0,0,0,0,0
00002702_008.png,Emphysema|Mass,8,2702,51,F,PA,2021,2020,0.1943109999999999,0.1943109999999999,1,0,0,0,0,1,0,0,0,0,0,1,0,0,0
00002702_007.png,Emphysema|Mass,9,2702,51,F,PA,1860,2021,0.1943109999999999,0.1943109999999999,1,0,0,0,0,1,0,0,0,0,0,1,0,0,0
00002702_009.png,Emphysema|Mass|Pneumothorax,10,2702,51,F,PA,2021,2021,0.1943109999999999,0.1943109999999999,1,0,0,0,0,1,0,0,1,0,0,1,0,0,0
00002702_011.png,Effusion|Emphysema|Pneumothorax,11,2702,51,F,PA,2021,2021,0.1943109999999999,0.1943109999999999,1,0,0,1,0,0,0,0,1,0,0,1,0,0,0
00002702_012.png,Emphysema|Mass|Pneumothorax,12,2702,51,F,PA,2021,2020,0.1943109999999999,0.1943109999999999,1,0,0,0,0,1,0,0,1,0,0,1,0,0,0
00002702_013.png,Fibrosis|Infiltration,13,2702,51,F,PA,2021,2021,0.1943109999999999,0.1943109999999999,1,0,0,0,1,0,0,0,0,0,0,0,1,0,0
00002702_014.png,Emphysema|Mass|Pneumothorax,14,2702,51,F,PA,2021,2021,0.1943109999999999,0.1943109999999999,1,0,0,0,0,1,0,0,1,0,0,1,0,0,0
00002703_000.png,No Finding,0,2703,37,F,PA,2048,2500,0.171,0.171,0,0,0,0,0,0,0,0,0,0,0,0,0,0,0
00002704_000.png,No Finding,0,2704,38,F,PA,2048,2500,0.168,0.168,0,0,0,0,0,0,0,0,0,0,0,0,0,0,0
00002704_001.png,No Finding,1,2704,38,F,PA,2048,2500,0.168,0.168,0,0,0,0,0,0,0,0,0,0,0,0,0,0,0
00002704_003.png,No Finding,3,2704,38,F,AP,2500,2048,0.168,0.168,0,0,0,0,0,0,0,0,0,0,0,0,0,0,0
00002704_004.png,No Finding,4,2704,38,F,AP,2500,2048,0.168,0.168,0,0,0,0,0,0,0,0,0,0,0,0,0,0,0
00002704_005.png,No Finding,5,2704,38,F,AP,2048,2500,0.168,0.168,0,0,0,0,0,0,0,0,0,0,0,0,0,0,0
00002704_006.png,Infiltration,6,2704,38,F,AP,2500,2048,0.168,0.168,1,0,0,0,1,0,0,0,0,0,0,0,0,0,0
00002704_007.png,No Finding,7,2704,38,F,AP,2500,2048,0.168,0.168,0,0,0,0,0,0,0,0,0,0,0,0,0,0,0
00002704_009.png,No Finding,9,2704,38,F,PA,2048,2500,0.168,0.168,0,0,0,0,0,0,0,0,0,0,0,0,0,0,0
00002704_010.png,No Finding,10,2704,38,F,AP,2500,2048,0.168,0.168,0,0,0,0,0,0,0,0,0,0,0,0,0,0,0
00002704_011.png,No Finding,11,2704,38,F,AP,2500,2048,0.168,0.168,0,0,0,0,0,0,0,0,0,0,0,0,0,0,0
00002704_014.png,No Finding,13,2704,38,F,AP,2500,2048,0.168,0.168,0,0,0,0,0,0,0,0,0,0,0,0,0,0,0
00002704_013.png,No Finding,14,2704,38,F,AP,2500,2048,0.168,0.168,0,0,0,0,0,0,0,0,0,0,0,0,0,0,0
00002704_015.png,No Finding,15,2704,38,F,AP,2500,2048,0.168,0.168,0,0,0,0,0,0,0,0,0,0,0,0,0,0,0
00002704_016.png,No Finding,16,2704,38,F,PA,2500,2048,0.168,0.168,0,0,0,0,0,0,0,0,0,0,0,0,0,0,0
00002704_017.png,Cardiomegaly|Infiltration,17,2704,38,F,AP,2500,2048,0.168,0.168,1,0,1,0,1,0,0,0,0,0,0,0,0,0,0
00002704_018.png,No Finding,18,2704,38,F,PA,2048,2500,0.168,0.168,0,0,0,0,0,0,0,0,0,0,0,0,0,0,0
00002704_021.png,No Finding,21,2704,39,F,AP,2500,2048,0.168,0.168,0,0,0,0,0,0,0,0,0,0,0,0,0,0,0
00002704_022.png,No Finding,22,2704,39,F,AP,2500,2048,0.168,0.168,0,0,0,0,0,0,0,0,0,0,0,0,0,0,0
00002704_023.png,No Finding,23,2704,39,F,AP,2500,2048,0.168,0.168,0,0,0,0,0,0,0,0,0,0,0,0,0,0,0
00002704_024.png,No Finding,24,2704,39,F,AP,2500,2048,0.168,0.168,0,0,0,0,0,0,0,0,0,0,0,0,0,0,0
00002704_027.png,Infiltration,27,2704,39,F,PA,2048,2500,0.168,0.168,1,0,0,0,1,0,0,0,0,0,0,0,0,0,0
00002704_028.png,Infiltration,28,2704,39,F,PA,2048,2500,0.168,0.168,1,0,0,0,1,0,0,0,0,0,0,0,0,0,0
00002704_029.png,Cardiomegaly,29,2704,39,F,PA,2394,2653,0.143,0.143,1,0,1,0,0,0,0,0,0,0,0,0,0,0,0
00002705_000.png,No Finding,0,2705,57,F,PA,2048,2500,0.171,0.171,0,0,0,0,0,0,0,0,0,0,0,0,0,0,0
00002705_001.png,No Finding,1,2705,60,F,PA,2048,2500,0.168,0.168,0,0,0,0,0,0,0,0,0,0,0,0,0,0,0
00002705_002.png,No Finding,2,2705,61,F,PA,2566,2991,0.143,0.143,0,0,0,0,0,0,0,0,0,0,0,0,0,0,0
00002706_000.png,No Finding,0,2706,48,F,AP,2500,2048,0.171,0.171,0,0,0,0,0,0,0,0,0,0,0,0,0,0,0
00002706_002.png,No Finding,2,2706,49,F,AP,2500,2048,0.168,0.168,0,0,0,0,0,0,0,0,0,0,0,0,0,0,0
00002706_003.png,No Finding,3,2706,49,F,PA,2048,2500,0.168,0.168,0,0,0,0,0,0,0,0,0,0,0,0,0,0,0
00002706_004.png,No Finding,4,2706,49,F,PA,2048,2500,0.168,0.168,0,0,0,0,0,0,0,0,0,0,0,0,0,0,0
00002706_005.png,No Finding,5,2706,49,F,AP,2500,2048,0.168,0.168,0,0,0,0,0,0,0,0,0,0,0,0,0,0,0
00002706_006.png,Infiltration,6,2706,51,F,AP,2500,2048,0.168,0.168,1,0,0,0,1,0,0,0,0,0,0,0,0,0,0
00002707_000.png,No Finding,0,2707,21,F,AP,2500,2048,0.171,0.171,0,0,0,0,0,0,0,0,0,0,0,0,0,0,0
00002707_001.png,Infiltration,1,2707,21,F,AP,2500,2048,0.171,0.171,1,0,0,0,1,0,0,0,0,0,0,0,0,0,0
00002707_002.png,No Finding,2,2707,23,F,PA,2048,2500,0.168,0.168,0,0,0,0,0,0,0,0,0,0,0,0,0,0,0
00002710_000.png,Infiltration|Pneumothorax,0,2710,53,M,PA,2048,2500,0.171,0.171,1,0,0,0,1,0,0,0,1,0,0,0,0,0,0
00002711_000.png,Infiltration|Pneumonia,0,2711,14,M,PA,1904,2117,0.143,0.143,1,0,0,0,1,0,0,1,0,0,0,0,0,0,0
00002713_000.png,No Finding,0,2713,51,F,AP,2500,2048,0.168,0.168,0,0,0,0,0,0,0,0,0,0,0,0,0,0,0
00002714_000.png,No Finding,0,2714,66,M,PA,2500,2048,0.171,0.171,0,0,0,0,0,0,0,0,0,0,0,0,0,0,0
00002714_001.png,No Finding,1,2714,66,M,PA,2500,2048,0.171,0.171,0,0,0,0,0,0,0,0,0,0,0,0,0,0,0
00002715_000.png,No Finding,0,2715,14,F,PA,2048,2500,0.171,0.171,0,0,0,0,0,0,0,0,0,0,0,0,0,0,0
00002716_000.png,Nodule,0,2716,14,F,PA,2048,2500,0.171,0.171,1,0,0,0,0,0,1,0,0,0,0,0,0,0,0
00002717_001.png,No Finding,0,2717,48,F,PA,2992,2991,0.143,0.143,0,0,0,0,0,0,0,0,0,0,0,0,0,0,0
00002717_002.png,No Finding,1,2717,53,F,PA,2722,2805,0.143,0.143,0,0,0,0,0,0,0,0,0,0,0,0,0,0,0
00002717_000.png,No Finding,2,2717,56,F,PA,2021,2021,0.1943109999999999,0.1943109999999999,0,0,0,0,0,0,0,0,0,0,0,0,0,0,0
00002720_000.png,No Finding,0,2720,62,F,AP,2500,2048,0.171,0.171,0,0,0,0,0,0,0,0,0,0,0,0,0,0,0
00002720_001.png,No Finding,1,2720,62,F,AP,2500,2048,0.171,0.171,0,0,0,0,0,0,0,0,0,0,0,0,0,0,0
00002720_003.png,Effusion,3,2720,62,F,AP,2500,2048,0.171,0.171,1,0,0,1,0,0,0,0,0,0,0,0,0,0,0
00002720_005.png,Effusion|Emphysema,5,2720,62,F,PA,2048,2500,0.171,0.171,1,0,0,1,0,0,0,0,0,0,0,1,0,0,0
00002720_006.png,Consolidation,6,2720,62,F,AP,2500,2048,0.171,0.171,1,0,0,0,0,0,0,0,0,1,0,0,0,0,0
00002720_007.png,Effusion,7,2720,62,F,PA,2048,2500,0.171,0.171,1,0,0,1,0,0,0,0,0,0,0,0,0,0,0
00002720_008.png,No Finding,8,2720,62,F,PA,2048,2500,0.171,0.171,0,0,0,0,0,0,0,0,0,0,0,0,0,0,0
00002720_009.png,No Finding,9,2720,62,F,PA,2048,2500,0.171,0.171,0,0,0,0,0,0,0,0,0,0,0,0,0,0,0
00002720_010.png,Emphysema|Infiltration,10,2720,62,F,AP,2500,2048,0.171,0.171,1,0,0,0,1,0,0,0,0,0,0,1,0,0,0
00002720_011.png,Emphysema,11,2720,62,F,AP,2500,2048,0.171,0.171,1,0,0,0,0,0,0,0,0,0,0,1,0,0,0
00002720_012.png,Effusion|Emphysema|Infiltration,12,2720,62,F,AP,2500,2048,0.171,0.171,1,0,0,1,1,0,0,0,0,0,0,1,0,0,0
00002720_013.png,No Finding,13,2720,62,F,AP,2500,2048,0.171,0.171,0,0,0,0,0,0,0,0,0,0,0,0,0,0,0
00002720_015.png,Effusion|Infiltration|Pneumothorax,15,2720,62,F,PA,2500,2048,0.171,0.171,1,0,0,1,1,0,0,0,1,0,0,0,0,0,0
00002720_016.png,Effusion,16,2720,62,F,PA,2048,2500,0.171,0.171,1,0,0,1,0,0,0,0,0,0,0,0,0,0,0
00002720_017.png,No Finding,17,2720,62,F,PA,2048,2500,0.171,0.171,0,0,0,0,0,0,0,0,0,0,0,0,0,0,0
00002720_020.png,Nodule,20,2720,62,F,PA,2048,2500,0.171,0.171,1,0,0,0,0,0,1,0,0,0,0,0,0,0,0
00002720_021.png,Effusion,21,2720,62,F,PA,2048,2500,0.171,0.171,1,0,0,1,0,0,0,0,0,0,0,0,0,0,0
00002720_022.png,Effusion|Infiltration|Nodule,22,2720,62,F,PA,2048,2500,0.171,0.171,1,0,0,1,1,0,1,0,0,0,0,0,0,0,0
00002720_023.png,Mass|Nodule,23,2720,62,F,AP,2500,2048,0.168,0.168,1,0,0,0,0,1,1,0,0,0,0,0,0,0,0
00002720_024.png,No Finding,24,2720,62,F,AP,2500,2048,0.168,0.168,0,0,0,0,0,0,0,0,0,0,0,0,0,0,0
00002720_025.png,Nodule,25,2720,62,F,AP,2500,2048,0.168,0.168,1,0,0,0,0,0,1,0,0,0,0,0,0,0,0
00002723_000.png,No Finding,0,2723,54,F,PA,2500,2048,0.171,0.171,0,0,0,0,0,0,0,0,0,0,0,0,0,0,0
00002723_001.png,No Finding,1,2723,55,F,PA,2500,2048,0.171,0.171,0,0,0,0,0,0,0,0,0,0,0,0,0,0,0
00002723_002.png,No Finding,2,2723,56,F,PA,2500,2048,0.168,0.168,0,0,0,0,0,0,0,0,0,0,0,0,0,0,0
00002723_003.png,No Finding,3,2723,56,F,PA,2500,2048,0.168,0.168,0,0,0,0,0,0,0,0,0,0,0,0,0,0,0
00002723_005.png,No Finding,5,2723,56,F,AP,2500,2048,0.171,0.171,0,0,0,0,0,0,0,0,0,0,0,0,0,0,0
00002723_006.png,Effusion,6,2723,56,F,AP,2500,2048,0.171,0.171,1,0,0,1,0,0,0,0,0,0,0,0,0,0,0
00002723_007.png,Effusion,7,2723,56,F,AP,2500,2048,0.171,0.171,1,0,0,1,0,0,0,0,0,0,0,0,0,0,0
00002723_008.png,Effusion,8,2723,56,F,AP,2500,2048,0.171,0.171,1,0,0,1,0,0,0,0,0,0,0,0,0,0,0
00002723_009.png,Nodule,9,2723,56,F,PA,2500,2048,0.168,0.168,1,0,0,0,0,0,1,0,0,0,0,0,0,0,0
00002723_010.png,No Finding,10,2723,58,F,PA,2992,2991,0.143,0.143,0,0,0,0,0,0,0,0,0,0,0,0,0,0,0
00002723_011.png,No Finding,11,2723,58,F,PA,2992,2991,0.143,0.143,0,0,0,0,0,0,0,0,0,0,0,0,0,0,0
00002723_012.png,No Finding,12,2723,61,F,PA,2992,2991,0.143,0.143,0,0,0,0,0,0,0,0,0,0,0,0,0,0,0
00002724_000.png,Infiltration,0,2724,80,F,PA,2048,2500,0.171,0.171,1,0,0,0,1,0,0,0,0,0,0,0,0,0,0
00002725_000.png,No Finding,0,2725,49,M,PA,3056,2540,0.139,0.139,0,0,0,0,0,0,0,0,0,0,0,0,0,0,0
00002726_000.png,No Finding,0,2726,56,M,PA,2992,2991,0.143,0.143,0,0,0,0,0,0,0,0,0,0,0,0,0,0,0
00002726_001.png,No Finding,1,2726,56,M,AP,2500,2048,0.168,0.168,0,0,0,0,0,0,0,0,0,0,0,0,0,0,0
00002726_002.png,No Finding,2,2726,56,M,AP,2500,2048,0.168,0.168,0,0,0,0,0,0,0,0,0,0,0,0,0,0,0
00002726_003.png,No Finding,3,2726,56,M,PA,2992,2991,0.143,0.143,0,0,0,0,0,0,0,0,0,0,0,0,0,0,0
00002728_002.png,No Finding,0,2728,32,F,PA,2992,2633,0.143,0.143,0,0,0,0,0,0,0,0,0,0,0,0,0,0,0
00002728_003.png,No Finding,1,2728,32,F,AP,2500,2048,0.168,0.168,0,0,0,0,0,0,0,0,0,0,0,0,0,0,0
00002728_004.png,Consolidation|Effusion,2,2728,32,F,PA,2738,2821,0.143,0.143,1,0,0,1,0,0,0,0,0,1,0,0,0,0,0
00002728_005.png,Effusion,3,2728,33,F,PA,2992,2991,0.143,0.143,1,0,0,1,0,0,0,0,0,0,0,0,0,0,0
00002728_006.png,No Finding,4,2728,33,F,AP,2500,2048,0.168,0.168,0,0,0,0,0,0,0,0,0,0,0,0,0,0,0
00002728_007.png,No Finding,5,2728,33,F,PA,2992,2991,0.143,0.143,0,0,0,0,0,0,0,0,0,0,0,0,0,0,0
00002728_008.png,No Finding,6,2728,33,F,PA,2814,2673,0.143,0.143,0,0,0,0,0,0,0,0,0,0,0,0,0,0,0
00002728_009.png,No Finding,7,2728,37,F,PA,2822,2991,0.143,0.143,0,0,0,0,0,0,0,0,0,0,0,0,0,0,0
00002728_010.png,No Finding,8,2728,37,F,PA,2538,2991,0.143,0.143,0,0,0,0,0,0,0,0,0,0,0,0,0,0,0
00002728_000.png,No Finding,9,2728,38,F,PA,2992,2991,0.143,0.143,0,0,0,0,0,0,0,0,0,0,0,0,0,0,0
00002728_001.png,No Finding,10,2728,40,F,PA,2000,2021,0.1943109999999999,0.1943109999999999,0,0,0,0,0,0,0,0,0,0,0,0,0,0,0
00002730_000.png,No Finding,0,2730,47,M,PA,2500,2048,0.171,0.171,0,0,0,0,0,0,0,0,0,0,0,0,0,0,0
00002731_000.png,No Finding,0,2731,50,F,PA,2048,2500,0.171,0.171,0,0,0,0,0,0,0,0,0,0,0,0,0,0,0
00002732_000.png,No Finding,0,2732,73,F,PA,2544,3056,0.139,0.139,0,0,0,0,0,0,0,0,0,0,0,0,0,0,0
00002734_000.png,No Finding,0,2734,71,F,PA,2992,2991,0.143,0.143,0,0,0,0,0,0,0,0,0,0,0,0,0,0,0
00002735_001.png,No Finding,1,2735,61,M,AP,2500,2048,0.168,0.168,0,0,0,0,0,0,0,0,0,0,0,0,0,0,0
00002735_002.png,No Finding,2,2735,61,M,AP,2500,2048,0.168,0.168,0,0,0,0,0,0,0,0,0,0,0,0,0,0,0
00002736_000.png,No Finding,0,2736,47,F,PA,2048,2500,0.171,0.171,0,0,0,0,0,0,0,0,0,0,0,0,0,0,0
00002736_001.png,No Finding,1,2736,48,F,PA,2048,2500,0.171,0.171,0,0,0,0,0,0,0,0,0,0,0,0,0,0,0
00002736_002.png,No Finding,2,2736,52,F,PA,2910,2991,0.143,0.143,0,0,0,0,0,0,0,0,0,0,0,0,0,0,0
00002738_000.png,Fibrosis,0,2738,39,M,PA,2048,2500,0.171,0.171,1,0,0,0,0,0,0,0,0,0,0,0,1,0,0
00002739_000.png,No Finding,0,2739,31,M,PA,2500,2048,0.168,0.168,0,0,0,0,0,0,0,0,0,0,0,0,0,0,0
00002739_001.png,Fibrosis,1,2739,31,M,PA,2500,2048,0.168,0.168,1,0,0,0,0,0,0,0,0,0,0,0,1,0,0
00002739_002.png,No Finding,2,2739,32,M,PA,2992,2991,0.143,0.143,0,0,0,0,0,0,0,0,0,0,0,0,0,0,0
00002739_003.png,No Finding,3,2739,33,M,PA,2992,2991,0.143,0.143,0,0,0,0,0,0,0,0,0,0,0,0,0,0,0
00002739_004.png,No Finding,4,2739,33,M,PA,2992,2991,0.143,0.143,0,0,0,0,0,0,0,0,0,0,0,0,0,0,0
00002739_005.png,No Finding,5,2739,35,M,PA,2992,2991,0.143,0.143,0,0,0,0,0,0,0,0,0,0,0,0,0,0,0
00002739_006.png,Infiltration,6,2739,36,M,PA,2992,2991,0.143,0.143,1,0,0,0,1,0,0,0,0,0,0,0,0,0,0
00002740_000.png,No Finding,0,2740,13,M,PA,2992,2991,0.143,0.143,0,0,0,0,0,0,0,0,0,0,0,0,0,0,0
00002740_001.png,No Finding,1,2740,13,M,AP,2500,2048,0.168,0.168,0,0,0,0,0,0,0,0,0,0,0,0,0,0,0
00002741_000.png,No Finding,0,2741,36,M,PA,2500,2048,0.171,0.171,0,0,0,0,0,0,0,0,0,0,0,0,0,0,0
00002742_000.png,Cardiomegaly,0,2742,36,F,PA,2048,2500,0.171,0.171,1,0,1,0,0,0,0,0,0,0,0,0,0,0,0
00002742_001.png,No Finding,1,2742,37,F,PA,2500,2048,0.171,0.171,0,0,0,0,0,0,0,0,0,0,0,0,0,0,0
00002743_000.png,No Finding,0,2743,65,M,PA,2500,2048,0.171,0.171,0,0,0,0,0,0,0,0,0,0,0,0,0,0,0
00002743_001.png,No Finding,1,2743,65,M,PA,2500,2048,0.171,0.171,0,0,0,0,0,0,0,0,0,0,0,0,0,0,0
00002743_002.png,No Finding,2,2743,67,M,PA,2500,2048,0.168,0.168,0,0,0,0,0,0,0,0,0,0,0,0,0,0,0
00002743_003.png,No Finding,3,2743,67,M,PA,2500,2048,0.168,0.168,0,0,0,0,0,0,0,0,0,0,0,0,0,0,0
00002743_004.png,No Finding,4,2743,68,M,PA,2992,2991,0.143,0.143,0,0,0,0,0,0,0,0,0,0,0,0,0,0,0
00002743_005.png,No Finding,5,2743,69,M,PA,2992,2991,0.143,0.143,0,0,0,0,0,0,0,0,0,0,0,0,0,0,0
00002743_006.png,Cardiomegaly,6,2743,69,M,PA,2500,2048,0.168,0.168,1,0,1,0,0,0,0,0,0,0,0,0,0,0,0
00002743_007.png,No Finding,7,2743,70,M,PA,2992,2991,0.143,0.143,0,0,0,0,0,0,0,0,0,0,0,0,0,0,0
00002743_008.png,No Finding,8,2743,71,M,PA,2992,2991,0.143,0.143,0,0,0,0,0,0,0,0,0,0,0,0,0,0,0
00002743_009.png,Infiltration,9,2743,73,M,PA,2500,2048,0.168,0.168,1,0,0,0,1,0,0,0,0,0,0,0,0,0,0
00002743_010.png,Infiltration,10,2743,74,M,PA,2992,2991,0.143,0.143,1,0,0,0,1,0,0,0,0,0,0,0,0,0,0
00002745_000.png,No Finding,0,2745,24,F,PA,2048,2500,0.171,0.171,0,0,0,0,0,0,0,0,0,0,0,0,0,0,0
00002745_001.png,No Finding,1,2745,24,F,AP,2500,2048,0.171,0.171,0,0,0,0,0,0,0,0,0,0,0,0,0,0,0
00002746_000.png,No Finding,0,2746,38,M,PA,2500,2048,0.171,0.171,0,0,0,0,0,0,0,0,0,0,0,0,0,0,0
00002747_001.png,No Finding,0,2747,22,F,PA,2048,2500,0.171,0.171,0,0,0,0,0,0,0,0,0,0,0,0,0,0,0
00002747_002.png,No Finding,1,2747,23,F,PA,2500,2048,0.171,0.171,0,0,0,0,0,0,0,0,0,0,0,0,0,0,0
00002747_003.png,No Finding,2,2747,25,F,PA,2048,2500,0.168,0.168,0,0,0,0,0,0,0,0,0,0,0,0,0,0,0
00002747_004.png,No Finding,3,2747,29,F,PA,2486,2991,0.143,0.143,0,0,0,0,0,0,0,0,0,0,0,0,0,0,0
00002747_000.png,No Finding,4,2747,35,F,PA,2992,2991,0.143,0.143,0,0,0,0,0,0,0,0,0,0,0,0,0,0,0
00002748_000.png,No Finding,0,2748,23,F,PA,2048,2500,0.171,0.171,0,0,0,0,0,0,0,0,0,0,0,0,0,0,0
00002748_001.png,No Finding,1,2748,24,F,PA,2048,2500,0.168,0.168,0,0,0,0,0,0,0,0,0,0,0,0,0,0,0
00002748_002.png,No Finding,2,2748,29,F,PA,2670,2991,0.143,0.143,0,0,0,0,0,0,0,0,0,0,0,0,0,0,0
00002749_000.png,No Finding,0,2749,25,M,PA,2048,2500,0.171,0.171,0,0,0,0,0,0,0,0,0,0,0,0,0,0,0
00002751_000.png,No Finding,0,2751,35,F,PA,2048,2500,0.171,0.171,0,0,0,0,0,0,0,0,0,0,0,0,0,0,0
00002752_000.png,No Finding,0,2752,23,F,PA,2992,2991,0.143,0.143,0,0,0,0,0,0,0,0,0,0,0,0,0,0,0
00002752_001.png,No Finding,1,2752,23,F,PA,2438,2449,0.143,0.143,0,0,0,0,0,0,0,0,0,0,0,0,0,0,0
00002752_002.png,No Finding,2,2752,27,F,PA,2048,2500,0.168,0.168,0,0,0,0,0,0,0,0,0,0,0,0,0,0,0
00002757_000.png,No Finding,0,2757,49,F,PA,2638,2991,0.143,0.143,0,0,0,0,0,0,0,0,0,0,0,0,0,0,0
00002757_001.png,Pneumothorax,1,2757,51,F,PA,2990,2807,0.143,0.143,1,0,0,0,0,0,0,0,1,0,0,0,0,0,0
00002757_002.png,No Finding,2,2757,52,F,PA,2854,2805,0.143,0.143,0,0,0,0,0,0,0,0,0,0,0,0,0,0,0
00002759_000.png,Consolidation|Nodule,0,2759,27,M,PA,2500,2048,0.171,0.171,1,0,0,0,0,0,1,0,0,1,0,0,0,0,0
00002759_001.png,Mass,1,2759,27,M,PA,2500,2048,0.168,0.168,1,0,0,0,0,1,0,0,0,0,0,0,0,0,0
00002759_002.png,Mass|Nodule,2,2759,28,M,PA,2500,2048,0.168,0.168,1,0,0,0,0,1,1,0,0,0,0,0,0,0,0
00002761_000.png,No Finding,0,2761,43,F,PA,2992,2991,0.143,0.143,0,0,0,0,0,0,0,0,0,0,0,0,0,0,0
00002761_001.png,No Finding,1,2761,44,F,PA,2992,2991,0.143,0.143,0,0,0,0,0,0,0,0,0,0,0,0,0,0,0
00002763_000.png,No Finding,0,2763,44,F,PA,2048,2500,0.171,0.171,0,0,0,0,0,0,0,0,0,0,0,0,0,0,0
00002763_001.png,Fibrosis,1,2763,44,F,PA,2048,2500,0.168,0.168,1,0,0,0,0,0,0,0,0,0,0,0,1,0,0
00002763_002.png,Fibrosis,2,2763,44,F,AP,2500,2048,0.168,0.168,1,0,0,0,0,0,0,0,0,0,0,0,1,0,0
00002763_004.png,No Finding,4,2763,47,F,PA,2992,2991,0.143,0.143,0,0,0,0,0,0,0,0,0,0,0,0,0,0,0
00002763_008.png,Infiltration,8,2763,50,F,AP,2500,2048,0.168,0.168,1,0,0,0,1,0,0,0,0,0,0,0,0,0,0
00002763_009.png,Effusion|Infiltration,9,2763,50,F,AP,2500,2048,0.168,0.168,1,0,0,1,1,0,0,0,0,0,0,0,0,0,0
00002763_010.png,No Finding,10,2763,50,F,PA,2606,2991,0.143,0.143,0,0,0,0,0,0,0,0,0,0,0,0,0,0,0
00002763_011.png,No Finding,11,2763,50,F,PA,2782,2709,0.143,0.143,0,0,0,0,0,0,0,0,0,0,0,0,0,0,0
00002763_012.png,Effusion|Infiltration,12,2763,51,F,PA,2718,2709,0.143,0.143,1,0,0,1,1,0,0,0,0,0,0,0,0,0,0
00002763_013.png,Effusion|Infiltration,13,2763,51,F,PA,2992,2991,0.143,0.143,1,0,0,1,1,0,0,0,0,0,0,0,0,0,0
00002763_014.png,Effusion|Infiltration,14,2763,52,F,PA,2992,2991,0.143,0.143,1,0,0,1,1,0,0,0,0,0,0,0,0,0,0
00002763_015.png,Effusion,15,2763,52,F,PA,2992,2991,0.143,0.143,1,0,0,1,0,0,0,0,0,0,0,0,0,0,0
00002763_017.png,Effusion,17,2763,52,F,PA,2694,2377,0.143,0.143,1,0,0,1,0,0,0,0,0,0,0,0,0,0,0
00002763_018.png,Effusion,18,2763,52,F,PA,2992,2991,0.143,0.143,1,0,0,1,0,0,0,0,0,0,0,0,0,0,0
00002763_019.png,Effusion,19,2763,52,F,AP,3056,2544,0.139,0.139,1,0,0,1,0,0,0,0,0,0,0,0,0,0,0
00002763_020.png,Effusion,20,2763,52,F,AP,3056,2544,0.139,0.139,1,0,0,1,0,0,0,0,0,0,0,0,0,0,0
00002763_022.png,Effusion|Infiltration,21,2763,52,F,AP,3056,2544,0.139,0.139,1,0,0,1,1,0,0,0,0,0,0,0,0,0,0
00002763_021.png,Effusion|Infiltration,22,2763,52,F,AP,3056,2544,0.139,0.139,1,0,0,1,1,0,0,0,0,0,0,0,0,0,0
00002763_023.png,Effusion|Infiltration,23,2763,52,F,AP,3056,2544,0.139,0.139,1,0,0,1,1,0,0,0,0,0,0,0,0,0,0
00002763_024.png,Infiltration,24,2763,52,F,AP,3056,2544,0.139,0.139,1,0,0,0,1,0,0,0,0,0,0,0,0,0,0
00002763_025.png,No Finding,25,2763,52,F,AP,3040,2544,0.139,0.139,0,0,0,0,0,0,0,0,0,0,0,0,0,0,0
00002763_026.png,No Finding,26,2763,52,F,AP,3056,2544,0.139,0.139,0,0,0,0,0,0,0,0,0,0,0,0,0,0,0
00002763_029.png,Consolidation|Effusion|Infiltration,29,2763,52,F,AP,3056,2544,0.139,0.139,1,0,0,1,1,0,0,0,0,1,0,0,0,0,0
00002763_030.png,Consolidation|Infiltration,30,2763,52,F,PA,2544,3056,0.139,0.139,1,0,0,0,1,0,0,0,0,1,0,0,0,0,0
00002763_031.png,Cardiomegaly|Effusion,31,2763,52,F,PA,2992,2991,0.143,0.143,1,0,1,1,0,0,0,0,0,0,0,0,0,0,0
00002763_032.png,Cardiomegaly|Effusion|Infiltration|Nodule,32,2763,52,F,AP,3056,2544,0.139,0.139,1,0,1,1,1,0,1,0,0,0,0,0,0,0,0
00002763_033.png,Cardiomegaly|Effusion|Pleural_Thickening,33,2763,53,F,AP,3056,2544,0.139,0.139,1,0,1,1,0,0,0,0,0,0,0,0,0,1,0
00002763_034.png,Consolidation|Edema|Effusion,34,2763,53,F,AP,3056,2544,0.139,0.139,1,0,0,1,0,0,0,0,0,1,1,0,0,0,0
00002763_035.png,Effusion|Infiltration|Nodule,35,2763,53,F,AP,3056,2544,0.139,0.139,1,0,0,1,1,0,1,0,0,0,0,0,0,0,0
00002763_036.png,No Finding,36,2763,53,F,AP,3056,2544,0.139,0.139,0,0,0,0,0,0,0,0,0,0,0,0,0,0,0
00002763_037.png,No Finding,37,2763,53,F,AP,3056,2544,0.139,0.139,0,0,0,0,0,0,0,0,0,0,0,0,0,0,0
00002767_000.png,No Finding,0,2767,53,F,PA,2992,2761,0.143,0.143,0,0,0,0,0,0,0,0,0,0,0,0,0,0,0
00002768_000.png,No Finding,0,2768,49,F,PA,2048,2500,0.168,0.168,0,0,0,0,0,0,0,0,0,0,0,0,0,0,0
00002769_001.png,No Finding,0,2769,37,F,PA,2048,2500,0.171,0.171,0,0,0,0,0,0,0,0,0,0,0,0,0,0,0
00002769_002.png,No Finding,1,2769,39,F,PA,2574,2991,0.143,0.143,0,0,0,0,0,0,0,0,0,0,0,0,0,0,0
00002769_000.png,No Finding,2,2769,47,F,PA,2544,3056,0.139,0.139,0,0,0,0,0,0,0,0,0,0,0,0,0,0,0
00002771_000.png,No Finding,0,2771,73,F,PA,2048,2500,0.168,0.168,0,0,0,0,0,0,0,0,0,0,0,0,0,0,0
00002772_000.png,No Finding,0,2772,25,F,PA,2826,2493,0.143,0.143,0,0,0,0,0,0,0,0,0,0,0,0,0,0,0
00002774_000.png,Infiltration,0,2774,30,M,PA,2048,2500,0.171,0.171,1,0,0,0,1,0,0,0,0,0,0,0,0,0,0
00002774_001.png,Infiltration,1,2774,30,M,PA,2048,2500,0.171,0.171,1,0,0,0,1,0,0,0,0,0,0,0,0,0,0
00002775_000.png,No Finding,0,2775,41,F,PA,2500,2048,0.171,0.171,0,0,0,0,0,0,0,0,0,0,0,0,0,0,0
00002775_001.png,No Finding,1,2775,44,F,PA,2048,2500,0.168,0.168,0,0,0,0,0,0,0,0,0,0,0,0,0,0,0
00002775_002.png,No Finding,2,2775,45,F,PA,2758,2991,0.143,0.143,0,0,0,0,0,0,0,0,0,0,0,0,0,0,0
00002775_003.png,No Finding,3,2775,45,F,AP,2500,2048,0.168,0.168,0,0,0,0,0,0,0,0,0,0,0,0,0,0,0
00002775_004.png,No Finding,4,2775,45,F,PA,2834,2749,0.143,0.143,0,0,0,0,0,0,0,0,0,0,0,0,0,0,0
00002775_005.png,Pleural_Thickening,5,2775,45,F,PA,2992,2991,0.143,0.143,1,0,0,0,0,0,0,0,0,0,0,0,0,1,0
00002775_006.png,No Finding,6,2775,46,F,PA,2986,2991,0.143,0.143,0,0,0,0,0,0,0,0,0,0,0,0,0,0,0
00002775_007.png,No Finding,7,2775,47,F,PA,2554,2553,0.143,0.143,0,0,0,0,0,0,0,0,0,0,0,0,0,0,0
00002775_008.png,No Finding,8,2775,49,F,PA,2992,2991,0.143,0.143,0,0,0,0,0,0,0,0,0,0,0,0,0,0,0
00002777_000.png,Effusion|Pleural_Thickening,0,2777,57,F,PA,2048,2500,0.171,0.171,1,0,0,1,0,0,0,0,0,0,0,0,0,1,0
00002778_000.png,No Finding,0,2778,58,F,PA,2992,2991,0.143,0.143,0,0,0,0,0,0,0,0,0,0,0,0,0,0,0
00002780_000.png,No Finding,0,2780,56,M,PA,2992,2991,0.143,0.143,0,0,0,0,0,0,0,0,0,0,0,0,0,0,0
00002782_000.png,No Finding,0,2782,47,M,PA,2992,2991,0.143,0.143,0,0,0,0,0,0,0,0,0,0,0,0,0,0,0
00002783_000.png,No Finding,0,2783,12,M,PA,2048,2500,0.171,0.171,0,0,0,0,0,0,0,0,0,0,0,0,0,0,0
00002783_001.png,No Finding,1,2783,13,M,PA,2048,2500,0.168,0.168,0,0,0,0,0,0,0,0,0,0,0,0,0,0,0
00002783_002.png,No Finding,2,2783,13,M,PA,2048,2500,0.168,0.168,0,0,0,0,0,0,0,0,0,0,0,0,0,0,0
00002784_000.png,No Finding,0,2784,35,F,AP,2500,2048,0.171,0.171,0,0,0,0,0,0,0,0,0,0,0,0,0,0,0
00002784_001.png,No Finding,1,2784,35,F,PA,2048,2500,0.171,0.171,0,0,0,0,0,0,0,0,0,0,0,0,0,0,0
00002784_002.png,No Finding,2,2784,35,F,PA,2048,2500,0.171,0.171,0,0,0,0,0,0,0,0,0,0,0,0,0,0,0
00002785_000.png,No Finding,0,2785,42,M,AP,2500,2048,0.171,0.171,0,0,0,0,0,0,0,0,0,0,0,0,0,0,0
00002785_001.png,Infiltration|Nodule,1,2785,42,M,AP,2500,2048,0.171,0.171,1,0,0,0,1,0,1,0,0,0,0,0,0,0,0
00002785_002.png,No Finding,2,2785,42,M,AP,2500,2048,0.171,0.171,0,0,0,0,0,0,0,0,0,0,0,0,0,0,0
00002785_003.png,No Finding,3,2785,42,M,AP,2500,2048,0.171,0.171,0,0,0,0,0,0,0,0,0,0,0,0,0,0,0
00002785_004.png,Consolidation,4,2785,42,M,AP,2500,2048,0.171,0.171,1,0,0,0,0,0,0,0,0,1,0,0,0,0,0
00002785_005.png,Consolidation|Effusion,5,2785,42,M,AP,2500,2048,0.171,0.171,1,0,0,1,0,0,0,0,0,1,0,0,0,0,0
00002785_006.png,Consolidation|Effusion,6,2785,42,M,AP,2500,2048,0.171,0.171,1,0,0,1,0,0,0,0,0,1,0,0,0,0,0
00002786_000.png,Pneumothorax,0,2786,48,F,PA,2048,2500,0.171,0.171,1,0,0,0,0,0,0,0,1,0,0,0,0,0,0
00002786_001.png,Pneumothorax,1,2786,48,F,PA,2048,2500,0.171,0.171,1,0,0,0,0,0,0,0,1,0,0,0,0,0,0
00002787_000.png,No Finding,0,2787,30,F,PA,2048,2500,0.171,0.171,0,0,0,0,0,0,0,0,0,0,0,0,0,0,0
00002787_001.png,Pneumothorax,1,2787,36,F,PA,2992,2989,0.143,0.143,1,0,0,0,0,0,0,0,1,0,0,0,0,0,0
00002789_000.png,No Finding,0,2789,60,F,PA,2458,2991,0.143,0.143,0,0,0,0,0,0,0,0,0,0,0,0,0,0,0
00002790_000.png,No Finding,0,2790,54,F,PA,2500,2048,0.171,0.171,0,0,0,0,0,0,0,0,0,0,0,0,0,0,0
00002790_001.png,No Finding,1,2790,55,F,PA,2048,2500,0.168,0.168,0,0,0,0,0,0,0,0,0,0,0,0,0,0,0
00002790_002.png,No Finding,2,2790,55,F,PA,2500,2048,0.168,0.168,0,0,0,0,0,0,0,0,0,0,0,0,0,0,0
00002790_003.png,No Finding,3,2790,56,F,PA,2500,2048,0.168,0.168,0,0,0,0,0,0,0,0,0,0,0,0,0,0,0
00002791_000.png,Effusion,0,2791,58,F,AP,2500,2048,0.171,0.171,1,0,0,1,0,0,0,0,0,0,0,0,0,0,0
00002791_001.png,Effusion,1,2791,58,F,PA,2048,2500,0.171,0.171,1,0,0,1,0,0,0,0,0,0,0,0,0,0,0
00002792_000.png,No Finding,0,2792,51,F,PA,2500,2048,0.168,0.168,0,0,0,0,0,0,0,0,0,0,0,0,0,0,0
00002795_000.png,No Finding,0,2795,33,F,PA,2582,2585,0.143,0.143,0,0,0,0,0,0,0,0,0,0,0,0,0,0,0
00002796_004.png,No Finding,0,2796,55,F,PA,2048,2500,0.171,0.171,0,0,0,0,0,0,0,0,0,0,0,0,0,0,0
00002796_005.png,No Finding,1,2796,56,F,PA,2048,2500,0.168,0.168,0,0,0,0,0,0,0,0,0,0,0,0,0,0,0
00002796_006.png,No Finding,2,2796,58,F,PA,2582,2991,0.143,0.143,0,0,0,0,0,0,0,0,0,0,0,0,0,0,0
00002796_007.png,No Finding,3,2796,59,F,PA,2454,2581,0.143,0.143,0,0,0,0,0,0,0,0,0,0,0,0,0,0,0
00002796_008.png,No Finding,4,2796,61,F,PA,2494,2991,0.143,0.143,0,0,0,0,0,0,0,0,0,0,0,0,0,0,0
00002796_009.png,No Finding,5,2796,62,F,PA,2242,2593,0.143,0.143,0,0,0,0,0,0,0,0,0,0,0,0,0,0,0
00002796_010.png,Pneumothorax,6,2796,63,F,PA,2814,2991,0.143,0.143,1,0,0,0,0,0,0,0,1,0,0,0,0,0,0
00002796_000.png,Pneumothorax,7,2796,64,F,PA,2660,2991,0.143,0.143,1,0,0,0,0,0,0,0,1,0,0,0,0,0,0
00002796_001.png,Fibrosis,8,2796,65,F,PA,2992,2991,0.143,0.143,1,0,0,0,0,0,0,0,0,0,0,0,1,0,0
00002796_002.png,Pneumothorax,9,2796,65,F,PA,2558,2357,0.143,0.143,1,0,0,0,0,0,0,0,1,0,0,0,0,0,0
00002796_003.png,No Finding,10,2796,66,F,PA,2544,3056,0.139,0.139,0,0,0,0,0,0,0,0,0,0,0,0,0,0,0
00002797_000.png,No Finding,0,2797,47,F,PA,2500,2048,0.168,0.168,0,0,0,0,0,0,0,0,0,0,0,0,0,0,0
00002798_000.png,No Finding,0,2798,67,M,PA,2048,2500,0.171,0.171,0,0,0,0,0,0,0,0,0,0,0,0,0,0,0
00002798_001.png,No Finding,1,2798,68,M,AP,2500,2048,0.171,0.171,0,0,0,0,0,0,0,0,0,0,0,0,0,0,0
00002798_002.png,No Finding,2,2798,68,M,PA,2500,2048,0.171,0.171,0,0,0,0,0,0,0,0,0,0,0,0,0,0,0
00002798_003.png,Cardiomegaly,3,2798,70,M,PA,2500,2048,0.168,0.168,1,0,1,0,0,0,0,0,0,0,0,0,0,0,0
00002799_000.png,No Finding,0,2799,50,F,PA,2048,2500,0.171,0.171,0,0,0,0,0,0,0,0,0,0,0,0,0,0,0
00002800_000.png,No Finding,0,2800,30,M,PA,2500,2048,0.171,0.171,0,0,0,0,0,0,0,0,0,0,0,0,0,0,0
00002800_001.png,No Finding,1,2800,31,M,PA,2500,2048,0.171,0.171,0,0,0,0,0,0,0,0,0,0,0,0,0,0,0
00002800_002.png,No Finding,2,2800,32,M,PA,2500,2048,0.168,0.168,0,0,0,0,0,0,0,0,0,0,0,0,0,0,0
00002800_003.png,No Finding,3,2800,34,M,PA,2802,2773,0.143,0.143,0,0,0,0,0,0,0,0,0,0,0,0,0,0,0
00002801_000.png,No Finding,0,2801,36,M,PA,2500,2048,0.171,0.171,0,0,0,0,0,0,0,0,0,0,0,0,0,0,0
00002801_001.png,No Finding,1,2801,38,M,PA,2500,2048,0.168,0.168,0,0,0,0,0,0,0,0,0,0,0,0,0,0,0
00002802_001.png,No Finding,1,2802,47,M,AP,3056,2544,0.139,0.139,0,0,0,0,0,0,0,0,0,0,0,0,0,0,0
00002802_002.png,No Finding,2,2802,47,M,AP,3056,2544,0.139,0.139,0,0,0,0,0,0,0,0,0,0,0,0,0,0,0
00002802_003.png,Consolidation,3,2802,47,M,AP,3056,2544,0.139,0.139,1,0,0,0,0,0,0,0,0,1,0,0,0,0,0
00002802_004.png,No Finding,5,2802,47,M,AP,3056,2544,0.139,0.139,0,0,0,0,0,0,0,0,0,0,0,0,0,0,0
00002802_007.png,No Finding,7,2802,47,M,AP,3056,2544,0.139,0.139,0,0,0,0,0,0,0,0,0,0,0,0,0,0,0
00002802_011.png,No Finding,11,2802,48,M,AP,3056,2544,0.139,0.139,0,0,0,0,0,0,0,0,0,0,0,0,0,0,0
00002804_000.png,No Finding,0,2804,34,F,PA,2048,2500,0.168,0.168,0,0,0,0,0,0,0,0,0,0,0,0,0,0,0
00002807_000.png,No Finding,0,2807,39,F,PA,2500,2048,0.171,0.171,0,0,0,0,0,0,0,0,0,0,0,0,0,0,0
00002809_000.png,No Finding,0,2809,46,F,PA,2048,2500,0.168,0.168,0,0,0,0,0,0,0,0,0,0,0,0,0,0,0
00002810_000.png,Pleural_Thickening,0,2810,44,F,PA,2048,2500,0.168,0.168,1,0,0,0,0,0,0,0,0,0,0,0,0,1,0
00002811_000.png,No Finding,0,2811,7,M,PA,2048,2500,0.171,0.171,0,0,0,0,0,0,0,0,0,0,0,0,0,0,0
00002811_001.png,No Finding,1,2811,11,M,PA,2048,2500,0.168,0.168,0,0,0,0,0,0,0,0,0,0,0,0,0,0,0
00002811_002.png,No Finding,2,2811,12,M,PA,2266,2449,0.143,0.143,0,0,0,0,0,0,0,0,0,0,0,0,0,0,0
00002811_003.png,No Finding,3,2811,16,M,PA,2482,2991,0.143,0.143,0,0,0,0,0,0,0,0,0,0,0,0,0,0,0
00002812_000.png,No Finding,0,2812,62,F,PA,2500,2048,0.168,0.168,0,0,0,0,0,0,0,0,0,0,0,0,0,0,0
00002812_001.png,No Finding,1,2812,62,F,AP,2500,2048,0.168,0.168,0,0,0,0,0,0,0,0,0,0,0,0,0,0,0
00002814_000.png,Infiltration,0,2814,50,M,PA,2500,2048,0.168,0.168,1,0,0,0,1,0,0,0,0,0,0,0,0,0,0
00002815_001.png,No Finding,0,2815,28,F,PA,2048,2500,0.168,0.168,0,0,0,0,0,0,0,0,0,0,0,0,0,0,0
00002815_002.png,No Finding,1,2815,30,F,PA,2048,2500,0.168,0.168,0,0,0,0,0,0,0,0,0,0,0,0,0,0,0
00002815_003.png,No Finding,2,2815,31,F,AP,2048,2500,0.168,0.168,0,0,0,0,0,0,0,0,0,0,0,0,0,0,0
00002815_004.png,No Finding,3,2815,35,F,PA,2534,2597,0.143,0.143,0,0,0,0,0,0,0,0,0,0,0,0,0,0,0
00002815_000.png,Infiltration,4,2815,37,F,PA,2626,2991,0.143,0.143,1,0,0,0,1,0,0,0,0,0,0,0,0,0,0
00002817_007.png,Pneumothorax,2,2817,66,F,PA,2598,2285,0.143,0.143,1,0,0,0,0,0,0,0,1,0,0,0,0,0,0
00002817_008.png,No Finding,3,2817,67,F,PA,2662,2265,0.143,0.143,0,0,0,0,0,0,0,0,0,0,0,0,0,0,0
00002817_009.png,Pneumothorax,4,2817,67,F,PA,2992,2991,0.143,0.143,1,0,0,0,0,0,0,0,1,0,0,0,0,0,0
00002817_010.png,No Finding,5,2817,68,F,PA,2048,2500,0.168,0.168,0,0,0,0,0,0,0,0,0,0,0,0,0,0,0
00002817_011.png,No Finding,6,2817,69,F,PA,2992,2991,0.143,0.143,0,0,0,0,0,0,0,0,0,0,0,0,0,0,0
00002817_012.png,Pneumothorax,7,2817,70,F,PA,2578,2597,0.143,0.143,1,0,0,0,0,0,0,0,1,0,0,0,0,0,0
00002817_013.png,No Finding,8,2817,71,F,PA,2992,2991,0.143,0.143,0,0,0,0,0,0,0,0,0,0,0,0,0,0,0
00002817_000.png,No Finding,9,2817,72,F,PA,2992,2991,0.143,0.143,0,0,0,0,0,0,0,0,0,0,0,0,0,0,0
00002817_003.png,No Finding,12,2817,74,F,PA,2544,3056,0.139,0.139,0,0,0,0,0,0,0,0,0,0,0,0,0,0,0
00002817_004.png,No Finding,13,2817,75,F,PA,1809,2021,0.1943109999999999,0.1943109999999999,0,0,0,0,0,0,0,0,0,0,0,0,0,0,0
00002819_000.png,No Finding,0,2819,54,M,PA,2500,2048,0.168,0.168,0,0,0,0,0,0,0,0,0,0,0,0,0,0,0
00002822_000.png,No Finding,0,2822,55,M,PA,2992,2991,0.143,0.143,0,0,0,0,0,0,0,0,0,0,0,0,0,0,0
00002825_004.png,No Finding,0,2825,60,F,PA,2048,2500,0.168,0.168,0,0,0,0,0,0,0,0,0,0,0,0,0,0,0
00002825_005.png,No Finding,1,2825,60,F,PA,2048,2500,0.168,0.168,0,0,0,0,0,0,0,0,0,0,0,0,0,0,0
00002825_006.png,No Finding,2,2825,61,F,PA,2992,2991,0.143,0.143,0,0,0,0,0,0,0,0,0,0,0,0,0,0,0
00002825_007.png,Pneumothorax,3,2825,62,F,PA,2202,2461,0.143,0.143,1,0,0,0,0,0,0,0,1,0,0,0,0,0,0
00002825_008.png,Consolidation|Pneumothorax,4,2825,62,F,PA,2048,2500,0.168,0.168,1,0,0,0,0,0,0,0,1,1,0,0,0,0,0
00002825_009.png,No Finding,5,2825,63,F,PA,2576,2565,0.143,0.143,0,0,0,0,0,0,0,0,0,0,0,0,0,0,0
00002825_010.png,No Finding,6,2825,64,F,PA,2992,2991,0.143,0.143,0,0,0,0,0,0,0,0,0,0,0,0,0,0,0
00002825_011.png,Pneumothorax,7,2825,65,F,PA,2992,2991,0.143,0.143,1,0,0,0,0,0,0,0,1,0,0,0,0,0,0
00002825_012.png,No Finding,8,2825,66,F,PA,2898,2329,0.143,0.143,0,0,0,0,0,0,0,0,0,0,0,0,0,0,0
00002825_013.png,No Finding,9,2825,67,F,PA,2740,2156,0.143,0.143,0,0,0,0,0,0,0,0,0,0,0,0,0,0,0
00002825_000.png,No Finding,10,2825,67,F,PA,2992,2991,0.143,0.143,0,0,0,0,0,0,0,0,0,0,0,0,0,0,0
00002825_001.png,No Finding,11,2825,68,F,PA,2992,2991,0.143,0.143,0,0,0,0,0,0,0,0,0,0,0,0,0,0,0
00002825_002.png,Infiltration,12,2825,69,F,PA,2544,3056,0.139,0.139,1,0,0,0,1,0,0,0,0,0,0,0,0,0,0
00002825_003.png,No Finding,13,2825,70,F,PA,1786,2021,0.1943109999999999,0.1943109999999999,0,0,0,0,0,0,0,0,0,0,0,0,0,0,0
00002826_000.png,Pleural_Thickening,0,2826,62,F,PA,2048,2500,0.168,0.168,1,0,0,0,0,0,0,0,0,0,0,0,0,1,0
00002830_000.png,No Finding,0,2830,42,F,PA,2048,2500,0.171,0.171,0,0,0,0,0,0,0,0,0,0,0,0,0,0,0
00002832_000.png,Nodule|Pleural_Thickening,0,2832,62,M,PA,2500,2048,0.171,0.171,1,0,0,0,0,0,1,0,0,0,0,0,0,1,0
00002833_000.png,Consolidation,0,2833,13,F,PA,2048,2500,0.171,0.171,1,0,0,0,0,0,0,0,0,1,0,0,0,0,0
00002834_000.png,No Finding,0,2834,55,M,PA,2500,2048,0.171,0.171,0,0,0,0,0,0,0,0,0,0,0,0,0,0,0
00002834_001.png,Fibrosis,1,2834,60,M,PA,2992,2991,0.143,0.143,1,0,0,0,0,0,0,0,0,0,0,0,1,0,0
00002834_002.png,No Finding,2,2834,60,M,AP,2500,2048,0.168,0.168,0,0,0,0,0,0,0,0,0,0,0,0,0,0,0
00002834_003.png,Nodule,3,2834,60,M,AP,2500,2048,0.168,0.168,1,0,0,0,0,0,1,0,0,0,0,0,0,0,0
00002834_004.png,No Finding,4,2834,64,M,PA,2992,2991,0.143,0.143,0,0,0,0,0,0,0,0,0,0,0,0,0,0,0
00002836_000.png,Infiltration,0,2836,66,M,PA,2500,2048,0.168,0.168,1,0,0,0,1,0,0,0,0,0,0,0,0,0,0
00002838_000.png,No Finding,0,2838,44,M,PA,2048,2500,0.171,0.171,0,0,0,0,0,0,0,0,0,0,0,0,0,0,0
00002839_002.png,No Finding,0,2839,6,M,AP,2500,2048,0.171,0.171,0,0,0,0,0,0,0,0,0,0,0,0,0,0,0
00002839_003.png,No Finding,1,2839,9,M,PA,2322,1750,0.143,0.143,0,0,0,0,0,0,0,0,0,0,0,0,0,0,0
00002839_004.png,No Finding,2,2839,11,M,PA,2254,2009,0.143,0.143,0,0,0,0,0,0,0,0,0,0,0,0,0,0,0
00002839_005.png,No Finding,3,2839,12,M,PA,2678,2693,0.143,0.143,0,0,0,0,0,0,0,0,0,0,0,0,0,0,0
00002839_006.png,No Finding,4,2839,12,M,PA,2992,2991,0.143,0.143,0,0,0,0,0,0,0,0,0,0,0,0,0,0,0
00002839_000.png,No Finding,5,2839,18,M,PA,1742,1866,0.1943109999999999,0.1943109999999999,0,0,0,0,0,0,0,0,0,0,0,0,0,0,0
00002839_001.png,Infiltration,6,2839,19,M,PA,2021,2021,0.1943109999999999,0.1943109999999999,1,0,0,0,1,0,0,0,0,0,0,0,0,0,0
00002840_000.png,Pleural_Thickening,0,2840,32,M,PA,2500,2048,0.171,0.171,1,0,0,0,0,0,0,0,0,0,0,0,0,1,0
00002840_001.png,Mass,1,2840,33,M,PA,2500,2048,0.171,0.171,1,0,0,0,0,1,0,0,0,0,0,0,0,0,0
00002840_002.png,No Finding,2,2840,34,M,PA,2500,2048,0.168,0.168,0,0,0,0,0,0,0,0,0,0,0,0,0,0,0
00002840_003.png,Pleural_Thickening,3,2840,37,M,PA,2992,2991,0.143,0.143,1,0,0,0,0,0,0,0,0,0,0,0,0,1,0
00002840_004.png,Pleural_Thickening,4,2840,38,M,PA,2992,2991,0.143,0.143,1,0,0,0,0,0,0,0,0,0,0,0,0,1,0
00002842_000.png,No Finding,0,2842,58,F,PA,2048,2500,0.171,0.171,0,0,0,0,0,0,0,0,0,0,0,0,0,0,0
00002842_001.png,Infiltration|Nodule,1,2842,58,F,AP,2500,2048,0.171,0.171,1,0,0,0,1,0,1,0,0,0,0,0,0,0,0
00002842_002.png,Infiltration|Nodule,2,2842,58,F,AP,2500,2048,0.171,0.171,1,0,0,0,1,0,1,0,0,0,0,0,0,0,0
00002842_003.png,No Finding,3,2842,58,F,AP,2500,2048,0.171,0.171,0,0,0,0,0,0,0,0,0,0,0,0,0,0,0
00002842_004.png,Effusion,4,2842,58,F,AP,2500,2048,0.171,0.171,1,0,0,1,0,0,0,0,0,0,0,0,0,0,0
00002842_005.png,Effusion|Infiltration,5,2842,58,F,AP,2500,2048,0.171,0.171,1,0,0,1,1,0,0,0,0,0,0,0,0,0,0
00002842_006.png,No Finding,6,2842,58,F,AP,2500,2048,0.171,0.171,0,0,0,0,0,0,0,0,0,0,0,0,0,0,0
00002842_007.png,No Finding,7,2842,58,F,AP,2500,2048,0.171,0.171,0,0,0,0,0,0,0,0,0,0,0,0,0,0,0
00002842_008.png,No Finding,8,2842,58,F,AP,2500,2048,0.171,0.171,0,0,0,0,0,0,0,0,0,0,0,0,0,0,0
00002843_000.png,No Finding,0,2843,56,F,PA,2048,2500,0.171,0.171,0,0,0,0,0,0,0,0,0,0,0,0,0,0,0
00002843_001.png,No Finding,1,2843,56,F,AP,2500,2048,0.171,0.171,0,0,0,0,0,0,0,0,0,0,0,0,0,0,0
00002843_002.png,No Finding,2,2843,56,F,AP,2500,2048,0.171,0.171,0,0,0,0,0,0,0,0,0,0,0,0,0,0,0
00002843_003.png,No Finding,3,2843,56,F,PA,2500,2048,0.171,0.171,0,0,0,0,0,0,0,0,0,0,0,0,0,0,0
00002843_004.png,No Finding,4,2843,56,F,PA,2500,2048,0.171,0.171,0,0,0,0,0,0,0,0,0,0,0,0,0,0,0
00002843_005.png,No Finding,5,2843,56,F,PA,2500,2048,0.171,0.171,0,0,0,0,0,0,0,0,0,0,0,0,0,0,0
00002843_006.png,No Finding,6,2843,56,F,PA,2048,2500,0.171,0.171,0,0,0,0,0,0,0,0,0,0,0,0,0,0,0
00002843_007.png,Emphysema,7,2843,56,F,AP,2500,2048,0.171,0.171,1,0,0,0,0,0,0,0,0,0,0,1,0,0,0
00002843_008.png,Emphysema,8,2843,56,F,AP,2500,2048,0.171,0.171,1,0,0,0,0,0,0,0,0,0,0,1,0,0,0
00002843_010.png,Effusion,10,2843,56,F,PA,2500,2048,0.171,0.171,1,0,0,1,0,0,0,0,0,0,0,0,0,0,0
00002843_014.png,Effusion,14,2843,56,F,PA,2500,2048,0.171,0.171,1,0,0,1,0,0,0,0,0,0,0,0,0,0,0
00002843_015.png,No Finding,15,2843,56,F,AP,2500,2048,0.171,0.171,0,0,0,0,0,0,0,0,0,0,0,0,0,0,0
00002843_018.png,Effusion|Pleural_Thickening,18,2843,57,F,PA,2500,2048,0.168,0.168,1,0,0,1,0,0,0,0,0,0,0,0,0,1,0
00002843_019.png,No Finding,19,2843,59,F,PA,2048,2500,0.168,0.168,0,0,0,0,0,0,0,0,0,0,0,0,0,0,0
00002843_021.png,No Finding,21,2843,60,F,PA,2638,2758,0.143,0.143,0,0,0,0,0,0,0,0,0,0,0,0,0,0,0
00002844_000.png,No Finding,0,2844,42,M,AP,2500,2048,0.168,0.168,0,0,0,0,0,0,0,0,0,0,0,0,0,0,0
00002844_001.png,Pleural_Thickening,1,2844,42,M,PA,2500,2048,0.168,0.168,1,0,0,0,0,0,0,0,0,0,0,0,0,1,0
00002845_000.png,No Finding,0,2845,32,F,PA,2990,2991,0.143,0.143,0,0,0,0,0,0,0,0,0,0,0,0,0,0,0
00002846_004.png,Pneumothorax,0,2846,26,M,AP,2500,2048,0.171,0.171,1,0,0,0,0,0,0,0,1,0,0,0,0,0,0
00002846_005.png,Pneumothorax,1,2846,26,M,AP,2500,2048,0.171,0.171,1,0,0,0,0,0,0,0,1,0,0,0,0,0,0
00002846_006.png,No Finding,2,2846,28,M,PA,2500,2048,0.168,0.168,0,0,0,0,0,0,0,0,0,0,0,0,0,0,0
00002846_007.png,No Finding,3,2846,30,M,PA,2992,2991,0.143,0.143,0,0,0,0,0,0,0,0,0,0,0,0,0,0,0
00002846_008.png,No Finding,4,2846,31,M,PA,2992,2991,0.143,0.143,0,0,0,0,0,0,0,0,0,0,0,0,0,0,0
00002846_009.png,No Finding,5,2846,32,M,PA,2992,2991,0.143,0.143,0,0,0,0,0,0,0,0,0,0,0,0,0,0,0
00002846_010.png,No Finding,6,2846,33,M,PA,2992,2991,0.143,0.143,0,0,0,0,0,0,0,0,0,0,0,0,0,0,0
00002846_011.png,No Finding,7,2846,34,M,PA,2992,2991,0.143,0.143,0,0,0,0,0,0,0,0,0,0,0,0,0,0,0
00002846_012.png,Infiltration,8,2846,34,M,AP,2500,2048,0.168,0.168,1,0,0,0,1,0,0,0,0,0,0,0,0,0,0
00002846_013.png,Consolidation|Effusion|Infiltration|Pneumonia,9,2846,34,M,PA,2892,2967,0.143,0.143,1,0,0,1,1,0,0,1,0,1,0,0,0,0,0
00002846_014.png,No Finding,10,2846,34,M,PA,2500,2048,0.168,0.168,0,0,0,0,0,0,0,0,0,0,0,0,0,0,0
00002846_015.png,No Finding,11,2846,34,M,PA,2992,2991,0.143,0.143,0,0,0,0,0,0,0,0,0,0,0,0,0,0,0
00002846_000.png,No Finding,12,2846,37,M,PA,2992,2991,0.143,0.143,0,0,0,0,0,0,0,0,0,0,0,0,0,0,0
00002846_002.png,Infiltration,14,2846,38,M,PA,2021,2021,0.1943109999999999,0.1943109999999999,1,0,0,0,1,0,0,0,0,0,0,0,0,0,0
00002846_003.png,No Finding,15,2846,38,M,PA,2021,2021,0.1943109999999999,0.1943109999999999,0,0,0,0,0,0,0,0,0,0,0,0,0,0,0
00002847_000.png,No Finding,0,2847,31,M,PA,2500,2048,0.171,0.171,0,0,0,0,0,0,0,0,0,0,0,0,0,0,0
00002847_001.png,No Finding,1,2847,33,M,PA,2048,2500,0.171,0.171,0,0,0,0,0,0,0,0,0,0,0,0,0,0,0
00002847_002.png,No Finding,2,2847,36,M,PA,2992,2991,0.143,0.143,0,0,0,0,0,0,0,0,0,0,0,0,0,0,0
00002847_003.png,No Finding,3,2847,37,M,PA,2782,2991,0.143,0.143,0,0,0,0,0,0,0,0,0,0,0,0,0,0,0
00002847_004.png,No Finding,4,2847,38,M,PA,2500,2048,0.168,0.168,0,0,0,0,0,0,0,0,0,0,0,0,0,0,0
00002849_000.png,No Finding,0,2849,47,M,PA,2992,2991,0.143,0.143,0,0,0,0,0,0,0,0,0,0,0,0,0,0,0
00002850_000.png,No Finding,0,2850,63,F,PA,2048,2500,0.171,0.171,0,0,0,0,0,0,0,0,0,0,0,0,0,0,0
00002852_000.png,No Finding,0,2852,48,M,AP,2048,2500,0.171,0.171,0,0,0,0,0,0,0,0,0,0,0,0,0,0,0
00002854_000.png,No Finding,0,2854,62,M,AP,2500,2048,0.171,0.171,0,0,0,0,0,0,0,0,0,0,0,0,0,0,0
00002854_001.png,No Finding,1,2854,63,M,PA,2500,2048,0.171,0.171,0,0,0,0,0,0,0,0,0,0,0,0,0,0,0
00002855_000.png,No Finding,0,2855,30,M,PA,2500,2048,0.171,0.171,0,0,0,0,0,0,0,0,0,0,0,0,0,0,0
00002856_001.png,No Finding,0,2856,48,F,PA,2992,2991,0.143,0.143,0,0,0,0,0,0,0,0,0,0,0,0,0,0,0
00002856_002.png,No Finding,1,2856,48,F,AP,2500,2048,0.168,0.168,0,0,0,0,0,0,0,0,0,0,0,0,0,0,0
00002856_003.png,No Finding,2,2856,48,F,AP,2500,2048,0.168,0.168,0,0,0,0,0,0,0,0,0,0,0,0,0,0,0
00002856_004.png,No Finding,3,2856,48,F,AP,2500,2048,0.168,0.168,0,0,0,0,0,0,0,0,0,0,0,0,0,0,0
00002856_007.png,Effusion,5,2856,48,F,AP,2500,2048,0.168,0.168,1,0,0,1,0,0,0,0,0,0,0,0,0,0,0
00002856_008.png,Effusion,6,2856,48,F,AP,2500,2048,0.168,0.168,1,0,0,1,0,0,0,0,0,0,0,0,0,0,0
00002856_006.png,Effusion,7,2856,48,F,AP,2500,2048,0.168,0.168,1,0,0,1,0,0,0,0,0,0,0,0,0,0,0
00002856_010.png,Effusion,9,2856,48,F,PA,2622,2991,0.143,0.143,1,0,0,1,0,0,0,0,0,0,0,0,0,0,0
00002856_011.png,No Finding,10,2856,52,F,PA,2762,2991,0.143,0.143,0,0,0,0,0,0,0,0,0,0,0,0,0,0,0
00002856_012.png,Effusion|Infiltration,11,2856,52,F,AP,3056,2544,0.139,0.139,1,0,0,1,1,0,0,0,0,0,0,0,0,0,0
00002856_021.png,Infiltration,20,2856,53,F,PA,2992,2921,0.143,0.143,1,0,0,0,1,0,0,0,0,0,0,0,0,0,0
00002856_022.png,Effusion|Infiltration,21,2856,53,F,AP,3056,2544,0.139,0.139,1,0,0,1,1,0,0,0,0,0,0,0,0,0,0
00002856_024.png,Effusion,23,2856,53,F,AP,3056,2544,0.139,0.139,1,0,0,1,0,0,0,0,0,0,0,0,0,0,0
00002856_000.png,No Finding,26,2856,54,F,PA,2960,2812,0.143,0.143,0,0,0,0,0,0,0,0,0,0,0,0,0,0,0
00002857_000.png,No Finding,0,2857,66,F,PA,2048,2500,0.171,0.171,0,0,0,0,0,0,0,0,0,0,0,0,0,0,0
00002858_000.png,No Finding,0,2858,57,F,PA,2048,2500,0.171,0.171,0,0,0,0,0,0,0,0,0,0,0,0,0,0,0
00002858_001.png,No Finding,1,2858,59,F,PA,2048,2500,0.168,0.168,0,0,0,0,0,0,0,0,0,0,0,0,0,0,0
00002858_002.png,No Finding,2,2858,60,F,PA,2048,2500,0.168,0.168,0,0,0,0,0,0,0,0,0,0,0,0,0,0,0
00002858_003.png,No Finding,3,2858,61,F,PA,2570,2991,0.143,0.143,0,0,0,0,0,0,0,0,0,0,0,0,0,0,0
00002858_004.png,No Finding,4,2858,62,F,PA,2992,2991,0.143,0.143,0,0,0,0,0,0,0,0,0,0,0,0,0,0,0
00002859_000.png,No Finding,0,2859,57,M,PA,2500,2048,0.171,0.171,0,0,0,0,0,0,0,0,0,0,0,0,0,0,0
00002860_000.png,No Finding,0,2860,42,F,PA,2048,2500,0.171,0.171,0,0,0,0,0,0,0,0,0,0,0,0,0,0,0
00002860_001.png,No Finding,1,2860,44,F,PA,2048,2500,0.171,0.171,0,0,0,0,0,0,0,0,0,0,0,0,0,0,0
00002860_002.png,No Finding,2,2860,46,F,AP,2500,2048,0.168,0.168,0,0,0,0,0,0,0,0,0,0,0,0,0,0,0
00002860_003.png,Edema,3,2860,46,F,AP,2500,2048,0.168,0.168,1,0,0,0,0,0,0,0,0,0,1,0,0,0,0
00002860_007.png,Effusion,7,2860,46,F,AP,2500,2048,0.168,0.168,1,0,0,1,0,0,0,0,0,0,0,0,0,0,0
00002860_009.png,Effusion,9,2860,46,F,AP,2500,2048,0.168,0.168,1,0,0,1,0,0,0,0,0,0,0,0,0,0,0
00002860_011.png,Effusion,10,2860,46,F,AP,2500,2048,0.168,0.168,1,0,0,1,0,0,0,0,0,0,0,0,0,0,0
00002860_010.png,Effusion,11,2860,46,F,AP,2500,2048,0.168,0.168,1,0,0,1,0,0,0,0,0,0,0,0,0,0,0
00002860_012.png,Effusion|Infiltration,13,2860,46,F,AP,2500,2048,0.168,0.168,1,0,0,1,1,0,0,0,0,0,0,0,0,0,0
00002860_014.png,No Finding,14,2860,46,F,AP,2500,2048,0.168,0.168,0,0,0,0,0,0,0,0,0,0,0,0,0,0,0
00002860_015.png,Effusion|Infiltration,15,2860,46,F,AP,2500,2048,0.168,0.168,1,0,0,1,1,0,0,0,0,0,0,0,0,0,0
00002860_016.png,No Finding,16,2860,46,F,AP,2500,2048,0.168,0.168,0,0,0,0,0,0,0,0,0,0,0,0,0,0,0
00002860_017.png,Effusion,17,2860,46,F,AP,2500,2048,0.168,0.168,1,0,0,1,0,0,0,0,0,0,0,0,0,0,0
00002860_018.png,Consolidation|Effusion,18,2860,46,F,AP,2500,2048,0.168,0.168,1,0,0,1,0,0,0,0,0,1,0,0,0,0,0
00002860_019.png,No Finding,19,2860,46,F,AP,2500,2048,0.168,0.168,0,0,0,0,0,0,0,0,0,0,0,0,0,0,0
00002860_020.png,Effusion,20,2860,46,F,AP,2500,2048,0.168,0.168,1,0,0,1,0,0,0,0,0,0,0,0,0,0,0
00002860_021.png,No Finding,21,2860,46,F,AP,2500,2048,0.168,0.168,0,0,0,0,0,0,0,0,0,0,0,0,0,0,0
00002860_022.png,No Finding,22,2860,46,F,AP,2500,2048,0.168,0.168,0,0,0,0,0,0,0,0,0,0,0,0,0,0,0
00002860_024.png,No Finding,24,2860,46,F,AP,2500,2048,0.168,0.168,0,0,0,0,0,0,0,0,0,0,0,0,0,0,0
00002861_000.png,Pleural_Thickening,0,2861,51,M,PA,2500,2048,0.171,0.171,1,0,0,0,0,0,0,0,0,0,0,0,0,1,0
00002863_000.png,No Finding,0,2863,51,F,PA,2048,2500,0.171,0.171,0,0,0,0,0,0,0,0,0,0,0,0,0,0,0
00002863_001.png,No Finding,1,2863,54,F,PA,2048,2500,0.168,0.168,0,0,0,0,0,0,0,0,0,0,0,0,0,0,0
00002863_002.png,No Finding,2,2863,54,F,PA,2048,2500,0.168,0.168,0,0,0,0,0,0,0,0,0,0,0,0,0,0,0
00002863_003.png,No Finding,3,2863,55,F,PA,2048,2500,0.168,0.168,0,0,0,0,0,0,0,0,0,0,0,0,0,0,0
00002863_004.png,No Finding,4,2863,56,F,PA,2598,2991,0.143,0.143,0,0,0,0,0,0,0,0,0,0,0,0,0,0,0
00002863_005.png,No Finding,5,2863,56,F,PA,2992,2991,0.143,0.143,0,0,0,0,0,0,0,0,0,0,0,0,0,0,0
00002864_002.png,No Finding,0,2864,38,F,PA,2992,2991,0.143,0.143,0,0,0,0,0,0,0,0,0,0,0,0,0,0,0
00002864_003.png,No Finding,1,2864,39,F,PA,2992,2991,0.143,0.143,0,0,0,0,0,0,0,0,0,0,0,0,0,0,0
00002864_004.png,Infiltration,2,2864,40,F,PA,2992,2991,0.143,0.143,1,0,0,0,1,0,0,0,0,0,0,0,0,0,0
00002864_005.png,No Finding,3,2864,41,F,PA,2992,2991,0.143,0.143,0,0,0,0,0,0,0,0,0,0,0,0,0,0,0
00002864_006.png,No Finding,4,2864,42,F,PA,2048,2500,0.168,0.168,0,0,0,0,0,0,0,0,0,0,0,0,0,0,0
00002864_007.png,Infiltration,5,2864,43,F,PA,2992,2991,0.143,0.143,1,0,0,0,1,0,0,0,0,0,0,0,0,0,0
00002865_000.png,No Finding,0,2865,79,F,PA,2470,2701,0.143,0.143,0,0,0,0,0,0,0,0,0,0,0,0,0,0,0
00002866_001.png,No Finding,0,2866,6,M,PA,2048,2500,0.168,0.168,0,0,0,0,0,0,0,0,0,0,0,0,0,0,0
00002866_002.png,No Finding,1,2866,7,M,PA,2094,1935,0.143,0.143,0,0,0,0,0,0,0,0,0,0,0,0,0,0,0
00002866_003.png,No Finding,2,2866,8,M,PA,2534,2169,0.143,0.143,0,0,0,0,0,0,0,0,0,0,0,0,0,0,0
00002866_004.png,No Finding,3,2866,10,M,PA,2048,2500,0.168,0.168,0,0,0,0,0,0,0,0,0,0,0,0,0,0,0
00002866_005.png,No Finding,4,2866,12,M,PA,2418,2625,0.143,0.143,0,0,0,0,0,0,0,0,0,0,0,0,0,0,0
00002866_000.png,No Finding,5,2866,17,M,PA,2021,2021,0.1943109999999999,0.1943109999999999,0,0,0,0,0,0,0,0,0,0,0,0,0,0,0
00002867_000.png,Mass,0,2867,16,M,PA,2500,2048,0.171,0.171,1,0,0,0,0,1,0,0,0,0,0,0,0,0,0
00002867_001.png,No Finding,1,2867,18,M,PA,2500,2048,0.171,0.171,0,0,0,0,0,0,0,0,0,0,0,0,0,0,0
00002868_002.png,No Finding,2,2868,45,M,PA,2500,2048,0.171,0.171,0,0,0,0,0,0,0,0,0,0,0,0,0,0,0
00002868_003.png,Pneumothorax,3,2868,45,M,PA,2500,2048,0.171,0.171,1,0,0,0,0,0,0,0,1,0,0,0,0,0,0
00002868_004.png,Pneumothorax,4,2868,45,M,PA,2500,2048,0.171,0.171,1,0,0,0,0,0,0,0,1,0,0,0,0,0,0
00002868_005.png,No Finding,5,2868,45,M,PA,2500,2048,0.171,0.171,0,0,0,0,0,0,0,0,0,0,0,0,0,0,0
00002868_006.png,Infiltration|Mass|Nodule|Pneumothorax,6,2868,45,M,PA,2500,2048,0.168,0.168,1,0,0,0,1,1,1,0,1,0,0,0,0,0,0
00002868_007.png,No Finding,7,2868,46,M,AP,2500,2048,0.168,0.168,0,0,0,0,0,0,0,0,0,0,0,0,0,0,0
00002868_008.png,No Finding,8,2868,46,M,AP,2500,2048,0.168,0.168,0,0,0,0,0,0,0,0,0,0,0,0,0,0,0
00002868_009.png,Infiltration,9,2868,46,M,PA,2500,2048,0.168,0.168,1,0,0,0,1,0,0,0,0,0,0,0,0,0,0
00002868_010.png,Emphysema,10,2868,46,M,PA,2500,2048,0.168,0.168,1,0,0,0,0,0,0,0,0,0,0,1,0,0,0
00002868_011.png,No Finding,11,2868,46,M,AP,2500,2048,0.168,0.168,0,0,0,0,0,0,0,0,0,0,0,0,0,0,0
00002868_012.png,No Finding,12,2868,46,M,PA,2500,2048,0.168,0.168,0,0,0,0,0,0,0,0,0,0,0,0,0,0,0
00002868_013.png,No Finding,13,2868,47,M,AP,2500,2048,0.168,0.168,0,0,0,0,0,0,0,0,0,0,0,0,0,0,0
00002869_000.png,Infiltration,0,2869,54,M,PA,2992,2991,0.143,0.143,1,0,0,0,1,0,0,0,0,0,0,0,0,0,0
00002870_000.png,Mass,0,2870,84,M,PA,2021,2020,0.1943109999999999,0.1943109999999999,1,0,0,0,0,1,0,0,0,0,0,0,0,0,0
00002871_000.png,No Finding,0,2871,44,M,PA,2920,2608,0.143,0.143,0,0,0,0,0,0,0,0,0,0,0,0,0,0,0
00002871_001.png,No Finding,1,2871,44,M,PA,2992,2991,0.143,0.143,0,0,0,0,0,0,0,0,0,0,0,0,0,0,0
00002872_000.png,Fibrosis,0,2872,74,F,PA,2048,2500,0.168,0.168,1,0,0,0,0,0,0,0,0,0,0,0,1,0,0
00002875_001.png,No Finding,0,2875,46,M,PA,2048,2500,0.168,0.168,0,0,0,0,0,0,0,0,0,0,0,0,0,0,0
00002875_002.png,Infiltration|Nodule,1,2875,49,M,PA,2048,2500,0.168,0.168,1,0,0,0,1,0,1,0,0,0,0,0,0,0,0
00002875_000.png,No Finding,2,2875,57,M,PA,2021,2021,0.1943109999999999,0.1943109999999999,0,0,0,0,0,0,0,0,0,0,0,0,0,0,0
00002876_000.png,No Finding,0,2876,41,M,PA,2500,2048,0.168,0.168,0,0,0,0,0,0,0,0,0,0,0,0,0,0,0
00002877_000.png,No Finding,0,2877,66,F,PA,2048,2500,0.171,0.171,0,0,0,0,0,0,0,0,0,0,0,0,0,0,0
00002877_001.png,No Finding,1,2877,68,F,PA,2048,2500,0.171,0.171,0,0,0,0,0,0,0,0,0,0,0,0,0,0,0
00002877_002.png,Fibrosis,2,2877,68,F,AP,2048,2500,0.168,0.168,1,0,0,0,0,0,0,0,0,0,0,0,1,0,0
00002877_003.png,Fibrosis,3,2877,70,F,PA,2992,2991,0.143,0.143,1,0,0,0,0,0,0,0,0,0,0,0,1,0,0
00002879_000.png,No Finding,0,2879,59,M,PA,2802,2991,0.143,0.143,0,0,0,0,0,0,0,0,0,0,0,0,0,0,0
00002880_000.png,No Finding,0,2880,30,M,PA,2500,2048,0.171,0.171,0,0,0,0,0,0,0,0,0,0,0,0,0,0,0
00002881_000.png,No Finding,0,2881,18,F,PA,2048,2500,0.171,0.171,0,0,0,0,0,0,0,0,0,0,0,0,0,0,0
00002882_000.png,No Finding,0,2882,38,F,PA,2048,2500,0.171,0.171,0,0,0,0,0,0,0,0,0,0,0,0,0,0,0
00002883_000.png,No Finding,0,2883,47,M,PA,2500,2048,0.171,0.171,0,0,0,0,0,0,0,0,0,0,0,0,0,0,0
00002883_001.png,No Finding,1,2883,49,M,PA,2500,2048,0.171,0.171,0,0,0,0,0,0,0,0,0,0,0,0,0,0,0
00002883_002.png,No Finding,2,2883,52,M,PA,2650,2991,0.143,0.143,0,0,0,0,0,0,0,0,0,0,0,0,0,0,0
00002883_003.png,No Finding,3,2883,54,M,PA,2992,2991,0.143,0.143,0,0,0,0,0,0,0,0,0,0,0,0,0,0,0
00002883_004.png,No Finding,4,2883,56,M,PA,2746,2991,0.143,0.143,0,0,0,0,0,0,0,0,0,0,0,0,0,0,0
00002885_000.png,No Finding,0,2885,64,M,PA,2500,2048,0.171,0.171,0,0,0,0,0,0,0,0,0,0,0,0,0,0,0
00002885_001.png,Emphysema,1,2885,68,M,PA,2992,2991,0.143,0.143,1,0,0,0,0,0,0,0,0,0,0,1,0,0,0
00002885_002.png,No Finding,2,2885,70,M,PA,2882,2991,0.143,0.143,0,0,0,0,0,0,0,0,0,0,0,0,0,0,0
00002885_003.png,Nodule,3,2885,71,M,PA,2992,2991,0.143,0.143,1,0,0,0,0,0,1,0,0,0,0,0,0,0,0
00002886_000.png,No Finding,0,2886,39,M,PA,2500,2048,0.171,0.171,0,0,0,0,0,0,0,0,0,0,0,0,0,0,0
00002887_000.png,No Finding,0,2887,33,F,AP,2500,2048,0.171,0.171,0,0,0,0,0,0,0,0,0,0,0,0,0,0,0
00002888_000.png,No Finding,0,2888,43,F,PA,2048,2500,0.168,0.168,0,0,0,0,0,0,0,0,0,0,0,0,0,0,0
00002888_001.png,Infiltration,1,2888,43,F,PA,2992,2991,0.143,0.143,1,0,0,0,1,0,0,0,0,0,0,0,0,0,0
00002889_000.png,Cardiomegaly,0,2889,7,F,PA,2048,2500,0.171,0.171,1,0,1,0,0,0,0,0,0,0,0,0,0,0,0
00002890_000.png,No Finding,0,2890,35,M,PA,2500,2048,0.168,0.168,0,0,0,0,0,0,0,0,0,0,0,0,0,0,0
00002891_001.png,Pleural_Thickening,0,2891,36,F,PA,2048,2500,0.168,0.168,1,0,0,0,0,0,0,0,0,0,0,0,0,1,0
00002891_002.png,No Finding,1,2891,37,F,PA,2992,2991,0.143,0.143,0,0,0,0,0,0,0,0,0,0,0,0,0,0,0
00002891_003.png,No Finding,2,2891,37,F,PA,2992,2991,0.143,0.143,0,0,0,0,0,0,0,0,0,0,0,0,0,0,0
00002891_000.png,No Finding,3,2891,46,F,PA,1757,2021,0.1943109999999999,0.1943109999999999,0,0,0,0,0,0,0,0,0,0,0,0,0,0,0
00002892_000.png,No Finding,0,2892,49,F,AP,2500,2048,0.171,0.171,0,0,0,0,0,0,0,0,0,0,0,0,0,0,0
00002892_001.png,No Finding,1,2892,49,F,AP,2500,2048,0.171,0.171,0,0,0,0,0,0,0,0,0,0,0,0,0,0,0
00002892_003.png,Infiltration,2,2892,49,F,AP,2500,2048,0.171,0.171,1,0,0,0,1,0,0,0,0,0,0,0,0,0,0
00002892_004.png,No Finding,3,2892,49,F,AP,2500,2048,0.171,0.171,0,0,0,0,0,0,0,0,0,0,0,0,0,0,0
00002892_002.png,No Finding,4,2892,49,F,AP,2500,2048,0.171,0.171,0,0,0,0,0,0,0,0,0,0,0,0,0,0,0
00002892_005.png,Infiltration,5,2892,49,F,AP,2500,2048,0.171,0.171,1,0,0,0,1,0,0,0,0,0,0,0,0,0,0
00002892_006.png,Edema|Effusion,6,2892,49,F,AP,2500,2048,0.171,0.171,1,0,0,1,0,0,0,0,0,0,1,0,0,0,0
00002892_007.png,Consolidation,7,2892,49,F,AP,2500,2048,0.171,0.171,1,0,0,0,0,0,0,0,0,1,0,0,0,0,0
00002892_008.png,Effusion|Emphysema,8,2892,49,F,AP,2500,2048,0.171,0.171,1,0,0,1,0,0,0,0,0,0,0,1,0,0,0
00002892_009.png,No Finding,9,2892,49,F,AP,2500,2048,0.171,0.171,0,0,0,0,0,0,0,0,0,0,0,0,0,0,0
00002892_010.png,No Finding,10,2892,49,F,AP,2500,2048,0.171,0.171,0,0,0,0,0,0,0,0,0,0,0,0,0,0,0
00002892_011.png,No Finding,11,2892,49,F,AP,2500,2048,0.171,0.171,0,0,0,0,0,0,0,0,0,0,0,0,0,0,0
00002892_012.png,No Finding,12,2892,49,F,PA,2048,2500,0.171,0.171,0,0,0,0,0,0,0,0,0,0,0,0,0,0,0
00002892_013.png,No Finding,13,2892,49,F,PA,2048,2500,0.171,0.171,0,0,0,0,0,0,0,0,0,0,0,0,0,0,0
00002893_000.png,No Finding,0,2893,65,M,PA,2500,2048,0.171,0.171,0,0,0,0,0,0,0,0,0,0,0,0,0,0,0
00002893_001.png,No Finding,1,2893,65,M,AP,2500,2048,0.171,0.171,0,0,0,0,0,0,0,0,0,0,0,0,0,0,0
00002893_002.png,No Finding,2,2893,65,M,AP,2500,2048,0.171,0.171,0,0,0,0,0,0,0,0,0,0,0,0,0,0,0
00002893_003.png,No Finding,3,2893,65,M,PA,2500,2048,0.171,0.171,0,0,0,0,0,0,0,0,0,0,0,0,0,0,0
00002896_000.png,No Finding,0,2896,31,F,PA,2048,2500,0.171,0.171,0,0,0,0,0,0,0,0,0,0,0,0,0,0,0
00002897_000.png,No Finding,0,2897,43,F,PA,2514,2991,0.143,0.143,0,0,0,0,0,0,0,0,0,0,0,0,0,0,0
00002899_000.png,No Finding,0,2899,55,M,PA,2500,2048,0.171,0.171,0,0,0,0,0,0,0,0,0,0,0,0,0,0,0
00002900_000.png,No Finding,0,2900,42,M,PA,2500,2048,0.168,0.168,0,0,0,0,0,0,0,0,0,0,0,0,0,0,0
00002900_001.png,No Finding,1,2900,44,M,PA,2500,2048,0.168,0.168,0,0,0,0,0,0,0,0,0,0,0,0,0,0,0
00002901_000.png,No Finding,0,2901,45,F,PA,2500,2048,0.171,0.171,0,0,0,0,0,0,0,0,0,0,0,0,0,0,0
00002902_000.png,Infiltration,0,2902,52,M,PA,2992,2685,0.143,0.143,1,0,0,0,1,0,0,0,0,0,0,0,0,0,0
00002902_001.png,No Finding,1,2902,52,M,PA,2666,2991,0.143,0.143,0,0,0,0,0,0,0,0,0,0,0,0,0,0,0
00002903_000.png,No Finding,0,2903,28,M,PA,2500,2048,0.171,0.171,0,0,0,0,0,0,0,0,0,0,0,0,0,0,0
00002903_001.png,No Finding,1,2903,31,M,PA,2500,2048,0.168,0.168,0,0,0,0,0,0,0,0,0,0,0,0,0,0,0
00002903_002.png,No Finding,2,2903,32,M,PA,2992,2991,0.143,0.143,0,0,0,0,0,0,0,0,0,0,0,0,0,0,0
00002905_000.png,No Finding,0,2905,65,M,PA,2048,2500,0.171,0.171,0,0,0,0,0,0,0,0,0,0,0,0,0,0,0
00002905_001.png,Fibrosis,1,2905,70,M,PA,2500,2048,0.168,0.168,1,0,0,0,0,0,0,0,0,0,0,0,1,0,0
00002907_000.png,No Finding,0,2907,37,M,PA,2500,2048,0.168,0.168,0,0,0,0,0,0,0,0,0,0,0,0,0,0,0
00002908_000.png,No Finding,0,2908,28,M,PA,2500,2048,0.168,0.168,0,0,0,0,0,0,0,0,0,0,0,0,0,0,0
00002908_001.png,No Finding,1,2908,30,M,PA,2992,2991,0.143,0.143,0,0,0,0,0,0,0,0,0,0,0,0,0,0,0
00002909_000.png,No Finding,0,2909,59,F,PA,2048,2500,0.168,0.168,0,0,0,0,0,0,0,0,0,0,0,0,0,0,0
00002909_001.png,Effusion|Pleural_Thickening,1,2909,60,F,PA,2500,2048,0.168,0.168,1,0,0,1,0,0,0,0,0,0,0,0,0,1,0
00002909_002.png,No Finding,2,2909,61,F,PA,2502,2991,0.143,0.143,0,0,0,0,0,0,0,0,0,0,0,0,0,0,0
00002909_003.png,No Finding,3,2909,61,F,PA,2478,2733,0.143,0.143,0,0,0,0,0,0,0,0,0,0,0,0,0,0,0
00002910_000.png,No Finding,0,2910,70,M,PA,2500,2048,0.171,0.171,0,0,0,0,0,0,0,0,0,0,0,0,0,0,0
00002911_000.png,No Finding,0,2911,43,F,PA,2048,2500,0.171,0.171,0,0,0,0,0,0,0,0,0,0,0,0,0,0,0
00002911_001.png,No Finding,1,2911,46,F,PA,2510,2801,0.143,0.143,0,0,0,0,0,0,0,0,0,0,0,0,0,0,0
00002912_000.png,No Finding,0,2912,46,F,PA,2992,2565,0.143,0.143,0,0,0,0,0,0,0,0,0,0,0,0,0,0,0
00002914_000.png,Emphysema,0,2914,51,M,PA,2992,2991,0.143,0.143,1,0,0,0,0,0,0,0,0,0,0,1,0,0,0
00002915_000.png,No Finding,0,2915,23,F,PA,2048,2500,0.168,0.168,0,0,0,0,0,0,0,0,0,0,0,0,0,0,0
00002915_001.png,Infiltration,1,2915,25,F,PA,2330,2793,0.143,0.143,1,0,0,0,1,0,0,0,0,0,0,0,0,0,0
00002915_002.png,No Finding,2,2915,26,F,PA,2048,2500,0.168,0.168,0,0,0,0,0,0,0,0,0,0,0,0,0,0,0
00002916_000.png,No Finding,0,2916,54,F,PA,2048,2500,0.171,0.171,0,0,0,0,0,0,0,0,0,0,0,0,0,0,0
00002917_000.png,No Finding,0,2917,30,F,AP,2500,2048,0.171,0.171,0,0,0,0,0,0,0,0,0,0,0,0,0,0,0
00002918_000.png,No Finding,0,2918,62,F,PA,2822,2991,0.143,0.143,0,0,0,0,0,0,0,0,0,0,0,0,0,0,0
00002919_003.png,No Finding,0,2919,47,F,PA,2642,2991,0.143,0.143,0,0,0,0,0,0,0,0,0,0,0,0,0,0,0
00002919_004.png,Infiltration,1,2919,47,F,PA,2992,2991,0.143,0.143,1,0,0,0,1,0,0,0,0,0,0,0,0,0,0
00002919_005.png,Fibrosis|Infiltration,2,2919,47,F,PA,2814,2709,0.143,0.143,1,0,0,0,1,0,0,0,0,0,0,0,1,0,0
00002919_006.png,Nodule,3,2919,50,F,PA,2992,2991,0.143,0.143,1,0,0,0,0,0,1,0,0,0,0,0,0,0,0
00002919_007.png,No Finding,4,2919,52,F,PA,3056,2544,0.139,0.139,0,0,0,0,0,0,0,0,0,0,0,0,0,0,0
00002919_001.png,No Finding,6,2919,54,F,PA,3056,2544,0.139,0.139,0,0,0,0,0,0,0,0,0,0,0,0,0,0,0
00002919_002.png,Cardiomegaly|Effusion,7,2919,55,F,PA,2021,2021,0.1943109999999999,0.1943109999999999,1,0,1,1,0,0,0,0,0,0,0,0,0,0,0
00002920_000.png,No Finding,0,2920,32,F,PA,2532,3056,0.139,0.139,0,0,0,0,0,0,0,0,0,0,0,0,0,0,0
00002924_000.png,No Finding,0,2924,66,M,PA,2992,2991,0.143,0.143,0,0,0,0,0,0,0,0,0,0,0,0,0,0,0
00002924_001.png,Pneumothorax,1,2924,68,M,PA,2021,2021,0.1943109999999999,0.1943109999999999,1,0,0,0,0,0,0,0,1,0,0,0,0,0,0
00002925_000.png,Infiltration,0,2925,39,F,PA,2992,2991,0.143,0.143,1,0,0,0,1,0,0,0,0,0,0,0,0,0,0
00002925_001.png,Pneumothorax,1,2925,40,F,PA,1970,1940,0.1943109999999999,0.1943109999999999,1,0,0,0,0,0,0,0,1,0,0,0,0,0,0
00002927_000.png,Mass,0,2927,50,F,AP,2500,2048,0.171,0.171,1,0,0,0,0,1,0,0,0,0,0,0,0,0,0
00002927_001.png,No Finding,1,2927,50,F,AP,2500,2048,0.171,0.171,0,0,0,0,0,0,0,0,0,0,0,0,0,0,0
00002927_003.png,No Finding,3,2927,54,F,PA,2992,2991,0.143,0.143,0,0,0,0,0,0,0,0,0,0,0,0,0,0,0
00002928_000.png,No Finding,0,2928,43,M,PA,2500,2048,0.171,0.171,0,0,0,0,0,0,0,0,0,0,0,0,0,0,0
00002928_001.png,No Finding,1,2928,45,M,PA,2500,2048,0.168,0.168,0,0,0,0,0,0,0,0,0,0,0,0,0,0,0
00002929_000.png,Pneumothorax,0,2929,44,F,PA,2544,3056,0.139,0.139,1,0,0,0,0,0,0,0,1,0,0,0,0,0,0
00002930_000.png,No Finding,0,2930,54,M,PA,2500,2048,0.168,0.168,0,0,0,0,0,0,0,0,0,0,0,0,0,0,0
00002931_000.png,No Finding,0,2931,45,M,PA,2500,2048,0.171,0.171,0,0,0,0,0,0,0,0,0,0,0,0,0,0,0
00002931_001.png,No Finding,1,2931,46,M,PA,2500,2048,0.171,0.171,0,0,0,0,0,0,0,0,0,0,0,0,0,0,0
00002931_002.png,No Finding,2,2931,46,M,PA,2500,2048,0.171,0.171,0,0,0,0,0,0,0,0,0,0,0,0,0,0,0
00002932_000.png,Cardiomegaly,0,2932,69,F,PA,2500,2048,0.168,0.168,1,0,1,0,0,0,0,0,0,0,0,0,0,0,0
00002935_000.png,Emphysema,0,2935,65,M,PA,2992,2991,0.143,0.143,1,0,0,0,0,0,0,0,0,0,0,1,0,0,0
00002935_001.png,No Finding,1,2935,65,M,PA,2706,2948,0.143,0.143,0,0,0,0,0,0,0,0,0,0,0,0,0,0,0
00002936_000.png,No Finding,0,2936,12,M,PA,2992,2991,0.143,0.143,0,0,0,0,0,0,0,0,0,0,0,0,0,0,0
00002937_000.png,No Finding,0,2937,42,F,PA,2496,2800,0.143,0.143,0,0,0,0,0,0,0,0,0,0,0,0,0,0,0
00002938_000.png,No Finding,0,2938,27,M,PA,2992,2991,0.143,0.143,0,0,0,0,0,0,0,0,0,0,0,0,0,0,0
00002939_000.png,No Finding,0,2939,56,M,AP,2500,2048,0.171,0.171,0,0,0,0,0,0,0,0,0,0,0,0,0,0,0
00002939_001.png,No Finding,1,2939,58,M,PA,2500,2048,0.168,0.168,0,0,0,0,0,0,0,0,0,0,0,0,0,0,0
00002939_002.png,No Finding,2,2939,58,M,AP,2500,2048,0.168,0.168,0,0,0,0,0,0,0,0,0,0,0,0,0,0,0
00002939_003.png,Pneumothorax,3,2939,58,M,PA,2500,2048,0.168,0.168,1,0,0,0,0,0,0,0,1,0,0,0,0,0,0
00002942_001.png,No Finding,0,2942,64,M,PA,2500,2048,0.168,0.168,0,0,0,0,0,0,0,0,0,0,0,0,0,0,0
00002942_000.png,No Finding,1,2942,75,M,PA,2021,2021,0.1943109999999999,0.1943109999999999,0,0,0,0,0,0,0,0,0,0,0,0,0,0,0
00002943_000.png,Nodule,0,2943,79,M,PA,2846,2991,0.143,0.143,1,0,0,0,0,0,1,0,0,0,0,0,0,0,0
00002943_001.png,Nodule,1,2943,79,M,PA,2992,2991,0.143,0.143,1,0,0,0,0,0,1,0,0,0,0,0,0,0,0
00002944_000.png,No Finding,0,2944,67,F,PA,2992,2991,0.143,0.143,0,0,0,0,0,0,0,0,0,0,0,0,0,0,0
00002945_000.png,No Finding,0,2945,49,F,PA,2048,2500,0.171,0.171,0,0,0,0,0,0,0,0,0,0,0,0,0,0,0
00002945_001.png,No Finding,1,2945,53,F,PA,2658,2753,0.143,0.143,0,0,0,0,0,0,0,0,0,0,0,0,0,0,0
00002945_002.png,No Finding,2,2945,55,F,PA,2674,2991,0.143,0.143,0,0,0,0,0,0,0,0,0,0,0,0,0,0,0
00002945_003.png,Infiltration,3,2945,58,F,PA,2992,2991,0.143,0.143,1,0,0,0,1,0,0,0,0,0,0,0,0,0,0
00002945_004.png,No Finding,4,2945,58,F,AP,3056,2544,0.139,0.139,0,0,0,0,0,0,0,0,0,0,0,0,0,0,0
00002946_000.png,No Finding,0,2946,55,F,AP,2500,2048,0.168,0.168,0,0,0,0,0,0,0,0,0,0,0,0,0,0,0
00002948_000.png,No Finding,0,2948,39,F,PA,2048,2500,0.168,0.168,0,0,0,0,0,0,0,0,0,0,0,0,0,0,0
00002949_000.png,No Finding,0,2949,50,F,AP,2500,2048,0.171,0.171,0,0,0,0,0,0,0,0,0,0,0,0,0,0,0
00002950_000.png,No Finding,0,2950,65,F,PA,2048,2500,0.168,0.168,0,0,0,0,0,0,0,0,0,0,0,0,0,0,0
00002950_001.png,No Finding,1,2950,69,F,PA,2990,2991,0.143,0.143,0,0,0,0,0,0,0,0,0,0,0,0,0,0,0
00002951_000.png,No Finding,0,2951,39,F,PA,2766,2653,0.143,0.143,0,0,0,0,0,0,0,0,0,0,0,0,0,0,0
00002952_000.png,No Finding,0,2952,49,M,PA,2500,2048,0.171,0.171,0,0,0,0,0,0,0,0,0,0,0,0,0,0,0
00002952_001.png,No Finding,1,2952,52,M,PA,2992,2991,0.143,0.143,0,0,0,0,0,0,0,0,0,0,0,0,0,0,0
00002952_002.png,No Finding,2,2952,52,M,PA,2992,2991,0.143,0.143,0,0,0,0,0,0,0,0,0,0,0,0,0,0,0
00002952_003.png,No Finding,3,2952,52,M,AP,2500,2048,0.168,0.168,0,0,0,0,0,0,0,0,0,0,0,0,0,0,0
00002953_000.png,Infiltration,0,2953,48,M,PA,2500,2048,0.171,0.171,1,0,0,0,1,0,0,0,0,0,0,0,0,0,0
00002955_000.png,No Finding,0,2955,38,F,PA,2992,2991,0.143,0.143,0,0,0,0,0,0,0,0,0,0,0,0,0,0,0
00002955_002.png,Emphysema,2,2955,38,F,PA,2714,2581,0.143,0.143,1,0,0,0,0,0,0,0,0,0,0,1,0,0,0
00002955_003.png,No Finding,3,2955,38,F,PA,2048,2500,0.168,0.168,0,0,0,0,0,0,0,0,0,0,0,0,0,0,0
00002955_006.png,No Finding,6,2955,38,F,AP,2500,2048,0.168,0.168,0,0,0,0,0,0,0,0,0,0,0,0,0,0,0
00002955_007.png,No Finding,7,2955,38,F,AP,2500,2048,0.168,0.168,0,0,0,0,0,0,0,0,0,0,0,0,0,0,0
00002955_008.png,Effusion,8,2955,38,F,PA,2992,2991,0.143,0.143,1,0,0,1,0,0,0,0,0,0,0,0,0,0,0
00002955_009.png,Effusion,9,2955,38,F,PA,2992,2991,0.143,0.143,1,0,0,1,0,0,0,0,0,0,0,0,0,0,0
00002955_010.png,Mass|Pleural_Thickening,10,2955,38,F,PA,2992,2991,0.143,0.143,1,0,0,0,0,1,0,0,0,0,0,0,0,1,0
00002957_001.png,No Finding,0,2957,31,F,PA,2048,2500,0.171,0.171,0,0,0,0,0,0,0,0,0,0,0,0,0,0,0
00002957_002.png,No Finding,1,2957,31,F,PA,2048,2500,0.171,0.171,0,0,0,0,0,0,0,0,0,0,0,0,0,0,0
00002957_003.png,Infiltration|Nodule,2,2957,34,F,PA,2992,2991,0.143,0.143,1,0,0,0,1,0,1,0,0,0,0,0,0,0,0
00002957_000.png,Infiltration,3,2957,42,F,PA,2992,2991,0.143,0.143,1,0,0,0,1,0,0,0,0,0,0,0,0,0,0
00002959_000.png,No Finding,0,2959,58,M,PA,2500,2048,0.171,0.171,0,0,0,0,0,0,0,0,0,0,0,0,0,0,0
00002959_001.png,No Finding,1,2959,59,M,AP,2500,2048,0.171,0.171,0,0,0,0,0,0,0,0,0,0,0,0,0,0,0
00002960_000.png,No Finding,0,2960,42,F,PA,2048,2500,0.171,0.171,0,0,0,0,0,0,0,0,0,0,0,0,0,0,0
00002961_000.png,No Finding,0,2961,46,M,PA,2500,2048,0.168,0.168,0,0,0,0,0,0,0,0,0,0,0,0,0,0,0
00002962_000.png,No Finding,0,2962,61,M,PA,2500,2048,0.171,0.171,0,0,0,0,0,0,0,0,0,0,0,0,0,0,0
00002963_000.png,No Finding,0,2963,54,M,PA,2500,2048,0.171,0.171,0,0,0,0,0,0,0,0,0,0,0,0,0,0,0
00002964_000.png,No Finding,0,2964,50,F,PA,2048,2500,0.168,0.168,0,0,0,0,0,0,0,0,0,0,0,0,0,0,0
00002965_000.png,No Finding,0,2965,30,M,PA,2992,2991,0.143,0.143,0,0,0,0,0,0,0,0,0,0,0,0,0,0,0
00002966_000.png,Cardiomegaly,0,2966,37,M,PA,2500,2048,0.171,0.171,1,0,1,0,0,0,0,0,0,0,0,0,0,0,0
00002967_000.png,No Finding,0,2967,14,F,PA,2618,2991,0.143,0.143,0,0,0,0,0,0,0,0,0,0,0,0,0,0,0
00002968_000.png,Cardiomegaly,0,2968,44,F,PA,2936,2922,0.143,0.143,1,0,1,0,0,0,0,0,0,0,0,0,0,0,0
00002972_000.png,No Finding,0,2972,62,M,PA,2021,2021,0.1943109999999999,0.1943109999999999,0,0,0,0,0,0,0,0,0,0,0,0,0,0,0
00002976_000.png,Infiltration,0,2976,52,M,PA,2500,2048,0.171,0.171,1,0,0,0,1,0,0,0,0,0,0,0,0,0,0
00002977_000.png,No Finding,0,2977,33,F,PA,2990,2991,0.143,0.143,0,0,0,0,0,0,0,0,0,0,0,0,0,0,0
00002978_002.png,No Finding,0,2978,26,M,AP,2500,2048,0.168,0.168,0,0,0,0,0,0,0,0,0,0,0,0,0,0,0
00002978_003.png,No Finding,1,2978,31,M,PA,2566,2991,0.143,0.143,0,0,0,0,0,0,0,0,0,0,0,0,0,0,0
00002978_000.png,No Finding,2,2978,36,M,PA,2020,2021,0.1943109999999999,0.1943109999999999,0,0,0,0,0,0,0,0,0,0,0,0,0,0,0
00002978_001.png,No Finding,3,2978,36,M,AP,3056,2544,0.139,0.139,0,0,0,0,0,0,0,0,0,0,0,0,0,0,0
00002979_000.png,Effusion,0,2979,56,M,PA,2500,2048,0.168,0.168,1,0,0,1,0,0,0,0,0,0,0,0,0,0,0
00002982_000.png,No Finding,0,2982,42,F,PA,2500,2048,0.171,0.171,0,0,0,0,0,0,0,0,0,0,0,0,0,0,0
00002982_001.png,No Finding,1,2982,46,F,PA,2048,2500,0.168,0.168,0,0,0,0,0,0,0,0,0,0,0,0,0,0,0
00002983_000.png,Effusion|Mass,0,2983,49,M,PA,2500,2048,0.171,0.171,1,0,0,1,0,1,0,0,0,0,0,0,0,0,0
00002983_001.png,Effusion,1,2983,49,M,AP,2500,2048,0.171,0.171,1,0,0,1,0,0,0,0,0,0,0,0,0,0,0
00002984_001.png,No Finding,0,2984,14,F,PA,2048,2500,0.171,0.171,0,0,0,0,0,0,0,0,0,0,0,0,0,0,0
00002984_000.png,No Finding,1,2984,23,F,PA,2414,2991,0.143,0.143,0,0,0,0,0,0,0,0,0,0,0,0,0,0,0
00002985_001.png,No Finding,0,2985,32,F,PA,2992,2991,0.143,0.143,0,0,0,0,0,0,0,0,0,0,0,0,0,0,0
00002985_000.png,No Finding,1,2985,40,F,PA,3056,2544,0.139,0.139,0,0,0,0,0,0,0,0,0,0,0,0,0,0,0
00002988_001.png,No Finding,1,2988,72,M,AP,2500,2048,0.168,0.168,0,0,0,0,0,0,0,0,0,0,0,0,0,0,0
00002988_002.png,No Finding,2,2988,72,M,PA,2992,2991,0.143,0.143,0,0,0,0,0,0,0,0,0,0,0,0,0,0,0
00002988_003.png,No Finding,3,2988,74,M,PA,2992,2991,0.143,0.143,0,0,0,0,0,0,0,0,0,0,0,0,0,0,0
00002989_000.png,No Finding,0,2989,30,M,PA,2500,2048,0.171,0.171,0,0,0,0,0,0,0,0,0,0,0,0,0,0,0
00002991_000.png,Fibrosis|Infiltration,0,2991,66,M,PA,2500,2048,0.168,0.168,1,0,0,0,1,0,0,0,0,0,0,0,1,0,0
00002991_001.png,Fibrosis,1,2991,68,M,PA,2642,2717,0.143,0.143,1,0,0,0,0,0,0,0,0,0,0,0,1,0,0
00002992_000.png,No Finding,0,2992,65,F,PA,2992,2991,0.143,0.143,0,0,0,0,0,0,0,0,0,0,0,0,0,0,0
00002994_000.png,No Finding,0,2994,39,M,PA,2456,2968,0.139,0.139,0,0,0,0,0,0,0,0,0,0,0,0,0,0,0
00002995_000.png,No Finding,0,2995,8,F,PA,2048,2500,0.171,0.171,0,0,0,0,0,0,0,0,0,0,0,0,0,0,0
00002995_001.png,No Finding,1,2995,11,F,PA,2366,2557,0.143,0.143,0,0,0,0,0,0,0,0,0,0,0,0,0,0,0
00002995_002.png,No Finding,2,2995,12,F,PA,2398,2305,0.143,0.143,0,0,0,0,0,0,0,0,0,0,0,0,0,0,0
00002996_000.png,Pleural_Thickening,0,2996,20,F,PA,2048,2500,0.171,0.171,1,0,0,0,0,0,0,0,0,0,0,0,0,1,0
00002996_001.png,No Finding,1,2996,22,F,PA,2048,2500,0.168,0.168,0,0,0,0,0,0,0,0,0,0,0,0,0,0,0
00002997_000.png,No Finding,0,2997,39,F,PA,2048,2500,0.171,0.171,0,0,0,0,0,0,0,0,0,0,0,0,0,0,0
00002998_001.png,No Finding,0,2998,57,F,PA,2992,2991,0.143,0.143,0,0,0,0,0,0,0,0,0,0,0,0,0,0,0
00002998_000.png,No Finding,1,2998,64,F,PA,2020,2021,0.1943109999999999,0.1943109999999999,0,0,0,0,0,0,0,0,0,0,0,0,0,0,0
00002999_000.png,No Finding,0,2999,51,M,PA,2992,2991,0.143,0.143,0,0,0,0,0,0,0,0,0,0,0,0,0,0,0
00003000_000.png,No Finding,0,3000,52,F,PA,2992,2991,0.143,0.143,0,0,0,0,0,0,0,0,0,0,0,0,0,0,0
00003003_000.png,No Finding,0,3003,33,M,PA,2500,2048,0.168,0.168,0,0,0,0,0,0,0,0,0,0,0,0,0,0,0
00003004_000.png,No Finding,0,3004,13,F,AP,3056,2544,0.139,0.139,0,0,0,0,0,0,0,0,0,0,0,0,0,0,0
00003004_001.png,Infiltration,1,3004,13,F,AP,3056,2544,0.139,0.139,1,0,0,0,1,0,0,0,0,0,0,0,0,0,0
00003006_000.png,No Finding,0,3006,33,F,PA,2500,2048,0.171,0.171,0,0,0,0,0,0,0,0,0,0,0,0,0,0,0
00003006_001.png,No Finding,1,3006,35,F,AP,2500,2048,0.168,0.168,0,0,0,0,0,0,0,0,0,0,0,0,0,0,0
00003006_002.png,No Finding,2,3006,35,F,AP,2500,2048,0.168,0.168,0,0,0,0,0,0,0,0,0,0,0,0,0,0,0
00003007_000.png,No Finding,0,3007,48,M,PA,2500,2048,0.171,0.171,0,0,0,0,0,0,0,0,0,0,0,0,0,0,0
00003008_000.png,Fibrosis,0,3008,59,M,PA,2992,2991,0.143,0.143,1,0,0,0,0,0,0,0,0,0,0,0,1,0,0
00003009_000.png,No Finding,0,3009,44,F,PA,2048,2500,0.171,0.171,0,0,0,0,0,0,0,0,0,0,0,0,0,0,0
00003009_001.png,No Finding,1,3009,51,F,PA,2802,2757,0.143,0.143,0,0,0,0,0,0,0,0,0,0,0,0,0,0,0
00003009_002.png,No Finding,2,3009,52,F,PA,2992,2991,0.143,0.143,0,0,0,0,0,0,0,0,0,0,0,0,0,0,0
00003009_004.png,No Finding,4,3009,54,F,PA,2992,2991,0.143,0.143,0,0,0,0,0,0,0,0,0,0,0,0,0,0,0
00003010_000.png,Infiltration,0,3010,26,F,PA,2528,3040,0.139,0.139,1,0,0,0,1,0,0,0,0,0,0,0,0,0,0
00003011_000.png,No Finding,0,3011,39,F,PA,2048,2500,0.168,0.168,0,0,0,0,0,0,0,0,0,0,0,0,0,0,0
00003011_001.png,No Finding,1,3011,40,F,PA,2048,2500,0.168,0.168,0,0,0,0,0,0,0,0,0,0,0,0,0,0,0
00003011_002.png,No Finding,2,3011,41,F,PA,2992,2991,0.143,0.143,0,0,0,0,0,0,0,0,0,0,0,0,0,0,0
00003011_003.png,No Finding,3,3011,42,F,PA,2992,2991,0.143,0.143,0,0,0,0,0,0,0,0,0,0,0,0,0,0,0
00003011_004.png,Pneumothorax,4,3011,45,F,PA,2674,2991,0.143,0.143,1,0,0,0,0,0,0,0,1,0,0,0,0,0,0
00003012_000.png,No Finding,0,3012,41,F,PA,2048,2500,0.171,0.171,0,0,0,0,0,0,0,0,0,0,0,0,0,0,0
00003012_001.png,No Finding,1,3012,44,F,PA,2992,2991,0.143,0.143,0,0,0,0,0,0,0,0,0,0,0,0,0,0,0
00003012_002.png,No Finding,2,3012,45,F,PA,2992,2991,0.143,0.143,0,0,0,0,0,0,0,0,0,0,0,0,0,0,0
00003013_000.png,No Finding,0,3013,58,M,PA,2992,2991,0.143,0.143,0,0,0,0,0,0,0,0,0,0,0,0,0,0,0
00003013_001.png,No Finding,1,3013,58,M,PA,2500,2048,0.168,0.168,0,0,0,0,0,0,0,0,0,0,0,0,0,0,0
00003013_002.png,No Finding,2,3013,58,M,PA,2500,2048,0.168,0.168,0,0,0,0,0,0,0,0,0,0,0,0,0,0,0
00003013_003.png,No Finding,3,3013,58,M,PA,2500,2048,0.168,0.168,0,0,0,0,0,0,0,0,0,0,0,0,0,0,0
00003013_004.png,No Finding,4,3013,58,M,PA,2638,2657,0.143,0.143,0,0,0,0,0,0,0,0,0,0,0,0,0,0,0
00003013_005.png,No Finding,5,3013,58,M,PA,2992,2991,0.143,0.143,0,0,0,0,0,0,0,0,0,0,0,0,0,0,0
00003013_006.png,No Finding,6,3013,58,M,PA,2992,2991,0.143,0.143,0,0,0,0,0,0,0,0,0,0,0,0,0,0,0
00003013_007.png,No Finding,7,3013,58,M,PA,2992,2991,0.143,0.143,0,0,0,0,0,0,0,0,0,0,0,0,0,0,0
00003013_008.png,No Finding,8,3013,58,M,AP,2500,2048,0.168,0.168,0,0,0,0,0,0,0,0,0,0,0,0,0,0,0
00003013_009.png,No Finding,9,3013,58,M,AP,2500,2048,0.168,0.168,0,0,0,0,0,0,0,0,0,0,0,0,0,0,0
00003013_010.png,No Finding,10,3013,58,M,AP,2500,2048,0.168,0.168,0,0,0,0,0,0,0,0,0,0,0,0,0,0,0
00003013_011.png,Effusion,11,3013,58,M,PA,2992,2991,0.143,0.143,1,0,0,1,0,0,0,0,0,0,0,0,0,0,0
00003013_012.png,No Finding,12,3013,58,M,PA,2992,2991,0.143,0.143,0,0,0,0,0,0,0,0,0,0,0,0,0,0,0
00003013_013.png,Effusion,13,3013,59,M,PA,2992,2991,0.143,0.143,1,0,0,1,0,0,0,0,0,0,0,0,0,0,0
00003013_014.png,Effusion,14,3013,59,M,PA,2992,2991,0.143,0.143,1,0,0,1,0,0,0,0,0,0,0,0,0,0,0
00003013_015.png,Infiltration,15,3013,59,M,AP,2500,2048,0.168,0.168,1,0,0,0,1,0,0,0,0,0,0,0,0,0,0
00003015_000.png,Cardiomegaly,0,3015,35,F,PA,2048,2500,0.171,0.171,1,0,1,0,0,0,0,0,0,0,0,0,0,0,0
00003018_000.png,No Finding,0,3018,27,F,PA,2992,2991,0.143,0.143,0,0,0,0,0,0,0,0,0,0,0,0,0,0,0
00003018_001.png,No Finding,1,3018,28,F,PA,2558,2793,0.143,0.143,0,0,0,0,0,0,0,0,0,0,0,0,0,0,0
00003019_000.png,Infiltration,0,3019,58,M,PA,2992,2991,0.143,0.143,1,0,0,0,1,0,0,0,0,0,0,0,0,0,0
00003020_000.png,No Finding,0,3020,41,M,PA,2500,2048,0.171,0.171,0,0,0,0,0,0,0,0,0,0,0,0,0,0,0
00003021_000.png,No Finding,0,3021,67,M,PA,2992,2991,0.143,0.143,0,0,0,0,0,0,0,0,0,0,0,0,0,0,0
00003022_004.png,No Finding,0,3022,47,F,PA,2048,2500,0.171,0.171,0,0,0,0,0,0,0,0,0,0,0,0,0,0,0
00003022_005.png,No Finding,1,3022,49,F,PA,2992,2991,0.143,0.143,0,0,0,0,0,0,0,0,0,0,0,0,0,0,0
00003022_006.png,No Finding,2,3022,50,F,PA,2992,2991,0.143,0.143,0,0,0,0,0,0,0,0,0,0,0,0,0,0,0
00003022_007.png,Infiltration,3,3022,50,F,PA,2992,2991,0.143,0.143,1,0,0,0,1,0,0,0,0,0,0,0,0,0,0
00003022_008.png,Pneumothorax,4,3022,51,F,PA,2992,2991,0.143,0.143,1,0,0,0,0,0,0,0,1,0,0,0,0,0,0
00003022_009.png,No Finding,5,3022,54,F,PA,2992,2991,0.143,0.143,0,0,0,0,0,0,0,0,0,0,0,0,0,0,0
00003022_010.png,No Finding,6,3022,54,F,PA,2376,2534,0.143,0.143,0,0,0,0,0,0,0,0,0,0,0,0,0,0,0
00003022_000.png,Fibrosis,7,3022,56,F,PA,2992,2991,0.143,0.143,1,0,0,0,0,0,0,0,0,0,0,0,1,0,0
00003022_001.png,Fibrosis,8,3022,57,F,PA,2992,2991,0.143,0.143,1,0,0,0,0,0,0,0,0,0,0,0,1,0,0
00003022_002.png,No Finding,9,3022,58,F,PA,2544,3056,0.139,0.139,0,0,0,0,0,0,0,0,0,0,0,0,0,0,0
00003022_003.png,No Finding,10,3022,59,F,PA,2021,2021,0.1943109999999999,0.1943109999999999,0,0,0,0,0,0,0,0,0,0,0,0,0,0,0
00003023_000.png,No Finding,0,3023,36,M,AP,2048,2500,0.168,0.168,0,0,0,0,0,0,0,0,0,0,0,0,0,0,0
00003024_000.png,No Finding,0,3024,22,M,AP,2500,2048,0.171,0.171,0,0,0,0,0,0,0,0,0,0,0,0,0,0,0
00003024_001.png,No Finding,1,3024,22,M,AP,2048,2500,0.171,0.171,0,0,0,0,0,0,0,0,0,0,0,0,0,0,0
00003024_002.png,No Finding,2,3024,25,M,PA,2992,2991,0.143,0.143,0,0,0,0,0,0,0,0,0,0,0,0,0,0,0
00003025_000.png,Infiltration,0,3025,16,M,PA,2646,2991,0.143,0.143,1,0,0,0,1,0,0,0,0,0,0,0,0,0,0
00003027_000.png,No Finding,0,3027,57,M,PA,2500,2048,0.171,0.171,0,0,0,0,0,0,0,0,0,0,0,0,0,0,0
00003027_002.png,Cardiomegaly|Effusion,2,3027,59,M,PA,2500,2048,0.171,0.171,1,0,1,1,0,0,0,0,0,0,0,0,0,0,0
00003027_003.png,No Finding,3,3027,59,M,PA,2500,2048,0.168,0.168,0,0,0,0,0,0,0,0,0,0,0,0,0,0,0
00003028_000.png,No Finding,0,3028,53,F,AP,2500,2048,0.171,0.171,0,0,0,0,0,0,0,0,0,0,0,0,0,0,0
00003028_001.png,No Finding,1,3028,53,F,AP,2500,2048,0.171,0.171,0,0,0,0,0,0,0,0,0,0,0,0,0,0,0
00003028_002.png,No Finding,2,3028,57,F,PA,2426,2991,0.143,0.143,0,0,0,0,0,0,0,0,0,0,0,0,0,0,0
00003028_003.png,No Finding,3,3028,57,F,PA,2992,2991,0.143,0.143,0,0,0,0,0,0,0,0,0,0,0,0,0,0,0
00003028_004.png,Effusion,4,3028,57,F,AP,2500,2048,0.168,0.168,1,0,0,1,0,0,0,0,0,0,0,0,0,0,0
00003028_005.png,Effusion,5,3028,57,F,AP,2500,2048,0.168,0.168,1,0,0,1,0,0,0,0,0,0,0,0,0,0,0
00003028_006.png,Edema|Pneumonia,6,3028,57,F,AP,2500,2048,0.168,0.168,1,0,0,0,0,0,0,1,0,0,1,0,0,0,0
00003028_008.png,Edema,7,3028,57,F,AP,2500,2048,0.168,0.168,1,0,0,0,0,0,0,0,0,0,1,0,0,0,0
00003028_007.png,No Finding,8,3028,57,F,AP,2500,2048,0.168,0.168,0,0,0,0,0,0,0,0,0,0,0,0,0,0,0
00003028_010.png,Infiltration,9,3028,57,F,AP,2500,2048,0.168,0.168,1,0,0,0,1,0,0,0,0,0,0,0,0,0,0
00003028_009.png,Infiltration,10,3028,57,F,AP,2500,2048,0.168,0.168,1,0,0,0,1,0,0,0,0,0,0,0,0,0,0
00003028_011.png,No Finding,11,3028,57,F,AP,2500,2048,0.168,0.168,0,0,0,0,0,0,0,0,0,0,0,0,0,0,0
00003028_012.png,No Finding,12,3028,57,F,AP,2500,2048,0.168,0.168,0,0,0,0,0,0,0,0,0,0,0,0,0,0,0
00003028_013.png,No Finding,13,3028,57,F,AP,2500,2048,0.168,0.168,0,0,0,0,0,0,0,0,0,0,0,0,0,0,0
00003028_014.png,Infiltration,14,3028,57,F,AP,2500,2048,0.168,0.168,1,0,0,0,1,0,0,0,0,0,0,0,0,0,0
00003028_015.png,Infiltration|Nodule,15,3028,57,F,AP,2500,2048,0.168,0.168,1,0,0,0,1,0,1,0,0,0,0,0,0,0,0
00003028_016.png,Infiltration|Nodule,16,3028,57,F,AP,2500,2048,0.168,0.168,1,0,0,0,1,0,1,0,0,0,0,0,0,0,0
00003028_017.png,Edema|Effusion|Infiltration|Pleural_Thickening,17,3028,57,F,AP,2500,2048,0.168,0.168,1,0,0,1,1,0,0,0,0,0,1,0,0,1,0
00003028_018.png,Effusion,18,3028,57,F,AP,2500,2048,0.168,0.168,1,0,0,1,0,0,0,0,0,0,0,0,0,0,0
00003028_019.png,Effusion,19,3028,57,F,AP,2500,2048,0.168,0.168,1,0,0,1,0,0,0,0,0,0,0,0,0,0,0
00003028_021.png,Consolidation,20,3028,57,F,AP,2500,2048,0.168,0.168,1,0,0,0,0,0,0,0,0,1,0,0,0,0,0
00003028_020.png,Consolidation|Effusion,21,3028,57,F,AP,2500,2048,0.168,0.168,1,0,0,1,0,0,0,0,0,1,0,0,0,0,0
00003028_022.png,Consolidation,22,3028,57,F,AP,2500,2048,0.168,0.168,1,0,0,0,0,0,0,0,0,1,0,0,0,0,0
00003028_023.png,Infiltration,23,3028,57,F,AP,2500,2048,0.168,0.168,1,0,0,0,1,0,0,0,0,0,0,0,0,0,0
00003028_024.png,Infiltration,24,3028,57,F,AP,2500,2048,0.168,0.168,1,0,0,0,1,0,0,0,0,0,0,0,0,0,0
00003028_025.png,Infiltration,25,3028,57,F,AP,2500,2048,0.168,0.168,1,0,0,0,1,0,0,0,0,0,0,0,0,0,0
00003028_026.png,No Finding,26,3028,57,F,AP,2500,2048,0.168,0.168,0,0,0,0,0,0,0,0,0,0,0,0,0,0,0
00003028_027.png,No Finding,27,3028,57,F,AP,2500,2048,0.168,0.168,0,0,0,0,0,0,0,0,0,0,0,0,0,0,0
00003028_028.png,Consolidation|Infiltration,28,3028,57,F,AP,2500,2048,0.168,0.168,1,0,0,0,1,0,0,0,0,1,0,0,0,0,0
00003028_029.png,No Finding,29,3028,57,F,AP,2500,2048,0.168,0.168,0,0,0,0,0,0,0,0,0,0,0,0,0,0,0
00003028_031.png,Infiltration,30,3028,57,F,AP,2500,2048,0.168,0.168,1,0,0,0,1,0,0,0,0,0,0,0,0,0,0
00003028_030.png,No Finding,31,3028,57,F,AP,2500,2048,0.168,0.168,0,0,0,0,0,0,0,0,0,0,0,0,0,0,0
00003028_032.png,No Finding,32,3028,57,F,AP,2500,2048,0.168,0.168,0,0,0,0,0,0,0,0,0,0,0,0,0,0,0
00003028_033.png,No Finding,33,3028,57,F,AP,2500,2048,0.168,0.168,0,0,0,0,0,0,0,0,0,0,0,0,0,0,0
00003028_034.png,No Finding,34,3028,57,F,AP,2500,2048,0.168,0.168,0,0,0,0,0,0,0,0,0,0,0,0,0,0,0
00003028_035.png,No Finding,35,3028,57,F,AP,2500,2048,0.168,0.168,0,0,0,0,0,0,0,0,0,0,0,0,0,0,0
00003028_036.png,Consolidation|Infiltration,36,3028,57,F,AP,2500,2048,0.168,0.168,1,0,0,0,1,0,0,0,0,1,0,0,0,0,0
00003028_037.png,No Finding,37,3028,57,F,AP,2500,2048,0.168,0.168,0,0,0,0,0,0,0,0,0,0,0,0,0,0,0
00003028_038.png,Infiltration,38,3028,57,F,AP,2500,2048,0.168,0.168,1,0,0,0,1,0,0,0,0,0,0,0,0,0,0
00003028_039.png,No Finding,39,3028,57,F,AP,2500,2048,0.168,0.168,0,0,0,0,0,0,0,0,0,0,0,0,0,0,0
00003028_040.png,Consolidation|Infiltration,40,3028,57,F,AP,2500,2048,0.168,0.168,1,0,0,0,1,0,0,0,0,1,0,0,0,0,0
00003028_041.png,Infiltration,41,3028,57,F,AP,2500,2048,0.168,0.168,1,0,0,0,1,0,0,0,0,0,0,0,0,0,0
00003028_042.png,No Finding,42,3028,57,F,AP,2500,2048,0.168,0.168,0,0,0,0,0,0,0,0,0,0,0,0,0,0,0
00003028_043.png,Consolidation,43,3028,57,F,AP,2500,2048,0.168,0.168,1,0,0,0,0,0,0,0,0,1,0,0,0,0,0
00003028_044.png,Consolidation,44,3028,57,F,AP,2500,2048,0.168,0.168,1,0,0,0,0,0,0,0,0,1,0,0,0,0,0
00003028_046.png,Effusion,45,3028,57,F,AP,2500,2048,0.168,0.168,1,0,0,1,0,0,0,0,0,0,0,0,0,0,0
00003028_045.png,No Finding,46,3028,57,F,AP,2500,2048,0.168,0.168,0,0,0,0,0,0,0,0,0,0,0,0,0,0,0
00003028_047.png,Consolidation,47,3028,57,F,AP,2500,2048,0.168,0.168,1,0,0,0,0,0,0,0,0,1,0,0,0,0,0
00003028_048.png,Infiltration,48,3028,57,F,AP,2500,2048,0.168,0.168,1,0,0,0,1,0,0,0,0,0,0,0,0,0,0
00003028_049.png,Edema|Infiltration,49,3028,57,F,AP,2500,2048,0.168,0.168,1,0,0,0,1,0,0,0,0,0,1,0,0,0,0
00003028_050.png,Edema|Pneumonia,50,3028,57,F,AP,2500,2048,0.168,0.168,1,0,0,0,0,0,0,1,0,0,1,0,0,0,0
00003028_051.png,Infiltration,51,3028,57,F,AP,2500,2048,0.168,0.168,1,0,0,0,1,0,0,0,0,0,0,0,0,0,0
00003028_052.png,No Finding,52,3028,57,F,AP,2500,2048,0.168,0.168,0,0,0,0,0,0,0,0,0,0,0,0,0,0,0
00003028_053.png,No Finding,53,3028,57,F,AP,2500,2048,0.168,0.168,0,0,0,0,0,0,0,0,0,0,0,0,0,0,0
00003028_054.png,No Finding,54,3028,57,F,AP,2500,2048,0.168,0.168,0,0,0,0,0,0,0,0,0,0,0,0,0,0,0
00003028_055.png,No Finding,55,3028,57,F,AP,2500,2048,0.168,0.168,0,0,0,0,0,0,0,0,0,0,0,0,0,0,0
00003028_056.png,No Finding,56,3028,57,F,AP,2500,2048,0.168,0.168,0,0,0,0,0,0,0,0,0,0,0,0,0,0,0
00003028_057.png,No Finding,57,3028,57,F,AP,2500,2048,0.168,0.168,0,0,0,0,0,0,0,0,0,0,0,0,0,0,0
00003028_058.png,Infiltration,58,3028,57,F,AP,2500,2048,0.168,0.168,1,0,0,0,1,0,0,0,0,0,0,0,0,0,0
00003028_059.png,Infiltration,59,3028,57,F,AP,2500,2048,0.168,0.168,1,0,0,0,1,0,0,0,0,0,0,0,0,0,0
00003028_060.png,Infiltration,60,3028,57,F,AP,2500,2048,0.168,0.168,1,0,0,0,1,0,0,0,0,0,0,0,0,0,0
00003028_061.png,Infiltration,61,3028,57,F,AP,2500,2048,0.168,0.168,1,0,0,0,1,0,0,0,0,0,0,0,0,0,0
00003028_062.png,Infiltration,62,3028,57,F,AP,2500,2048,0.168,0.168,1,0,0,0,1,0,0,0,0,0,0,0,0,0,0
00003028_063.png,No Finding,63,3028,57,F,AP,2500,2048,0.168,0.168,0,0,0,0,0,0,0,0,0,0,0,0,0,0,0
00003028_064.png,Consolidation|Infiltration,64,3028,57,F,AP,2500,2048,0.168,0.168,1,0,0,0,1,0,0,0,0,1,0,0,0,0,0
00003028_065.png,Consolidation,65,3028,57,F,AP,2500,2048,0.168,0.168,1,0,0,0,0,0,0,0,0,1,0,0,0,0,0
00003028_066.png,No Finding,66,3028,57,F,AP,2500,2048,0.168,0.168,0,0,0,0,0,0,0,0,0,0,0,0,0,0,0
00003028_067.png,Consolidation|Effusion|Infiltration,67,3028,57,F,AP,2500,2048,0.168,0.168,1,0,0,1,1,0,0,0,0,1,0,0,0,0,0
00003028_068.png,Consolidation|Effusion|Infiltration,68,3028,57,F,AP,2500,2048,0.168,0.168,1,0,0,1,1,0,0,0,0,1,0,0,0,0,0
00003028_069.png,Edema|Infiltration|Pneumothorax,69,3028,57,F,AP,2500,2048,0.168,0.168,1,0,0,0,1,0,0,0,1,0,1,0,0,0,0
00003028_073.png,Pneumothorax,72,3028,57,F,AP,2500,2048,0.168,0.168,1,0,0,0,0,0,0,0,1,0,0,0,0,0,0
00003028_070.png,Effusion|Pneumothorax,73,3028,57,F,AP,2500,2048,0.168,0.168,1,0,0,1,0,0,0,0,1,0,0,0,0,0,0
00003028_075.png,Pneumothorax,74,3028,57,F,AP,2500,2048,0.168,0.168,1,0,0,0,0,0,0,0,1,0,0,0,0,0,0
00003028_076.png,Pneumothorax,75,3028,57,F,AP,2500,2048,0.168,0.168,1,0,0,0,0,0,0,0,1,0,0,0,0,0,0
00003028_077.png,Pneumothorax,76,3028,57,F,AP,2500,2048,0.168,0.168,1,0,0,0,0,0,0,0,1,0,0,0,0,0,0
00003028_074.png,Pneumothorax,77,3028,57,F,AP,2500,2048,0.168,0.168,1,0,0,0,0,0,0,0,1,0,0,0,0,0,0
00003028_079.png,Infiltration,78,3028,57,F,AP,2500,2048,0.168,0.168,1,0,0,0,1,0,0,0,0,0,0,0,0,0,0
00003028_078.png,No Finding,79,3028,57,F,AP,2500,2048,0.168,0.168,0,0,0,0,0,0,0,0,0,0,0,0,0,0,0
00003028_080.png,Infiltration,80,3028,57,F,AP,2500,2048,0.168,0.168,1,0,0,0,1,0,0,0,0,0,0,0,0,0,0
00003028_081.png,No Finding,81,3028,57,F,AP,2500,2048,0.168,0.168,0,0,0,0,0,0,0,0,0,0,0,0,0,0,0
00003028_082.png,Consolidation,82,3028,57,F,AP,2500,2048,0.168,0.168,1,0,0,0,0,0,0,0,0,1,0,0,0,0,0
00003028_083.png,Consolidation,83,3028,57,F,AP,2500,2048,0.168,0.168,1,0,0,0,0,0,0,0,0,1,0,0,0,0,0
00003028_084.png,Infiltration,84,3028,57,F,AP,2500,2048,0.168,0.168,1,0,0,0,1,0,0,0,0,0,0,0,0,0,0
00003028_085.png,Infiltration,85,3028,57,F,AP,2500,2048,0.168,0.168,1,0,0,0,1,0,0,0,0,0,0,0,0,0,0
00003028_086.png,No Finding,86,3028,57,F,AP,2500,2048,0.168,0.168,0,0,0,0,0,0,0,0,0,0,0,0,0,0,0
00003030_000.png,No Finding,0,3030,61,F,PA,2048,2500,0.168,0.168,0,0,0,0,0,0,0,0,0,0,0,0,0,0,0
00003030_001.png,No Finding,1,3030,63,F,PA,2048,2500,0.168,0.168,0,0,0,0,0,0,0,0,0,0,0,0,0,0,0
00003030_002.png,No Finding,2,3030,65,F,PA,2654,2621,0.143,0.143,0,0,0,0,0,0,0,0,0,0,0,0,0,0,0
00003030_003.png,No Finding,3,3030,66,F,PA,2048,2500,0.168,0.168,0,0,0,0,0,0,0,0,0,0,0,0,0,0,0
00003030_004.png,No Finding,4,3030,69,F,PA,2544,3056,0.139,0.139,0,0,0,0,0,0,0,0,0,0,0,0,0,0,0
00003031_000.png,No Finding,0,3031,47,M,PA,2500,2048,0.171,0.171,0,0,0,0,0,0,0,0,0,0,0,0,0,0,0
00003031_001.png,No Finding,1,3031,50,M,PA,2992,2991,0.143,0.143,0,0,0,0,0,0,0,0,0,0,0,0,0,0,0
00003032_000.png,No Finding,0,3032,51,F,PA,2710,2991,0.143,0.143,0,0,0,0,0,0,0,0,0,0,0,0,0,0,0
00003036_000.png,No Finding,0,3036,37,M,PA,2500,2048,0.168,0.168,0,0,0,0,0,0,0,0,0,0,0,0,0,0,0
00003038_000.png,No Finding,0,3038,43,M,AP,2500,2048,0.171,0.171,0,0,0,0,0,0,0,0,0,0,0,0,0,0,0
00003038_001.png,No Finding,1,3038,44,M,AP,2500,2048,0.168,0.168,0,0,0,0,0,0,0,0,0,0,0,0,0,0,0
00003040_000.png,No Finding,0,3040,42,M,PA,2500,2048,0.168,0.168,0,0,0,0,0,0,0,0,0,0,0,0,0,0,0
00003041_000.png,No Finding,0,3041,60,F,PA,2500,2048,0.171,0.171,0,0,0,0,0,0,0,0,0,0,0,0,0,0,0
00003041_001.png,Pleural_Thickening,1,3041,62,F,PA,2500,2048,0.168,0.168,1,0,0,0,0,0,0,0,0,0,0,0,0,1,0
00003042_000.png,No Finding,0,3042,23,F,PA,2048,2500,0.171,0.171,0,0,0,0,0,0,0,0,0,0,0,0,0,0,0
00003042_001.png,No Finding,1,3042,25,F,PA,2048,2500,0.168,0.168,0,0,0,0,0,0,0,0,0,0,0,0,0,0,0
00003045_001.png,No Finding,0,3045,60,F,PA,2048,2500,0.171,0.171,0,0,0,0,0,0,0,0,0,0,0,0,0,0,0
00003045_002.png,Fibrosis,1,3045,61,F,PA,2048,2500,0.168,0.168,1,0,0,0,0,0,0,0,0,0,0,0,1,0,0
00003045_003.png,Mass,2,3045,63,F,PA,2518,2701,0.143,0.143,1,0,0,0,0,1,0,0,0,0,0,0,0,0,0
00003045_004.png,Consolidation|Nodule,3,3045,64,F,PA,2742,2418,0.143,0.143,1,0,0,0,0,0,1,0,0,1,0,0,0,0,0
00003045_005.png,No Finding,4,3045,65,F,PA,2454,2991,0.143,0.143,0,0,0,0,0,0,0,0,0,0,0,0,0,0,0
00003045_000.png,No Finding,6,3045,69,F,PA,2992,2709,0.143,0.143,0,0,0,0,0,0,0,0,0,0,0,0,0,0,0
00003046_001.png,Pleural_Thickening,0,3046,68,F,PA,2048,2500,0.168,0.168,1,0,0,0,0,0,0,0,0,0,0,0,0,1,0
00003046_002.png,Pleural_Thickening,1,3046,72,F,PA,2738,2357,0.143,0.143,1,0,0,0,0,0,0,0,0,0,0,0,0,1,0
00003046_003.png,Effusion,2,3046,73,F,PA,2992,2991,0.143,0.143,1,0,0,1,0,0,0,0,0,0,0,0,0,0,0
00003046_004.png,Effusion|Hernia|Pleural_Thickening,3,3046,75,F,PA,2544,3036,0.139,0.139,1,0,0,1,0,0,0,0,0,0,0,0,0,1,1
00003046_000.png,Nodule|Pleural_Thickening,4,3046,77,F,PA,2992,2991,0.143,0.143,1,0,0,0,0,0,1,0,0,0,0,0,0,1,0
00003050_000.png,Infiltration,0,3050,49,F,PA,2992,2991,0.143,0.143,1,0,0,0,1,0,0,0,0,0,0,0,0,0,0
00003051_000.png,No Finding,0,3051,55,F,PA,2048,2500,0.171,0.171,0,0,0,0,0,0,0,0,0,0,0,0,0,0,0
00003052_000.png,No Finding,0,3052,44,F,AP,2500,2048,0.168,0.168,0,0,0,0,0,0,0,0,0,0,0,0,0,0,0
00003052_007.png,No Finding,7,3052,45,F,PA,2500,2048,0.168,0.168,0,0,0,0,0,0,0,0,0,0,0,0,0,0,0
00003052_008.png,Infiltration,8,3052,46,F,PA,2992,2991,0.143,0.143,1,0,0,0,1,0,0,0,0,0,0,0,0,0,0
00003053_000.png,No Finding,0,3053,82,M,PA,2992,2991,0.143,0.143,0,0,0,0,0,0,0,0,0,0,0,0,0,0,0
00003053_001.png,No Finding,1,3053,82,M,AP,2500,2048,0.168,0.168,0,0,0,0,0,0,0,0,0,0,0,0,0,0,0
00003053_002.png,No Finding,2,3053,82,M,AP,2500,2048,0.168,0.168,0,0,0,0,0,0,0,0,0,0,0,0,0,0,0
00003053_003.png,No Finding,3,3053,82,M,AP,2500,2048,0.168,0.168,0,0,0,0,0,0,0,0,0,0,0,0,0,0,0
00003053_004.png,No Finding,4,3053,83,M,PA,2670,2991,0.143,0.143,0,0,0,0,0,0,0,0,0,0,0,0,0,0,0
00003053_005.png,Emphysema,5,3053,83,M,PA,2992,2991,0.143,0.143,1,0,0,0,0,0,0,0,0,0,0,1,0,0,0
00003053_006.png,Infiltration,6,3053,83,M,PA,2500,2048,0.168,0.168,1,0,0,0,1,0,0,0,0,0,0,0,0,0,0
00003053_007.png,Pneumonia,7,3053,83,M,AP,2500,2048,0.168,0.168,1,0,0,0,0,0,0,1,0,0,0,0,0,0,0
00003053_008.png,No Finding,8,3053,83,M,PA,2992,2991,0.143,0.143,0,0,0,0,0,0,0,0,0,0,0,0,0,0,0
00003056_000.png,No Finding,0,3056,58,M,PA,2500,2048,0.171,0.171,0,0,0,0,0,0,0,0,0,0,0,0,0,0,0
00003056_001.png,No Finding,1,3056,61,M,PA,2500,2048,0.168,0.168,0,0,0,0,0,0,0,0,0,0,0,0,0,0,0
00003056_002.png,No Finding,2,3056,62,M,PA,2992,2991,0.143,0.143,0,0,0,0,0,0,0,0,0,0,0,0,0,0,0
00003056_003.png,No Finding,3,3056,62,M,PA,2992,2991,0.143,0.143,0,0,0,0,0,0,0,0,0,0,0,0,0,0,0
00003057_000.png,No Finding,0,3057,30,M,PA,2662,2991,0.143,0.143,0,0,0,0,0,0,0,0,0,0,0,0,0,0,0
00003060_000.png,No Finding,0,3060,8,M,PA,2048,2500,0.168,0.168,0,0,0,0,0,0,0,0,0,0,0,0,0,0,0
00003061_000.png,Nodule,0,3061,20,M,PA,2500,2048,0.168,0.168,1,0,0,0,0,0,1,0,0,0,0,0,0,0,0
00003061_001.png,No Finding,1,3061,21,M,PA,2992,2991,0.143,0.143,0,0,0,0,0,0,0,0,0,0,0,0,0,0,0
00003061_002.png,No Finding,2,3061,21,M,PA,2500,2048,0.168,0.168,0,0,0,0,0,0,0,0,0,0,0,0,0,0,0
00003061_003.png,No Finding,3,3061,21,M,PA,2992,2991,0.143,0.143,0,0,0,0,0,0,0,0,0,0,0,0,0,0,0
00003062_016.png,No Finding,0,3062,40,F,PA,2570,2889,0.143,0.143,0,0,0,0,0,0,0,0,0,0,0,0,0,0,0
00003062_017.png,Effusion,1,3062,40,F,AP,2048,2500,0.168,0.168,1,0,0,1,0,0,0,0,0,0,0,0,0,0,0
00003062_018.png,Effusion,2,3062,40,F,AP,2500,2048,0.168,0.168,1,0,0,1,0,0,0,0,0,0,0,0,0,0,0
00003062_000.png,No Finding,3,3062,47,F,PA,2992,2991,0.143,0.143,0,0,0,0,0,0,0,0,0,0,0,0,0,0,0
00003062_002.png,Pneumothorax,5,3062,48,F,AP,3056,2544,0.139,0.139,1,0,0,0,0,0,0,0,1,0,0,0,0,0,0
00003062_003.png,Pneumothorax,6,3062,48,F,PA,2992,2991,0.143,0.143,1,0,0,0,0,0,0,0,1,0,0,0,0,0,0
00003062_004.png,Pneumothorax,7,3062,48,F,PA,2406,2816,0.143,0.143,1,0,0,0,0,0,0,0,1,0,0,0,0,0,0
00003062_005.png,Pleural_Thickening|Pneumothorax,8,3062,48,F,PA,2710,2991,0.143,0.143,1,0,0,0,0,0,0,0,1,0,0,0,0,1,0
00003062_006.png,Pneumothorax,9,3062,48,F,PA,2494,2991,0.143,0.143,1,0,0,0,0,0,0,0,1,0,0,0,0,0,0
00003062_007.png,Effusion|Pneumothorax,10,3062,48,F,PA,2992,2991,0.143,0.143,1,0,0,1,0,0,0,0,1,0,0,0,0,0,0
00003062_008.png,Nodule,11,3062,48,F,PA,2544,3056,0.139,0.139,1,0,0,0,0,0,1,0,0,0,0,0,0,0,0
00003062_009.png,No Finding,12,3062,49,F,AP,3056,2544,0.139,0.139,0,0,0,0,0,0,0,0,0,0,0,0,0,0,0
00003062_010.png,No Finding,13,3062,49,F,AP,3056,2544,0.139,0.139,0,0,0,0,0,0,0,0,0,0,0,0,0,0,0
00003062_011.png,Effusion|Pneumothorax,14,3062,49,F,PA,2021,2021,0.1943109999999999,0.1943109999999999,1,0,0,1,0,0,0,0,1,0,0,0,0,0,0
00003062_013.png,Infiltration,16,3062,49,F,PA,2021,2021,0.1943109999999999,0.1943109999999999,1,0,0,0,1,0,0,0,0,0,0,0,0,0,0
00003062_015.png,Infiltration,18,3062,50,F,PA,2020,2021,0.194314,0.194314,1,0,0,0,1,0,0,0,0,0,0,0,0,0,0
00003063_000.png,No Finding,0,3063,46,M,PA,2500,2048,0.168,0.168,0,0,0,0,0,0,0,0,0,0,0,0,0,0,0
00003065_000.png,Infiltration|Mass,0,3065,51,F,PA,2566,2991,0.143,0.143,1,0,0,0,1,1,0,0,0,0,0,0,0,0,0
00003065_001.png,No Finding,1,3065,51,F,PA,2992,2991,0.143,0.143,0,0,0,0,0,0,0,0,0,0,0,0,0,0,0
00003066_000.png,Pneumothorax,0,3066,61,F,PA,2992,2991,0.143,0.143,1,0,0,0,0,0,0,0,1,0,0,0,0,0,0
00003067_000.png,Nodule,0,3067,51,M,PA,2500,2048,0.171,0.171,1,0,0,0,0,0,1,0,0,0,0,0,0,0,0
00003068_004.png,No Finding,0,3068,50,M,PA,2500,2048,0.171,0.171,0,0,0,0,0,0,0,0,0,0,0,0,0,0,0
00003068_005.png,No Finding,1,3068,51,M,PA,2500,2048,0.171,0.171,0,0,0,0,0,0,0,0,0,0,0,0,0,0,0
00003068_006.png,No Finding,2,3068,52,M,PA,2500,2048,0.168,0.168,0,0,0,0,0,0,0,0,0,0,0,0,0,0,0
00003068_007.png,No Finding,3,3068,53,M,PA,2500,2048,0.168,0.168,0,0,0,0,0,0,0,0,0,0,0,0,0,0,0
00003068_000.png,No Finding,4,3068,61,M,PA,2992,2991,0.143,0.143,0,0,0,0,0,0,0,0,0,0,0,0,0,0,0
00003068_001.png,No Finding,5,3068,61,M,PA,2992,2991,0.143,0.143,0,0,0,0,0,0,0,0,0,0,0,0,0,0,0
00003068_002.png,No Finding,6,3068,62,M,PA,2830,2737,0.143,0.143,0,0,0,0,0,0,0,0,0,0,0,0,0,0,0
00003068_003.png,No Finding,7,3068,62,M,PA,2992,2991,0.143,0.143,0,0,0,0,0,0,0,0,0,0,0,0,0,0,0
00003069_001.png,No Finding,1,3069,57,F,PA,2922,2721,0.143,0.143,0,0,0,0,0,0,0,0,0,0,0,0,0,0,0
00003070_000.png,No Finding,0,3070,58,F,PA,2048,2500,0.171,0.171,0,0,0,0,0,0,0,0,0,0,0,0,0,0,0
00003073_000.png,No Finding,0,3073,27,M,PA,3056,2544,0.139,0.139,0,0,0,0,0,0,0,0,0,0,0,0,0,0,0
00003074_000.png,No Finding,0,3074,5,M,AP,2048,2500,0.171,0.171,0,0,0,0,0,0,0,0,0,0,0,0,0,0,0
00003074_001.png,No Finding,1,3074,9,M,PA,1978,2125,0.143,0.143,0,0,0,0,0,0,0,0,0,0,0,0,0,0,0
00003075_000.png,No Finding,0,3075,39,M,PA,3056,2544,0.139,0.139,0,0,0,0,0,0,0,0,0,0,0,0,0,0,0
00003079_000.png,No Finding,0,3079,54,M,PA,2500,2048,0.171,0.171,0,0,0,0,0,0,0,0,0,0,0,0,0,0,0
00003080_000.png,No Finding,0,3080,62,F,PA,2500,2048,0.168,0.168,0,0,0,0,0,0,0,0,0,0,0,0,0,0,0
00003081_000.png,No Finding,0,3081,57,F,PA,2021,2021,0.1943109999999999,0.1943109999999999,0,0,0,0,0,0,0,0,0,0,0,0,0,0,0
00003082_000.png,No Finding,0,3082,55,F,PA,2048,2500,0.171,0.171,0,0,0,0,0,0,0,0,0,0,0,0,0,0,0
00003083_000.png,No Finding,0,3083,40,F,PA,2500,2048,0.171,0.171,0,0,0,0,0,0,0,0,0,0,0,0,0,0,0
00003083_001.png,Effusion,1,3083,41,F,PA,2048,2500,0.168,0.168,1,0,0,1,0,0,0,0,0,0,0,0,0,0,0
00003083_002.png,Effusion,2,3083,45,F,PA,2518,2991,0.143,0.143,1,0,0,1,0,0,0,0,0,0,0,0,0,0,0
00003084_000.png,No Finding,0,3084,83,M,PA,2500,2048,0.171,0.171,0,0,0,0,0,0,0,0,0,0,0,0,0,0,0
00003084_001.png,No Finding,1,3084,83,M,PA,2500,2048,0.171,0.171,0,0,0,0,0,0,0,0,0,0,0,0,0,0,0
00003085_003.png,No Finding,0,3085,45,F,PA,2450,2841,0.143,0.143,0,0,0,0,0,0,0,0,0,0,0,0,0,0,0
00003085_000.png,No Finding,1,3085,53,F,PA,1896,2021,0.1943109999999999,0.1943109999999999,0,0,0,0,0,0,0,0,0,0,0,0,0,0,0
00003085_001.png,No Finding,2,3085,53,F,PA,1773,1805,0.1943109999999999,0.1943109999999999,0,0,0,0,0,0,0,0,0,0,0,0,0,0,0
00003085_002.png,No Finding,3,3085,53,F,PA,2020,1876,0.1943109999999999,0.1943109999999999,0,0,0,0,0,0,0,0,0,0,0,0,0,0,0
00003087_001.png,Cardiomegaly,0,3087,31,F,PA,2868,2948,0.143,0.143,1,0,1,0,0,0,0,0,0,0,0,0,0,0,0
00003087_000.png,Cardiomegaly,1,3087,32,F,PA,2544,3056,0.139,0.139,1,0,1,0,0,0,0,0,0,0,0,0,0,0,0
00003088_000.png,Cardiomegaly,0,3088,60,F,PA,2992,2991,0.143,0.143,1,0,1,0,0,0,0,0,0,0,0,0,0,0,0
00003091_000.png,Cardiomegaly,0,3091,39,M,PA,2500,2048,0.168,0.168,1,0,1,0,0,0,0,0,0,0,0,0,0,0,0
00003091_001.png,No Finding,1,3091,42,M,PA,2992,2991,0.143,0.143,0,0,0,0,0,0,0,0,0,0,0,0,0,0,0
00003092_000.png,Pneumonia,0,3092,53,M,PA,2758,2991,0.143,0.143,1,0,0,0,0,0,0,1,0,0,0,0,0,0,0
00003094_000.png,No Finding,0,3094,46,F,PA,2048,2500,0.171,0.171,0,0,0,0,0,0,0,0,0,0,0,0,0,0,0
00003094_001.png,No Finding,1,3094,47,F,PA,2048,2500,0.168,0.168,0,0,0,0,0,0,0,0,0,0,0,0,0,0,0
00003094_002.png,No Finding,2,3094,47,F,PA,2048,2500,0.168,0.168,0,0,0,0,0,0,0,0,0,0,0,0,0,0,0
00003094_003.png,No Finding,3,3094,49,F,PA,2992,2991,0.143,0.143,0,0,0,0,0,0,0,0,0,0,0,0,0,0,0
00003094_004.png,No Finding,4,3094,51,F,PA,2864,2379,0.143,0.143,0,0,0,0,0,0,0,0,0,0,0,0,0,0,0
00003094_005.png,No Finding,5,3094,53,F,PA,2874,2991,0.143,0.143,0,0,0,0,0,0,0,0,0,0,0,0,0,0,0
00003096_000.png,No Finding,0,3096,57,M,PA,2021,2021,0.1943109999999999,0.1943109999999999,0,0,0,0,0,0,0,0,0,0,0,0,0,0,0
00003096_001.png,Infiltration,1,3096,57,M,PA,2021,2021,0.1943109999999999,0.1943109999999999,1,0,0,0,1,0,0,0,0,0,0,0,0,0,0
00003097_002.png,No Finding,2,3097,44,M,PA,2798,2991,0.143,0.143,0,0,0,0,0,0,0,0,0,0,0,0,0,0,0
00003097_003.png,No Finding,3,3097,44,M,AP,2500,2048,0.168,0.168,0,0,0,0,0,0,0,0,0,0,0,0,0,0,0
00003098_000.png,Effusion|Infiltration,0,3098,33,M,PA,2048,2500,0.171,0.171,1,0,0,1,1,0,0,0,0,0,0,0,0,0,0
00003098_001.png,No Finding,1,3098,33,M,AP,2500,2048,0.171,0.171,0,0,0,0,0,0,0,0,0,0,0,0,0,0,0
00003098_002.png,No Finding,2,3098,34,M,PA,2500,2048,0.171,0.171,0,0,0,0,0,0,0,0,0,0,0,0,0,0,0
00003098_003.png,Pleural_Thickening,3,3098,34,M,PA,2048,2500,0.171,0.171,1,0,0,0,0,0,0,0,0,0,0,0,0,1,0
00003098_004.png,Pleural_Thickening,4,3098,35,M,PA,2500,2048,0.168,0.168,1,0,0,0,0,0,0,0,0,0,0,0,0,1,0
00003098_005.png,Pleural_Thickening,5,3098,35,M,PA,2500,2048,0.168,0.168,1,0,0,0,0,0,0,0,0,0,0,0,0,1,0
00003098_006.png,No Finding,6,3098,35,M,PA,2048,2500,0.168,0.168,0,0,0,0,0,0,0,0,0,0,0,0,0,0,0
00003098_007.png,No Finding,7,3098,35,M,PA,2048,2500,0.168,0.168,0,0,0,0,0,0,0,0,0,0,0,0,0,0,0
00003098_008.png,No Finding,8,3098,35,M,AP,2500,2048,0.171,0.171,0,0,0,0,0,0,0,0,0,0,0,0,0,0,0
00003098_009.png,No Finding,9,3098,35,M,AP,2500,2048,0.171,0.171,0,0,0,0,0,0,0,0,0,0,0,0,0,0,0
00003098_010.png,No Finding,10,3098,35,M,PA,2500,2048,0.168,0.168,0,0,0,0,0,0,0,0,0,0,0,0,0,0,0
00003098_011.png,No Finding,11,3098,35,M,PA,2048,2500,0.168,0.168,0,0,0,0,0,0,0,0,0,0,0,0,0,0,0
00003098_012.png,Fibrosis,12,3098,36,M,PA,2500,2048,0.168,0.168,1,0,0,0,0,0,0,0,0,0,0,0,1,0,0
00003098_013.png,No Finding,13,3098,36,M,PA,2048,2500,0.168,0.168,0,0,0,0,0,0,0,0,0,0,0,0,0,0,0
00003098_014.png,No Finding,14,3098,36,M,AP,2500,2048,0.168,0.168,0,0,0,0,0,0,0,0,0,0,0,0,0,0,0
00003098_015.png,No Finding,15,3098,38,M,PA,2992,2991,0.143,0.143,0,0,0,0,0,0,0,0,0,0,0,0,0,0,0
00003098_016.png,No Finding,16,3098,39,M,PA,2310,2719,0.143,0.143,0,0,0,0,0,0,0,0,0,0,0,0,0,0,0
00003099_000.png,No Finding,0,3099,34,M,PA,2500,2048,0.168,0.168,0,0,0,0,0,0,0,0,0,0,0,0,0,0,0
00003099_001.png,No Finding,1,3099,38,M,PA,2834,2757,0.143,0.143,0,0,0,0,0,0,0,0,0,0,0,0,0,0,0
00003100_000.png,Infiltration,0,3100,56,M,PA,2500,2048,0.168,0.168,1,0,0,0,1,0,0,0,0,0,0,0,0,0,0
00003100_001.png,No Finding,1,3100,56,M,PA,2798,2987,0.143,0.143,0,0,0,0,0,0,0,0,0,0,0,0,0,0,0
00003100_002.png,No Finding,2,3100,57,M,AP,2500,2048,0.168,0.168,0,0,0,0,0,0,0,0,0,0,0,0,0,0,0
00003100_003.png,No Finding,3,3100,57,M,PA,2992,2991,0.143,0.143,0,0,0,0,0,0,0,0,0,0,0,0,0,0,0
00003100_004.png,No Finding,4,3100,57,M,AP,2500,2048,0.168,0.168,0,0,0,0,0,0,0,0,0,0,0,0,0,0,0
00003100_005.png,No Finding,5,3100,60,M,PA,2992,2991,0.143,0.143,0,0,0,0,0,0,0,0,0,0,0,0,0,0,0
00003100_006.png,Mass,6,3100,61,M,AP,3056,2544,0.139,0.139,1,0,0,0,0,1,0,0,0,0,0,0,0,0,0
00003101_000.png,No Finding,0,3101,58,F,AP,2500,2048,0.171,0.171,0,0,0,0,0,0,0,0,0,0,0,0,0,0,0
00003101_001.png,Mass|Pneumothorax,1,3101,59,F,AP,2500,2048,0.171,0.171,1,0,0,0,0,1,0,0,1,0,0,0,0,0,0
00003101_002.png,No Finding,2,3101,59,F,PA,2048,2500,0.171,0.171,0,0,0,0,0,0,0,0,0,0,0,0,0,0,0
00003101_003.png,Nodule,3,3101,59,F,PA,2048,2500,0.171,0.171,1,0,0,0,0,0,1,0,0,0,0,0,0,0,0
00003101_004.png,No Finding,4,3101,59,F,AP,2500,2048,0.171,0.171,0,0,0,0,0,0,0,0,0,0,0,0,0,0,0
00003101_005.png,Pneumothorax,5,3101,59,F,PA,2500,2048,0.171,0.171,1,0,0,0,0,0,0,0,1,0,0,0,0,0,0
00003102_000.png,No Finding,0,3102,58,M,AP,2500,2048,0.171,0.171,0,0,0,0,0,0,0,0,0,0,0,0,0,0,0
00003103_000.png,Effusion,0,3103,25,F,PA,2048,2500,0.171,0.171,1,0,0,1,0,0,0,0,0,0,0,0,0,0,0
00003103_001.png,No Finding,1,3103,28,F,PA,2048,2500,0.168,0.168,0,0,0,0,0,0,0,0,0,0,0,0,0,0,0
00003105_000.png,No Finding,0,3105,34,M,PA,2500,2048,0.168,0.168,0,0,0,0,0,0,0,0,0,0,0,0,0,0,0
00003106_000.png,No Finding,0,3106,61,F,PA,2021,2021,0.1943109999999999,0.1943109999999999,0,0,0,0,0,0,0,0,0,0,0,0,0,0,0
00003107_001.png,No Finding,0,3107,29,M,AP,3056,2544,0.139,0.139,0,0,0,0,0,0,0,0,0,0,0,0,0,0,0
00003107_000.png,No Finding,1,3107,32,M,AP,3056,2544,0.139,0.139,0,0,0,0,0,0,0,0,0,0,0,0,0,0,0
00003108_001.png,No Finding,0,3108,18,M,PA,2500,2048,0.171,0.171,0,0,0,0,0,0,0,0,0,0,0,0,0,0,0
00003108_000.png,No Finding,1,3108,30,M,PA,2992,2991,0.143,0.143,0,0,0,0,0,0,0,0,0,0,0,0,0,0,0
00003109_001.png,No Finding,0,3109,43,M,PA,2990,2991,0.143,0.143,0,0,0,0,0,0,0,0,0,0,0,0,0,0,0
00003109_002.png,No Finding,1,3109,44,M,AP,2500,2048,0.168,0.168,0,0,0,0,0,0,0,0,0,0,0,0,0,0,0
00003109_003.png,No Finding,2,3109,45,M,AP,2500,2048,0.168,0.168,0,0,0,0,0,0,0,0,0,0,0,0,0,0,0
00003109_005.png,No Finding,4,3109,45,M,AP,2500,2048,0.168,0.168,0,0,0,0,0,0,0,0,0,0,0,0,0,0,0
00003109_007.png,No Finding,6,3109,45,M,AP,2500,2048,0.168,0.168,0,0,0,0,0,0,0,0,0,0,0,0,0,0,0
00003109_009.png,No Finding,8,3109,45,M,AP,2500,2048,0.168,0.168,0,0,0,0,0,0,0,0,0,0,0,0,0,0,0
00003109_010.png,No Finding,9,3109,45,M,AP,2500,2048,0.168,0.168,0,0,0,0,0,0,0,0,0,0,0,0,0,0,0
00003109_011.png,No Finding,10,3109,45,M,AP,2500,2048,0.168,0.168,0,0,0,0,0,0,0,0,0,0,0,0,0,0,0
00003109_012.png,No Finding,11,3109,45,M,AP,2500,2048,0.168,0.168,0,0,0,0,0,0,0,0,0,0,0,0,0,0,0
00003109_000.png,Infiltration,12,3109,50,M,PA,3056,2544,0.139,0.139,1,0,0,0,1,0,0,0,0,0,0,0,0,0,0
00003110_000.png,No Finding,0,3110,24,M,PA,2500,2048,0.171,0.171,0,0,0,0,0,0,0,0,0,0,0,0,0,0,0
00003111_000.png,No Finding,0,3111,48,M,PA,2500,2048,0.171,0.171,0,0,0,0,0,0,0,0,0,0,0,0,0,0,0
00003111_001.png,No Finding,1,3111,54,M,PA,2892,2948,0.143,0.143,0,0,0,0,0,0,0,0,0,0,0,0,0,0,0
00003112_000.png,No Finding,0,3112,67,M,PA,2048,2500,0.171,0.171,0,0,0,0,0,0,0,0,0,0,0,0,0,0,0
00003112_001.png,No Finding,1,3112,74,M,PA,2992,2991,0.143,0.143,0,0,0,0,0,0,0,0,0,0,0,0,0,0,0
00003113_000.png,No Finding,0,3113,29,M,PA,2500,2048,0.168,0.168,0,0,0,0,0,0,0,0,0,0,0,0,0,0,0
00003115_000.png,No Finding,0,3115,29,M,PA,2500,2048,0.171,0.171,0,0,0,0,0,0,0,0,0,0,0,0,0,0,0
00003115_001.png,No Finding,1,3115,31,M,PA,2500,2048,0.168,0.168,0,0,0,0,0,0,0,0,0,0,0,0,0,0,0
00003116_000.png,No Finding,0,3116,15,M,PA,2638,2991,0.143,0.143,0,0,0,0,0,0,0,0,0,0,0,0,0,0,0
00003119_000.png,Fibrosis|Infiltration|Nodule,0,3119,36,M,PA,2048,2500,0.168,0.168,1,0,0,0,1,0,1,0,0,0,0,0,1,0,0
00003119_001.png,Infiltration,1,3119,40,M,PA,2992,2991,0.143,0.143,1,0,0,0,1,0,0,0,0,0,0,0,0,0,0
00003120_000.png,No Finding,0,3120,55,M,AP,2500,2048,0.168,0.168,0,0,0,0,0,0,0,0,0,0,0,0,0,0,0
00003121_000.png,Mass|Nodule,0,3121,62,M,PA,2798,2991,0.143,0.143,1,0,0,0,0,1,1,0,0,0,0,0,0,0,0
00003122_000.png,Emphysema,0,3122,53,M,PA,2500,2048,0.168,0.168,1,0,0,0,0,0,0,0,0,0,0,1,0,0,0
00003122_001.png,No Finding,1,3122,53,M,AP,2048,2500,0.168,0.168,0,0,0,0,0,0,0,0,0,0,0,0,0,0,0
00003122_002.png,No Finding,2,3122,53,M,PA,2500,2048,0.168,0.168,0,0,0,0,0,0,0,0,0,0,0,0,0,0,0
00003122_003.png,No Finding,3,3122,53,M,PA,2500,2048,0.168,0.168,0,0,0,0,0,0,0,0,0,0,0,0,0,0,0
00003122_004.png,No Finding,4,3122,54,M,PA,2500,2048,0.168,0.168,0,0,0,0,0,0,0,0,0,0,0,0,0,0,0
00003122_005.png,No Finding,5,3122,54,M,PA,2992,2991,0.143,0.143,0,0,0,0,0,0,0,0,0,0,0,0,0,0,0
00003122_006.png,Emphysema,6,3122,55,M,PA,2992,2991,0.143,0.143,1,0,0,0,0,0,0,0,0,0,0,1,0,0,0
00003122_007.png,No Finding,7,3122,55,M,PA,2992,2991,0.143,0.143,0,0,0,0,0,0,0,0,0,0,0,0,0,0,0
00003122_008.png,No Finding,8,3122,55,M,PA,2992,2897,0.143,0.143,0,0,0,0,0,0,0,0,0,0,0,0,0,0,0
00003122_009.png,No Finding,9,3122,55,M,PA,2992,2991,0.143,0.143,0,0,0,0,0,0,0,0,0,0,0,0,0,0,0
00003122_010.png,No Finding,10,3122,56,M,PA,2992,2991,0.143,0.143,0,0,0,0,0,0,0,0,0,0,0,0,0,0,0
00003122_011.png,No Finding,11,3122,56,M,PA,2992,2991,0.143,0.143,0,0,0,0,0,0,0,0,0,0,0,0,0,0,0
00003122_012.png,No Finding,12,3122,56,M,PA,2992,2991,0.143,0.143,0,0,0,0,0,0,0,0,0,0,0,0,0,0,0
00003122_013.png,No Finding,13,3122,56,M,PA,2500,2048,0.168,0.168,0,0,0,0,0,0,0,0,0,0,0,0,0,0,0
00003122_014.png,No Finding,14,3122,56,M,PA,2992,2991,0.143,0.143,0,0,0,0,0,0,0,0,0,0,0,0,0,0,0
00003122_015.png,No Finding,15,3122,57,M,PA,2990,2991,0.143,0.143,0,0,0,0,0,0,0,0,0,0,0,0,0,0,0
00003122_016.png,No Finding,16,3122,57,M,PA,2992,2991,0.143,0.143,0,0,0,0,0,0,0,0,0,0,0,0,0,0,0
00003122_017.png,No Finding,17,3122,57,M,PA,2992,2991,0.143,0.143,0,0,0,0,0,0,0,0,0,0,0,0,0,0,0
00003122_018.png,No Finding,18,3122,57,M,AP,2500,2048,0.168,0.168,0,0,0,0,0,0,0,0,0,0,0,0,0,0,0
00003125_000.png,No Finding,0,3125,55,F,PA,2048,2500,0.171,0.171,0,0,0,0,0,0,0,0,0,0,0,0,0,0,0
00003125_001.png,No Finding,1,3125,57,F,PA,2500,2048,0.168,0.168,0,0,0,0,0,0,0,0,0,0,0,0,0,0,0
00003126_018.png,Consolidation|Nodule,0,3126,67,F,PA,2048,2500,0.168,0.168,1,0,0,0,0,0,1,0,0,1,0,0,0,0,0
00003126_019.png,No Finding,1,3126,70,F,AP,2500,2048,0.168,0.168,0,0,0,0,0,0,0,0,0,0,0,0,0,0,0
00003126_020.png,Mass,2,3126,71,F,AP,2500,2048,0.168,0.168,1,0,0,0,0,1,0,0,0,0,0,0,0,0,0
00003126_021.png,No Finding,3,3126,71,F,AP,2500,2048,0.168,0.168,0,0,0,0,0,0,0,0,0,0,0,0,0,0,0
00003126_022.png,Infiltration,4,3126,72,F,AP,2500,2048,0.168,0.168,1,0,0,0,1,0,0,0,0,0,0,0,0,0,0
00003126_000.png,No Finding,5,3126,74,F,AP,3056,2544,0.139,0.139,0,0,0,0,0,0,0,0,0,0,0,0,0,0,0
00003126_001.png,No Finding,6,3126,75,F,AP,3056,2544,0.139,0.139,0,0,0,0,0,0,0,0,0,0,0,0,0,0,0
00003126_002.png,No Finding,7,3126,75,F,AP,3056,2544,0.139,0.139,0,0,0,0,0,0,0,0,0,0,0,0,0,0,0
00003126_003.png,No Finding,8,3126,76,F,AP,3056,2544,0.139,0.139,0,0,0,0,0,0,0,0,0,0,0,0,0,0,0
00003126_004.png,No Finding,9,3126,77,F,PA,2021,2021,0.1943109999999999,0.1943109999999999,0,0,0,0,0,0,0,0,0,0,0,0,0,0,0
00003126_005.png,Nodule,10,3126,78,F,PA,1749,1742,0.1943109999999999,0.1943109999999999,1,0,0,0,0,0,1,0,0,0,0,0,0,0,0
00003126_006.png,Consolidation,11,3126,78,F,PA,1677,1575,0.1943109999999999,0.1943109999999999,1,0,0,0,0,0,0,0,0,1,0,0,0,0,0
00003126_007.png,Pneumothorax,12,3126,78,F,PA,1902,2021,0.1943109999999999,0.1943109999999999,1,0,0,0,0,0,0,0,1,0,0,0,0,0,0
00003126_008.png,Infiltration|Pneumothorax,13,3126,78,F,AP,3056,2544,0.139,0.139,1,0,0,0,1,0,0,0,1,0,0,0,0,0,0
00003126_009.png,Infiltration|Pneumothorax,14,3126,78,F,AP,3056,2544,0.139,0.139,1,0,0,0,1,0,0,0,1,0,0,0,0,0,0
00003126_010.png,Pneumothorax,15,3126,78,F,AP,3056,2544,0.139,0.139,1,0,0,0,0,0,0,0,1,0,0,0,0,0,0
00003126_011.png,Pneumothorax,16,3126,78,F,AP,3056,2544,0.139,0.139,1,0,0,0,0,0,0,0,1,0,0,0,0,0,0
00003126_012.png,Infiltration|Nodule|Pneumothorax,17,3126,78,F,AP,3056,2544,0.139,0.139,1,0,0,0,1,0,1,0,1,0,0,0,0,0,0
00003126_013.png,Pneumothorax,18,3126,78,F,AP,3056,2544,0.139,0.139,1,0,0,0,0,0,0,0,1,0,0,0,0,0,0
00003126_014.png,No Finding,19,3126,78,F,AP,3056,2544,0.139,0.139,0,0,0,0,0,0,0,0,0,0,0,0,0,0,0
00003126_015.png,Nodule,20,3126,78,F,AP,3056,2544,0.139,0.139,1,0,0,0,0,0,1,0,0,0,0,0,0,0,0
00003126_016.png,Nodule,21,3126,78,F,AP,3056,2544,0.139,0.139,1,0,0,0,0,0,1,0,0,0,0,0,0,0,0
00003126_017.png,Nodule,22,3126,78,F,PA,2021,2021,0.1943109999999999,0.1943109999999999,1,0,0,0,0,0,1,0,0,0,0,0,0,0,0
00003127_000.png,No Finding,0,3127,13,F,PA,2530,2477,0.143,0.143,0,0,0,0,0,0,0,0,0,0,0,0,0,0,0
00003128_000.png,No Finding,0,3128,16,M,PA,2544,3056,0.139,0.139,0,0,0,0,0,0,0,0,0,0,0,0,0,0,0
00003130_000.png,No Finding,0,3130,44,M,PA,2500,2048,0.168,0.168,0,0,0,0,0,0,0,0,0,0,0,0,0,0,0
00003130_001.png,No Finding,1,3130,45,M,PA,2500,2048,0.168,0.168,0,0,0,0,0,0,0,0,0,0,0,0,0,0,0
00003130_002.png,No Finding,2,3130,45,M,PA,2500,2048,0.168,0.168,0,0,0,0,0,0,0,0,0,0,0,0,0,0,0
00003130_003.png,Infiltration,3,3130,45,M,PA,2500,2048,0.168,0.168,1,0,0,0,1,0,0,0,0,0,0,0,0,0,0
00003130_004.png,No Finding,4,3130,45,M,AP,2500,2048,0.168,0.168,0,0,0,0,0,0,0,0,0,0,0,0,0,0,0
00003130_005.png,Infiltration,5,3130,46,M,AP,2500,2048,0.168,0.168,1,0,0,0,1,0,0,0,0,0,0,0,0,0,0
00003130_006.png,No Finding,6,3130,46,M,AP,2500,2048,0.168,0.168,0,0,0,0,0,0,0,0,0,0,0,0,0,0,0
00003130_008.png,No Finding,8,3130,46,M,AP,2500,2048,0.168,0.168,0,0,0,0,0,0,0,0,0,0,0,0,0,0,0
00003133_001.png,No Finding,0,3133,35,F,PA,2048,2500,0.171,0.171,0,0,0,0,0,0,0,0,0,0,0,0,0,0,0
00003133_002.png,No Finding,1,3133,38,F,PA,2048,2500,0.168,0.168,0,0,0,0,0,0,0,0,0,0,0,0,0,0,0
00003133_003.png,No Finding,2,3133,42,F,PA,2992,2991,0.143,0.143,0,0,0,0,0,0,0,0,0,0,0,0,0,0,0
00003133_004.png,No Finding,3,3133,45,F,PA,2992,2991,0.143,0.143,0,0,0,0,0,0,0,0,0,0,0,0,0,0,0
00003133_005.png,No Finding,4,3133,45,F,PA,2992,2991,0.143,0.143,0,0,0,0,0,0,0,0,0,0,0,0,0,0,0
00003133_000.png,No Finding,5,3133,49,F,PA,2544,3056,0.139,0.139,0,0,0,0,0,0,0,0,0,0,0,0,0,0,0
00003135_000.png,No Finding,0,3135,49,M,PA,2500,2048,0.168,0.168,0,0,0,0,0,0,0,0,0,0,0,0,0,0,0
00003138_000.png,No Finding,0,3138,62,M,PA,2500,2048,0.171,0.171,0,0,0,0,0,0,0,0,0,0,0,0,0,0,0
00003139_000.png,Effusion,0,3139,47,M,PA,2500,2048,0.171,0.171,1,0,0,1,0,0,0,0,0,0,0,0,0,0,0
00003139_002.png,No Finding,2,3139,48,M,PA,2500,2048,0.171,0.171,0,0,0,0,0,0,0,0,0,0,0,0,0,0,0
00003139_003.png,No Finding,3,3139,49,M,PA,2500,2048,0.168,0.168,0,0,0,0,0,0,0,0,0,0,0,0,0,0,0
00003140_000.png,No Finding,0,3140,29,F,PA,2992,2991,0.143,0.143,0,0,0,0,0,0,0,0,0,0,0,0,0,0,0
00003140_001.png,No Finding,1,3140,29,F,AP,2500,2048,0.168,0.168,0,0,0,0,0,0,0,0,0,0,0,0,0,0,0
00003140_002.png,No Finding,2,3140,29,F,AP,2500,2048,0.168,0.168,0,0,0,0,0,0,0,0,0,0,0,0,0,0,0
00003140_003.png,No Finding,3,3140,29,F,AP,2500,2048,0.168,0.168,0,0,0,0,0,0,0,0,0,0,0,0,0,0,0
00003140_004.png,No Finding,4,3140,29,F,AP,2500,2048,0.168,0.168,0,0,0,0,0,0,0,0,0,0,0,0,0,0,0
00003140_005.png,No Finding,5,3140,29,F,AP,2500,2048,0.168,0.168,0,0,0,0,0,0,0,0,0,0,0,0,0,0,0
00003140_006.png,No Finding,6,3140,29,F,AP,2500,2048,0.168,0.168,0,0,0,0,0,0,0,0,0,0,0,0,0,0,0
00003140_007.png,No Finding,7,3140,29,F,AP,2500,2048,0.168,0.168,0,0,0,0,0,0,0,0,0,0,0,0,0,0,0
00003140_008.png,No Finding,8,3140,29,F,AP,2500,2048,0.168,0.168,0,0,0,0,0,0,0,0,0,0,0,0,0,0,0
00003140_009.png,No Finding,9,3140,29,F,PA,2992,2991,0.143,0.143,0,0,0,0,0,0,0,0,0,0,0,0,0,0,0
00003140_010.png,No Finding,10,3140,30,F,AP,2500,2048,0.168,0.168,0,0,0,0,0,0,0,0,0,0,0,0,0,0,0
00003140_013.png,No Finding,13,3140,30,F,PA,2530,2465,0.143,0.143,0,0,0,0,0,0,0,0,0,0,0,0,0,0,0
00003140_014.png,No Finding,14,3140,30,F,AP,2500,2048,0.168,0.168,0,0,0,0,0,0,0,0,0,0,0,0,0,0,0
00003140_015.png,No Finding,15,3140,30,F,AP,2500,2048,0.168,0.168,0,0,0,0,0,0,0,0,0,0,0,0,0,0,0
00003140_016.png,No Finding,16,3140,30,F,AP,2500,2048,0.168,0.168,0,0,0,0,0,0,0,0,0,0,0,0,0,0,0
00003140_017.png,No Finding,17,3140,30,F,AP,2500,2048,0.168,0.168,0,0,0,0,0,0,0,0,0,0,0,0,0,0,0
00003140_018.png,No Finding,18,3140,30,F,PA,2862,2657,0.143,0.143,0,0,0,0,0,0,0,0,0,0,0,0,0,0,0
00003141_000.png,No Finding,0,3141,51,M,PA,2500,2048,0.168,0.168,0,0,0,0,0,0,0,0,0,0,0,0,0,0,0
00003142_000.png,No Finding,0,3142,57,F,PA,2048,2500,0.168,0.168,0,0,0,0,0,0,0,0,0,0,0,0,0,0,0
00003143_000.png,No Finding,0,3143,32,M,PA,2500,2048,0.171,0.171,0,0,0,0,0,0,0,0,0,0,0,0,0,0,0
00003144_000.png,No Finding,0,3144,65,M,PA,2500,2048,0.168,0.168,0,0,0,0,0,0,0,0,0,0,0,0,0,0,0
00003146_000.png,No Finding,0,3146,19,M,PA,2500,2048,0.171,0.171,0,0,0,0,0,0,0,0,0,0,0,0,0,0,0
00003147_000.png,No Finding,0,3147,34,M,PA,2500,2048,0.171,0.171,0,0,0,0,0,0,0,0,0,0,0,0,0,0,0
00003148_008.png,No Finding,0,3148,56,F,PA,2578,2637,0.143,0.143,0,0,0,0,0,0,0,0,0,0,0,0,0,0,0
00003148_009.png,No Finding,1,3148,57,F,PA,2754,2991,0.143,0.143,0,0,0,0,0,0,0,0,0,0,0,0,0,0,0
00003148_010.png,No Finding,2,3148,57,F,PA,2834,2991,0.143,0.143,0,0,0,0,0,0,0,0,0,0,0,0,0,0,0
00003148_011.png,No Finding,3,3148,57,F,PA,2600,2580,0.143,0.143,0,0,0,0,0,0,0,0,0,0,0,0,0,0,0
00003148_012.png,Infiltration,4,3148,59,F,PA,2992,2991,0.143,0.143,1,0,0,0,1,0,0,0,0,0,0,0,0,0,0
00003148_013.png,Infiltration,5,3148,60,F,PA,2992,2991,0.143,0.143,1,0,0,0,1,0,0,0,0,0,0,0,0,0,0
00003148_000.png,No Finding,6,3148,61,F,PA,2544,3056,0.139,0.139,0,0,0,0,0,0,0,0,0,0,0,0,0,0,0
00003148_001.png,No Finding,7,3148,62,F,PA,2892,2937,0.143,0.143,0,0,0,0,0,0,0,0,0,0,0,0,0,0,0
00003148_002.png,No Finding,8,3148,63,F,PA,2021,2021,0.1943109999999999,0.1943109999999999,0,0,0,0,0,0,0,0,0,0,0,0,0,0,0
00003148_003.png,No Finding,9,3148,63,F,AP,3056,2544,0.139,0.139,0,0,0,0,0,0,0,0,0,0,0,0,0,0,0
00003148_005.png,No Finding,11,3148,63,F,AP,3056,2544,0.139,0.139,0,0,0,0,0,0,0,0,0,0,0,0,0,0,0
00003148_006.png,No Finding,12,3148,63,F,PA,2021,2021,0.1943109999999999,0.1943109999999999,0,0,0,0,0,0,0,0,0,0,0,0,0,0,0
00003148_007.png,No Finding,13,3148,64,F,PA,2021,2021,0.1943109999999999,0.1943109999999999,0,0,0,0,0,0,0,0,0,0,0,0,0,0,0
00003149_000.png,Infiltration,0,3149,39,M,PA,2021,2021,0.1943109999999999,0.1943109999999999,1,0,0,0,1,0,0,0,0,0,0,0,0,0,0
00003149_001.png,No Finding,1,3149,39,M,PA,2021,2021,0.1943109999999999,0.1943109999999999,0,0,0,0,0,0,0,0,0,0,0,0,0,0,0
00003149_002.png,No Finding,2,3149,39,M,AP,3056,2544,0.139,0.139,0,0,0,0,0,0,0,0,0,0,0,0,0,0,0
00003149_004.png,Effusion|Infiltration,4,3149,39,M,AP,3056,2544,0.139,0.139,1,0,0,1,1,0,0,0,0,0,0,0,0,0,0
00003149_005.png,Effusion|Infiltration,5,3149,39,M,AP,3056,2544,0.139,0.139,1,0,0,1,1,0,0,0,0,0,0,0,0,0,0
00003149_006.png,Effusion|Infiltration,6,3149,39,M,AP,3056,2544,0.139,0.139,1,0,0,1,1,0,0,0,0,0,0,0,0,0,0
00003149_007.png,Effusion|Infiltration,7,3149,39,M,AP,3056,2544,0.139,0.139,1,0,0,1,1,0,0,0,0,0,0,0,0,0,0
00003149_008.png,Consolidation,8,3149,39,M,AP,3056,2544,0.139,0.139,1,0,0,0,0,0,0,0,0,1,0,0,0,0,0
00003150_000.png,No Finding,0,3150,59,M,AP,2500,2048,0.171,0.171,0,0,0,0,0,0,0,0,0,0,0,0,0,0,0
00003150_001.png,Mass,1,3150,59,M,PA,2048,2500,0.171,0.171,1,0,0,0,0,1,0,0,0,0,0,0,0,0,0
00003152_000.png,No Finding,0,3152,60,F,PA,2048,2500,0.168,0.168,0,0,0,0,0,0,0,0,0,0,0,0,0,0,0
00003152_001.png,No Finding,1,3152,61,F,PA,2048,2500,0.168,0.168,0,0,0,0,0,0,0,0,0,0,0,0,0,0,0
00003152_002.png,No Finding,2,3152,63,F,PA,2766,2991,0.143,0.143,0,0,0,0,0,0,0,0,0,0,0,0,0,0,0
00003152_003.png,Infiltration|Pneumothorax,3,3152,64,F,PA,2992,2991,0.143,0.143,1,0,0,0,1,0,0,0,1,0,0,0,0,0,0
00003153_000.png,Effusion|Emphysema,0,3153,50,M,PA,2500,2048,0.171,0.171,1,0,0,1,0,0,0,0,0,0,0,1,0,0,0
00003153_001.png,No Finding,1,3153,52,M,PA,2500,2048,0.168,0.168,0,0,0,0,0,0,0,0,0,0,0,0,0,0,0
00003155_000.png,No Finding,0,3155,56,F,PA,2048,2500,0.171,0.171,0,0,0,0,0,0,0,0,0,0,0,0,0,0,0
00003155_001.png,No Finding,1,3155,58,F,PA,2500,2048,0.168,0.168,0,0,0,0,0,0,0,0,0,0,0,0,0,0,0
00003158_000.png,Effusion,0,3158,8,M,PA,2048,2500,0.171,0.171,1,0,0,1,0,0,0,0,0,0,0,0,0,0,0
00003158_001.png,No Finding,1,3158,8,M,PA,2048,2500,0.171,0.171,0,0,0,0,0,0,0,0,0,0,0,0,0,0,0
00003158_002.png,No Finding,2,3158,8,M,PA,2048,2500,0.171,0.171,0,0,0,0,0,0,0,0,0,0,0,0,0,0,0
00003159_000.png,No Finding,0,3159,38,M,PA,2500,2048,0.171,0.171,0,0,0,0,0,0,0,0,0,0,0,0,0,0,0
00003159_001.png,No Finding,1,3159,39,M,PA,2500,2048,0.171,0.171,0,0,0,0,0,0,0,0,0,0,0,0,0,0,0
00003159_002.png,No Finding,2,3159,39,M,PA,2500,2048,0.171,0.171,0,0,0,0,0,0,0,0,0,0,0,0,0,0,0
00003159_003.png,No Finding,3,3159,39,M,PA,2500,2048,0.171,0.171,0,0,0,0,0,0,0,0,0,0,0,0,0,0,0
00003159_004.png,No Finding,4,3159,40,M,PA,2500,2048,0.171,0.171,0,0,0,0,0,0,0,0,0,0,0,0,0,0,0
00003159_005.png,No Finding,5,3159,40,M,PA,2500,2048,0.171,0.171,0,0,0,0,0,0,0,0,0,0,0,0,0,0,0
00003159_006.png,No Finding,6,3159,40,M,PA,2500,2048,0.171,0.171,0,0,0,0,0,0,0,0,0,0,0,0,0,0,0
00003159_007.png,No Finding,7,3159,40,M,PA,2500,2048,0.171,0.171,0,0,0,0,0,0,0,0,0,0,0,0,0,0,0
00003159_009.png,No Finding,9,3159,41,M,PA,2500,2048,0.168,0.168,0,0,0,0,0,0,0,0,0,0,0,0,0,0,0
00003159_010.png,No Finding,10,3159,42,M,AP,2500,2048,0.168,0.168,0,0,0,0,0,0,0,0,0,0,0,0,0,0,0
00003159_013.png,Infiltration,13,3159,42,M,AP,2500,2048,0.168,0.168,1,0,0,0,1,0,0,0,0,0,0,0,0,0,0
00003160_000.png,No Finding,0,3160,50,F,PA,2048,2500,0.171,0.171,0,0,0,0,0,0,0,0,0,0,0,0,0,0,0
00003160_001.png,No Finding,1,3160,51,F,PA,2500,2048,0.168,0.168,0,0,0,0,0,0,0,0,0,0,0,0,0,0,0
00003162_000.png,No Finding,0,3162,49,F,PA,2048,2500,0.171,0.171,0,0,0,0,0,0,0,0,0,0,0,0,0,0,0
00003162_001.png,No Finding,1,3162,49,F,PA,2048,2500,0.171,0.171,0,0,0,0,0,0,0,0,0,0,0,0,0,0,0
00003162_002.png,Pneumothorax,2,3162,51,F,PA,2500,2048,0.168,0.168,1,0,0,0,0,0,0,0,1,0,0,0,0,0,0
00003162_003.png,No Finding,3,3162,53,F,PA,2992,2991,0.143,0.143,0,0,0,0,0,0,0,0,0,0,0,0,0,0,0
00003163_000.png,No Finding,0,3163,18,F,PA,2048,2500,0.171,0.171,0,0,0,0,0,0,0,0,0,0,0,0,0,0,0
00003163_001.png,Cardiomegaly,1,3163,19,F,PA,2048,2500,0.171,0.171,1,0,1,0,0,0,0,0,0,0,0,0,0,0,0
00003164_003.png,No Finding,1,3164,60,M,PA,2992,2991,0.143,0.143,0,0,0,0,0,0,0,0,0,0,0,0,0,0,0
00003164_000.png,No Finding,2,3164,68,M,PA,2021,2021,0.1943109999999999,0.1943109999999999,0,0,0,0,0,0,0,0,0,0,0,0,0,0,0
00003164_001.png,No Finding,3,3164,68,M,PA,2021,2021,0.1943109999999999,0.1943109999999999,0,0,0,0,0,0,0,0,0,0,0,0,0,0,0
00003165_000.png,No Finding,0,3165,50,M,PA,2048,2500,0.168,0.168,0,0,0,0,0,0,0,0,0,0,0,0,0,0,0
00003165_001.png,No Finding,1,3165,52,M,PA,2830,2849,0.143,0.143,0,0,0,0,0,0,0,0,0,0,0,0,0,0,0
00003168_000.png,No Finding,0,3168,54,M,PA,2500,2048,0.171,0.171,0,0,0,0,0,0,0,0,0,0,0,0,0,0,0
00003169_000.png,No Finding,0,3169,37,M,PA,2500,2048,0.168,0.168,0,0,0,0,0,0,0,0,0,0,0,0,0,0,0
00003169_001.png,No Finding,1,3169,39,M,PA,2992,2991,0.143,0.143,0,0,0,0,0,0,0,0,0,0,0,0,0,0,0
00003171_000.png,No Finding,0,3171,49,F,PA,2730,2991,0.143,0.143,0,0,0,0,0,0,0,0,0,0,0,0,0,0,0
00003171_001.png,No Finding,1,3171,50,F,PA,2802,2991,0.143,0.143,0,0,0,0,0,0,0,0,0,0,0,0,0,0,0
00003171_002.png,Infiltration,2,3171,51,F,PA,2021,2021,0.1943109999999999,0.1943109999999999,1,0,0,0,1,0,0,0,0,0,0,0,0,0,0
00003172_000.png,Infiltration,0,3172,23,F,PA,2048,2500,0.168,0.168,1,0,0,0,1,0,0,0,0,0,0,0,0,0,0
00003172_001.png,Infiltration,1,3172,28,F,PA,2506,2409,0.143,0.143,1,0,0,0,1,0,0,0,0,0,0,0,0,0,0
00003173_000.png,No Finding,0,3173,63,F,PA,2048,2500,0.171,0.171,0,0,0,0,0,0,0,0,0,0,0,0,0,0,0
00003175_000.png,No Finding,0,3175,45,M,AP,2500,2048,0.168,0.168,0,0,0,0,0,0,0,0,0,0,0,0,0,0,0
00003175_001.png,No Finding,1,3175,45,M,AP,2500,2048,0.168,0.168,0,0,0,0,0,0,0,0,0,0,0,0,0,0,0
00003175_002.png,No Finding,2,3175,45,M,AP,2500,2048,0.168,0.168,0,0,0,0,0,0,0,0,0,0,0,0,0,0,0
00003175_003.png,No Finding,3,3175,45,M,AP,2500,2048,0.168,0.168,0,0,0,0,0,0,0,0,0,0,0,0,0,0,0
00003176_000.png,No Finding,0,3176,7,F,PA,2048,2500,0.171,0.171,0,0,0,0,0,0,0,0,0,0,0,0,0,0,0
00003176_001.png,No Finding,1,3176,8,F,PA,2048,2500,0.168,0.168,0,0,0,0,0,0,0,0,0,0,0,0,0,0,0
00003176_002.png,No Finding,2,3176,10,F,AP,2048,2500,0.168,0.168,0,0,0,0,0,0,0,0,0,0,0,0,0,0,0
00003177_000.png,No Finding,0,3177,33,F,PA,2048,2500,0.171,0.171,0,0,0,0,0,0,0,0,0,0,0,0,0,0,0
00003177_001.png,Effusion|Pleural_Thickening,1,3177,34,F,PA,2048,2500,0.168,0.168,1,0,0,1,0,0,0,0,0,0,0,0,0,1,0
00003177_002.png,Pleural_Thickening,2,3177,34,F,PA,2048,2500,0.168,0.168,1,0,0,0,0,0,0,0,0,0,0,0,0,1,0
00003177_003.png,No Finding,3,3177,35,F,PA,2992,2991,0.143,0.143,0,0,0,0,0,0,0,0,0,0,0,0,0,0,0
00003177_004.png,No Finding,4,3177,36,F,PA,2992,2991,0.143,0.143,0,0,0,0,0,0,0,0,0,0,0,0,0,0,0
00003178_000.png,No Finding,0,3178,57,F,AP,2500,2048,0.168,0.168,0,0,0,0,0,0,0,0,0,0,0,0,0,0,0
00003178_001.png,No Finding,1,3178,57,F,AP,2500,2048,0.168,0.168,0,0,0,0,0,0,0,0,0,0,0,0,0,0,0
00003179_006.png,No Finding,0,3179,59,F,PA,2870,2537,0.143,0.143,0,0,0,0,0,0,0,0,0,0,0,0,0,0,0
00003179_007.png,No Finding,1,3179,60,F,PA,2494,2991,0.143,0.143,0,0,0,0,0,0,0,0,0,0,0,0,0,0,0
00003179_008.png,No Finding,2,3179,60,F,PA,2992,2991,0.143,0.143,0,0,0,0,0,0,0,0,0,0,0,0,0,0,0
00003179_009.png,No Finding,3,3179,60,F,AP,2500,2048,0.168,0.168,0,0,0,0,0,0,0,0,0,0,0,0,0,0,0
00003179_000.png,No Finding,4,3179,62,F,PA,2992,2991,0.143,0.143,0,0,0,0,0,0,0,0,0,0,0,0,0,0,0
00003179_001.png,No Finding,5,3179,62,F,PA,2632,2835,0.143,0.143,0,0,0,0,0,0,0,0,0,0,0,0,0,0,0
00003179_002.png,Infiltration,6,3179,63,F,PA,2802,2991,0.143,0.143,1,0,0,0,1,0,0,0,0,0,0,0,0,0,0
00003179_003.png,No Finding,7,3179,63,F,AP,3056,2544,0.139,0.139,0,0,0,0,0,0,0,0,0,0,0,0,0,0,0
00003179_004.png,No Finding,8,3179,63,F,AP,3056,2544,0.139,0.139,0,0,0,0,0,0,0,0,0,0,0,0,0,0,0
00003180_000.png,Cardiomegaly,0,3180,48,F,PA,2048,2500,0.168,0.168,1,0,1,0,0,0,0,0,0,0,0,0,0,0,0
00003180_001.png,No Finding,1,3180,48,F,PA,2048,2500,0.168,0.168,0,0,0,0,0,0,0,0,0,0,0,0,0,0,0
00003180_002.png,Fibrosis,2,3180,48,F,PA,2500,2048,0.168,0.168,1,0,0,0,0,0,0,0,0,0,0,0,1,0,0
00003181_000.png,No Finding,0,3181,41,M,PA,2500,2048,0.168,0.168,0,0,0,0,0,0,0,0,0,0,0,0,0,0,0
00003184_000.png,No Finding,0,3184,39,F,PA,2048,2500,0.171,0.171,0,0,0,0,0,0,0,0,0,0,0,0,0,0,0
00003185_000.png,Infiltration,0,3185,45,M,PA,2500,2048,0.171,0.171,1,0,0,0,1,0,0,0,0,0,0,0,0,0,0
00003186_000.png,Effusion|Emphysema,0,3186,46,F,AP,2500,2048,0.171,0.171,1,0,0,1,0,0,0,0,0,0,0,1,0,0,0
00003186_001.png,Infiltration,1,3186,46,F,AP,2500,2048,0.171,0.171,1,0,0,0,1,0,0,0,0,0,0,0,0,0,0
00003186_003.png,Effusion,2,3186,46,F,AP,2500,2048,0.171,0.171,1,0,0,1,0,0,0,0,0,0,0,0,0,0,0
00003186_002.png,Effusion,3,3186,46,F,AP,2500,2048,0.171,0.171,1,0,0,1,0,0,0,0,0,0,0,0,0,0,0
00003186_004.png,Edema|Infiltration,4,3186,46,F,AP,2500,2048,0.171,0.171,1,0,0,0,1,0,0,0,0,0,1,0,0,0,0
00003186_005.png,Edema|Infiltration,5,3186,46,F,AP,2500,2048,0.171,0.171,1,0,0,0,1,0,0,0,0,0,1,0,0,0,0
00003186_006.png,No Finding,6,3186,46,F,AP,2500,2048,0.171,0.171,0,0,0,0,0,0,0,0,0,0,0,0,0,0,0
00003188_000.png,No Finding,0,3188,48,M,PA,2500,2048,0.171,0.171,0,0,0,0,0,0,0,0,0,0,0,0,0,0,0
00003188_001.png,No Finding,1,3188,49,M,PA,2500,2048,0.171,0.171,0,0,0,0,0,0,0,0,0,0,0,0,0,0,0
00003188_002.png,No Finding,2,3188,50,M,PA,2500,2048,0.168,0.168,0,0,0,0,0,0,0,0,0,0,0,0,0,0,0
00003188_003.png,No Finding,3,3188,51,M,PA,2500,2048,0.168,0.168,0,0,0,0,0,0,0,0,0,0,0,0,0,0,0
00003188_004.png,No Finding,4,3188,53,M,PA,2992,2991,0.143,0.143,0,0,0,0,0,0,0,0,0,0,0,0,0,0,0
00003188_005.png,No Finding,5,3188,54,M,PA,2992,2991,0.143,0.143,0,0,0,0,0,0,0,0,0,0,0,0,0,0,0
00003188_006.png,No Finding,6,3188,56,M,PA,2992,2991,0.143,0.143,0,0,0,0,0,0,0,0,0,0,0,0,0,0,0
00003190_013.png,No Finding,0,3190,38,F,AP,2500,2048,0.168,0.168,0,0,0,0,0,0,0,0,0,0,0,0,0,0,0
00003190_014.png,No Finding,1,3190,38,F,AP,2500,2048,0.168,0.168,0,0,0,0,0,0,0,0,0,0,0,0,0,0,0
00003190_015.png,No Finding,2,3190,38,F,AP,2500,2048,0.168,0.168,0,0,0,0,0,0,0,0,0,0,0,0,0,0,0
00003190_016.png,No Finding,3,3190,39,F,PA,2670,2825,0.143,0.143,0,0,0,0,0,0,0,0,0,0,0,0,0,0,0
00003190_017.png,No Finding,4,3190,40,F,AP,2048,2500,0.168,0.168,0,0,0,0,0,0,0,0,0,0,0,0,0,0,0
00003190_018.png,No Finding,5,3190,40,F,PA,2828,2685,0.143,0.143,0,0,0,0,0,0,0,0,0,0,0,0,0,0,0
00003190_019.png,Infiltration,6,3190,41,F,AP,2500,2048,0.168,0.168,1,0,0,0,1,0,0,0,0,0,0,0,0,0,0
00003190_020.png,No Finding,7,3190,43,F,PA,2544,3056,0.139,0.139,0,0,0,0,0,0,0,0,0,0,0,0,0,0,0
00003190_021.png,No Finding,8,3190,44,F,AP,3056,2544,0.139,0.139,0,0,0,0,0,0,0,0,0,0,0,0,0,0,0
00003190_022.png,Pneumothorax,9,3190,44,F,AP,2500,2048,0.168,0.168,1,0,0,0,0,0,0,0,1,0,0,0,0,0,0
00003190_000.png,No Finding,10,3190,46,F,PA,2986,2991,0.143,0.143,0,0,0,0,0,0,0,0,0,0,0,0,0,0,0
00003190_001.png,No Finding,11,3190,46,F,PA,2992,2991,0.143,0.143,0,0,0,0,0,0,0,0,0,0,0,0,0,0,0
00003190_002.png,Infiltration,12,3190,46,F,PA,2992,2991,0.143,0.143,1,0,0,0,1,0,0,0,0,0,0,0,0,0,0
00003190_006.png,No Finding,16,3190,47,F,AP,3056,2544,0.139,0.139,0,0,0,0,0,0,0,0,0,0,0,0,0,0,0
00003190_010.png,Effusion,20,3190,48,F,PA,2021,2021,0.1943109999999999,0.1943109999999999,1,0,0,1,0,0,0,0,0,0,0,0,0,0,0
00003190_011.png,Effusion,21,3190,48,F,PA,1646,1821,0.1943109999999999,0.1943109999999999,1,0,0,1,0,0,0,0,0,0,0,0,0,0,0
00003190_012.png,No Finding,22,3190,48,F,PA,2021,1850,0.1943109999999999,0.1943109999999999,0,0,0,0,0,0,0,0,0,0,0,0,0,0,0
00003191_002.png,No Finding,0,3191,48,F,PA,2746,2991,0.143,0.143,0,0,0,0,0,0,0,0,0,0,0,0,0,0,0
00003191_003.png,No Finding,1,3191,49,F,PA,2358,2991,0.143,0.143,0,0,0,0,0,0,0,0,0,0,0,0,0,0,0
00003191_004.png,No Finding,2,3191,53,F,PA,2350,2917,0.143,0.143,0,0,0,0,0,0,0,0,0,0,0,0,0,0,0
00003191_000.png,No Finding,3,3191,56,F,PA,2992,2991,0.143,0.143,0,0,0,0,0,0,0,0,0,0,0,0,0,0,0
00003191_001.png,Pneumothorax,4,3191,57,F,PA,1855,2021,0.1943079999999999,0.1943079999999999,1,0,0,0,0,0,0,0,1,0,0,0,0,0,0
00003192_001.png,No Finding,0,3192,68,F,PA,2500,2048,0.168,0.168,0,0,0,0,0,0,0,0,0,0,0,0,0,0,0
00003192_003.png,No Finding,2,3192,72,F,PA,2798,2729,0.143,0.143,0,0,0,0,0,0,0,0,0,0,0,0,0,0,0
00003192_000.png,No Finding,3,3192,78,F,PA,2544,3056,0.139,0.139,0,0,0,0,0,0,0,0,0,0,0,0,0,0,0
00003193_000.png,No Finding,0,3193,46,M,PA,2500,2048,0.171,0.171,0,0,0,0,0,0,0,0,0,0,0,0,0,0,0
00003193_001.png,No Finding,1,3193,46,M,PA,2048,2500,0.171,0.171,0,0,0,0,0,0,0,0,0,0,0,0,0,0,0
00003196_000.png,No Finding,0,3196,53,M,PA,2794,2885,0.143,0.143,0,0,0,0,0,0,0,0,0,0,0,0,0,0,0
00003199_000.png,Infiltration,0,3199,11,M,AP,2500,2048,0.168,0.168,1,0,0,0,1,0,0,0,0,0,0,0,0,0,0
00003201_001.png,No Finding,0,3201,21,M,AP,2048,2500,0.168,0.168,0,0,0,0,0,0,0,0,0,0,0,0,0,0,0
00003201_002.png,Infiltration,1,3201,23,M,AP,2500,2048,0.168,0.168,1,0,0,0,1,0,0,0,0,0,0,0,0,0,0
00003201_000.png,No Finding,2,3201,29,M,PA,2020,2021,0.1943109999999999,0.1943109999999999,0,0,0,0,0,0,0,0,0,0,0,0,0,0,0
00003202_000.png,Pleural_Thickening,0,3202,57,F,PA,2982,2991,0.143,0.143,1,0,0,0,0,0,0,0,0,0,0,0,0,1,0
00003203_000.png,No Finding,0,3203,71,M,PA,2500,2048,0.171,0.171,0,0,0,0,0,0,0,0,0,0,0,0,0,0,0
00003203_001.png,Effusion,1,3203,72,M,PA,2500,2048,0.171,0.171,1,0,0,1,0,0,0,0,0,0,0,0,0,0,0
00003203_002.png,No Finding,2,3203,73,M,PA,2500,2048,0.171,0.171,0,0,0,0,0,0,0,0,0,0,0,0,0,0,0
00003203_003.png,No Finding,3,3203,73,M,PA,2500,2048,0.171,0.171,0,0,0,0,0,0,0,0,0,0,0,0,0,0,0
00003205_002.png,No Finding,0,3205,62,F,PA,2706,2657,0.143,0.143,0,0,0,0,0,0,0,0,0,0,0,0,0,0,0
00003205_000.png,No Finding,1,3205,67,F,PA,2992,2991,0.143,0.143,0,0,0,0,0,0,0,0,0,0,0,0,0,0,0
00003205_001.png,Infiltration,2,3205,68,F,PA,2544,3056,0.139,0.139,1,0,0,0,1,0,0,0,0,0,0,0,0,0,0
00003206_000.png,Infiltration,0,3206,62,M,AP,2500,2048,0.171,0.171,1,0,0,0,1,0,0,0,0,0,0,0,0,0,0
00003210_000.png,No Finding,0,3210,21,F,PA,2500,2048,0.171,0.171,0,0,0,0,0,0,0,0,0,0,0,0,0,0,0
00003211_001.png,No Finding,0,3211,31,F,PA,2048,2500,0.168,0.168,0,0,0,0,0,0,0,0,0,0,0,0,0,0,0
00003211_002.png,No Finding,1,3211,32,F,PA,2506,2677,0.143,0.143,0,0,0,0,0,0,0,0,0,0,0,0,0,0,0
00003211_003.png,No Finding,2,3211,32,F,PA,2530,2373,0.143,0.143,0,0,0,0,0,0,0,0,0,0,0,0,0,0,0
00003211_004.png,No Finding,3,3211,32,F,PA,2048,2500,0.168,0.168,0,0,0,0,0,0,0,0,0,0,0,0,0,0,0
00003211_005.png,No Finding,4,3211,32,F,PA,2774,2685,0.143,0.143,0,0,0,0,0,0,0,0,0,0,0,0,0,0,0
00003211_000.png,Pneumonia,5,3211,39,F,PA,2468,2762,0.143,0.143,1,0,0,0,0,0,0,1,0,0,0,0,0,0,0
00003213_000.png,No Finding,0,3213,61,M,PA,2500,2048,0.171,0.171,0,0,0,0,0,0,0,0,0,0,0,0,0,0,0
00003213_001.png,No Finding,1,3213,61,M,PA,2500,2048,0.171,0.171,0,0,0,0,0,0,0,0,0,0,0,0,0,0,0
00003213_002.png,No Finding,2,3213,62,M,PA,2500,2048,0.168,0.168,0,0,0,0,0,0,0,0,0,0,0,0,0,0,0
00003213_003.png,No Finding,3,3213,62,M,PA,2500,2048,0.168,0.168,0,0,0,0,0,0,0,0,0,0,0,0,0,0,0
00003213_004.png,No Finding,4,3213,62,M,PA,2500,2048,0.168,0.168,0,0,0,0,0,0,0,0,0,0,0,0,0,0,0
00003213_005.png,No Finding,5,3213,63,M,PA,2500,2048,0.168,0.168,0,0,0,0,0,0,0,0,0,0,0,0,0,0,0
00003215_000.png,Pneumothorax,0,3215,55,M,PA,2500,2048,0.171,0.171,1,0,0,0,0,0,0,0,1,0,0,0,0,0,0
00003215_001.png,No Finding,1,3215,57,M,PA,2500,2048,0.168,0.168,0,0,0,0,0,0,0,0,0,0,0,0,0,0,0
00003216_000.png,No Finding,0,3216,71,F,PA,2048,2500,0.168,0.168,0,0,0,0,0,0,0,0,0,0,0,0,0,0,0
00003217_000.png,No Finding,0,3217,57,M,PA,2500,2048,0.171,0.171,0,0,0,0,0,0,0,0,0,0,0,0,0,0,0
00003219_003.png,No Finding,0,3219,61,M,PA,2500,2048,0.168,0.168,0,0,0,0,0,0,0,0,0,0,0,0,0,0,0
00003219_004.png,No Finding,1,3219,62,M,PA,2500,2048,0.168,0.168,0,0,0,0,0,0,0,0,0,0,0,0,0,0,0
00003219_005.png,Emphysema,2,3219,64,M,PA,2500,2048,0.168,0.168,1,0,0,0,0,0,0,0,0,0,0,1,0,0,0
00003219_006.png,Pleural_Thickening,3,3219,66,M,PA,2500,2048,0.168,0.168,1,0,0,0,0,0,0,0,0,0,0,0,0,1,0
00003219_000.png,No Finding,4,3219,70,M,PA,2992,2991,0.143,0.143,0,0,0,0,0,0,0,0,0,0,0,0,0,0,0
00003219_001.png,No Finding,5,3219,71,M,PA,3056,2544,0.139,0.139,0,0,0,0,0,0,0,0,0,0,0,0,0,0,0
00003219_002.png,No Finding,6,3219,73,M,PA,2021,2021,0.1943109999999999,0.1943109999999999,0,0,0,0,0,0,0,0,0,0,0,0,0,0,0
00003220_000.png,Effusion,0,3220,72,M,PA,2048,2500,0.171,0.171,1,0,0,1,0,0,0,0,0,0,0,0,0,0,0
00003220_001.png,No Finding,1,3220,73,M,PA,2048,2500,0.171,0.171,0,0,0,0,0,0,0,0,0,0,0,0,0,0,0
00003220_003.png,No Finding,3,3220,74,M,PA,2048,2500,0.171,0.171,0,0,0,0,0,0,0,0,0,0,0,0,0,0,0
00003220_004.png,Effusion,4,3220,74,M,PA,2048,2500,0.168,0.168,1,0,0,1,0,0,0,0,0,0,0,0,0,0,0
00003223_000.png,No Finding,0,3223,50,M,PA,2992,2991,0.143,0.143,0,0,0,0,0,0,0,0,0,0,0,0,0,0,0
00003224_000.png,Consolidation|Nodule,0,3224,53,M,PA,2500,2048,0.171,0.171,1,0,0,0,0,0,1,0,0,1,0,0,0,0,0
00003226_000.png,No Finding,0,3226,17,F,PA,2048,2500,0.171,0.171,0,0,0,0,0,0,0,0,0,0,0,0,0,0,0
00003226_001.png,No Finding,1,3226,17,F,PA,2048,2500,0.171,0.171,0,0,0,0,0,0,0,0,0,0,0,0,0,0,0
00003226_002.png,No Finding,2,3226,18,F,PA,2048,2500,0.171,0.171,0,0,0,0,0,0,0,0,0,0,0,0,0,0,0
00003226_003.png,No Finding,3,3226,19,F,PA,2500,2048,0.168,0.168,0,0,0,0,0,0,0,0,0,0,0,0,0,0,0
00003226_004.png,No Finding,4,3226,19,F,PA,2500,2048,0.168,0.168,0,0,0,0,0,0,0,0,0,0,0,0,0,0,0
00003226_005.png,No Finding,5,3226,20,F,PA,2590,2685,0.143,0.143,0,0,0,0,0,0,0,0,0,0,0,0,0,0,0
00003227_000.png,No Finding,0,3227,14,M,PA,2048,2500,0.171,0.171,0,0,0,0,0,0,0,0,0,0,0,0,0,0,0
00003227_001.png,No Finding,1,3227,15,M,PA,2500,2048,0.171,0.171,0,0,0,0,0,0,0,0,0,0,0,0,0,0,0
00003227_002.png,No Finding,2,3227,16,M,PA,2048,2500,0.171,0.171,0,0,0,0,0,0,0,0,0,0,0,0,0,0,0
00003227_003.png,No Finding,3,3227,16,M,PA,2500,2048,0.171,0.171,0,0,0,0,0,0,0,0,0,0,0,0,0,0,0
00003227_004.png,No Finding,4,3227,17,M,PA,2048,2500,0.168,0.168,0,0,0,0,0,0,0,0,0,0,0,0,0,0,0
00003229_000.png,Cardiomegaly,0,3229,42,F,PA,2048,2500,0.168,0.168,1,0,1,0,0,0,0,0,0,0,0,0,0,0,0
00003230_002.png,Pleural_Thickening,0,3230,45,F,PA,2048,2500,0.171,0.171,1,0,0,0,0,0,0,0,0,0,0,0,0,1,0
00003230_003.png,Effusion,1,3230,46,F,PA,2048,2500,0.168,0.168,1,0,0,1,0,0,0,0,0,0,0,0,0,0,0
00003230_004.png,Effusion|Pleural_Thickening,2,3230,47,F,PA,2048,2500,0.168,0.168,1,0,0,1,0,0,0,0,0,0,0,0,0,1,0
00003230_005.png,No Finding,3,3230,47,F,PA,2500,2048,0.168,0.168,0,0,0,0,0,0,0,0,0,0,0,0,0,0,0
00003230_006.png,No Finding,4,3230,48,F,PA,2500,2048,0.168,0.168,0,0,0,0,0,0,0,0,0,0,0,0,0,0,0
00003230_007.png,No Finding,5,3230,48,F,PA,2750,2749,0.143,0.143,0,0,0,0,0,0,0,0,0,0,0,0,0,0,0
00003230_008.png,Fibrosis|Pleural_Thickening,6,3230,49,F,PA,2048,2500,0.168,0.168,1,0,0,0,0,0,0,0,0,0,0,0,1,1,0
00003230_009.png,Infiltration|Pleural_Thickening,7,3230,50,F,PA,2550,2991,0.143,0.143,1,0,0,0,1,0,0,0,0,0,0,0,0,1,0
00003230_010.png,Pleural_Thickening,8,3230,51,F,PA,2500,2048,0.168,0.168,1,0,0,0,0,0,0,0,0,0,0,0,0,1,0
00003230_011.png,No Finding,9,3230,52,F,PA,2418,2991,0.143,0.143,0,0,0,0,0,0,0,0,0,0,0,0,0,0,0
00003230_000.png,Effusion,11,3230,54,F,PA,2798,2429,0.143,0.143,1,0,0,1,0,0,0,0,0,0,0,0,0,0,0
00003230_001.png,Infiltration,12,3230,54,F,PA,2544,3056,0.139,0.139,1,0,0,0,1,0,0,0,0,0,0,0,0,0,0
00003231_000.png,Effusion|Pneumothorax,0,3231,41,M,PA,2698,2991,0.143,0.143,1,0,0,1,0,0,0,0,1,0,0,0,0,0,0
00003234_000.png,No Finding,0,3234,40,F,PA,2048,2500,0.171,0.171,0,0,0,0,0,0,0,0,0,0,0,0,0,0,0
00003235_000.png,No Finding,0,3235,50,M,PA,2992,2991,0.143,0.143,0,0,0,0,0,0,0,0,0,0,0,0,0,0,0
00003236_000.png,No Finding,0,3236,65,M,PA,3056,2544,0.139,0.139,0,0,0,0,0,0,0,0,0,0,0,0,0,0,0
00003237_000.png,No Finding,0,3237,43,F,PA,2048,2500,0.168,0.168,0,0,0,0,0,0,0,0,0,0,0,0,0,0,0
00003238_000.png,No Finding,0,3238,48,F,PA,2666,2991,0.143,0.143,0,0,0,0,0,0,0,0,0,0,0,0,0,0,0
00003239_000.png,Infiltration,0,3239,63,F,PA,2048,2500,0.168,0.168,1,0,0,0,1,0,0,0,0,0,0,0,0,0,0
00003239_001.png,No Finding,1,3239,65,F,PA,2500,2048,0.168,0.168,0,0,0,0,0,0,0,0,0,0,0,0,0,0,0
00003239_002.png,Edema,2,3239,66,F,AP,2500,2048,0.168,0.168,1,0,0,0,0,0,0,0,0,0,1,0,0,0,0
00003241_000.png,Mass,0,3241,37,F,PA,2048,2500,0.171,0.171,1,0,0,0,0,1,0,0,0,0,0,0,0,0,0
00003242_001.png,No Finding,0,3242,44,F,AP,2500,2048,0.171,0.171,0,0,0,0,0,0,0,0,0,0,0,0,0,0,0
00003242_000.png,No Finding,1,3242,44,F,AP,2500,2048,0.171,0.171,0,0,0,0,0,0,0,0,0,0,0,0,0,0,0
00003243_000.png,Nodule,0,3243,61,F,PA,2048,2500,0.171,0.171,1,0,0,0,0,0,1,0,0,0,0,0,0,0,0
00003244_000.png,No Finding,0,3244,28,M,PA,2500,2048,0.171,0.171,0,0,0,0,0,0,0,0,0,0,0,0,0,0,0
00003245_000.png,No Finding,0,3245,67,M,PA,2500,2048,0.168,0.168,0,0,0,0,0,0,0,0,0,0,0,0,0,0,0
00003246_000.png,Fibrosis,0,3246,71,M,PA,2500,2048,0.171,0.171,1,0,0,0,0,0,0,0,0,0,0,0,1,0,0
00003246_001.png,Fibrosis,1,3246,73,M,PA,2500,2048,0.168,0.168,1,0,0,0,0,0,0,0,0,0,0,0,1,0,0
00003247_000.png,No Finding,0,3247,55,M,PA,2500,2048,0.171,0.171,0,0,0,0,0,0,0,0,0,0,0,0,0,0,0
00003247_001.png,No Finding,1,3247,55,M,PA,2500,2048,0.171,0.171,0,0,0,0,0,0,0,0,0,0,0,0,0,0,0
00003247_002.png,No Finding,2,3247,55,M,PA,2048,2500,0.171,0.171,0,0,0,0,0,0,0,0,0,0,0,0,0,0,0
00003247_003.png,Infiltration,3,3247,55,M,PA,2500,2048,0.171,0.171,1,0,0,0,1,0,0,0,0,0,0,0,0,0,0
00003247_004.png,No Finding,4,3247,56,M,PA,2500,2048,0.168,0.168,0,0,0,0,0,0,0,0,0,0,0,0,0,0,0
00003248_001.png,No Finding,0,3248,10,M,PA,2048,2500,0.171,0.171,0,0,0,0,0,0,0,0,0,0,0,0,0,0,0
00003248_002.png,No Finding,1,3248,10,M,AP,2500,2048,0.171,0.171,0,0,0,0,0,0,0,0,0,0,0,0,0,0,0
00003248_003.png,No Finding,2,3248,15,M,AP,2500,2048,0.168,0.168,0,0,0,0,0,0,0,0,0,0,0,0,0,0,0
00003248_004.png,No Finding,3,3248,16,M,AP,2500,2048,0.168,0.168,0,0,0,0,0,0,0,0,0,0,0,0,0,0,0
00003248_005.png,No Finding,4,3248,16,M,PA,2992,2991,0.143,0.143,0,0,0,0,0,0,0,0,0,0,0,0,0,0,0
00003248_006.png,No Finding,5,3248,17,M,PA,2714,2821,0.143,0.143,0,0,0,0,0,0,0,0,0,0,0,0,0,0,0
00003248_007.png,Pneumonia,6,3248,18,M,PA,2992,2991,0.143,0.143,1,0,0,0,0,0,0,1,0,0,0,0,0,0,0
00003248_008.png,No Finding,7,3248,20,M,PA,2990,2677,0.143,0.143,0,0,0,0,0,0,0,0,0,0,0,0,0,0,0
00003248_000.png,Infiltration,8,3248,21,M,PA,2990,2991,0.143,0.143,1,0,0,0,1,0,0,0,0,0,0,0,0,0,0
00003249_001.png,No Finding,1,3249,19,M,PA,2048,2500,0.168,0.168,0,0,0,0,0,0,0,0,0,0,0,0,0,0,0
00003249_002.png,No Finding,2,3249,20,M,AP,2500,2048,0.168,0.168,0,0,0,0,0,0,0,0,0,0,0,0,0,0,0
00003249_003.png,No Finding,3,3249,20,M,PA,2992,2991,0.143,0.143,0,0,0,0,0,0,0,0,0,0,0,0,0,0,0
00003249_004.png,No Finding,4,3249,21,M,PA,2992,2991,0.143,0.143,0,0,0,0,0,0,0,0,0,0,0,0,0,0,0
00003249_005.png,No Finding,5,3249,23,M,PA,2870,2991,0.143,0.143,0,0,0,0,0,0,0,0,0,0,0,0,0,0,0
00003250_000.png,No Finding,0,3250,74,F,PA,2048,2500,0.171,0.171,0,0,0,0,0,0,0,0,0,0,0,0,0,0,0
00003252_000.png,No Finding,0,3252,20,F,PA,2048,2500,0.171,0.171,0,0,0,0,0,0,0,0,0,0,0,0,0,0,0
00003252_001.png,No Finding,1,3252,23,F,PA,2974,2821,0.143,0.143,0,0,0,0,0,0,0,0,0,0,0,0,0,0,0
00003253_000.png,Infiltration,0,3253,41,M,PA,1849,2021,0.1943109999999999,0.1943109999999999,1,0,0,0,1,0,0,0,0,0,0,0,0,0,0
00003256_000.png,No Finding,0,3256,55,F,PA,2992,2991,0.143,0.143,0,0,0,0,0,0,0,0,0,0,0,0,0,0,0
00003257_000.png,No Finding,0,3257,63,M,AP,2500,2048,0.171,0.171,0,0,0,0,0,0,0,0,0,0,0,0,0,0,0
00003258_000.png,No Finding,0,3258,36,F,PA,2048,2500,0.171,0.171,0,0,0,0,0,0,0,0,0,0,0,0,0,0,0
00003259_000.png,No Finding,0,3259,54,F,PA,2048,2500,0.168,0.168,0,0,0,0,0,0,0,0,0,0,0,0,0,0,0
00003259_001.png,No Finding,1,3259,54,F,AP,2500,2048,0.168,0.168,0,0,0,0,0,0,0,0,0,0,0,0,0,0,0
00003261_000.png,No Finding,0,3261,33,M,PA,2048,2500,0.171,0.171,0,0,0,0,0,0,0,0,0,0,0,0,0,0,0
00003262_000.png,No Finding,0,3262,58,M,AP,2500,2048,0.171,0.171,0,0,0,0,0,0,0,0,0,0,0,0,0,0,0
00003262_001.png,No Finding,1,3262,58,M,AP,2500,2048,0.171,0.171,0,0,0,0,0,0,0,0,0,0,0,0,0,0,0
00003262_002.png,No Finding,2,3262,58,M,AP,2500,2048,0.171,0.171,0,0,0,0,0,0,0,0,0,0,0,0,0,0,0
00003262_004.png,No Finding,4,3262,59,M,PA,2500,2048,0.171,0.171,0,0,0,0,0,0,0,0,0,0,0,0,0,0,0
00003263_000.png,No Finding,0,3263,39,M,PA,2500,2048,0.171,0.171,0,0,0,0,0,0,0,0,0,0,0,0,0,0,0
00003263_001.png,No Finding,1,3263,39,M,AP,2500,2048,0.171,0.171,0,0,0,0,0,0,0,0,0,0,0,0,0,0,0
00003266_000.png,Infiltration,0,3266,61,M,PA,2992,2991,0.143,0.143,1,0,0,0,1,0,0,0,0,0,0,0,0,0,0
00003267_000.png,No Finding,0,3267,42,F,PA,2048,2500,0.171,0.171,0,0,0,0,0,0,0,0,0,0,0,0,0,0,0
00003267_001.png,No Finding,1,3267,44,F,PA,2048,2500,0.168,0.168,0,0,0,0,0,0,0,0,0,0,0,0,0,0,0
00003267_002.png,No Finding,2,3267,45,F,PA,2048,2500,0.168,0.168,0,0,0,0,0,0,0,0,0,0,0,0,0,0,0
00003267_003.png,No Finding,3,3267,46,F,PA,2048,2500,0.168,0.168,0,0,0,0,0,0,0,0,0,0,0,0,0,0,0
00003267_004.png,No Finding,4,3267,47,F,PA,2500,2048,0.168,0.168,0,0,0,0,0,0,0,0,0,0,0,0,0,0,0
00003267_005.png,No Finding,5,3267,48,F,PA,2048,2500,0.168,0.168,0,0,0,0,0,0,0,0,0,0,0,0,0,0,0
00003267_006.png,No Finding,6,3267,49,F,PA,2276,2704,0.143,0.143,0,0,0,0,0,0,0,0,0,0,0,0,0,0,0
00003268_001.png,No Finding,0,3268,52,M,PA,2992,2681,0.143,0.143,0,0,0,0,0,0,0,0,0,0,0,0,0,0,0
00003268_002.png,No Finding,1,3268,53,M,PA,2992,2991,0.143,0.143,0,0,0,0,0,0,0,0,0,0,0,0,0,0,0
00003268_003.png,Infiltration,2,3268,54,M,PA,2730,2991,0.143,0.143,1,0,0,0,1,0,0,0,0,0,0,0,0,0,0
00003268_004.png,No Finding,3,3268,57,M,PA,3056,2544,0.139,0.139,0,0,0,0,0,0,0,0,0,0,0,0,0,0,0
00003268_000.png,No Finding,4,3268,62,M,PA,2544,3056,0.139,0.139,0,0,0,0,0,0,0,0,0,0,0,0,0,0,0
00003269_001.png,No Finding,0,3269,10,M,AP,2048,2500,0.168,0.168,0,0,0,0,0,0,0,0,0,0,0,0,0,0,0
00003269_002.png,No Finding,1,3269,12,M,PA,2048,2500,0.168,0.168,0,0,0,0,0,0,0,0,0,0,0,0,0,0,0
00003269_003.png,No Finding,2,3269,13,M,PA,2418,2853,0.143,0.143,0,0,0,0,0,0,0,0,0,0,0,0,0,0,0
00003269_004.png,No Finding,3,3269,14,M,PA,2302,2441,0.143,0.143,0,0,0,0,0,0,0,0,0,0,0,0,0,0,0
00003269_005.png,Infiltration,4,3269,16,M,AP,2428,2348,0.139,0.139,1,0,0,0,1,0,0,0,0,0,0,0,0,0,0
00003269_006.png,Infiltration,5,3269,16,M,AP,2896,2228,0.139,0.139,1,0,0,0,1,0,0,0,0,0,0,0,0,0,0
00003269_007.png,No Finding,6,3269,16,M,AP,2976,2448,0.139,0.139,0,0,0,0,0,0,0,0,0,0,0,0,0,0,0
00003269_008.png,Infiltration|Pleural_Thickening,7,3269,16,M,AP,2448,2196,0.139,0.139,1,0,0,0,1,0,0,0,0,0,0,0,0,1,0
00003269_009.png,No Finding,8,3269,16,M,AP,2772,2172,0.139,0.139,0,0,0,0,0,0,0,0,0,0,0,0,0,0,0
00003269_010.png,Infiltration|Pneumonia,9,3269,16,M,PA,2186,1773,0.143,0.143,1,0,0,0,1,0,0,1,0,0,0,0,0,0,0
00003269_011.png,No Finding,10,3269,16,M,AP,2912,2524,0.139,0.139,0,0,0,0,0,0,0,0,0,0,0,0,0,0,0
00003269_000.png,No Finding,11,3269,18,M,PA,3056,2544,0.139,0.139,0,0,0,0,0,0,0,0,0,0,0,0,0,0,0
00003270_000.png,No Finding,0,3270,33,F,AP,2500,2048,0.171,0.171,0,0,0,0,0,0,0,0,0,0,0,0,0,0,0
00003271_001.png,No Finding,0,3271,59,M,PA,2992,2991,0.143,0.143,0,0,0,0,0,0,0,0,0,0,0,0,0,0,0
00003271_002.png,No Finding,1,3271,59,M,PA,2500,2048,0.168,0.168,0,0,0,0,0,0,0,0,0,0,0,0,0,0,0
00003271_000.png,No Finding,2,3271,62,M,PA,3056,2544,0.139,0.139,0,0,0,0,0,0,0,0,0,0,0,0,0,0,0
00003272_000.png,Hernia,0,3272,59,F,PA,2048,2500,0.171,0.171,1,0,0,0,0,0,0,0,0,0,0,0,0,0,1
00003273_000.png,Nodule,0,3273,74,F,PA,2048,2500,0.168,0.168,1,0,0,0,0,0,1,0,0,0,0,0,0,0,0
00003273_001.png,No Finding,1,3273,74,F,PA,2500,2048,0.168,0.168,0,0,0,0,0,0,0,0,0,0,0,0,0,0,0
00003273_002.png,No Finding,2,3273,74,F,AP,2500,2048,0.171,0.171,0,0,0,0,0,0,0,0,0,0,0,0,0,0,0
00003273_003.png,Pleural_Thickening,3,3273,74,F,PA,2048,2500,0.168,0.168,1,0,0,0,0,0,0,0,0,0,0,0,0,1,0
00003273_004.png,No Finding,4,3273,74,F,PA,2048,2500,0.168,0.168,0,0,0,0,0,0,0,0,0,0,0,0,0,0,0
00003273_005.png,No Finding,5,3273,74,F,PA,2048,2500,0.168,0.168,0,0,0,0,0,0,0,0,0,0,0,0,0,0,0
00003275_000.png,No Finding,0,3275,41,F,PA,2500,2048,0.171,0.171,0,0,0,0,0,0,0,0,0,0,0,0,0,0,0
00003275_001.png,No Finding,1,3275,41,F,PA,2048,2500,0.171,0.171,0,0,0,0,0,0,0,0,0,0,0,0,0,0,0
00003275_002.png,No Finding,2,3275,41,F,PA,2500,2048,0.171,0.171,0,0,0,0,0,0,0,0,0,0,0,0,0,0,0
00003275_003.png,No Finding,3,3275,41,F,AP,2500,2048,0.171,0.171,0,0,0,0,0,0,0,0,0,0,0,0,0,0,0
00003275_004.png,No Finding,4,3275,41,F,PA,2048,2500,0.168,0.168,0,0,0,0,0,0,0,0,0,0,0,0,0,0,0
00003275_005.png,No Finding,5,3275,42,F,PA,2500,2048,0.168,0.168,0,0,0,0,0,0,0,0,0,0,0,0,0,0,0
00003276_000.png,No Finding,0,3276,11,F,PA,2048,2500,0.171,0.171,0,0,0,0,0,0,0,0,0,0,0,0,0,0,0
00003276_001.png,No Finding,1,3276,11,F,AP,2500,2048,0.171,0.171,0,0,0,0,0,0,0,0,0,0,0,0,0,0,0
00003276_002.png,No Finding,2,3276,19,F,PA,2992,2991,0.143,0.143,0,0,0,0,0,0,0,0,0,0,0,0,0,0,0
00003276_003.png,Infiltration,3,3276,19,F,PA,2424,2932,0.139,0.139,1,0,0,0,1,0,0,0,0,0,0,0,0,0,0
00003276_004.png,No Finding,4,3276,19,F,PA,2650,2472,0.143,0.143,0,0,0,0,0,0,0,0,0,0,0,0,0,0,0
00003276_005.png,No Finding,5,3276,19,F,AP,3056,2544,0.139,0.139,0,0,0,0,0,0,0,0,0,0,0,0,0,0,0
00003276_006.png,No Finding,6,3276,19,F,PA,2514,2991,0.143,0.143,0,0,0,0,0,0,0,0,0,0,0,0,0,0,0
00003276_007.png,No Finding,7,3276,19,F,PA,2170,2741,0.143,0.143,0,0,0,0,0,0,0,0,0,0,0,0,0,0,0
00003278_000.png,Effusion,0,3278,44,M,PA,2048,2500,0.171,0.171,1,0,0,1,0,0,0,0,0,0,0,0,0,0,0
00003279_000.png,No Finding,0,3279,64,M,PA,2500,2048,0.171,0.171,0,0,0,0,0,0,0,0,0,0,0,0,0,0,0
00003279_002.png,Nodule,2,3279,72,M,PA,2992,2991,0.143,0.143,1,0,0,0,0,0,1,0,0,0,0,0,0,0,0
00003280_000.png,Pleural_Thickening,0,3280,47,F,PA,2048,2500,0.171,0.171,1,0,0,0,0,0,0,0,0,0,0,0,0,1,0
00003281_000.png,No Finding,0,3281,33,M,PA,2500,2048,0.171,0.171,0,0,0,0,0,0,0,0,0,0,0,0,0,0,0
00003281_001.png,No Finding,1,3281,34,M,PA,2500,2048,0.171,0.171,0,0,0,0,0,0,0,0,0,0,0,0,0,0,0
00003281_002.png,No Finding,2,3281,38,M,PA,2992,2991,0.143,0.143,0,0,0,0,0,0,0,0,0,0,0,0,0,0,0
00003283_000.png,Cardiomegaly,0,3283,58,M,PA,2766,2665,0.143,0.143,1,0,1,0,0,0,0,0,0,0,0,0,0,0,0
00003284_000.png,Mass|Nodule,0,3284,68,M,PA,2500,2048,0.171,0.171,1,0,0,0,0,1,1,0,0,0,0,0,0,0,0
00003285_000.png,Mass|Nodule,0,3285,47,M,PA,2500,2048,0.171,0.171,1,0,0,0,0,1,1,0,0,0,0,0,0,0,0
00003285_001.png,Nodule,1,3285,47,M,PA,2500,2048,0.168,0.168,1,0,0,0,0,0,1,0,0,0,0,0,0,0,0
00003285_002.png,Mass|Nodule,2,3285,48,M,PA,2500,2048,0.168,0.168,1,0,0,0,0,1,1,0,0,0,0,0,0,0,0
00003286_000.png,No Finding,0,3286,48,F,AP,2500,2048,0.171,0.171,0,0,0,0,0,0,0,0,0,0,0,0,0,0,0
00003287_000.png,No Finding,0,3287,45,M,PA,2992,2991,0.143,0.143,0,0,0,0,0,0,0,0,0,0,0,0,0,0,0
00003288_000.png,No Finding,0,3288,51,F,PA,2048,2500,0.171,0.171,0,0,0,0,0,0,0,0,0,0,0,0,0,0,0
00003288_001.png,No Finding,1,3288,54,F,PA,2730,2991,0.143,0.143,0,0,0,0,0,0,0,0,0,0,0,0,0,0,0
00003288_002.png,No Finding,2,3288,55,F,PA,2048,2500,0.168,0.168,0,0,0,0,0,0,0,0,0,0,0,0,0,0,0
00003288_003.png,No Finding,3,3288,59,F,PA,2544,3056,0.139,0.139,0,0,0,0,0,0,0,0,0,0,0,0,0,0,0
00003290_000.png,No Finding,0,3290,66,F,PA,2048,2500,0.168,0.168,0,0,0,0,0,0,0,0,0,0,0,0,0,0,0
00003291_001.png,No Finding,0,3291,21,F,PA,2500,2048,0.168,0.168,0,0,0,0,0,0,0,0,0,0,0,0,0,0,0
00003291_002.png,No Finding,1,3291,23,F,PA,2500,2048,0.168,0.168,0,0,0,0,0,0,0,0,0,0,0,0,0,0,0
00003291_000.png,No Finding,2,3291,32,F,PA,2021,2021,0.1943109999999999,0.1943109999999999,0,0,0,0,0,0,0,0,0,0,0,0,0,0,0
00003292_000.png,No Finding,0,3292,58,M,PA,2500,2048,0.171,0.171,0,0,0,0,0,0,0,0,0,0,0,0,0,0,0
00003292_002.png,No Finding,2,3292,59,M,AP,2500,2048,0.171,0.171,0,0,0,0,0,0,0,0,0,0,0,0,0,0,0
00003292_003.png,No Finding,3,3292,59,M,PA,2500,2048,0.171,0.171,0,0,0,0,0,0,0,0,0,0,0,0,0,0,0
00003292_004.png,Effusion,4,3292,59,M,PA,2500,2048,0.171,0.171,1,0,0,1,0,0,0,0,0,0,0,0,0,0,0
00003292_005.png,Consolidation,5,3292,59,M,AP,2500,2048,0.171,0.171,1,0,0,0,0,0,0,0,0,1,0,0,0,0,0
00003292_010.png,No Finding,10,3292,60,M,AP,2500,2048,0.171,0.171,0,0,0,0,0,0,0,0,0,0,0,0,0,0,0
00003292_011.png,No Finding,11,3292,60,M,AP,2500,2048,0.171,0.171,0,0,0,0,0,0,0,0,0,0,0,0,0,0,0
00003292_013.png,No Finding,13,3292,60,M,AP,2500,2048,0.171,0.171,0,0,0,0,0,0,0,0,0,0,0,0,0,0,0
00003293_000.png,Pleural_Thickening,0,3293,55,M,PA,2048,2500,0.171,0.171,1,0,0,0,0,0,0,0,0,0,0,0,0,1,0
00003295_000.png,No Finding,0,3295,34,M,PA,2500,2048,0.171,0.171,0,0,0,0,0,0,0,0,0,0,0,0,0,0,0
00003295_001.png,No Finding,1,3295,34,M,PA,2500,2048,0.171,0.171,0,0,0,0,0,0,0,0,0,0,0,0,0,0,0
00003295_002.png,No Finding,2,3295,35,M,PA,2500,2048,0.171,0.171,0,0,0,0,0,0,0,0,0,0,0,0,0,0,0
00003295_003.png,No Finding,3,3295,36,M,PA,2500,2048,0.171,0.171,0,0,0,0,0,0,0,0,0,0,0,0,0,0,0
00003295_004.png,No Finding,4,3295,36,M,PA,2500,2048,0.168,0.168,0,0,0,0,0,0,0,0,0,0,0,0,0,0,0
00003295_005.png,No Finding,5,3295,38,M,PA,2850,2991,0.143,0.143,0,0,0,0,0,0,0,0,0,0,0,0,0,0,0
00003297_000.png,No Finding,0,3297,40,M,AP,2048,2500,0.168,0.168,0,0,0,0,0,0,0,0,0,0,0,0,0,0,0
00003299_000.png,No Finding,0,3299,26,M,PA,2500,2048,0.171,0.171,0,0,0,0,0,0,0,0,0,0,0,0,0,0,0
00003300_000.png,No Finding,0,3300,46,M,PA,2500,2048,0.171,0.171,0,0,0,0,0,0,0,0,0,0,0,0,0,0,0
00003300_001.png,Infiltration|Mass|Nodule|Pneumothorax,1,3300,46,M,AP,2500,2048,0.171,0.171,1,0,0,0,1,1,1,0,1,0,0,0,0,0,0
00003300_004.png,Infiltration|Mass|Nodule|Pneumothorax,2,3300,46,M,AP,2500,2048,0.171,0.171,1,0,0,0,1,1,1,0,1,0,0,0,0,0,0
00003300_002.png,Infiltration|Mass|Nodule|Pneumothorax,3,3300,46,M,AP,2500,2048,0.171,0.171,1,0,0,0,1,1,1,0,1,0,0,0,0,0,0
00003300_005.png,Infiltration|Mass|Nodule,4,3300,46,M,AP,2500,2048,0.171,0.171,1,0,0,0,1,1,1,0,0,0,0,0,0,0,0
00003300_006.png,Infiltration|Nodule,5,3300,46,M,AP,2500,2048,0.171,0.171,1,0,0,0,1,0,1,0,0,0,0,0,0,0,0
00003300_003.png,Emphysema|Infiltration|Mass,6,3300,46,M,AP,2500,2048,0.171,0.171,1,0,0,0,1,1,0,0,0,0,0,1,0,0,0
00003300_007.png,Emphysema|Infiltration|Mass,7,3300,46,M,AP,2500,2048,0.171,0.171,1,0,0,0,1,1,0,0,0,0,0,1,0,0,0
00003300_008.png,Infiltration|Mass,8,3300,46,M,AP,2500,2048,0.171,0.171,1,0,0,0,1,1,0,0,0,0,0,0,0,0,0
00003300_009.png,Infiltration|Mass|Nodule,9,3300,46,M,PA,2500,2048,0.171,0.171,1,0,0,0,1,1,1,0,0,0,0,0,0,0,0
00003300_010.png,No Finding,10,3300,46,M,PA,2500,2048,0.171,0.171,0,0,0,0,0,0,0,0,0,0,0,0,0,0,0
00003300_012.png,Mass,12,3300,46,M,PA,2500,2048,0.171,0.171,1,0,0,0,0,1,0,0,0,0,0,0,0,0,0
00003300_013.png,Effusion,13,3300,46,M,PA,2500,2048,0.171,0.171,1,0,0,1,0,0,0,0,0,0,0,0,0,0,0
00003301_000.png,No Finding,0,3301,62,F,PA,2048,2500,0.171,0.171,0,0,0,0,0,0,0,0,0,0,0,0,0,0,0
00003302_000.png,Nodule,0,3302,51,M,PA,2500,2048,0.171,0.171,1,0,0,0,0,0,1,0,0,0,0,0,0,0,0
00003303_000.png,No Finding,0,3303,38,F,PA,2048,2500,0.171,0.171,0,0,0,0,0,0,0,0,0,0,0,0,0,0,0
00003303_001.png,No Finding,1,3303,40,F,PA,2500,2048,0.168,0.168,0,0,0,0,0,0,0,0,0,0,0,0,0,0,0
00003305_000.png,No Finding,0,3305,49,F,PA,2048,2500,0.168,0.168,0,0,0,0,0,0,0,0,0,0,0,0,0,0,0
00003307_000.png,No Finding,0,3307,42,M,PA,2500,2048,0.171,0.171,0,0,0,0,0,0,0,0,0,0,0,0,0,0,0
00003307_001.png,No Finding,1,3307,47,M,PA,2992,2991,0.143,0.143,0,0,0,0,0,0,0,0,0,0,0,0,0,0,0
00003308_000.png,No Finding,0,3308,9,M,PA,2048,2500,0.171,0.171,0,0,0,0,0,0,0,0,0,0,0,0,0,0,0
00003308_001.png,No Finding,1,3308,13,M,PA,2280,1796,0.143,0.143,0,0,0,0,0,0,0,0,0,0,0,0,0,0,0
00003308_002.png,No Finding,2,3308,14,M,PA,2150,2145,0.143,0.143,0,0,0,0,0,0,0,0,0,0,0,0,0,0,0
00003308_003.png,No Finding,3,3308,15,M,PA,2500,2048,0.168,0.168,0,0,0,0,0,0,0,0,0,0,0,0,0,0,0
00003308_004.png,No Finding,4,3308,16,M,PA,2534,1920,0.143,0.143,0,0,0,0,0,0,0,0,0,0,0,0,0,0,0
00003309_000.png,Fibrosis,0,3309,59,F,PA,2992,2991,0.143,0.143,1,0,0,0,0,0,0,0,0,0,0,0,1,0,0
00003310_000.png,No Finding,0,3310,52,M,AP,2500,2048,0.171,0.171,0,0,0,0,0,0,0,0,0,0,0,0,0,0,0
00003311_000.png,No Finding,0,3311,48,M,PA,2500,2048,0.168,0.168,0,0,0,0,0,0,0,0,0,0,0,0,0,0,0
00003311_001.png,No Finding,1,3311,50,M,PA,2794,2991,0.143,0.143,0,0,0,0,0,0,0,0,0,0,0,0,0,0,0
00003312_001.png,No Finding,0,3312,48,F,PA,2048,2500,0.171,0.171,0,0,0,0,0,0,0,0,0,0,0,0,0,0,0
00003312_000.png,No Finding,1,3312,58,F,PA,2992,2991,0.143,0.143,0,0,0,0,0,0,0,0,0,0,0,0,0,0,0
00003313_000.png,No Finding,0,3313,30,M,PA,2048,2500,0.171,0.171,0,0,0,0,0,0,0,0,0,0,0,0,0,0,0
00003314_000.png,Effusion|Fibrosis|Pneumothorax,0,3314,77,F,PA,2048,2500,0.171,0.171,1,0,0,1,0,0,0,0,1,0,0,0,1,0,0
00003315_000.png,Nodule,0,3315,40,F,AP,2500,2048,0.171,0.171,1,0,0,0,0,0,1,0,0,0,0,0,0,0,0
00003315_001.png,No Finding,1,3315,40,F,AP,2048,2500,0.171,0.171,0,0,0,0,0,0,0,0,0,0,0,0,0,0,0
00003316_000.png,No Finding,0,3316,29,F,AP,2500,2048,0.171,0.171,0,0,0,0,0,0,0,0,0,0,0,0,0,0,0
00003317_000.png,No Finding,0,3317,24,F,PA,2048,2500,0.171,0.171,0,0,0,0,0,0,0,0,0,0,0,0,0,0,0
00003317_001.png,No Finding,1,3317,25,F,PA,2048,2500,0.171,0.171,0,0,0,0,0,0,0,0,0,0,0,0,0,0,0
00003319_000.png,No Finding,0,3319,68,F,PA,2048,2500,0.171,0.171,0,0,0,0,0,0,0,0,0,0,0,0,0,0,0
00003319_001.png,No Finding,1,3319,69,F,PA,2500,2048,0.168,0.168,0,0,0,0,0,0,0,0,0,0,0,0,0,0,0
00003319_002.png,No Finding,2,3319,70,F,PA,2048,2500,0.168,0.168,0,0,0,0,0,0,0,0,0,0,0,0,0,0,0
00003319_003.png,No Finding,3,3319,71,F,PA,2992,2991,0.143,0.143,0,0,0,0,0,0,0,0,0,0,0,0,0,0,0
00003319_004.png,No Finding,4,3319,72,F,PA,2706,2633,0.143,0.143,0,0,0,0,0,0,0,0,0,0,0,0,0,0,0
00003320_000.png,No Finding,0,3320,20,F,PA,2794,2991,0.143,0.143,0,0,0,0,0,0,0,0,0,0,0,0,0,0,0
00003320_001.png,No Finding,1,3320,21,F,PA,2990,2991,0.143,0.143,0,0,0,0,0,0,0,0,0,0,0,0,0,0,0
00003320_002.png,No Finding,2,3320,22,F,PA,2992,2989,0.143,0.143,0,0,0,0,0,0,0,0,0,0,0,0,0,0,0
00003320_003.png,No Finding,3,3320,22,F,AP,2500,2048,0.168,0.168,0,0,0,0,0,0,0,0,0,0,0,0,0,0,0
00003321_001.png,No Finding,1,3321,67,M,PA,2798,2991,0.143,0.143,0,0,0,0,0,0,0,0,0,0,0,0,0,0,0
00003326_000.png,No Finding,0,3326,54,F,PA,2500,2048,0.171,0.171,0,0,0,0,0,0,0,0,0,0,0,0,0,0,0
00003326_001.png,No Finding,1,3326,54,F,PA,2048,2500,0.171,0.171,0,0,0,0,0,0,0,0,0,0,0,0,0,0,0
00003326_002.png,No Finding,2,3326,55,F,PA,2048,2500,0.171,0.171,0,0,0,0,0,0,0,0,0,0,0,0,0,0,0
00003326_003.png,Nodule,3,3326,55,F,PA,2048,2500,0.171,0.171,1,0,0,0,0,0,1,0,0,0,0,0,0,0,0
00003326_004.png,No Finding,4,3326,55,F,AP,2500,2048,0.171,0.171,0,0,0,0,0,0,0,0,0,0,0,0,0,0,0
00003327_000.png,No Finding,0,3327,47,F,PA,2048,2500,0.171,0.171,0,0,0,0,0,0,0,0,0,0,0,0,0,0,0
00003328_001.png,No Finding,0,3328,45,M,PA,2500,2048,0.171,0.171,0,0,0,0,0,0,0,0,0,0,0,0,0,0,0
00003328_002.png,No Finding,1,3328,45,M,PA,2500,2048,0.171,0.171,0,0,0,0,0,0,0,0,0,0,0,0,0,0,0
00003328_003.png,No Finding,2,3328,48,M,PA,2500,2048,0.168,0.168,0,0,0,0,0,0,0,0,0,0,0,0,0,0,0
00003328_004.png,Effusion|Infiltration,3,3328,48,M,PA,2500,2048,0.168,0.168,1,0,0,1,1,0,0,0,0,0,0,0,0,0,0
00003328_005.png,No Finding,4,3328,51,M,PA,2992,2991,0.143,0.143,0,0,0,0,0,0,0,0,0,0,0,0,0,0,0
00003328_000.png,No Finding,5,3328,57,M,PA,2992,2991,0.143,0.143,0,0,0,0,0,0,0,0,0,0,0,0,0,0,0
00003329_000.png,Infiltration,0,3329,35,M,PA,2048,2500,0.171,0.171,1,0,0,0,1,0,0,0,0,0,0,0,0,0,0
00003329_001.png,Consolidation,1,3329,36,M,PA,2500,2048,0.171,0.171,1,0,0,0,0,0,0,0,0,1,0,0,0,0,0
00003329_002.png,No Finding,2,3329,39,M,PA,2500,2048,0.168,0.168,0,0,0,0,0,0,0,0,0,0,0,0,0,0,0
00003330_001.png,No Finding,0,3330,44,F,PA,2048,2500,0.168,0.168,0,0,0,0,0,0,0,0,0,0,0,0,0,0,0
00003330_003.png,No Finding,1,3330,44,F,AP,2500,2048,0.168,0.168,0,0,0,0,0,0,0,0,0,0,0,0,0,0,0
00003330_002.png,Pneumothorax,2,3330,44,F,AP,2500,2048,0.168,0.168,1,0,0,0,0,0,0,0,1,0,0,0,0,0,0
00003330_004.png,Pneumothorax,3,3330,44,F,AP,2500,2048,0.168,0.168,1,0,0,0,0,0,0,0,1,0,0,0,0,0,0
00003330_005.png,No Finding,4,3330,44,F,AP,2500,2048,0.168,0.168,0,0,0,0,0,0,0,0,0,0,0,0,0,0,0
00003330_000.png,No Finding,5,3330,54,F,PA,2021,2021,0.1943109999999999,0.1943109999999999,0,0,0,0,0,0,0,0,0,0,0,0,0,0,0
00003331_000.png,No Finding,0,3331,17,M,PA,2048,2500,0.171,0.171,0,0,0,0,0,0,0,0,0,0,0,0,0,0,0
00003331_001.png,No Finding,1,3331,19,M,PA,2048,2500,0.171,0.171,0,0,0,0,0,0,0,0,0,0,0,0,0,0,0
00003332_000.png,No Finding,0,3332,75,M,PA,2500,2048,0.171,0.171,0,0,0,0,0,0,0,0,0,0,0,0,0,0,0
00003334_001.png,No Finding,0,3334,52,F,PA,2750,2773,0.143,0.143,0,0,0,0,0,0,0,0,0,0,0,0,0,0,0
00003334_002.png,No Finding,1,3334,54,F,PA,2598,2991,0.143,0.143,0,0,0,0,0,0,0,0,0,0,0,0,0,0,0
00003334_003.png,No Finding,2,3334,55,F,PA,2990,2991,0.143,0.143,0,0,0,0,0,0,0,0,0,0,0,0,0,0,0
00003334_004.png,No Finding,3,3334,56,F,PA,2500,2992,0.139,0.139,0,0,0,0,0,0,0,0,0,0,0,0,0,0,0
00003334_000.png,No Finding,4,3334,61,F,PA,2544,3056,0.139,0.139,0,0,0,0,0,0,0,0,0,0,0,0,0,0,0
00003335_000.png,No Finding,0,3335,21,M,PA,2500,2048,0.171,0.171,0,0,0,0,0,0,0,0,0,0,0,0,0,0,0
00003335_001.png,No Finding,1,3335,22,M,PA,2048,2500,0.171,0.171,0,0,0,0,0,0,0,0,0,0,0,0,0,0,0
00003336_001.png,No Finding,0,3336,49,M,PA,2500,2048,0.168,0.168,0,0,0,0,0,0,0,0,0,0,0,0,0,0,0
00003336_002.png,No Finding,1,3336,51,M,PA,2992,2991,0.143,0.143,0,0,0,0,0,0,0,0,0,0,0,0,0,0,0
00003336_003.png,No Finding,2,3336,52,M,PA,2886,2991,0.143,0.143,0,0,0,0,0,0,0,0,0,0,0,0,0,0,0
00003336_004.png,Infiltration,3,3336,53,M,PA,2992,2991,0.143,0.143,1,0,0,0,1,0,0,0,0,0,0,0,0,0,0
00003336_000.png,No Finding,4,3336,60,M,PA,2021,2021,0.1943109999999999,0.1943109999999999,0,0,0,0,0,0,0,0,0,0,0,0,0,0,0
00003337_000.png,Effusion,0,3337,68,F,AP,2500,2048,0.171,0.171,1,0,0,1,0,0,0,0,0,0,0,0,0,0,0
00003337_001.png,Pneumothorax,1,3337,68,F,PA,2048,2500,0.171,0.171,1,0,0,0,0,0,0,0,1,0,0,0,0,0,0
00003337_002.png,Pneumothorax,2,3337,68,F,AP,2500,2048,0.171,0.171,1,0,0,0,0,0,0,0,1,0,0,0,0,0,0
00003337_003.png,Pneumothorax,3,3337,68,F,AP,2500,2048,0.171,0.171,1,0,0,0,0,0,0,0,1,0,0,0,0,0,0
00003337_004.png,Pneumothorax,4,3337,68,F,AP,2500,2048,0.171,0.171,1,0,0,0,0,0,0,0,1,0,0,0,0,0,0
00003337_006.png,Pleural_Thickening,6,3337,68,F,AP,2048,2500,0.171,0.171,1,0,0,0,0,0,0,0,0,0,0,0,0,1,0
00003338_000.png,Cardiomegaly|Fibrosis,0,3338,51,F,PA,2048,2500,0.171,0.171,1,0,1,0,0,0,0,0,0,0,0,0,1,0,0
00003339_000.png,No Finding,0,3339,73,M,PA,2048,2500,0.171,0.171,0,0,0,0,0,0,0,0,0,0,0,0,0,0,0
00003342_000.png,No Finding,0,3342,32,F,PA,2048,2500,0.171,0.171,0,0,0,0,0,0,0,0,0,0,0,0,0,0,0
00003343_000.png,No Finding,0,3343,44,M,PA,2992,2991,0.143,0.143,0,0,0,0,0,0,0,0,0,0,0,0,0,0,0
00003343_001.png,No Finding,1,3343,45,M,PA,2992,2991,0.143,0.143,0,0,0,0,0,0,0,0,0,0,0,0,0,0,0
00003343_002.png,No Finding,2,3343,46,M,PA,2810,2948,0.143,0.143,0,0,0,0,0,0,0,0,0,0,0,0,0,0,0
00003343_003.png,No Finding,3,3343,47,M,PA,2500,2048,0.168,0.168,0,0,0,0,0,0,0,0,0,0,0,0,0,0,0
00003343_004.png,No Finding,4,3343,49,M,PA,3056,2544,0.139,0.139,0,0,0,0,0,0,0,0,0,0,0,0,0,0,0
00003344_000.png,No Finding,0,3344,65,M,AP,2500,2048,0.171,0.171,0,0,0,0,0,0,0,0,0,0,0,0,0,0,0
00003344_001.png,Fibrosis,1,3344,66,M,PA,2500,2048,0.171,0.171,1,0,0,0,0,0,0,0,0,0,0,0,1,0,0
00003347_000.png,Infiltration,0,3347,29,M,PA,2806,2833,0.143,0.143,1,0,0,0,1,0,0,0,0,0,0,0,0,0,0
00003349_000.png,No Finding,0,3349,32,F,PA,2836,2604,0.143,0.143,0,0,0,0,0,0,0,0,0,0,0,0,0,0,0
00003353_000.png,No Finding,0,3353,32,M,PA,2426,2464,0.143,0.143,0,0,0,0,0,0,0,0,0,0,0,0,0,0,0
00003353_001.png,No Finding,1,3353,34,M,PA,2842,2991,0.143,0.143,0,0,0,0,0,0,0,0,0,0,0,0,0,0,0
00003353_002.png,No Finding,2,3353,35,M,AP,2500,2048,0.168,0.168,0,0,0,0,0,0,0,0,0,0,0,0,0,0,0
00003353_003.png,No Finding,3,3353,35,M,AP,2500,2048,0.168,0.168,0,0,0,0,0,0,0,0,0,0,0,0,0,0,0
00003353_004.png,No Finding,4,3353,35,M,AP,2500,2048,0.168,0.168,0,0,0,0,0,0,0,0,0,0,0,0,0,0,0
00003353_005.png,No Finding,5,3353,35,M,AP,2500,2048,0.168,0.168,0,0,0,0,0,0,0,0,0,0,0,0,0,0,0
00003353_006.png,No Finding,6,3353,35,M,AP,2500,2048,0.168,0.168,0,0,0,0,0,0,0,0,0,0,0,0,0,0,0
00003353_007.png,No Finding,7,3353,35,M,AP,2500,2048,0.168,0.168,0,0,0,0,0,0,0,0,0,0,0,0,0,0,0
00003353_008.png,No Finding,8,3353,35,M,AP,2500,2048,0.168,0.168,0,0,0,0,0,0,0,0,0,0,0,0,0,0,0
00003353_009.png,No Finding,9,3353,36,M,PA,2992,2991,0.143,0.143,0,0,0,0,0,0,0,0,0,0,0,0,0,0,0
00003354_001.png,No Finding,0,3354,12,F,AP,2048,2500,0.171,0.171,0,0,0,0,0,0,0,0,0,0,0,0,0,0,0
00003354_002.png,No Finding,1,3354,19,F,PA,2992,2991,0.143,0.143,0,0,0,0,0,0,0,0,0,0,0,0,0,0,0
00003354_003.png,No Finding,2,3354,20,F,PA,2980,2576,0.143,0.143,0,0,0,0,0,0,0,0,0,0,0,0,0,0,0
00003354_004.png,No Finding,3,3354,20,F,PA,2992,2991,0.143,0.143,0,0,0,0,0,0,0,0,0,0,0,0,0,0,0
00003354_000.png,No Finding,4,3354,25,F,PA,1742,1699,0.1943109999999999,0.1943109999999999,0,0,0,0,0,0,0,0,0,0,0,0,0,0,0
00003355_000.png,No Finding,0,3355,63,M,PA,2500,2048,0.168,0.168,0,0,0,0,0,0,0,0,0,0,0,0,0,0,0
00003355_004.png,No Finding,4,3355,63,M,PA,2500,2048,0.168,0.168,0,0,0,0,0,0,0,0,0,0,0,0,0,0,0
00003355_005.png,No Finding,5,3355,63,M,PA,2500,2048,0.168,0.168,0,0,0,0,0,0,0,0,0,0,0,0,0,0,0
00003355_006.png,No Finding,6,3355,63,M,PA,2500,2048,0.168,0.168,0,0,0,0,0,0,0,0,0,0,0,0,0,0,0
00003355_007.png,No Finding,7,3355,63,M,PA,2500,2048,0.168,0.168,0,0,0,0,0,0,0,0,0,0,0,0,0,0,0
00003355_008.png,No Finding,8,3355,63,M,PA,2500,2048,0.168,0.168,0,0,0,0,0,0,0,0,0,0,0,0,0,0,0
00003355_009.png,No Finding,9,3355,63,M,PA,2500,2048,0.168,0.168,0,0,0,0,0,0,0,0,0,0,0,0,0,0,0
00003356_000.png,No Finding,0,3356,71,M,AP,2500,2048,0.171,0.171,0,0,0,0,0,0,0,0,0,0,0,0,0,0,0
00003358_000.png,Effusion|Infiltration,0,3358,56,F,PA,2048,2500,0.171,0.171,1,0,0,1,1,0,0,0,0,0,0,0,0,0,0
00003360_002.png,No Finding,0,3360,6,M,PA,2048,2500,0.171,0.171,0,0,0,0,0,0,0,0,0,0,0,0,0,0,0
00003360_003.png,No Finding,1,3360,7,M,PA,2048,2500,0.168,0.168,0,0,0,0,0,0,0,0,0,0,0,0,0,0,0
00003360_004.png,No Finding,2,3360,11,M,PA,2570,2125,0.143,0.143,0,0,0,0,0,0,0,0,0,0,0,0,0,0,0
00003360_005.png,Infiltration,3,3360,12,M,PA,2048,2500,0.168,0.168,1,0,0,0,1,0,0,0,0,0,0,0,0,0,0
00003360_006.png,No Finding,4,3360,13,M,PA,2594,2501,0.143,0.143,0,0,0,0,0,0,0,0,0,0,0,0,0,0,0
00003360_007.png,No Finding,5,3360,14,M,PA,2266,2525,0.143,0.143,0,0,0,0,0,0,0,0,0,0,0,0,0,0,0
00003360_000.png,Infiltration,6,3360,15,M,PA,2544,3056,0.139,0.139,1,0,0,0,1,0,0,0,0,0,0,0,0,0,0
00003360_001.png,No Finding,7,3360,16,M,PA,2544,3056,0.139,0.139,0,0,0,0,0,0,0,0,0,0,0,0,0,0,0
00003361_000.png,No Finding,0,3361,50,F,PA,2500,2048,0.168,0.168,0,0,0,0,0,0,0,0,0,0,0,0,0,0,0
00003361_001.png,No Finding,1,3361,51,F,PA,2500,2048,0.168,0.168,0,0,0,0,0,0,0,0,0,0,0,0,0,0,0
00003361_002.png,Effusion,2,3361,51,F,AP,2500,2048,0.168,0.168,1,0,0,1,0,0,0,0,0,0,0,0,0,0,0
00003361_004.png,No Finding,4,3361,51,F,AP,2500,2048,0.168,0.168,0,0,0,0,0,0,0,0,0,0,0,0,0,0,0
00003361_005.png,Effusion,5,3361,51,F,AP,2500,2048,0.168,0.168,1,0,0,1,0,0,0,0,0,0,0,0,0,0,0
00003361_006.png,Cardiomegaly,6,3361,52,F,AP,2500,2048,0.168,0.168,1,0,1,0,0,0,0,0,0,0,0,0,0,0,0
00003361_007.png,Cardiomegaly|Effusion,7,3361,52,F,PA,2500,2048,0.168,0.168,1,0,1,1,0,0,0,0,0,0,0,0,0,0,0
00003361_008.png,No Finding,8,3361,52,F,AP,2500,2048,0.168,0.168,0,0,0,0,0,0,0,0,0,0,0,0,0,0,0
00003361_009.png,Effusion,9,3361,52,F,AP,2500,2048,0.168,0.168,1,0,0,1,0,0,0,0,0,0,0,0,0,0,0
00003361_011.png,Effusion,11,3361,52,F,AP,2500,2048,0.168,0.168,1,0,0,1,0,0,0,0,0,0,0,0,0,0,0
00003361_012.png,No Finding,12,3361,52,F,AP,2500,2048,0.168,0.168,0,0,0,0,0,0,0,0,0,0,0,0,0,0,0
00003362_000.png,No Finding,0,3362,61,M,PA,2500,2048,0.168,0.168,0,0,0,0,0,0,0,0,0,0,0,0,0,0,0
00003362_002.png,No Finding,2,3362,62,M,PA,2500,2048,0.168,0.168,0,0,0,0,0,0,0,0,0,0,0,0,0,0,0
00003362_004.png,Effusion|Infiltration,4,3362,62,M,AP,2500,2048,0.168,0.168,1,0,0,1,1,0,0,0,0,0,0,0,0,0,0
00003362_005.png,No Finding,5,3362,62,M,AP,2500,2048,0.168,0.168,0,0,0,0,0,0,0,0,0,0,0,0,0,0,0
00003363_000.png,No Finding,0,3363,51,F,PA,2048,2500,0.171,0.171,0,0,0,0,0,0,0,0,0,0,0,0,0,0,0
00003363_001.png,No Finding,1,3363,54,F,PA,2500,2048,0.168,0.168,0,0,0,0,0,0,0,0,0,0,0,0,0,0,0
00003363_002.png,No Finding,2,3363,55,F,PA,2500,2048,0.168,0.168,0,0,0,0,0,0,0,0,0,0,0,0,0,0,0
00003363_003.png,Nodule,3,3363,56,F,PA,2626,2991,0.143,0.143,1,0,0,0,0,0,1,0,0,0,0,0,0,0,0
00003364_000.png,No Finding,0,3364,51,M,AP,2500,2048,0.171,0.171,0,0,0,0,0,0,0,0,0,0,0,0,0,0,0
00003364_001.png,No Finding,1,3364,51,M,PA,2500,2048,0.171,0.171,0,0,0,0,0,0,0,0,0,0,0,0,0,0,0
00003367_000.png,No Finding,0,3367,40,M,PA,2500,2048,0.171,0.171,0,0,0,0,0,0,0,0,0,0,0,0,0,0,0
00003367_001.png,No Finding,1,3367,43,M,PA,2500,2048,0.168,0.168,0,0,0,0,0,0,0,0,0,0,0,0,0,0,0
00003367_003.png,No Finding,3,3367,43,M,AP,2500,2048,0.168,0.168,0,0,0,0,0,0,0,0,0,0,0,0,0,0,0
00003367_004.png,No Finding,4,3367,43,M,PA,2500,2048,0.168,0.168,0,0,0,0,0,0,0,0,0,0,0,0,0,0,0
00003367_005.png,Mass,5,3367,44,M,PA,2990,2991,0.143,0.143,1,0,0,0,0,1,0,0,0,0,0,0,0,0,0
00003368_000.png,No Finding,0,3368,55,F,PA,2048,2500,0.168,0.168,0,0,0,0,0,0,0,0,0,0,0,0,0,0,0
00003368_002.png,Effusion|Pleural_Thickening,2,3368,58,F,PA,2992,2991,0.143,0.143,1,0,0,1,0,0,0,0,0,0,0,0,0,1,0
00003370_000.png,No Finding,0,3370,16,M,PA,2500,2048,0.171,0.171,0,0,0,0,0,0,0,0,0,0,0,0,0,0,0
00003370_001.png,No Finding,1,3370,17,M,AP,2500,2048,0.168,0.168,0,0,0,0,0,0,0,0,0,0,0,0,0,0,0
00003372_000.png,No Finding,0,3372,46,F,AP,2048,2500,0.171,0.171,0,0,0,0,0,0,0,0,0,0,0,0,0,0,0
00003373_000.png,Infiltration,0,3373,60,M,AP,2500,2048,0.171,0.171,1,0,0,0,1,0,0,0,0,0,0,0,0,0,0
00003374_000.png,No Finding,0,3374,47,F,PA,2048,2500,0.171,0.171,0,0,0,0,0,0,0,0,0,0,0,0,0,0,0
00003376_000.png,Effusion,0,3376,56,M,PA,2500,2048,0.171,0.171,1,0,0,1,0,0,0,0,0,0,0,0,0,0,0
00003376_001.png,No Finding,1,3376,61,M,PA,2992,2991,0.143,0.143,0,0,0,0,0,0,0,0,0,0,0,0,0,0,0
00003377_000.png,Mass|Nodule,0,3377,53,F,PA,2048,2500,0.171,0.171,1,0,0,0,0,1,1,0,0,0,0,0,0,0,0
00003377_001.png,Infiltration|Nodule,1,3377,58,F,PA,2750,2729,0.143,0.143,1,0,0,0,1,0,1,0,0,0,0,0,0,0,0
00003377_002.png,No Finding,2,3377,59,F,PA,2500,2048,0.168,0.168,0,0,0,0,0,0,0,0,0,0,0,0,0,0,0
00003377_003.png,Infiltration,3,3377,59,F,PA,2500,2048,0.168,0.168,1,0,0,0,1,0,0,0,0,0,0,0,0,0,0
00003377_004.png,No Finding,4,3377,60,F,PA,2992,2991,0.143,0.143,0,0,0,0,0,0,0,0,0,0,0,0,0,0,0
00003377_005.png,Infiltration,5,3377,60,F,PA,2992,2991,0.143,0.143,1,0,0,0,1,0,0,0,0,0,0,0,0,0,0
00003377_006.png,No Finding,6,3377,60,F,AP,2500,2048,0.168,0.168,0,0,0,0,0,0,0,0,0,0,0,0,0,0,0
00003377_007.png,No Finding,7,3377,60,F,PA,2048,2500,0.168,0.168,0,0,0,0,0,0,0,0,0,0,0,0,0,0,0
00003377_009.png,Mass,9,3377,60,F,PA,2992,2991,0.143,0.143,1,0,0,0,0,1,0,0,0,0,0,0,0,0,0
00003377_010.png,Mass,10,3377,60,F,PA,2590,2991,0.143,0.143,1,0,0,0,0,1,0,0,0,0,0,0,0,0,0
00003377_011.png,Mass,11,3377,60,F,PA,2048,2500,0.168,0.168,1,0,0,0,0,1,0,0,0,0,0,0,0,0,0
00003377_013.png,Effusion,13,3377,60,F,PA,2518,2649,0.143,0.143,1,0,0,1,0,0,0,0,0,0,0,0,0,0,0
00003378_000.png,Effusion|Pneumothorax,0,3378,65,M,PA,2882,2991,0.143,0.143,1,0,0,1,0,0,0,0,1,0,0,0,0,0,0
00003381_000.png,Infiltration,0,3381,53,F,PA,2570,2991,0.143,0.143,1,0,0,0,1,0,0,0,0,0,0,0,0,0,0
00003383_000.png,No Finding,0,3383,50,M,PA,2500,2048,0.171,0.171,0,0,0,0,0,0,0,0,0,0,0,0,0,0,0
00003383_001.png,No Finding,1,3383,51,M,AP,2500,2048,0.168,0.168,0,0,0,0,0,0,0,0,0,0,0,0,0,0,0
00003383_002.png,Infiltration,2,3383,51,M,AP,2500,2048,0.168,0.168,1,0,0,0,1,0,0,0,0,0,0,0,0,0,0
00003383_003.png,No Finding,3,3383,51,M,AP,2500,2048,0.168,0.168,0,0,0,0,0,0,0,0,0,0,0,0,0,0,0
00003383_004.png,No Finding,4,3383,51,M,PA,2500,2048,0.168,0.168,0,0,0,0,0,0,0,0,0,0,0,0,0,0,0
00003383_005.png,No Finding,5,3383,52,M,PA,2992,2991,0.143,0.143,0,0,0,0,0,0,0,0,0,0,0,0,0,0,0
00003383_006.png,No Finding,6,3383,52,M,AP,2048,2500,0.168,0.168,0,0,0,0,0,0,0,0,0,0,0,0,0,0,0
00003383_007.png,No Finding,7,3383,52,M,PA,2992,2991,0.143,0.143,0,0,0,0,0,0,0,0,0,0,0,0,0,0,0
00003384_000.png,No Finding,0,3384,68,F,PA,2048,2500,0.168,0.168,0,0,0,0,0,0,0,0,0,0,0,0,0,0,0
00003384_001.png,Infiltration,1,3384,69,F,PA,2048,2500,0.168,0.168,1,0,0,0,1,0,0,0,0,0,0,0,0,0,0
00003385_000.png,No Finding,0,3385,48,F,PA,2048,2500,0.171,0.171,0,0,0,0,0,0,0,0,0,0,0,0,0,0,0
00003386_000.png,No Finding,0,3386,41,F,PA,2500,2048,0.168,0.168,0,0,0,0,0,0,0,0,0,0,0,0,0,0,0
00003386_001.png,No Finding,1,3386,44,F,AP,2500,2048,0.168,0.168,0,0,0,0,0,0,0,0,0,0,0,0,0,0,0
00003386_002.png,No Finding,2,3386,44,F,AP,2500,2048,0.168,0.168,0,0,0,0,0,0,0,0,0,0,0,0,0,0,0
00003386_003.png,No Finding,3,3386,44,F,AP,2500,2048,0.168,0.168,0,0,0,0,0,0,0,0,0,0,0,0,0,0,0
00003386_004.png,No Finding,4,3386,44,F,AP,2500,2048,0.168,0.168,0,0,0,0,0,0,0,0,0,0,0,0,0,0,0
00003387_000.png,No Finding,0,3387,65,M,PA,2500,2048,0.171,0.171,0,0,0,0,0,0,0,0,0,0,0,0,0,0,0
00003389_000.png,No Finding,0,3389,46,M,PA,2500,2048,0.171,0.171,0,0,0,0,0,0,0,0,0,0,0,0,0,0,0
00003390_000.png,No Finding,0,3390,49,F,PA,2500,2048,0.171,0.171,0,0,0,0,0,0,0,0,0,0,0,0,0,0,0
00003390_002.png,No Finding,2,3390,51,F,PA,2048,2500,0.168,0.168,0,0,0,0,0,0,0,0,0,0,0,0,0,0,0
00003392_000.png,No Finding,0,3392,55,M,PA,2048,2500,0.171,0.171,0,0,0,0,0,0,0,0,0,0,0,0,0,0,0
00003392_001.png,No Finding,1,3392,57,M,PA,2500,2048,0.171,0.171,0,0,0,0,0,0,0,0,0,0,0,0,0,0,0
00003392_004.png,No Finding,4,3392,62,M,AP,2500,2048,0.168,0.168,0,0,0,0,0,0,0,0,0,0,0,0,0,0,0
00003392_005.png,No Finding,5,3392,62,M,AP,2500,2048,0.168,0.168,0,0,0,0,0,0,0,0,0,0,0,0,0,0,0
00003392_006.png,Edema|Pneumonia,6,3392,62,M,AP,2500,2048,0.168,0.168,1,0,0,0,0,0,0,1,0,0,1,0,0,0,0
00003392_007.png,No Finding,7,3392,62,M,AP,2500,2048,0.168,0.168,0,0,0,0,0,0,0,0,0,0,0,0,0,0,0
00003392_012.png,Infiltration,11,3392,62,M,AP,2500,2048,0.168,0.168,1,0,0,0,1,0,0,0,0,0,0,0,0,0,0
00003392_010.png,Infiltration,12,3392,62,M,AP,2500,2048,0.168,0.168,1,0,0,0,1,0,0,0,0,0,0,0,0,0,0
00003392_013.png,Infiltration,13,3392,62,M,AP,2500,2048,0.168,0.168,1,0,0,0,1,0,0,0,0,0,0,0,0,0,0
00003392_015.png,No Finding,15,3392,62,M,AP,2500,2048,0.168,0.168,0,0,0,0,0,0,0,0,0,0,0,0,0,0,0
00003392_016.png,Infiltration,16,3392,62,M,AP,2500,2048,0.168,0.168,1,0,0,0,1,0,0,0,0,0,0,0,0,0,0
00003392_017.png,Edema|Infiltration|Pneumonia,17,3392,62,M,AP,2500,2048,0.168,0.168,1,0,0,0,1,0,0,1,0,0,1,0,0,0,0
00003392_018.png,No Finding,18,3392,62,M,AP,2500,2048,0.168,0.168,0,0,0,0,0,0,0,0,0,0,0,0,0,0,0
00003392_019.png,No Finding,19,3392,62,M,AP,2500,2048,0.168,0.168,0,0,0,0,0,0,0,0,0,0,0,0,0,0,0
00003392_021.png,No Finding,21,3392,62,M,AP,2500,2048,0.168,0.168,0,0,0,0,0,0,0,0,0,0,0,0,0,0,0
00003392_023.png,No Finding,22,3392,62,M,AP,2500,2048,0.168,0.168,0,0,0,0,0,0,0,0,0,0,0,0,0,0,0
00003392_022.png,No Finding,23,3392,62,M,AP,2500,2048,0.168,0.168,0,0,0,0,0,0,0,0,0,0,0,0,0,0,0
00003392_025.png,Infiltration,24,3392,62,M,AP,2500,2048,0.168,0.168,1,0,0,0,1,0,0,0,0,0,0,0,0,0,0
00003392_024.png,Infiltration,25,3392,62,M,AP,2500,2048,0.168,0.168,1,0,0,0,1,0,0,0,0,0,0,0,0,0,0
00003392_026.png,Infiltration,26,3392,62,M,AP,2500,2048,0.168,0.168,1,0,0,0,1,0,0,0,0,0,0,0,0,0,0
00003392_028.png,Infiltration,28,3392,62,M,AP,2500,2048,0.168,0.168,1,0,0,0,1,0,0,0,0,0,0,0,0,0,0
00003392_029.png,Infiltration,29,3392,62,M,AP,2500,2048,0.168,0.168,1,0,0,0,1,0,0,0,0,0,0,0,0,0,0
00003392_030.png,Infiltration,30,3392,62,M,AP,2500,2048,0.168,0.168,1,0,0,0,1,0,0,0,0,0,0,0,0,0,0
00003392_031.png,No Finding,31,3392,62,M,AP,2500,2048,0.168,0.168,0,0,0,0,0,0,0,0,0,0,0,0,0,0,0
00003392_032.png,No Finding,32,3392,62,M,AP,2500,2048,0.168,0.168,0,0,0,0,0,0,0,0,0,0,0,0,0,0,0
00003392_034.png,No Finding,33,3392,62,M,AP,2500,2048,0.168,0.168,0,0,0,0,0,0,0,0,0,0,0,0,0,0,0
00003392_033.png,No Finding,34,3392,62,M,AP,2500,2048,0.168,0.168,0,0,0,0,0,0,0,0,0,0,0,0,0,0,0
00003392_035.png,No Finding,35,3392,62,M,AP,2500,2048,0.168,0.168,0,0,0,0,0,0,0,0,0,0,0,0,0,0,0
00003392_036.png,Infiltration,36,3392,62,M,AP,2500,2048,0.168,0.168,1,0,0,0,1,0,0,0,0,0,0,0,0,0,0
00003392_037.png,Consolidation|Edema,37,3392,62,M,AP,2500,2048,0.168,0.168,1,0,0,0,0,0,0,0,0,1,1,0,0,0,0
00003392_038.png,Infiltration,38,3392,62,M,AP,2500,2048,0.168,0.168,1,0,0,0,1,0,0,0,0,0,0,0,0,0,0
00003392_039.png,Infiltration,39,3392,62,M,AP,2500,2048,0.168,0.168,1,0,0,0,1,0,0,0,0,0,0,0,0,0,0
00003392_041.png,No Finding,41,3392,62,M,AP,2500,2048,0.168,0.168,0,0,0,0,0,0,0,0,0,0,0,0,0,0,0
00003392_042.png,No Finding,42,3392,62,M,AP,2500,2048,0.168,0.168,0,0,0,0,0,0,0,0,0,0,0,0,0,0,0
00003392_043.png,Edema|Infiltration|Nodule,43,3392,62,M,AP,2500,2048,0.168,0.168,1,0,0,0,1,0,1,0,0,0,1,0,0,0,0
00003392_044.png,No Finding,44,3392,62,M,AP,2500,2048,0.168,0.168,0,0,0,0,0,0,0,0,0,0,0,0,0,0,0
00003392_045.png,Infiltration,45,3392,62,M,AP,2500,2048,0.168,0.168,1,0,0,0,1,0,0,0,0,0,0,0,0,0,0
00003392_048.png,No Finding,48,3392,62,M,AP,2500,2048,0.168,0.168,0,0,0,0,0,0,0,0,0,0,0,0,0,0,0
00003392_049.png,Infiltration,49,3392,62,M,AP,2500,2048,0.168,0.168,1,0,0,0,1,0,0,0,0,0,0,0,0,0,0
00003392_050.png,Infiltration,50,3392,62,M,AP,2500,2048,0.168,0.168,1,0,0,0,1,0,0,0,0,0,0,0,0,0,0
00003395_001.png,Cardiomegaly|Effusion,1,3395,39,F,PA,2048,2500,0.168,0.168,1,0,1,1,0,0,0,0,0,0,0,0,0,0,0
00003395_002.png,No Finding,2,3395,39,F,PA,2048,2500,0.168,0.168,0,0,0,0,0,0,0,0,0,0,0,0,0,0,0
00003395_003.png,No Finding,3,3395,39,F,PA,2500,2048,0.168,0.168,0,0,0,0,0,0,0,0,0,0,0,0,0,0,0
00003395_004.png,No Finding,4,3395,40,F,PA,2048,2500,0.168,0.168,0,0,0,0,0,0,0,0,0,0,0,0,0,0,0
00003395_005.png,Cardiomegaly,5,3395,41,F,PA,2992,2991,0.143,0.143,1,0,1,0,0,0,0,0,0,0,0,0,0,0,0
00003395_006.png,Cardiomegaly|Pneumothorax,6,3395,41,F,PA,2546,2991,0.143,0.143,1,0,1,0,0,0,0,0,1,0,0,0,0,0,0
00003395_007.png,No Finding,7,3395,42,F,PA,2778,2434,0.143,0.143,0,0,0,0,0,0,0,0,0,0,0,0,0,0,0
00003397_000.png,No Finding,0,3397,35,M,PA,2500,2048,0.168,0.168,0,0,0,0,0,0,0,0,0,0,0,0,0,0,0
00003398_000.png,No Finding,0,3398,32,M,PA,2048,2500,0.171,0.171,0,0,0,0,0,0,0,0,0,0,0,0,0,0,0
00003400_000.png,Infiltration|Mass,0,3400,24,F,PA,2500,2048,0.171,0.171,1,0,0,0,1,1,0,0,0,0,0,0,0,0,0
00003400_001.png,No Finding,1,3400,25,F,AP,2500,2048,0.171,0.171,0,0,0,0,0,0,0,0,0,0,0,0,0,0,0
00003400_002.png,Mass|Pneumothorax,2,3400,25,F,PA,2500,2048,0.171,0.171,1,0,0,0,0,1,0,0,1,0,0,0,0,0,0
00003400_003.png,Pneumothorax,3,3400,25,F,PA,2500,2048,0.171,0.171,1,0,0,0,0,0,0,0,1,0,0,0,0,0,0
00003400_004.png,Pneumothorax,4,3400,25,F,PA,2048,2500,0.171,0.171,1,0,0,0,0,0,0,0,1,0,0,0,0,0,0
00003400_006.png,No Finding,5,3400,25,F,PA,2500,2048,0.171,0.171,0,0,0,0,0,0,0,0,0,0,0,0,0,0,0
00003400_005.png,Pneumothorax,6,3400,25,F,PA,2500,2048,0.171,0.171,1,0,0,0,0,0,0,0,1,0,0,0,0,0,0
00003403_000.png,Pneumothorax,0,3403,43,F,PA,2862,2937,0.143,0.143,1,0,0,0,0,0,0,0,1,0,0,0,0,0,0
00003403_001.png,No Finding,1,3403,44,F,PA,2992,2991,0.143,0.143,0,0,0,0,0,0,0,0,0,0,0,0,0,0,0
00003404_000.png,No Finding,0,3404,31,M,PA,2992,2991,0.143,0.143,0,0,0,0,0,0,0,0,0,0,0,0,0,0,0
00003405_001.png,No Finding,0,3405,27,M,PA,2500,2048,0.171,0.171,0,0,0,0,0,0,0,0,0,0,0,0,0,0,0
00003405_002.png,No Finding,1,3405,30,M,PA,2500,2048,0.168,0.168,0,0,0,0,0,0,0,0,0,0,0,0,0,0,0
00003405_003.png,No Finding,2,3405,31,M,PA,2818,2601,0.143,0.143,0,0,0,0,0,0,0,0,0,0,0,0,0,0,0
00003405_004.png,No Finding,3,3405,32,M,PA,2992,2991,0.143,0.143,0,0,0,0,0,0,0,0,0,0,0,0,0,0,0
00003405_000.png,No Finding,4,3405,38,M,PA,2798,2725,0.143,0.143,0,0,0,0,0,0,0,0,0,0,0,0,0,0,0
00003406_000.png,No Finding,0,3406,25,M,PA,2500,2048,0.171,0.171,0,0,0,0,0,0,0,0,0,0,0,0,0,0,0
00003406_001.png,No Finding,1,3406,29,M,PA,2992,2991,0.143,0.143,0,0,0,0,0,0,0,0,0,0,0,0,0,0,0
00003406_002.png,No Finding,2,3406,30,M,PA,2992,2991,0.143,0.143,0,0,0,0,0,0,0,0,0,0,0,0,0,0,0
00003406_003.png,No Finding,3,3406,30,M,AP,2500,2048,0.168,0.168,0,0,0,0,0,0,0,0,0,0,0,0,0,0,0
00003406_004.png,No Finding,4,3406,30,M,AP,2500,2048,0.168,0.168,0,0,0,0,0,0,0,0,0,0,0,0,0,0,0
00003406_005.png,No Finding,5,3406,32,M,PA,2992,2991,0.143,0.143,0,0,0,0,0,0,0,0,0,0,0,0,0,0,0
00003406_006.png,Emphysema,6,3406,32,M,AP,2500,2048,0.168,0.168,1,0,0,0,0,0,0,0,0,0,0,1,0,0,0
00003409_000.png,No Finding,0,3409,44,F,PA,2048,2500,0.171,0.171,0,0,0,0,0,0,0,0,0,0,0,0,0,0,0
00003413_000.png,Pleural_Thickening,0,3413,48,F,PA,2048,2500,0.171,0.171,1,0,0,0,0,0,0,0,0,0,0,0,0,1,0
00003413_001.png,Pleural_Thickening,1,3413,48,F,PA,2048,2500,0.168,0.168,1,0,0,0,0,0,0,0,0,0,0,0,0,1,0
00003414_000.png,Cardiomegaly,0,3414,46,M,PA,2500,2048,0.171,0.171,1,0,1,0,0,0,0,0,0,0,0,0,0,0,0
00003416_000.png,No Finding,0,3416,62,F,PA,2048,2500,0.168,0.168,0,0,0,0,0,0,0,0,0,0,0,0,0,0,0
00003417_000.png,No Finding,0,3417,49,F,AP,2500,2048,0.168,0.168,0,0,0,0,0,0,0,0,0,0,0,0,0,0,0
00003418_000.png,No Finding,0,3418,38,F,AP,2500,2048,0.168,0.168,0,0,0,0,0,0,0,0,0,0,0,0,0,0,0
00003418_001.png,No Finding,1,3418,39,F,PA,2670,2991,0.143,0.143,0,0,0,0,0,0,0,0,0,0,0,0,0,0,0
00003420_000.png,No Finding,0,3420,48,F,PA,2048,2500,0.168,0.168,0,0,0,0,0,0,0,0,0,0,0,0,0,0,0
00003420_001.png,No Finding,1,3420,50,F,PA,2562,2609,0.143,0.143,0,0,0,0,0,0,0,0,0,0,0,0,0,0,0
00003421_000.png,Mass,0,3421,40,M,PA,2048,2500,0.171,0.171,1,0,0,0,0,1,0,0,0,0,0,0,0,0,0
00003421_001.png,No Finding,1,3421,40,M,PA,2048,2500,0.171,0.171,0,0,0,0,0,0,0,0,0,0,0,0,0,0,0
00003421_002.png,No Finding,2,3421,40,M,AP,2500,2048,0.171,0.171,0,0,0,0,0,0,0,0,0,0,0,0,0,0,0
00003421_003.png,No Finding,3,3421,40,M,AP,2500,2048,0.171,0.171,0,0,0,0,0,0,0,0,0,0,0,0,0,0,0
00003421_004.png,No Finding,4,3421,40,M,AP,2500,2048,0.171,0.171,0,0,0,0,0,0,0,0,0,0,0,0,0,0,0
00003421_005.png,No Finding,5,3421,40,M,AP,2500,2048,0.171,0.171,0,0,0,0,0,0,0,0,0,0,0,0,0,0,0
00003421_006.png,No Finding,6,3421,40,M,AP,2500,2048,0.171,0.171,0,0,0,0,0,0,0,0,0,0,0,0,0,0,0
00003421_007.png,No Finding,7,3421,40,M,AP,2500,2048,0.171,0.171,0,0,0,0,0,0,0,0,0,0,0,0,0,0,0
00003421_008.png,No Finding,8,3421,40,M,AP,2500,2048,0.171,0.171,0,0,0,0,0,0,0,0,0,0,0,0,0,0,0
00003423_000.png,Nodule,0,3423,52,M,PA,2500,2048,0.171,0.171,1,0,0,0,0,0,1,0,0,0,0,0,0,0,0
00003423_001.png,Nodule,1,3423,52,M,PA,2500,2048,0.171,0.171,1,0,0,0,0,0,1,0,0,0,0,0,0,0,0
00003423_002.png,Effusion|Infiltration|Pleural_Thickening,2,3423,52,M,PA,2500,2048,0.171,0.171,1,0,0,1,1,0,0,0,0,0,0,0,0,1,0
00003423_004.png,No Finding,4,3423,52,M,PA,2500,2048,0.171,0.171,0,0,0,0,0,0,0,0,0,0,0,0,0,0,0
00003423_005.png,Effusion|Emphysema|Infiltration|Nodule|Pneumothorax,5,3423,52,M,PA,2500,2048,0.171,0.171,1,0,0,1,1,0,1,0,1,0,0,1,0,0,0
00003423_008.png,No Finding,7,3423,57,M,AP,2500,2048,0.168,0.168,0,0,0,0,0,0,0,0,0,0,0,0,0,0,0
00003423_007.png,Effusion,8,3423,57,M,AP,2500,2048,0.168,0.168,1,0,0,1,0,0,0,0,0,0,0,0,0,0,0
00003423_009.png,Emphysema|Nodule|Pleural_Thickening,9,3423,57,M,PA,2992,2991,0.143,0.143,1,0,0,0,0,0,1,0,0,0,0,1,0,1,0
00003423_010.png,Mass,10,3423,57,M,PA,2500,2048,0.168,0.168,1,0,0,0,0,1,0,0,0,0,0,0,0,0,0
00003423_011.png,Pneumothorax,11,3423,57,M,PA,2992,2991,0.143,0.143,1,0,0,0,0,0,0,0,1,0,0,0,0,0,0
00003423_013.png,Fibrosis|Nodule|Pleural_Thickening,13,3423,57,M,PA,2992,2991,0.143,0.143,1,0,0,0,0,0,1,0,0,0,0,0,1,1,0
00003423_016.png,No Finding,16,3423,57,M,PA,2992,2991,0.143,0.143,0,0,0,0,0,0,0,0,0,0,0,0,0,0,0
00003423_017.png,Mass|Nodule|Pleural_Thickening,17,3423,60,M,PA,2992,2991,0.143,0.143,1,0,0,0,0,1,1,0,0,0,0,0,0,1,0
00003423_018.png,Mass,18,3423,60,M,PA,2992,2991,0.143,0.143,1,0,0,0,0,1,0,0,0,0,0,0,0,0,0
00003423_019.png,Pneumothorax,19,3423,60,M,AP,2500,2048,0.168,0.168,1,0,0,0,0,0,0,0,1,0,0,0,0,0,0
00003423_020.png,No Finding,20,3423,60,M,PA,2992,2991,0.143,0.143,0,0,0,0,0,0,0,0,0,0,0,0,0,0,0
00003423_021.png,Pneumothorax,21,3423,60,M,PA,2992,2991,0.143,0.143,1,0,0,0,0,0,0,0,1,0,0,0,0,0,0
00003423_022.png,No Finding,22,3423,60,M,PA,2992,2991,0.143,0.143,0,0,0,0,0,0,0,0,0,0,0,0,0,0,0
00003424_000.png,No Finding,0,3424,67,M,PA,2500,2048,0.171,0.171,0,0,0,0,0,0,0,0,0,0,0,0,0,0,0
00003424_001.png,No Finding,1,3424,67,M,PA,2500,2048,0.171,0.171,0,0,0,0,0,0,0,0,0,0,0,0,0,0,0
00003425_002.png,No Finding,0,3425,33,M,PA,2500,2048,0.168,0.168,0,0,0,0,0,0,0,0,0,0,0,0,0,0,0
00003425_003.png,No Finding,1,3425,40,M,PA,3056,2544,0.139,0.139,0,0,0,0,0,0,0,0,0,0,0,0,0,0,0
00003425_004.png,No Finding,2,3425,40,M,PA,2992,2991,0.143,0.143,0,0,0,0,0,0,0,0,0,0,0,0,0,0,0
00003425_000.png,No Finding,3,3425,42,M,PA,2992,2991,0.143,0.143,0,0,0,0,0,0,0,0,0,0,0,0,0,0,0
00003425_001.png,Infiltration,4,3425,43,M,PA,2918,2847,0.143,0.143,1,0,0,0,1,0,0,0,0,0,0,0,0,0,0
00003426_006.png,No Finding,6,3426,58,M,AP,2500,2048,0.171,0.171,0,0,0,0,0,0,0,0,0,0,0,0,0,0,0
00003426_007.png,No Finding,7,3426,58,M,AP,2500,2048,0.171,0.171,0,0,0,0,0,0,0,0,0,0,0,0,0,0,0
00003426_008.png,No Finding,8,3426,58,M,PA,2500,2048,0.168,0.168,0,0,0,0,0,0,0,0,0,0,0,0,0,0,0
00003426_009.png,Fibrosis|Infiltration,9,3426,58,M,PA,2500,2048,0.168,0.168,1,0,0,0,1,0,0,0,0,0,0,0,1,0,0
00003426_010.png,No Finding,10,3426,58,M,AP,2500,2048,0.171,0.171,0,0,0,0,0,0,0,0,0,0,0,0,0,0,0
00003426_011.png,Effusion|Infiltration|Mass,11,3426,59,M,PA,2500,2048,0.168,0.168,1,0,0,1,1,1,0,0,0,0,0,0,0,0,0
00003426_012.png,Effusion|Mass,12,3426,59,M,PA,2500,2048,0.168,0.168,1,0,0,1,0,1,0,0,0,0,0,0,0,0,0
00003426_014.png,No Finding,14,3426,59,M,AP,2500,2048,0.168,0.168,0,0,0,0,0,0,0,0,0,0,0,0,0,0,0
00003426_015.png,No Finding,15,3426,59,M,PA,2500,2048,0.168,0.168,0,0,0,0,0,0,0,0,0,0,0,0,0,0,0
00003426_016.png,No Finding,16,3426,59,M,AP,2500,2048,0.168,0.168,0,0,0,0,0,0,0,0,0,0,0,0,0,0,0
00003426_017.png,Pneumonia,17,3426,59,M,AP,2500,2048,0.168,0.168,1,0,0,0,0,0,0,1,0,0,0,0,0,0,0
00003426_018.png,No Finding,18,3426,59,M,AP,2048,2500,0.168,0.168,0,0,0,0,0,0,0,0,0,0,0,0,0,0,0
00003426_019.png,No Finding,19,3426,59,M,AP,2500,2048,0.168,0.168,0,0,0,0,0,0,0,0,0,0,0,0,0,0,0
00003426_025.png,Consolidation,24,3426,59,M,PA,2500,2048,0.168,0.168,1,0,0,0,0,0,0,0,0,1,0,0,0,0,0
00003426_026.png,No Finding,26,3426,59,M,AP,2500,2048,0.168,0.168,0,0,0,0,0,0,0,0,0,0,0,0,0,0,0
00003426_027.png,Infiltration,27,3426,59,M,AP,2500,2048,0.168,0.168,1,0,0,0,1,0,0,0,0,0,0,0,0,0,0
00003426_030.png,Consolidation|Infiltration,29,3426,59,M,AP,2048,2500,0.168,0.168,1,0,0,0,1,0,0,0,0,1,0,0,0,0,0
00003426_029.png,Consolidation|Infiltration,30,3426,59,M,PA,2500,2048,0.168,0.168,1,0,0,0,1,0,0,0,0,1,0,0,0,0,0
00003426_031.png,Consolidation|Infiltration,31,3426,59,M,AP,2500,2048,0.168,0.168,1,0,0,0,1,0,0,0,0,1,0,0,0,0,0
00003426_032.png,Consolidation|Infiltration,32,3426,59,M,AP,2048,2500,0.168,0.168,1,0,0,0,1,0,0,0,0,1,0,0,0,0,0
00003426_033.png,Consolidation|Infiltration,33,3426,59,M,AP,2500,2048,0.168,0.168,1,0,0,0,1,0,0,0,0,1,0,0,0,0,0
00003426_036.png,Infiltration|Mass,36,3426,59,M,PA,2500,2048,0.168,0.168,1,0,0,0,1,1,0,0,0,0,0,0,0,0,0
00003426_038.png,Effusion|Infiltration|Mass,38,3426,59,M,PA,2500,2048,0.168,0.168,1,0,0,1,1,1,0,0,0,0,0,0,0,0,0
00003426_039.png,Effusion,39,3426,59,M,PA,2048,2500,0.168,0.168,1,0,0,1,0,0,0,0,0,0,0,0,0,0,0
00003426_040.png,No Finding,40,3426,59,M,PA,2500,2048,0.168,0.168,0,0,0,0,0,0,0,0,0,0,0,0,0,0,0
00003427_000.png,Fibrosis,0,3427,50,M,PA,2992,2991,0.143,0.143,1,0,0,0,0,0,0,0,0,0,0,0,1,0,0
00003430_000.png,No Finding,0,3430,37,F,PA,2048,2500,0.171,0.171,0,0,0,0,0,0,0,0,0,0,0,0,0,0,0
00003430_001.png,No Finding,1,3430,39,F,PA,2048,2500,0.171,0.171,0,0,0,0,0,0,0,0,0,0,0,0,0,0,0
00003430_002.png,No Finding,2,3430,41,F,PA,2990,2991,0.143,0.143,0,0,0,0,0,0,0,0,0,0,0,0,0,0,0
00003430_003.png,No Finding,3,3430,42,F,PA,2992,2991,0.143,0.143,0,0,0,0,0,0,0,0,0,0,0,0,0,0,0
00003431_000.png,No Finding,0,3431,45,M,PA,2670,2619,0.143,0.143,0,0,0,0,0,0,0,0,0,0,0,0,0,0,0
00003432_000.png,No Finding,0,3432,38,M,PA,2500,2048,0.168,0.168,0,0,0,0,0,0,0,0,0,0,0,0,0,0,0
00003432_001.png,No Finding,1,3432,39,M,PA,2992,2985,0.143,0.143,0,0,0,0,0,0,0,0,0,0,0,0,0,0,0
00003432_002.png,No Finding,2,3432,40,M,PA,2500,2048,0.168,0.168,0,0,0,0,0,0,0,0,0,0,0,0,0,0,0
00003432_003.png,Infiltration,3,3432,44,M,PA,2990,2991,0.143,0.143,1,0,0,0,1,0,0,0,0,0,0,0,0,0,0
00003437_000.png,No Finding,0,3437,18,M,AP,2500,2048,0.171,0.171,0,0,0,0,0,0,0,0,0,0,0,0,0,0,0
00003438_000.png,No Finding,0,3438,5,F,PA,2048,2500,0.171,0.171,0,0,0,0,0,0,0,0,0,0,0,0,0,0,0
00003438_001.png,No Finding,1,3438,7,F,PA,2048,2500,0.168,0.168,0,0,0,0,0,0,0,0,0,0,0,0,0,0,0
00003438_002.png,No Finding,2,3438,9,F,PA,2048,2500,0.168,0.168,0,0,0,0,0,0,0,0,0,0,0,0,0,0,0
00003438_003.png,No Finding,3,3438,10,F,PA,2206,2545,0.143,0.143,0,0,0,0,0,0,0,0,0,0,0,0,0,0,0
00003438_004.png,No Finding,4,3438,13,F,PA,2594,2365,0.143,0.143,0,0,0,0,0,0,0,0,0,0,0,0,0,0,0
00003438_005.png,No Finding,5,3438,14,F,PA,2758,2293,0.143,0.143,0,0,0,0,0,0,0,0,0,0,0,0,0,0,0
00003438_006.png,No Finding,6,3438,15,F,PA,2326,2365,0.143,0.143,0,0,0,0,0,0,0,0,0,0,0,0,0,0,0
00003439_000.png,No Finding,0,3439,53,M,PA,2048,2500,0.171,0.171,0,0,0,0,0,0,0,0,0,0,0,0,0,0,0
00003439_001.png,No Finding,1,3439,53,M,PA,2500,2048,0.171,0.171,0,0,0,0,0,0,0,0,0,0,0,0,0,0,0
00003439_002.png,Effusion|Infiltration,2,3439,53,M,PA,2500,2048,0.171,0.171,1,0,0,1,1,0,0,0,0,0,0,0,0,0,0
00003439_003.png,Effusion,3,3439,53,M,PA,2500,2048,0.171,0.171,1,0,0,1,0,0,0,0,0,0,0,0,0,0,0
00003439_004.png,No Finding,4,3439,53,M,PA,2500,2048,0.171,0.171,0,0,0,0,0,0,0,0,0,0,0,0,0,0,0
00003439_005.png,No Finding,5,3439,53,M,PA,2500,2048,0.171,0.171,0,0,0,0,0,0,0,0,0,0,0,0,0,0,0
00003439_006.png,No Finding,6,3439,53,M,PA,2500,2048,0.171,0.171,0,0,0,0,0,0,0,0,0,0,0,0,0,0,0
00003439_007.png,No Finding,7,3439,53,M,PA,2500,2048,0.171,0.171,0,0,0,0,0,0,0,0,0,0,0,0,0,0,0
00003441_000.png,No Finding,0,3441,15,F,PA,2048,2500,0.171,0.171,0,0,0,0,0,0,0,0,0,0,0,0,0,0,0
00003442_000.png,No Finding,0,3442,37,F,PA,2500,2048,0.168,0.168,0,0,0,0,0,0,0,0,0,0,0,0,0,0,0
00003442_001.png,Edema|Infiltration,1,3442,39,F,PA,2500,2048,0.168,0.168,1,0,0,0,1,0,0,0,0,0,1,0,0,0,0
00003443_000.png,No Finding,0,3443,27,M,PA,2550,2991,0.143,0.143,0,0,0,0,0,0,0,0,0,0,0,0,0,0,0
00003443_001.png,No Finding,1,3443,27,M,PA,2700,2986,0.143,0.143,0,0,0,0,0,0,0,0,0,0,0,0,0,0,0
00003444_000.png,No Finding,0,3444,62,F,PA,2544,3056,0.139,0.139,0,0,0,0,0,0,0,0,0,0,0,0,0,0,0
00003445_000.png,No Finding,0,3445,42,F,PA,2750,2309,0.143,0.143,0,0,0,0,0,0,0,0,0,0,0,0,0,0,0
00003446_001.png,No Finding,1,3446,49,M,AP,2500,2048,0.171,0.171,0,0,0,0,0,0,0,0,0,0,0,0,0,0,0
00003446_002.png,No Finding,2,3446,49,M,AP,2500,2048,0.171,0.171,0,0,0,0,0,0,0,0,0,0,0,0,0,0,0
00003446_003.png,Infiltration,3,3446,49,M,AP,2500,2048,0.171,0.171,1,0,0,0,1,0,0,0,0,0,0,0,0,0,0
00003446_004.png,Infiltration,4,3446,49,M,AP,2500,2048,0.171,0.171,1,0,0,0,1,0,0,0,0,0,0,0,0,0,0
00003446_008.png,No Finding,8,3446,49,M,AP,2500,2048,0.171,0.171,0,0,0,0,0,0,0,0,0,0,0,0,0,0,0
00003446_009.png,No Finding,9,3446,49,M,AP,2500,2048,0.171,0.171,0,0,0,0,0,0,0,0,0,0,0,0,0,0,0
00003446_010.png,No Finding,10,3446,49,M,AP,2500,2048,0.171,0.171,0,0,0,0,0,0,0,0,0,0,0,0,0,0,0
00003447_000.png,No Finding,0,3447,56,M,PA,2048,2500,0.171,0.171,0,0,0,0,0,0,0,0,0,0,0,0,0,0,0
00003447_001.png,No Finding,1,3447,59,M,AP,2500,2048,0.168,0.168,0,0,0,0,0,0,0,0,0,0,0,0,0,0,0
00003447_003.png,Effusion|Infiltration,3,3447,61,M,PA,2500,2048,0.168,0.168,1,0,0,1,1,0,0,0,0,0,0,0,0,0,0
00003448_000.png,No Finding,0,3448,21,M,AP,2500,2048,0.171,0.171,0,0,0,0,0,0,0,0,0,0,0,0,0,0,0
00003449_000.png,Consolidation,0,3449,44,F,AP,2500,2048,0.171,0.171,1,0,0,0,0,0,0,0,0,1,0,0,0,0,0
00003451_000.png,No Finding,0,3451,55,M,PA,2500,2048,0.171,0.171,0,0,0,0,0,0,0,0,0,0,0,0,0,0,0
00003452_000.png,No Finding,0,3452,20,F,PA,2048,2500,0.171,0.171,0,0,0,0,0,0,0,0,0,0,0,0,0,0,0
00003453_000.png,No Finding,0,3453,46,F,PA,2048,2500,0.168,0.168,0,0,0,0,0,0,0,0,0,0,0,0,0,0,0
00003454_000.png,No Finding,0,3454,51,M,PA,2500,2048,0.171,0.171,0,0,0,0,0,0,0,0,0,0,0,0,0,0,0
00003455_000.png,Nodule,0,3455,56,F,AP,2500,2048,0.171,0.171,1,0,0,0,0,0,1,0,0,0,0,0,0,0,0
00003455_001.png,Nodule,1,3455,56,F,AP,2500,2048,0.171,0.171,1,0,0,0,0,0,1,0,0,0,0,0,0,0,0
00003455_002.png,No Finding,2,3455,56,F,PA,2500,2048,0.171,0.171,0,0,0,0,0,0,0,0,0,0,0,0,0,0,0
00003455_003.png,No Finding,3,3455,56,F,AP,2500,2048,0.171,0.171,0,0,0,0,0,0,0,0,0,0,0,0,0,0,0
00003457_000.png,No Finding,0,3457,53,F,PA,2048,2500,0.168,0.168,0,0,0,0,0,0,0,0,0,0,0,0,0,0,0
00003458_000.png,No Finding,0,3458,52,M,PA,2500,2048,0.168,0.168,0,0,0,0,0,0,0,0,0,0,0,0,0,0,0
00003459_003.png,No Finding,3,3459,52,F,AP,2500,2048,0.171,0.171,0,0,0,0,0,0,0,0,0,0,0,0,0,0,0
00003459_004.png,No Finding,4,3459,52,F,AP,2500,2048,0.171,0.171,0,0,0,0,0,0,0,0,0,0,0,0,0,0,0
00003459_005.png,No Finding,5,3459,52,F,AP,2500,2048,0.171,0.171,0,0,0,0,0,0,0,0,0,0,0,0,0,0,0
00003459_006.png,No Finding,6,3459,52,F,AP,2500,2048,0.171,0.171,0,0,0,0,0,0,0,0,0,0,0,0,0,0,0
00003459_007.png,No Finding,7,3459,52,F,AP,2500,2048,0.171,0.171,0,0,0,0,0,0,0,0,0,0,0,0,0,0,0
00003459_009.png,No Finding,8,3459,52,F,AP,2500,2048,0.171,0.171,0,0,0,0,0,0,0,0,0,0,0,0,0,0,0
00003459_008.png,Infiltration,9,3459,52,F,AP,2500,2048,0.171,0.171,1,0,0,0,1,0,0,0,0,0,0,0,0,0,0
00003459_010.png,Infiltration,10,3459,52,F,AP,2500,2048,0.171,0.171,1,0,0,0,1,0,0,0,0,0,0,0,0,0,0
00003459_011.png,No Finding,11,3459,52,F,AP,2500,2048,0.171,0.171,0,0,0,0,0,0,0,0,0,0,0,0,0,0,0
00003459_012.png,Infiltration,12,3459,52,F,AP,2500,2048,0.171,0.171,1,0,0,0,1,0,0,0,0,0,0,0,0,0,0
00003459_013.png,Infiltration,13,3459,52,F,AP,2500,2048,0.171,0.171,1,0,0,0,1,0,0,0,0,0,0,0,0,0,0
00003459_014.png,Infiltration,14,3459,52,F,AP,2500,2048,0.171,0.171,1,0,0,0,1,0,0,0,0,0,0,0,0,0,0
00003459_015.png,No Finding,15,3459,52,F,AP,2500,2048,0.171,0.171,0,0,0,0,0,0,0,0,0,0,0,0,0,0,0
00003459_016.png,No Finding,16,3459,52,F,AP,2500,2048,0.171,0.171,0,0,0,0,0,0,0,0,0,0,0,0,0,0,0
00003459_017.png,No Finding,17,3459,52,F,AP,2500,2048,0.171,0.171,0,0,0,0,0,0,0,0,0,0,0,0,0,0,0
00003459_018.png,No Finding,18,3459,52,F,AP,2500,2048,0.171,0.171,0,0,0,0,0,0,0,0,0,0,0,0,0,0,0
00003459_019.png,No Finding,19,3459,52,F,AP,2500,2048,0.171,0.171,0,0,0,0,0,0,0,0,0,0,0,0,0,0,0
00003459_020.png,No Finding,20,3459,52,F,AP,2500,2048,0.171,0.171,0,0,0,0,0,0,0,0,0,0,0,0,0,0,0
00003459_021.png,No Finding,21,3459,52,F,AP,2500,2048,0.171,0.171,0,0,0,0,0,0,0,0,0,0,0,0,0,0,0
00003459_022.png,No Finding,22,3459,52,F,AP,2500,2048,0.171,0.171,0,0,0,0,0,0,0,0,0,0,0,0,0,0,0
00003459_023.png,No Finding,23,3459,52,F,AP,2500,2048,0.171,0.171,0,0,0,0,0,0,0,0,0,0,0,0,0,0,0
00003459_025.png,No Finding,25,3459,52,F,AP,2500,2048,0.171,0.171,0,0,0,0,0,0,0,0,0,0,0,0,0,0,0
00003459_028.png,No Finding,28,3459,52,F,AP,2500,2048,0.171,0.171,0,0,0,0,0,0,0,0,0,0,0,0,0,0,0
00003459_029.png,No Finding,29,3459,52,F,AP,2500,2048,0.171,0.171,0,0,0,0,0,0,0,0,0,0,0,0,0,0,0
00003459_033.png,No Finding,33,3459,52,F,AP,2500,2048,0.171,0.171,0,0,0,0,0,0,0,0,0,0,0,0,0,0,0
00003459_034.png,No Finding,34,3459,52,F,AP,2500,2048,0.171,0.171,0,0,0,0,0,0,0,0,0,0,0,0,0,0,0
00003460_000.png,Fibrosis,0,3460,46,M,PA,2500,2048,0.171,0.171,1,0,0,0,0,0,0,0,0,0,0,0,1,0,0
00003460_001.png,No Finding,1,3460,47,M,PA,2500,2048,0.168,0.168,0,0,0,0,0,0,0,0,0,0,0,0,0,0,0
00003460_002.png,Fibrosis,2,3460,47,M,PA,2500,2048,0.168,0.168,1,0,0,0,0,0,0,0,0,0,0,0,1,0,0
00003460_003.png,Fibrosis,3,3460,48,M,PA,2500,2048,0.168,0.168,1,0,0,0,0,0,0,0,0,0,0,0,1,0,0
00003461_000.png,No Finding,0,3461,61,M,PA,2500,2048,0.171,0.171,0,0,0,0,0,0,0,0,0,0,0,0,0,0,0
00003462_000.png,No Finding,0,3462,18,F,PA,2048,2500,0.171,0.171,0,0,0,0,0,0,0,0,0,0,0,0,0,0,0
00003462_001.png,No Finding,1,3462,19,F,PA,2048,2500,0.171,0.171,0,0,0,0,0,0,0,0,0,0,0,0,0,0,0
00003462_002.png,No Finding,2,3462,20,F,PA,2048,2500,0.168,0.168,0,0,0,0,0,0,0,0,0,0,0,0,0,0,0
00003464_000.png,No Finding,0,3464,21,M,PA,2500,2048,0.171,0.171,0,0,0,0,0,0,0,0,0,0,0,0,0,0,0
00003464_001.png,No Finding,1,3464,27,M,PA,2858,2833,0.143,0.143,0,0,0,0,0,0,0,0,0,0,0,0,0,0,0
00003465_000.png,Infiltration,0,3465,5,F,AP,2500,2048,0.168,0.168,1,0,0,0,1,0,0,0,0,0,0,0,0,0,0
00003465_001.png,Consolidation|Effusion|Infiltration,1,3465,5,F,AP,2500,2048,0.168,0.168,1,0,0,1,1,0,0,0,0,1,0,0,0,0,0
00003465_002.png,Consolidation|Effusion|Infiltration,2,3465,5,F,AP,2048,2500,0.168,0.168,1,0,0,1,1,0,0,0,0,1,0,0,0,0,0
00003465_003.png,No Finding,3,3465,5,F,AP,2048,2500,0.168,0.168,0,0,0,0,0,0,0,0,0,0,0,0,0,0,0
00003465_004.png,No Finding,4,3465,5,F,AP,2048,2500,0.168,0.168,0,0,0,0,0,0,0,0,0,0,0,0,0,0,0
00003465_005.png,Infiltration,5,3465,5,F,AP,2500,2048,0.168,0.168,1,0,0,0,1,0,0,0,0,0,0,0,0,0,0
00003465_007.png,No Finding,7,3465,5,F,AP,2048,2500,0.168,0.168,0,0,0,0,0,0,0,0,0,0,0,0,0,0,0
00003465_008.png,Infiltration,8,3465,5,F,AP,2048,2500,0.168,0.168,1,0,0,0,1,0,0,0,0,0,0,0,0,0,0
00003466_000.png,No Finding,0,3466,41,F,PA,2048,2500,0.168,0.168,0,0,0,0,0,0,0,0,0,0,0,0,0,0,0
00003467_000.png,No Finding,0,3467,29,M,PA,2500,2048,0.171,0.171,0,0,0,0,0,0,0,0,0,0,0,0,0,0,0
00003468_004.png,No Finding,0,3468,36,F,PA,2048,2500,0.171,0.171,0,0,0,0,0,0,0,0,0,0,0,0,0,0,0
00003468_005.png,No Finding,1,3468,36,F,PA,2048,2500,0.171,0.171,0,0,0,0,0,0,0,0,0,0,0,0,0,0,0
00003468_006.png,No Finding,2,3468,38,F,PA,2500,2048,0.168,0.168,0,0,0,0,0,0,0,0,0,0,0,0,0,0,0
00003468_007.png,Pneumothorax,3,3468,39,F,PA,2992,2991,0.143,0.143,1,0,0,0,0,0,0,0,1,0,0,0,0,0,0
00003468_008.png,No Finding,4,3468,40,F,PA,2992,2991,0.143,0.143,0,0,0,0,0,0,0,0,0,0,0,0,0,0,0
00003468_009.png,No Finding,5,3468,41,F,PA,2992,2991,0.143,0.143,0,0,0,0,0,0,0,0,0,0,0,0,0,0,0
00003468_010.png,No Finding,6,3468,42,F,PA,2992,2991,0.143,0.143,0,0,0,0,0,0,0,0,0,0,0,0,0,0,0
00003468_011.png,Pneumothorax,7,3468,42,F,PA,2992,2991,0.143,0.143,1,0,0,0,0,0,0,0,1,0,0,0,0,0,0
00003468_012.png,Pneumothorax,8,3468,43,F,PA,2992,2991,0.143,0.143,1,0,0,0,0,0,0,0,1,0,0,0,0,0,0
00003468_013.png,Infiltration,9,3468,44,F,PA,2992,2991,0.143,0.143,1,0,0,0,1,0,0,0,0,0,0,0,0,0,0
00003468_000.png,No Finding,10,3468,46,F,PA,2418,2917,0.143,0.143,0,0,0,0,0,0,0,0,0,0,0,0,0,0,0
00003468_001.png,Pneumothorax,11,3468,47,F,PA,2992,2991,0.143,0.143,1,0,0,0,0,0,0,0,1,0,0,0,0,0,0
00003468_002.png,Pneumothorax,12,3468,47,F,PA,2544,3056,0.139,0.139,1,0,0,0,0,0,0,0,1,0,0,0,0,0,0
00003468_003.png,Infiltration,13,3468,48,F,PA,1827,2021,0.1943109999999999,0.1943109999999999,1,0,0,0,1,0,0,0,0,0,0,0,0,0,0
00003469_000.png,No Finding,0,3469,31,F,PA,2048,2500,0.168,0.168,0,0,0,0,0,0,0,0,0,0,0,0,0,0,0
00003470_000.png,Effusion|Fibrosis|Pleural_Thickening,0,3470,66,M,PA,2500,2048,0.171,0.171,1,0,0,1,0,0,0,0,0,0,0,0,1,1,0
00003470_001.png,No Finding,1,3470,67,M,PA,2500,2048,0.171,0.171,0,0,0,0,0,0,0,0,0,0,0,0,0,0,0
00003470_002.png,No Finding,2,3470,68,M,PA,2500,2048,0.171,0.171,0,0,0,0,0,0,0,0,0,0,0,0,0,0,0
00003470_003.png,Mass,3,3470,68,M,PA,2500,2048,0.168,0.168,1,0,0,0,0,1,0,0,0,0,0,0,0,0,0
00003472_000.png,Infiltration|Nodule,0,3472,12,F,PA,2048,2500,0.171,0.171,1,0,0,0,1,0,1,0,0,0,0,0,0,0,0
00003473_000.png,No Finding,0,3473,43,F,PA,2634,2581,0.143,0.143,0,0,0,0,0,0,0,0,0,0,0,0,0,0,0
00003475_000.png,No Finding,0,3475,48,F,PA,2992,2991,0.143,0.143,0,0,0,0,0,0,0,0,0,0,0,0,0,0,0
00003476_000.png,No Finding,0,3476,38,M,PA,2500,2048,0.168,0.168,0,0,0,0,0,0,0,0,0,0,0,0,0,0,0
00003477_000.png,No Finding,0,3477,30,M,PA,3056,2544,0.139,0.139,0,0,0,0,0,0,0,0,0,0,0,0,0,0,0
00003478_000.png,No Finding,0,3478,15,M,AP,2500,2048,0.168,0.168,0,0,0,0,0,0,0,0,0,0,0,0,0,0,0
00003478_001.png,No Finding,1,3478,15,M,AP,2500,2048,0.168,0.168,0,0,0,0,0,0,0,0,0,0,0,0,0,0,0
00003478_002.png,No Finding,2,3478,15,M,AP,2500,2048,0.168,0.168,0,0,0,0,0,0,0,0,0,0,0,0,0,0,0
00003478_003.png,No Finding,3,3478,15,M,AP,2500,2048,0.168,0.168,0,0,0,0,0,0,0,0,0,0,0,0,0,0,0
00003478_004.png,No Finding,4,3478,15,M,AP,2500,2048,0.168,0.168,0,0,0,0,0,0,0,0,0,0,0,0,0,0,0
00003478_005.png,No Finding,5,3478,15,M,AP,2500,2048,0.168,0.168,0,0,0,0,0,0,0,0,0,0,0,0,0,0,0
00003478_006.png,Consolidation,6,3478,15,M,AP,2500,2048,0.168,0.168,1,0,0,0,0,0,0,0,0,1,0,0,0,0,0
00003478_007.png,No Finding,7,3478,19,M,PA,2992,2991,0.143,0.143,0,0,0,0,0,0,0,0,0,0,0,0,0,0,0
00003478_008.png,No Finding,8,3478,21,M,AP,2500,2048,0.168,0.168,0,0,0,0,0,0,0,0,0,0,0,0,0,0,0
00003478_009.png,No Finding,9,3478,21,M,AP,2500,2048,0.168,0.168,0,0,0,0,0,0,0,0,0,0,0,0,0,0,0
00003478_010.png,No Finding,10,3478,21,M,AP,2500,2048,0.168,0.168,0,0,0,0,0,0,0,0,0,0,0,0,0,0,0
00003479_000.png,No Finding,0,3479,15,F,PA,2544,3056,0.139,0.139,0,0,0,0,0,0,0,0,0,0,0,0,0,0,0
00003480_000.png,No Finding,0,3480,34,F,PA,2048,2500,0.171,0.171,0,0,0,0,0,0,0,0,0,0,0,0,0,0,0
00003480_001.png,Nodule|Pneumothorax,1,3480,34,F,PA,2048,2500,0.171,0.171,1,0,0,0,0,0,1,0,1,0,0,0,0,0,0
00003482_000.png,No Finding,0,3482,74,F,AP,2500,2048,0.171,0.171,0,0,0,0,0,0,0,0,0,0,0,0,0,0,0
00003482_001.png,No Finding,1,3482,74,F,AP,2500,2048,0.171,0.171,0,0,0,0,0,0,0,0,0,0,0,0,0,0,0
00003482_002.png,No Finding,2,3482,74,F,AP,2500,2048,0.171,0.171,0,0,0,0,0,0,0,0,0,0,0,0,0,0,0
00003483_000.png,Cardiomegaly,0,3483,44,F,PA,2500,2048,0.168,0.168,1,0,1,0,0,0,0,0,0,0,0,0,0,0,0
00003485_000.png,No Finding,0,3485,51,M,PA,2500,2048,0.171,0.171,0,0,0,0,0,0,0,0,0,0,0,0,0,0,0
00003485_001.png,No Finding,1,3485,57,M,PA,2992,2991,0.143,0.143,0,0,0,0,0,0,0,0,0,0,0,0,0,0,0
00003486_000.png,No Finding,0,3486,44,F,PA,2992,2991,0.143,0.143,0,0,0,0,0,0,0,0,0,0,0,0,0,0,0
00003487_000.png,No Finding,0,3487,37,F,PA,2048,2500,0.171,0.171,0,0,0,0,0,0,0,0,0,0,0,0,0,0,0
00003488_000.png,No Finding,0,3488,54,F,PA,2992,2991,0.143,0.143,0,0,0,0,0,0,0,0,0,0,0,0,0,0,0
00003488_001.png,No Finding,1,3488,54,F,AP,2500,2048,0.168,0.168,0,0,0,0,0,0,0,0,0,0,0,0,0,0,0
00003488_002.png,No Finding,2,3488,54,F,PA,2854,2991,0.143,0.143,0,0,0,0,0,0,0,0,0,0,0,0,0,0,0
00003491_000.png,No Finding,0,3491,56,M,PA,2500,2048,0.171,0.171,0,0,0,0,0,0,0,0,0,0,0,0,0,0,0
00003491_001.png,No Finding,1,3491,59,M,PA,2992,2991,0.143,0.143,0,0,0,0,0,0,0,0,0,0,0,0,0,0,0
00003491_002.png,No Finding,2,3491,60,M,PA,2992,2991,0.143,0.143,0,0,0,0,0,0,0,0,0,0,0,0,0,0,0
00003491_003.png,No Finding,3,3491,60,M,PA,2992,2991,0.143,0.143,0,0,0,0,0,0,0,0,0,0,0,0,0,0,0
00003491_004.png,No Finding,4,3491,60,M,PA,2992,2991,0.143,0.143,0,0,0,0,0,0,0,0,0,0,0,0,0,0,0
00003491_005.png,No Finding,5,3491,60,M,PA,2992,2991,0.143,0.143,0,0,0,0,0,0,0,0,0,0,0,0,0,0,0
00003492_000.png,No Finding,0,3492,52,M,PA,2500,2048,0.171,0.171,0,0,0,0,0,0,0,0,0,0,0,0,0,0,0
00003492_001.png,No Finding,1,3492,52,M,AP,2500,2048,0.171,0.171,0,0,0,0,0,0,0,0,0,0,0,0,0,0,0
00003492_002.png,No Finding,2,3492,52,M,AP,2500,2048,0.171,0.171,0,0,0,0,0,0,0,0,0,0,0,0,0,0,0
00003492_003.png,No Finding,3,3492,52,M,PA,2500,2048,0.171,0.171,0,0,0,0,0,0,0,0,0,0,0,0,0,0,0
00003492_004.png,No Finding,4,3492,52,M,AP,2500,2048,0.171,0.171,0,0,0,0,0,0,0,0,0,0,0,0,0,0,0
00003492_005.png,No Finding,5,3492,53,M,AP,2500,2048,0.171,0.171,0,0,0,0,0,0,0,0,0,0,0,0,0,0,0
00003492_006.png,No Finding,6,3492,53,M,PA,2500,2048,0.171,0.171,0,0,0,0,0,0,0,0,0,0,0,0,0,0,0
00003492_008.png,Infiltration,8,3492,53,M,AP,2500,2048,0.171,0.171,1,0,0,0,1,0,0,0,0,0,0,0,0,0,0
00003494_000.png,Infiltration|Pneumothorax,0,3494,24,F,PA,2048,2500,0.168,0.168,1,0,0,0,1,0,0,0,1,0,0,0,0,0,0
00003494_001.png,Pneumothorax,1,3494,24,F,PA,2048,2500,0.168,0.168,1,0,0,0,0,0,0,0,1,0,0,0,0,0,0
00003494_002.png,Fibrosis|Pneumothorax,2,3494,24,F,PA,2048,2500,0.168,0.168,1,0,0,0,0,0,0,0,1,0,0,0,1,0,0
00003494_003.png,No Finding,3,3494,25,F,PA,2694,2991,0.143,0.143,0,0,0,0,0,0,0,0,0,0,0,0,0,0,0
00003494_004.png,Consolidation,4,3494,26,F,PA,2048,2500,0.168,0.168,1,0,0,0,0,0,0,0,0,1,0,0,0,0,0
00003495_000.png,No Finding,0,3495,47,F,PA,2021,2010,0.1943109999999999,0.1943109999999999,0,0,0,0,0,0,0,0,0,0,0,0,0,0,0
00003496_000.png,No Finding,0,3496,56,M,PA,2500,2048,0.171,0.171,0,0,0,0,0,0,0,0,0,0,0,0,0,0,0
00003499_002.png,No Finding,0,3499,36,M,PA,2500,2048,0.168,0.168,0,0,0,0,0,0,0,0,0,0,0,0,0,0,0
00003499_003.png,No Finding,1,3499,39,M,PA,2992,2991,0.143,0.143,0,0,0,0,0,0,0,0,0,0,0,0,0,0,0
00003499_004.png,No Finding,2,3499,44,M,PA,2992,2881,0.143,0.143,0,0,0,0,0,0,0,0,0,0,0,0,0,0,0
00003499_000.png,No Finding,3,3499,46,M,PA,2992,2991,0.143,0.143,0,0,0,0,0,0,0,0,0,0,0,0,0,0,0
00003499_001.png,No Finding,4,3499,48,M,PA,2021,2021,0.1943109999999999,0.1943109999999999,0,0,0,0,0,0,0,0,0,0,0,0,0,0,0
00003500_000.png,Infiltration,0,3500,45,F,PA,2992,2991,0.143,0.143,1,0,0,0,1,0,0,0,0,0,0,0,0,0,0
00003501_001.png,Cardiomegaly,0,3501,54,F,PA,2048,2500,0.171,0.171,1,0,1,0,0,0,0,0,0,0,0,0,0,0,0
00003501_003.png,Cardiomegaly,2,3501,56,F,PA,2438,2641,0.143,0.143,1,0,1,0,0,0,0,0,0,0,0,0,0,0,0
00003501_000.png,No Finding,3,3501,64,F,PA,2992,2553,0.143,0.143,0,0,0,0,0,0,0,0,0,0,0,0,0,0,0
00003503_000.png,Mass|Nodule,0,3503,65,F,PA,2048,2500,0.171,0.171,1,0,0,0,0,1,1,0,0,0,0,0,0,0,0
00003503_001.png,Mass|Nodule,1,3503,65,F,AP,2500,2048,0.171,0.171,1,0,0,0,0,1,1,0,0,0,0,0,0,0,0
00003503_002.png,Nodule,2,3503,65,F,AP,2500,2048,0.171,0.171,1,0,0,0,0,0,1,0,0,0,0,0,0,0,0
00003503_003.png,Nodule,3,3503,65,F,AP,2500,2048,0.171,0.171,1,0,0,0,0,0,1,0,0,0,0,0,0,0,0
00003503_004.png,Nodule,4,3503,65,F,AP,2500,2048,0.171,0.171,1,0,0,0,0,0,1,0,0,0,0,0,0,0,0
00003504_000.png,No Finding,0,3504,5,F,PA,2048,2500,0.171,0.171,0,0,0,0,0,0,0,0,0,0,0,0,0,0,0
00003504_001.png,No Finding,1,3504,11,F,PA,2498,2685,0.143,0.143,0,0,0,0,0,0,0,0,0,0,0,0,0,0,0
00003504_002.png,No Finding,2,3504,11,F,AP,2048,2500,0.168,0.168,0,0,0,0,0,0,0,0,0,0,0,0,0,0,0
00003506_001.png,No Finding,0,3506,18,F,AP,2500,2048,0.171,0.171,0,0,0,0,0,0,0,0,0,0,0,0,0,0,0
00003506_002.png,No Finding,1,3506,26,F,PA,2992,2991,0.143,0.143,0,0,0,0,0,0,0,0,0,0,0,0,0,0,0
00003506_003.png,No Finding,2,3506,26,F,AP,2500,2048,0.168,0.168,0,0,0,0,0,0,0,0,0,0,0,0,0,0,0
00003506_000.png,No Finding,3,3506,29,F,PA,2542,2457,0.143,0.143,0,0,0,0,0,0,0,0,0,0,0,0,0,0,0
00003507_000.png,No Finding,0,3507,50,F,PA,2500,2048,0.168,0.168,0,0,0,0,0,0,0,0,0,0,0,0,0,0,0
00003508_000.png,No Finding,0,3508,65,F,PA,2048,2500,0.168,0.168,0,0,0,0,0,0,0,0,0,0,0,0,0,0,0
00003509_000.png,No Finding,0,3509,49,M,PA,2500,2048,0.171,0.171,0,0,0,0,0,0,0,0,0,0,0,0,0,0,0
00003511_000.png,No Finding,0,3511,45,F,AP,2500,2048,0.171,0.171,0,0,0,0,0,0,0,0,0,0,0,0,0,0,0
00003512_000.png,No Finding,0,3512,69,F,PA,2500,2048,0.171,0.171,0,0,0,0,0,0,0,0,0,0,0,0,0,0,0
00003512_001.png,Effusion,1,3512,69,F,PA,2048,2500,0.171,0.171,1,0,0,1,0,0,0,0,0,0,0,0,0,0,0
00003513_003.png,No Finding,0,3513,41,F,PA,2500,2048,0.168,0.168,0,0,0,0,0,0,0,0,0,0,0,0,0,0,0
00003513_004.png,No Finding,1,3513,43,F,PA,2048,2500,0.168,0.168,0,0,0,0,0,0,0,0,0,0,0,0,0,0,0
00003513_005.png,Pneumothorax,2,3513,43,F,PA,2822,2801,0.143,0.143,1,0,0,0,0,0,0,0,1,0,0,0,0,0,0
00003513_006.png,No Finding,3,3513,46,F,PA,2966,2991,0.143,0.143,0,0,0,0,0,0,0,0,0,0,0,0,0,0,0
00003513_007.png,Pneumothorax,4,3513,47,F,PA,2992,2991,0.143,0.143,1,0,0,0,0,0,0,0,1,0,0,0,0,0,0
00003513_008.png,No Finding,5,3513,48,F,PA,3056,2520,0.139,0.139,0,0,0,0,0,0,0,0,0,0,0,0,0,0,0
00003513_000.png,Infiltration,6,3513,49,F,PA,2992,2991,0.143,0.143,1,0,0,0,1,0,0,0,0,0,0,0,0,0,0
00003513_001.png,No Finding,7,3513,51,F,PA,2021,2021,0.1943109999999999,0.1943109999999999,0,0,0,0,0,0,0,0,0,0,0,0,0,0,0
00003513_002.png,Infiltration,8,3513,52,F,PA,2021,2020,0.1943109999999999,0.1943109999999999,1,0,0,0,1,0,0,0,0,0,0,0,0,0,0
00003514_001.png,No Finding,0,3514,47,M,PA,2048,2500,0.171,0.171,0,0,0,0,0,0,0,0,0,0,0,0,0,0,0
00003514_002.png,No Finding,1,3514,49,M,PA,2500,2048,0.171,0.171,0,0,0,0,0,0,0,0,0,0,0,0,0,0,0
00003514_003.png,No Finding,2,3514,56,M,PA,2500,2048,0.168,0.168,0,0,0,0,0,0,0,0,0,0,0,0,0,0,0
00003514_000.png,No Finding,3,3514,59,M,PA,2992,2991,0.143,0.143,0,0,0,0,0,0,0,0,0,0,0,0,0,0,0
00003515_000.png,No Finding,0,3515,46,M,PA,2500,2048,0.171,0.171,0,0,0,0,0,0,0,0,0,0,0,0,0,0,0
00003515_001.png,Emphysema,1,3515,49,M,PA,2500,2048,0.168,0.168,1,0,0,0,0,0,0,0,0,0,0,1,0,0,0
00003516_000.png,No Finding,0,3516,47,F,PA,2048,2500,0.171,0.171,0,0,0,0,0,0,0,0,0,0,0,0,0,0,0
00003516_001.png,No Finding,1,3516,49,F,PA,2048,2500,0.171,0.171,0,0,0,0,0,0,0,0,0,0,0,0,0,0,0
00003516_002.png,No Finding,2,3516,49,F,PA,2048,2500,0.168,0.168,0,0,0,0,0,0,0,0,0,0,0,0,0,0,0
00003517_000.png,No Finding,0,3517,41,F,PA,2500,2048,0.168,0.168,0,0,0,0,0,0,0,0,0,0,0,0,0,0,0
00003517_001.png,Pneumothorax,1,3517,41,F,PA,2048,2500,0.168,0.168,1,0,0,0,0,0,0,0,1,0,0,0,0,0,0
00003517_002.png,No Finding,2,3517,43,F,PA,2846,2991,0.143,0.143,0,0,0,0,0,0,0,0,0,0,0,0,0,0,0
00003518_000.png,No Finding,0,3518,33,M,PA,2500,2048,0.168,0.168,0,0,0,0,0,0,0,0,0,0,0,0,0,0,0
00003520_000.png,Pleural_Thickening,0,3520,79,M,PA,2500,2048,0.168,0.168,1,0,0,0,0,0,0,0,0,0,0,0,0,1,0
00003520_001.png,No Finding,1,3520,82,M,PA,2694,2837,0.143,0.143,0,0,0,0,0,0,0,0,0,0,0,0,0,0,0
00003520_002.png,No Finding,2,3520,85,M,PA,2992,2991,0.143,0.143,0,0,0,0,0,0,0,0,0,0,0,0,0,0,0
00003521_000.png,No Finding,0,3521,63,M,PA,2500,2048,0.171,0.171,0,0,0,0,0,0,0,0,0,0,0,0,0,0,0
00003522_000.png,Nodule,0,3522,54,F,PA,2500,2048,0.168,0.168,1,0,0,0,0,0,1,0,0,0,0,0,0,0,0
00003523_000.png,No Finding,0,3523,17,F,PA,2048,2500,0.171,0.171,0,0,0,0,0,0,0,0,0,0,0,0,0,0,0
00003523_001.png,Nodule,1,3523,19,F,PA,2048,2500,0.168,0.168,1,0,0,0,0,0,1,0,0,0,0,0,0,0,0
00003523_002.png,Nodule,2,3523,20,F,PA,2346,2421,0.143,0.143,1,0,0,0,0,0,1,0,0,0,0,0,0,0,0
00003523_003.png,No Finding,3,3523,22,F,PA,2758,2841,0.143,0.143,0,0,0,0,0,0,0,0,0,0,0,0,0,0,0
00003523_004.png,No Finding,4,3523,22,F,AP,2500,2048,0.168,0.168,0,0,0,0,0,0,0,0,0,0,0,0,0,0,0
00003523_005.png,No Finding,5,3523,22,F,AP,2048,2500,0.168,0.168,0,0,0,0,0,0,0,0,0,0,0,0,0,0,0
00003523_006.png,No Finding,6,3523,22,F,AP,2500,2048,0.168,0.168,0,0,0,0,0,0,0,0,0,0,0,0,0,0,0
00003523_007.png,Nodule,7,3523,22,F,AP,2500,2048,0.168,0.168,1,0,0,0,0,0,1,0,0,0,0,0,0,0,0
00003523_008.png,No Finding,8,3523,23,F,AP,2500,2048,0.168,0.168,0,0,0,0,0,0,0,0,0,0,0,0,0,0,0
00003523_009.png,Infiltration,9,3523,23,F,AP,2048,2500,0.168,0.168,1,0,0,0,1,0,0,0,0,0,0,0,0,0,0
00003523_010.png,No Finding,10,3523,23,F,AP,2500,2048,0.168,0.168,0,0,0,0,0,0,0,0,0,0,0,0,0,0,0
00003523_011.png,Pneumonia,11,3523,23,F,AP,2048,2500,0.168,0.168,1,0,0,0,0,0,0,1,0,0,0,0,0,0,0
00003523_012.png,Infiltration,12,3523,23,F,AP,2500,2048,0.168,0.168,1,0,0,0,1,0,0,0,0,0,0,0,0,0,0
00003523_014.png,No Finding,13,3523,23,F,AP,2500,2048,0.168,0.168,0,0,0,0,0,0,0,0,0,0,0,0,0,0,0
00003523_013.png,Infiltration|Pneumonia,14,3523,23,F,AP,2500,2048,0.168,0.168,1,0,0,0,1,0,0,1,0,0,0,0,0,0,0
00003523_015.png,Infiltration|Pneumonia,15,3523,23,F,AP,2500,2048,0.168,0.168,1,0,0,0,1,0,0,1,0,0,0,0,0,0,0
00003523_016.png,No Finding,16,3523,23,F,AP,2500,2048,0.168,0.168,0,0,0,0,0,0,0,0,0,0,0,0,0,0,0
00003523_017.png,Nodule,17,3523,23,F,AP,2500,2048,0.168,0.168,1,0,0,0,0,0,1,0,0,0,0,0,0,0,0
00003523_018.png,Infiltration|Nodule,18,3523,23,F,AP,2500,2048,0.168,0.168,1,0,0,0,1,0,1,0,0,0,0,0,0,0,0
00003523_019.png,Consolidation|Infiltration,19,3523,23,F,AP,2500,2048,0.168,0.168,1,0,0,0,1,0,0,0,0,1,0,0,0,0,0
00003523_020.png,No Finding,20,3523,23,F,AP,2500,2048,0.168,0.168,0,0,0,0,0,0,0,0,0,0,0,0,0,0,0
00003523_021.png,No Finding,21,3523,23,F,AP,2500,2048,0.168,0.168,0,0,0,0,0,0,0,0,0,0,0,0,0,0,0
00003523_022.png,Consolidation|Effusion|Infiltration|Mass,22,3523,23,F,AP,2500,2048,0.168,0.168,1,0,0,1,1,1,0,0,0,1,0,0,0,0,0
00003523_023.png,Infiltration|Pneumonia,23,3523,23,F,AP,2500,2048,0.168,0.168,1,0,0,0,1,0,0,1,0,0,0,0,0,0,0
00003523_024.png,Effusion,24,3523,23,F,AP,2500,2048,0.168,0.168,1,0,0,1,0,0,0,0,0,0,0,0,0,0,0
00003523_025.png,Effusion,25,3523,23,F,AP,2500,2048,0.168,0.168,1,0,0,1,0,0,0,0,0,0,0,0,0,0,0
00003523_026.png,Effusion,26,3523,23,F,AP,2500,2048,0.168,0.168,1,0,0,1,0,0,0,0,0,0,0,0,0,0,0
00003523_027.png,Infiltration,27,3523,23,F,AP,2500,2048,0.168,0.168,1,0,0,0,1,0,0,0,0,0,0,0,0,0,0
00003523_029.png,Effusion,28,3523,23,F,AP,2500,2048,0.168,0.168,1,0,0,1,0,0,0,0,0,0,0,0,0,0,0
00003523_028.png,Effusion|Pleural_Thickening,29,3523,23,F,AP,2500,2048,0.168,0.168,1,0,0,1,0,0,0,0,0,0,0,0,0,1,0
00003523_031.png,Emphysema,30,3523,23,F,AP,2500,2048,0.168,0.168,1,0,0,0,0,0,0,0,0,0,0,1,0,0,0
00003523_030.png,Emphysema,31,3523,23,F,AP,2500,2048,0.168,0.168,1,0,0,0,0,0,0,0,0,0,0,1,0,0,0
00003523_032.png,Emphysema,32,3523,23,F,AP,2500,2048,0.168,0.168,1,0,0,0,0,0,0,0,0,0,0,1,0,0,0
00003523_033.png,Emphysema,33,3523,23,F,AP,2500,2048,0.168,0.168,1,0,0,0,0,0,0,0,0,0,0,1,0,0,0
00003523_034.png,Consolidation|Emphysema,34,3523,23,F,AP,2500,2048,0.168,0.168,1,0,0,0,0,0,0,0,0,1,0,1,0,0,0
00003523_035.png,Emphysema|Infiltration,36,3523,23,F,AP,2500,2048,0.168,0.168,1,0,0,0,1,0,0,0,0,0,0,1,0,0,0
00003523_037.png,Emphysema,37,3523,23,F,AP,2500,2048,0.168,0.168,1,0,0,0,0,0,0,0,0,0,0,1,0,0,0
00003523_038.png,Emphysema,38,3523,23,F,AP,2500,2048,0.168,0.168,1,0,0,0,0,0,0,0,0,0,0,1,0,0,0
00003524_000.png,No Finding,0,3524,47,F,PA,2048,2500,0.171,0.171,0,0,0,0,0,0,0,0,0,0,0,0,0,0,0
00003527_003.png,No Finding,1,3527,48,F,PA,2048,2500,0.171,0.171,0,0,0,0,0,0,0,0,0,0,0,0,0,0,0
00003527_004.png,No Finding,2,3527,49,F,PA,2048,2500,0.168,0.168,0,0,0,0,0,0,0,0,0,0,0,0,0,0,0
00003527_005.png,Pneumothorax,3,3527,51,F,PA,2526,2741,0.143,0.143,1,0,0,0,0,0,0,0,1,0,0,0,0,0,0
00003527_006.png,Pneumothorax,4,3527,51,F,PA,2646,2917,0.143,0.143,1,0,0,0,0,0,0,0,1,0,0,0,0,0,0
00003527_007.png,Pneumothorax,5,3527,52,F,PA,2992,2991,0.143,0.143,1,0,0,0,0,0,0,0,1,0,0,0,0,0,0
00003527_008.png,No Finding,6,3527,52,F,PA,2538,2991,0.143,0.143,0,0,0,0,0,0,0,0,0,0,0,0,0,0,0
00003527_009.png,Pneumothorax,7,3527,53,F,PA,2992,2991,0.143,0.143,1,0,0,0,0,0,0,0,1,0,0,0,0,0,0
00003527_010.png,Pneumothorax,8,3527,54,F,PA,2992,2991,0.143,0.143,1,0,0,0,0,0,0,0,1,0,0,0,0,0,0
00003527_011.png,Pneumothorax,9,3527,55,F,PA,2538,2441,0.143,0.143,1,0,0,0,0,0,0,0,1,0,0,0,0,0,0
00003527_012.png,Hernia|Pleural_Thickening,10,3527,56,F,PA,2544,3056,0.139,0.139,1,0,0,0,0,0,0,0,0,0,0,0,0,1,1
00003527_013.png,No Finding,11,3527,57,F,PA,2982,2989,0.143,0.143,0,0,0,0,0,0,0,0,0,0,0,0,0,0,0
00003527_000.png,Pneumothorax,12,3527,58,F,PA,2992,2991,0.143,0.143,1,0,0,0,0,0,0,0,1,0,0,0,0,0,0
00003527_001.png,Pneumothorax,13,3527,59,F,PA,2580,2453,0.143,0.143,1,0,0,0,0,0,0,0,1,0,0,0,0,0,0
00003528_003.png,Nodule,0,3528,42,M,PA,2500,2048,0.171,0.171,1,0,0,0,0,0,1,0,0,0,0,0,0,0,0
00003528_004.png,No Finding,1,3528,42,M,AP,2500,2048,0.171,0.171,0,0,0,0,0,0,0,0,0,0,0,0,0,0,0
00003528_005.png,No Finding,2,3528,42,M,PA,2500,2048,0.171,0.171,0,0,0,0,0,0,0,0,0,0,0,0,0,0,0
00003528_006.png,No Finding,3,3528,44,M,PA,2500,2048,0.168,0.168,0,0,0,0,0,0,0,0,0,0,0,0,0,0,0
00003528_008.png,No Finding,4,3528,44,M,AP,2500,2048,0.168,0.168,0,0,0,0,0,0,0,0,0,0,0,0,0,0,0
00003528_007.png,No Finding,5,3528,44,M,AP,2500,2048,0.168,0.168,0,0,0,0,0,0,0,0,0,0,0,0,0,0,0
00003528_009.png,Consolidation|Infiltration,6,3528,46,M,AP,2500,2048,0.168,0.168,1,0,0,0,1,0,0,0,0,1,0,0,0,0,0
00003528_011.png,Consolidation|Infiltration,7,3528,46,M,AP,2500,2048,0.168,0.168,1,0,0,0,1,0,0,0,0,1,0,0,0,0,0
00003528_010.png,Consolidation|Infiltration,8,3528,46,M,AP,2500,2048,0.168,0.168,1,0,0,0,1,0,0,0,0,1,0,0,0,0,0
00003528_012.png,Infiltration,9,3528,46,M,AP,2500,2048,0.168,0.168,1,0,0,0,1,0,0,0,0,0,0,0,0,0,0
00003528_013.png,Infiltration,10,3528,46,M,AP,2048,2500,0.168,0.168,1,0,0,0,1,0,0,0,0,0,0,0,0,0,0
00003528_014.png,Infiltration,11,3528,46,M,AP,2500,2048,0.168,0.168,1,0,0,0,1,0,0,0,0,0,0,0,0,0,0
00003528_016.png,Infiltration,12,3528,46,M,AP,2500,2048,0.168,0.168,1,0,0,0,1,0,0,0,0,0,0,0,0,0,0
00003528_015.png,Effusion|Infiltration,13,3528,46,M,AP,2500,2048,0.168,0.168,1,0,0,1,1,0,0,0,0,0,0,0,0,0,0
00003528_017.png,Edema|Infiltration|Pneumonia,14,3528,46,M,AP,2500,2048,0.168,0.168,1,0,0,0,1,0,0,1,0,0,1,0,0,0,0
00003528_018.png,Effusion,15,3528,46,M,AP,2500,2048,0.168,0.168,1,0,0,1,0,0,0,0,0,0,0,0,0,0,0
00003528_019.png,Infiltration,16,3528,46,M,AP,2500,2048,0.168,0.168,1,0,0,0,1,0,0,0,0,0,0,0,0,0,0
00003528_020.png,Consolidation|Edema,17,3528,46,M,AP,2500,2048,0.168,0.168,1,0,0,0,0,0,0,0,0,1,1,0,0,0,0
00003528_021.png,Edema|Infiltration,18,3528,46,M,AP,2500,2048,0.168,0.168,1,0,0,0,1,0,0,0,0,0,1,0,0,0,0
00003528_023.png,No Finding,19,3528,46,M,AP,2500,2048,0.168,0.168,0,0,0,0,0,0,0,0,0,0,0,0,0,0,0
00003528_022.png,Infiltration,20,3528,46,M,AP,2500,2048,0.168,0.168,1,0,0,0,1,0,0,0,0,0,0,0,0,0,0
00003528_025.png,Consolidation|Infiltration,22,3528,46,M,AP,2500,2048,0.168,0.168,1,0,0,0,1,0,0,0,0,1,0,0,0,0,0
00003528_026.png,No Finding,23,3528,46,M,AP,2500,2048,0.168,0.168,0,0,0,0,0,0,0,0,0,0,0,0,0,0,0
00003528_027.png,Consolidation,24,3528,46,M,AP,2500,2048,0.168,0.168,1,0,0,0,0,0,0,0,0,1,0,0,0,0,0
00003528_028.png,Consolidation,25,3528,46,M,AP,2500,2048,0.168,0.168,1,0,0,0,0,0,0,0,0,1,0,0,0,0,0
00003528_029.png,Infiltration,26,3528,46,M,AP,2500,2048,0.168,0.168,1,0,0,0,1,0,0,0,0,0,0,0,0,0,0
00003528_030.png,Infiltration,27,3528,46,M,AP,2500,2048,0.168,0.168,1,0,0,0,1,0,0,0,0,0,0,0,0,0,0
00003528_031.png,No Finding,28,3528,46,M,AP,2500,2048,0.168,0.168,0,0,0,0,0,0,0,0,0,0,0,0,0,0,0
00003528_032.png,Infiltration,29,3528,46,M,AP,2500,2048,0.168,0.168,1,0,0,0,1,0,0,0,0,0,0,0,0,0,0
00003528_033.png,Consolidation|Effusion,30,3528,46,M,AP,2500,2048,0.168,0.168,1,0,0,1,0,0,0,0,0,1,0,0,0,0,0
00003528_034.png,Consolidation|Effusion,31,3528,46,M,AP,2500,2048,0.168,0.168,1,0,0,1,0,0,0,0,0,1,0,0,0,0,0
00003528_035.png,Infiltration,32,3528,46,M,AP,2500,2048,0.168,0.168,1,0,0,0,1,0,0,0,0,0,0,0,0,0,0
00003528_036.png,No Finding,33,3528,46,M,AP,2500,2048,0.168,0.168,0,0,0,0,0,0,0,0,0,0,0,0,0,0,0
00003528_037.png,Infiltration|Pneumonia,34,3528,46,M,AP,2500,2048,0.168,0.168,1,0,0,0,1,0,0,1,0,0,0,0,0,0,0
00003528_038.png,No Finding,35,3528,46,M,AP,2500,2048,0.168,0.168,0,0,0,0,0,0,0,0,0,0,0,0,0,0,0
00003528_039.png,Infiltration,36,3528,46,M,AP,2500,2048,0.168,0.168,1,0,0,0,1,0,0,0,0,0,0,0,0,0,0
00003528_040.png,Infiltration,37,3528,46,M,AP,2500,2048,0.168,0.168,1,0,0,0,1,0,0,0,0,0,0,0,0,0,0
00003528_041.png,Infiltration,38,3528,46,M,AP,2500,2048,0.168,0.168,1,0,0,0,1,0,0,0,0,0,0,0,0,0,0
00003528_042.png,Infiltration,39,3528,46,M,AP,2500,2048,0.168,0.168,1,0,0,0,1,0,0,0,0,0,0,0,0,0,0
00003528_043.png,Pneumonia,40,3528,46,M,AP,2500,2048,0.168,0.168,1,0,0,0,0,0,0,1,0,0,0,0,0,0,0
00003528_044.png,No Finding,41,3528,46,M,AP,2500,2048,0.168,0.168,0,0,0,0,0,0,0,0,0,0,0,0,0,0,0
00003528_045.png,Infiltration,42,3528,46,M,AP,2500,2048,0.168,0.168,1,0,0,0,1,0,0,0,0,0,0,0,0,0,0
00003528_046.png,Infiltration,43,3528,46,M,AP,2500,2048,0.168,0.168,1,0,0,0,1,0,0,0,0,0,0,0,0,0,0
00003528_047.png,Infiltration,44,3528,46,M,AP,2500,2048,0.168,0.168,1,0,0,0,1,0,0,0,0,0,0,0,0,0,0
00003528_048.png,Infiltration,45,3528,46,M,AP,2500,2048,0.168,0.168,1,0,0,0,1,0,0,0,0,0,0,0,0,0,0
00003528_049.png,Infiltration,46,3528,46,M,AP,2500,2048,0.168,0.168,1,0,0,0,1,0,0,0,0,0,0,0,0,0,0
00003528_050.png,Infiltration,47,3528,46,M,AP,2500,2048,0.168,0.168,1,0,0,0,1,0,0,0,0,0,0,0,0,0,0
00003528_051.png,Infiltration,48,3528,46,M,AP,2500,2048,0.168,0.168,1,0,0,0,1,0,0,0,0,0,0,0,0,0,0
00003528_052.png,No Finding,49,3528,46,M,AP,2500,2048,0.168,0.168,0,0,0,0,0,0,0,0,0,0,0,0,0,0,0
00003528_053.png,No Finding,50,3528,46,M,AP,2500,2048,0.168,0.168,0,0,0,0,0,0,0,0,0,0,0,0,0,0,0
00003528_054.png,No Finding,51,3528,46,M,AP,2500,2048,0.168,0.168,0,0,0,0,0,0,0,0,0,0,0,0,0,0,0
00003528_055.png,No Finding,52,3528,46,M,AP,2500,2048,0.168,0.168,0,0,0,0,0,0,0,0,0,0,0,0,0,0,0
00003528_056.png,Infiltration,53,3528,46,M,AP,2500,2048,0.168,0.168,1,0,0,0,1,0,0,0,0,0,0,0,0,0,0
00003528_057.png,Fibrosis|Infiltration,54,3528,46,M,AP,2500,2048,0.168,0.168,1,0,0,0,1,0,0,0,0,0,0,0,1,0,0
00003528_058.png,No Finding,55,3528,46,M,AP,2500,2048,0.168,0.168,0,0,0,0,0,0,0,0,0,0,0,0,0,0,0
00003528_059.png,No Finding,56,3528,46,M,AP,2500,2048,0.168,0.168,0,0,0,0,0,0,0,0,0,0,0,0,0,0,0
00003528_060.png,No Finding,57,3528,46,M,AP,2500,2048,0.168,0.168,0,0,0,0,0,0,0,0,0,0,0,0,0,0,0
00003528_061.png,No Finding,58,3528,46,M,AP,2500,2048,0.168,0.168,0,0,0,0,0,0,0,0,0,0,0,0,0,0,0
00003528_062.png,No Finding,59,3528,46,M,AP,2500,2048,0.168,0.168,0,0,0,0,0,0,0,0,0,0,0,0,0,0,0
00003528_063.png,No Finding,60,3528,46,M,AP,2500,2048,0.168,0.168,0,0,0,0,0,0,0,0,0,0,0,0,0,0,0
00003528_000.png,No Finding,65,3528,54,M,PA,2021,2021,0.1943109999999999,0.1943109999999999,0,0,0,0,0,0,0,0,0,0,0,0,0,0,0
00003528_001.png,Pleural_Thickening,66,3528,54,M,PA,2021,2021,0.1943109999999999,0.1943109999999999,1,0,0,0,0,0,0,0,0,0,0,0,0,1,0
00003528_002.png,Infiltration,67,3528,54,M,PA,2021,2021,0.1943109999999999,0.1943109999999999,1,0,0,0,1,0,0,0,0,0,0,0,0,0,0
00003530_000.png,No Finding,0,3530,25,F,PA,1772,2021,0.1943109999999999,0.1943109999999999,0,0,0,0,0,0,0,0,0,0,0,0,0,0,0
00003531_000.png,No Finding,0,3531,41,M,PA,2992,2991,0.143,0.143,0,0,0,0,0,0,0,0,0,0,0,0,0,0,0
00003531_001.png,No Finding,1,3531,45,M,PA,2992,2991,0.143,0.143,0,0,0,0,0,0,0,0,0,0,0,0,0,0,0
00003533_001.png,Mass,1,3533,45,M,PA,2500,2048,0.168,0.168,1,0,0,0,0,1,0,0,0,0,0,0,0,0,0
00003534_000.png,No Finding,0,3534,13,F,PA,2048,2500,0.171,0.171,0,0,0,0,0,0,0,0,0,0,0,0,0,0,0
00003534_001.png,No Finding,1,3534,14,F,PA,2048,2500,0.171,0.171,0,0,0,0,0,0,0,0,0,0,0,0,0,0,0
00003534_002.png,No Finding,2,3534,21,F,AP,2500,2048,0.168,0.168,0,0,0,0,0,0,0,0,0,0,0,0,0,0,0
00003534_003.png,Pneumothorax,3,3534,21,F,AP,2500,2048,0.168,0.168,1,0,0,0,0,0,0,0,1,0,0,0,0,0,0
00003534_004.png,Infiltration,4,3534,21,F,PA,2992,2991,0.143,0.143,1,0,0,0,1,0,0,0,0,0,0,0,0,0,0
00003534_005.png,No Finding,5,3534,22,F,PA,2442,2349,0.143,0.143,0,0,0,0,0,0,0,0,0,0,0,0,0,0,0
00003534_007.png,Infiltration,6,3534,22,F,AP,3056,2544,0.139,0.139,1,0,0,0,1,0,0,0,0,0,0,0,0,0,0
00003534_008.png,Infiltration,7,3534,22,F,PA,2714,2991,0.143,0.143,1,0,0,0,1,0,0,0,0,0,0,0,0,0,0
00003534_009.png,No Finding,8,3534,22,F,AP,3056,2544,0.139,0.139,0,0,0,0,0,0,0,0,0,0,0,0,0,0,0
00003534_006.png,No Finding,9,3534,22,F,PA,2540,2936,0.139,0.139,0,0,0,0,0,0,0,0,0,0,0,0,0,0,0
00003534_011.png,No Finding,10,3534,22,F,AP,3056,2544,0.139,0.139,0,0,0,0,0,0,0,0,0,0,0,0,0,0,0
00003534_010.png,No Finding,11,3534,22,F,AP,3056,2544,0.139,0.139,0,0,0,0,0,0,0,0,0,0,0,0,0,0,0
00003534_012.png,Infiltration,12,3534,22,F,AP,3056,2544,0.139,0.139,1,0,0,0,1,0,0,0,0,0,0,0,0,0,0
00003534_013.png,No Finding,13,3534,22,F,AP,3056,2544,0.139,0.139,0,0,0,0,0,0,0,0,0,0,0,0,0,0,0
00003534_014.png,No Finding,14,3534,22,F,AP,3056,2544,0.139,0.139,0,0,0,0,0,0,0,0,0,0,0,0,0,0,0
00003534_015.png,No Finding,15,3534,22,F,AP,3056,2544,0.139,0.139,0,0,0,0,0,0,0,0,0,0,0,0,0,0,0
00003534_016.png,No Finding,16,3534,22,F,AP,3056,2544,0.139,0.139,0,0,0,0,0,0,0,0,0,0,0,0,0,0,0
00003534_017.png,No Finding,17,3534,22,F,AP,3056,2544,0.139,0.139,0,0,0,0,0,0,0,0,0,0,0,0,0,0,0
00003534_018.png,No Finding,18,3534,22,F,AP,3056,2544,0.139,0.139,0,0,0,0,0,0,0,0,0,0,0,0,0,0,0
00003534_019.png,No Finding,19,3534,22,F,AP,2500,2048,0.168,0.168,0,0,0,0,0,0,0,0,0,0,0,0,0,0,0
00003534_020.png,No Finding,20,3534,22,F,AP,2500,2048,0.168,0.168,0,0,0,0,0,0,0,0,0,0,0,0,0,0,0
00003534_021.png,No Finding,21,3534,22,F,AP,3052,2544,0.139,0.139,0,0,0,0,0,0,0,0,0,0,0,0,0,0,0
00003534_022.png,No Finding,22,3534,22,F,AP,3056,2544,0.139,0.139,0,0,0,0,0,0,0,0,0,0,0,0,0,0,0
00003534_023.png,Pleural_Thickening,23,3534,22,F,AP,3056,2544,0.139,0.139,1,0,0,0,0,0,0,0,0,0,0,0,0,1,0
00003534_024.png,No Finding,24,3534,22,F,AP,3056,2544,0.139,0.139,0,0,0,0,0,0,0,0,0,0,0,0,0,0,0
00003534_025.png,No Finding,25,3534,22,F,AP,2500,2048,0.168,0.168,0,0,0,0,0,0,0,0,0,0,0,0,0,0,0
00003534_026.png,No Finding,26,3534,22,F,AP,3056,2544,0.139,0.139,0,0,0,0,0,0,0,0,0,0,0,0,0,0,0
00003534_027.png,No Finding,27,3534,22,F,AP,2812,2544,0.139,0.139,0,0,0,0,0,0,0,0,0,0,0,0,0,0,0
00003534_028.png,Infiltration,28,3534,22,F,AP,3056,2544,0.139,0.139,1,0,0,0,1,0,0,0,0,0,0,0,0,0,0
00003534_029.png,Effusion,29,3534,22,F,AP,3056,2544,0.139,0.139,1,0,0,1,0,0,0,0,0,0,0,0,0,0,0
00003534_030.png,Effusion,30,3534,22,F,AP,3056,2532,0.139,0.139,1,0,0,1,0,0,0,0,0,0,0,0,0,0,0
00003534_031.png,Edema,31,3534,22,F,AP,3056,2544,0.139,0.139,1,0,0,0,0,0,0,0,0,0,1,0,0,0,0
00003534_032.png,No Finding,32,3534,22,F,AP,3056,2544,0.139,0.139,0,0,0,0,0,0,0,0,0,0,0,0,0,0,0
00003534_033.png,Infiltration,33,3534,22,F,AP,3056,2544,0.139,0.139,1,0,0,0,1,0,0,0,0,0,0,0,0,0,0
00003534_034.png,No Finding,34,3534,22,F,AP,3056,2544,0.139,0.139,0,0,0,0,0,0,0,0,0,0,0,0,0,0,0
00003534_036.png,Infiltration,35,3534,22,F,AP,3056,2544,0.139,0.139,1,0,0,0,1,0,0,0,0,0,0,0,0,0,0
00003534_035.png,No Finding,36,3534,22,F,AP,3056,2544,0.139,0.139,0,0,0,0,0,0,0,0,0,0,0,0,0,0,0
00003534_038.png,Infiltration,37,3534,22,F,AP,2544,3056,0.139,0.139,1,0,0,0,1,0,0,0,0,0,0,0,0,0,0
00003534_037.png,Edema,38,3534,22,F,AP,3056,2544,0.139,0.139,1,0,0,0,0,0,0,0,0,0,1,0,0,0,0
00003534_039.png,Infiltration,39,3534,22,F,AP,3056,2544,0.139,0.139,1,0,0,0,1,0,0,0,0,0,0,0,0,0,0
00003536_000.png,Effusion|Infiltration|Mass|Nodule,0,3536,18,F,AP,2048,2500,0.171,0.171,1,0,0,1,1,1,1,0,0,0,0,0,0,0,0
00003537_000.png,No Finding,0,3537,57,F,PA,2992,2991,0.143,0.143,0,0,0,0,0,0,0,0,0,0,0,0,0,0,0
00003539_000.png,No Finding,0,3539,48,F,PA,2992,2991,0.143,0.143,0,0,0,0,0,0,0,0,0,0,0,0,0,0,0
00003539_001.png,No Finding,1,3539,50,F,PA,2526,2991,0.143,0.143,0,0,0,0,0,0,0,0,0,0,0,0,0,0,0
00003539_002.png,No Finding,2,3539,50,F,PA,2992,2991,0.143,0.143,0,0,0,0,0,0,0,0,0,0,0,0,0,0,0
00003539_003.png,No Finding,3,3539,50,F,PA,2048,2500,0.168,0.168,0,0,0,0,0,0,0,0,0,0,0,0,0,0,0
00003540_000.png,No Finding,0,3540,50,M,PA,2500,2048,0.171,0.171,0,0,0,0,0,0,0,0,0,0,0,0,0,0,0
00003541_000.png,No Finding,0,3541,29,F,PA,2500,2048,0.171,0.171,0,0,0,0,0,0,0,0,0,0,0,0,0,0,0
00003541_001.png,Cardiomegaly|Effusion,1,3541,34,F,PA,2600,2789,0.143,0.143,1,0,1,1,0,0,0,0,0,0,0,0,0,0,0
00003542_000.png,No Finding,0,3542,50,F,PA,2048,2500,0.168,0.168,0,0,0,0,0,0,0,0,0,0,0,0,0,0,0
00003543_000.png,No Finding,0,3543,62,M,PA,2500,2048,0.171,0.171,0,0,0,0,0,0,0,0,0,0,0,0,0,0,0
00003545_000.png,No Finding,0,3545,43,F,PA,2048,2500,0.171,0.171,0,0,0,0,0,0,0,0,0,0,0,0,0,0,0
00003548_000.png,No Finding,0,3548,70,M,PA,2500,2048,0.168,0.168,0,0,0,0,0,0,0,0,0,0,0,0,0,0,0
00003548_001.png,No Finding,1,3548,72,M,PA,2992,2991,0.143,0.143,0,0,0,0,0,0,0,0,0,0,0,0,0,0,0
00003548_002.png,No Finding,2,3548,72,M,PA,2992,2991,0.143,0.143,0,0,0,0,0,0,0,0,0,0,0,0,0,0,0
00003548_005.png,No Finding,5,3548,72,M,PA,2992,2991,0.143,0.143,0,0,0,0,0,0,0,0,0,0,0,0,0,0,0
00003548_006.png,No Finding,6,3548,72,M,AP,2500,2048,0.168,0.168,0,0,0,0,0,0,0,0,0,0,0,0,0,0,0
00003548_007.png,No Finding,7,3548,72,M,AP,2500,2048,0.168,0.168,0,0,0,0,0,0,0,0,0,0,0,0,0,0,0
00003548_008.png,No Finding,8,3548,72,M,AP,2500,2048,0.168,0.168,0,0,0,0,0,0,0,0,0,0,0,0,0,0,0
00003548_009.png,No Finding,9,3548,73,M,PA,2870,2991,0.143,0.143,0,0,0,0,0,0,0,0,0,0,0,0,0,0,0
00003548_012.png,No Finding,12,3548,73,M,PA,2992,2991,0.143,0.143,0,0,0,0,0,0,0,0,0,0,0,0,0,0,0
00003548_013.png,No Finding,13,3548,73,M,AP,2500,2048,0.168,0.168,0,0,0,0,0,0,0,0,0,0,0,0,0,0,0
00003548_014.png,Consolidation,14,3548,73,M,AP,2500,2048,0.168,0.168,1,0,0,0,0,0,0,0,0,1,0,0,0,0,0
00003550_000.png,Nodule,0,3550,58,M,PA,2500,2048,0.171,0.171,1,0,0,0,0,0,1,0,0,0,0,0,0,0,0
00003551_000.png,No Finding,0,3551,40,F,PA,2626,2821,0.143,0.143,0,0,0,0,0,0,0,0,0,0,0,0,0,0,0
00003554_000.png,Effusion|Infiltration,0,3554,38,F,PA,2048,2500,0.171,0.171,1,0,0,1,1,0,0,0,0,0,0,0,0,0,0
00003554_001.png,Effusion,1,3554,42,F,PA,2048,2500,0.168,0.168,1,0,0,1,0,0,0,0,0,0,0,0,0,0,0
00003556_000.png,Mass,0,3556,56,M,AP,2500,2048,0.171,0.171,1,0,0,0,0,1,0,0,0,0,0,0,0,0,0
00003556_003.png,Effusion|Mass,3,3556,56,M,PA,2500,2048,0.168,0.168,1,0,0,1,0,1,0,0,0,0,0,0,0,0,0
00003557_000.png,No Finding,0,3557,30,M,PA,3056,2544,0.139,0.139,0,0,0,0,0,0,0,0,0,0,0,0,0,0,0
00003562_000.png,No Finding,0,3562,33,F,PA,2500,2048,0.168,0.168,0,0,0,0,0,0,0,0,0,0,0,0,0,0,0
00003562_001.png,No Finding,1,3562,34,F,PA,2500,2048,0.168,0.168,0,0,0,0,0,0,0,0,0,0,0,0,0,0,0
00003563_001.png,No Finding,1,3563,61,F,PA,2992,2991,0.143,0.143,0,0,0,0,0,0,0,0,0,0,0,0,0,0,0
00003565_000.png,No Finding,0,3565,28,F,PA,2048,2500,0.171,0.171,0,0,0,0,0,0,0,0,0,0,0,0,0,0,0
00003565_001.png,No Finding,1,3565,29,F,PA,2048,2500,0.168,0.168,0,0,0,0,0,0,0,0,0,0,0,0,0,0,0
00003565_002.png,No Finding,2,3565,30,F,PA,2048,2500,0.168,0.168,0,0,0,0,0,0,0,0,0,0,0,0,0,0,0
00003567_000.png,Cardiomegaly,0,3567,58,F,PA,2048,2500,0.171,0.171,1,0,1,0,0,0,0,0,0,0,0,0,0,0,0
00003568_000.png,Effusion,0,3568,56,M,PA,2500,2048,0.171,0.171,1,0,0,1,0,0,0,0,0,0,0,0,0,0,0
00003568_001.png,Infiltration,1,3568,61,M,PA,2992,2991,0.143,0.143,1,0,0,0,1,0,0,0,0,0,0,0,0,0,0
00003568_002.png,No Finding,2,3568,61,M,AP,2500,2048,0.168,0.168,0,0,0,0,0,0,0,0,0,0,0,0,0,0,0
00003568_003.png,No Finding,3,3568,61,M,PA,2500,2048,0.168,0.168,0,0,0,0,0,0,0,0,0,0,0,0,0,0,0
00003568_004.png,Infiltration,4,3568,61,M,AP,2500,2048,0.168,0.168,1,0,0,0,1,0,0,0,0,0,0,0,0,0,0
00003569_001.png,No Finding,0,3569,47,M,PA,2500,2048,0.171,0.171,0,0,0,0,0,0,0,0,0,0,0,0,0,0,0
00003569_002.png,No Finding,1,3569,48,M,PA,2500,2048,0.171,0.171,0,0,0,0,0,0,0,0,0,0,0,0,0,0,0
00003569_003.png,Nodule,2,3569,48,M,PA,2500,2048,0.168,0.168,1,0,0,0,0,0,1,0,0,0,0,0,0,0,0
00003569_004.png,No Finding,3,3569,50,M,PA,2500,2048,0.168,0.168,0,0,0,0,0,0,0,0,0,0,0,0,0,0,0
00003569_005.png,No Finding,4,3569,51,M,PA,2992,2991,0.143,0.143,0,0,0,0,0,0,0,0,0,0,0,0,0,0,0
00003569_006.png,No Finding,5,3569,52,M,AP,2500,2048,0.168,0.168,0,0,0,0,0,0,0,0,0,0,0,0,0,0,0
00003569_007.png,No Finding,6,3569,53,M,PA,2982,2991,0.143,0.143,0,0,0,0,0,0,0,0,0,0,0,0,0,0,0
00003569_008.png,No Finding,7,3569,54,M,PA,2836,2910,0.143,0.143,0,0,0,0,0,0,0,0,0,0,0,0,0,0,0
00003569_009.png,Infiltration,8,3569,55,M,PA,3056,2544,0.139,0.139,1,0,0,0,1,0,0,0,0,0,0,0,0,0,0
00003569_000.png,No Finding,9,3569,60,M,PA,2021,2021,0.1943109999999999,0.1943109999999999,0,0,0,0,0,0,0,0,0,0,0,0,0,0,0
00003570_002.png,Effusion,0,3570,9,M,PA,2048,2500,0.171,0.171,1,0,0,1,0,0,0,0,0,0,0,0,0,0,0
00003570_003.png,No Finding,1,3570,10,M,PA,2048,2500,0.171,0.171,0,0,0,0,0,0,0,0,0,0,0,0,0,0,0
00003570_004.png,Infiltration|Pneumothorax,2,3570,15,M,PA,2454,2725,0.143,0.143,1,0,0,0,1,0,0,0,1,0,0,0,0,0,0
00003570_005.png,No Finding,3,3570,17,M,PA,2354,2991,0.143,0.143,0,0,0,0,0,0,0,0,0,0,0,0,0,0,0
00003570_000.png,No Finding,4,3570,20,M,AP,3056,2544,0.139,0.139,0,0,0,0,0,0,0,0,0,0,0,0,0,0,0
00003570_001.png,No Finding,5,3570,20,M,PA,2482,2441,0.143,0.143,0,0,0,0,0,0,0,0,0,0,0,0,0,0,0
00003571_000.png,No Finding,0,3571,58,F,PA,2048,2500,0.171,0.171,0,0,0,0,0,0,0,0,0,0,0,0,0,0,0
00003572_000.png,No Finding,0,3572,37,F,AP,2500,2048,0.171,0.171,0,0,0,0,0,0,0,0,0,0,0,0,0,0,0
00003572_001.png,No Finding,1,3572,37,F,AP,2500,2048,0.171,0.171,0,0,0,0,0,0,0,0,0,0,0,0,0,0,0
00003573_000.png,No Finding,0,3573,60,M,PA,2500,2048,0.168,0.168,0,0,0,0,0,0,0,0,0,0,0,0,0,0,0
00003573_001.png,Effusion,1,3573,60,M,PA,2500,2048,0.168,0.168,1,0,0,1,0,0,0,0,0,0,0,0,0,0,0
00003573_005.png,Infiltration,5,3573,60,M,AP,2500,2048,0.168,0.168,1,0,0,0,1,0,0,0,0,0,0,0,0,0,0
00003574_004.png,No Finding,0,3574,49,F,PA,2048,2500,0.171,0.171,0,0,0,0,0,0,0,0,0,0,0,0,0,0,0
00003574_005.png,Fibrosis,1,3574,50,F,PA,2500,2048,0.168,0.168,1,0,0,0,0,0,0,0,0,0,0,0,1,0,0
00003574_006.png,No Finding,2,3574,50,F,AP,2500,2048,0.168,0.168,0,0,0,0,0,0,0,0,0,0,0,0,0,0,0
00003574_007.png,No Finding,3,3574,51,F,PA,2486,2853,0.143,0.143,0,0,0,0,0,0,0,0,0,0,0,0,0,0,0
00003574_008.png,Pneumothorax,4,3574,51,F,PA,2500,2048,0.168,0.168,1,0,0,0,0,0,0,0,1,0,0,0,0,0,0
00003574_009.png,Pneumothorax,5,3574,52,F,PA,2992,2991,0.143,0.143,1,0,0,0,0,0,0,0,1,0,0,0,0,0,0
00003574_010.png,Pneumothorax,6,3574,52,F,PA,2992,2991,0.143,0.143,1,0,0,0,0,0,0,0,1,0,0,0,0,0,0
00003574_011.png,No Finding,7,3574,53,F,PA,2992,2991,0.143,0.143,0,0,0,0,0,0,0,0,0,0,0,0,0,0,0
00003574_012.png,Pneumothorax,8,3574,55,F,PA,2992,2991,0.143,0.143,1,0,0,0,0,0,0,0,1,0,0,0,0,0,0
00003574_013.png,Pneumothorax,9,3574,56,F,PA,2992,2991,0.143,0.143,1,0,0,0,0,0,0,0,1,0,0,0,0,0,0
00003574_000.png,Pneumothorax,10,3574,58,F,PA,2992,2991,0.143,0.143,1,0,0,0,0,0,0,0,1,0,0,0,0,0,0
00003574_001.png,No Finding,11,3574,59,F,PA,2992,2991,0.143,0.143,0,0,0,0,0,0,0,0,0,0,0,0,0,0,0
00003574_002.png,No Finding,12,3574,60,F,PA,1736,2021,0.1943109999999999,0.1943109999999999,0,0,0,0,0,0,0,0,0,0,0,0,0,0,0
00003574_003.png,No Finding,13,3574,61,F,PA,1893,2021,0.1943109999999999,0.1943109999999999,0,0,0,0,0,0,0,0,0,0,0,0,0,0,0
00003575_000.png,No Finding,0,3575,52,M,PA,2500,2048,0.171,0.171,0,0,0,0,0,0,0,0,0,0,0,0,0,0,0
00003575_001.png,Infiltration,1,3575,53,M,PA,2500,2048,0.171,0.171,1,0,0,0,1,0,0,0,0,0,0,0,0,0,0
00003575_002.png,No Finding,2,3575,53,M,PA,2500,2048,0.171,0.171,0,0,0,0,0,0,0,0,0,0,0,0,0,0,0
00003576_000.png,No Finding,0,3576,10,M,PA,2450,2341,0.143,0.143,0,0,0,0,0,0,0,0,0,0,0,0,0,0,0
00003577_000.png,No Finding,0,3577,63,M,PA,2992,2991,0.143,0.143,0,0,0,0,0,0,0,0,0,0,0,0,0,0,0
00003578_000.png,No Finding,0,3578,43,F,PA,2021,2021,0.1943109999999999,0.1943109999999999,0,0,0,0,0,0,0,0,0,0,0,0,0,0,0
00003579_000.png,No Finding,0,3579,75,F,PA,2048,2500,0.171,0.171,0,0,0,0,0,0,0,0,0,0,0,0,0,0,0
00003581_000.png,No Finding,0,3581,6,F,PA,2048,2500,0.168,0.168,0,0,0,0,0,0,0,0,0,0,0,0,0,0,0
00003582_000.png,No Finding,0,3582,13,F,PA,2754,2977,0.143,0.143,0,0,0,0,0,0,0,0,0,0,0,0,0,0,0
00003583_000.png,Cardiomegaly,0,3583,53,M,PA,2048,2500,0.171,0.171,1,0,1,0,0,0,0,0,0,0,0,0,0,0,0
00003584_000.png,Fibrosis,0,3584,57,M,PA,2500,2048,0.171,0.171,1,0,0,0,0,0,0,0,0,0,0,0,1,0,0
00003584_001.png,No Finding,1,3584,58,M,PA,2500,2048,0.168,0.168,0,0,0,0,0,0,0,0,0,0,0,0,0,0,0
00003584_002.png,Infiltration,2,3584,59,M,PA,2500,2048,0.168,0.168,1,0,0,0,1,0,0,0,0,0,0,0,0,0,0
00003587_000.png,No Finding,0,3587,57,M,PA,2500,2048,0.171,0.171,0,0,0,0,0,0,0,0,0,0,0,0,0,0,0
00003591_000.png,No Finding,0,3591,74,F,PA,2414,2549,0.143,0.143,0,0,0,0,0,0,0,0,0,0,0,0,0,0,0
00003592_000.png,No Finding,0,3592,36,F,PA,2048,2500,0.168,0.168,0,0,0,0,0,0,0,0,0,0,0,0,0,0,0
00003592_001.png,No Finding,1,3592,41,F,PA,2518,2991,0.143,0.143,0,0,0,0,0,0,0,0,0,0,0,0,0,0,0
00003594_000.png,No Finding,0,3594,66,F,PA,2500,2048,0.171,0.171,0,0,0,0,0,0,0,0,0,0,0,0,0,0,0
00003597_000.png,No Finding,0,3597,48,M,PA,2500,2048,0.168,0.168,0,0,0,0,0,0,0,0,0,0,0,0,0,0,0
00003600_000.png,No Finding,0,3600,37,F,PA,2048,2500,0.171,0.171,0,0,0,0,0,0,0,0,0,0,0,0,0,0,0
00003600_001.png,No Finding,1,3600,40,F,PA,2048,2500,0.168,0.168,0,0,0,0,0,0,0,0,0,0,0,0,0,0,0
00003601_003.png,No Finding,0,3601,42,M,AP,2500,2048,0.168,0.168,0,0,0,0,0,0,0,0,0,0,0,0,0,0,0
00003601_004.png,No Finding,1,3601,42,M,AP,2500,2048,0.168,0.168,0,0,0,0,0,0,0,0,0,0,0,0,0,0,0
00003601_005.png,No Finding,2,3601,42,M,AP,2500,2048,0.168,0.168,0,0,0,0,0,0,0,0,0,0,0,0,0,0,0
00003601_006.png,No Finding,3,3601,42,M,AP,2500,2048,0.168,0.168,0,0,0,0,0,0,0,0,0,0,0,0,0,0,0
00003601_007.png,No Finding,4,3601,42,M,AP,2500,2048,0.168,0.168,0,0,0,0,0,0,0,0,0,0,0,0,0,0,0
00003601_008.png,No Finding,5,3601,42,M,PA,2500,2048,0.168,0.168,0,0,0,0,0,0,0,0,0,0,0,0,0,0,0
00003601_009.png,No Finding,6,3601,45,M,AP,2500,2048,0.168,0.168,0,0,0,0,0,0,0,0,0,0,0,0,0,0,0
00003601_010.png,No Finding,7,3601,45,M,AP,2500,2048,0.168,0.168,0,0,0,0,0,0,0,0,0,0,0,0,0,0,0
00003601_011.png,No Finding,8,3601,45,M,PA,2992,2991,0.143,0.143,0,0,0,0,0,0,0,0,0,0,0,0,0,0,0
00003601_012.png,No Finding,9,3601,45,M,PA,2986,2991,0.143,0.143,0,0,0,0,0,0,0,0,0,0,0,0,0,0,0
00003601_013.png,No Finding,10,3601,45,M,PA,2990,2991,0.143,0.143,0,0,0,0,0,0,0,0,0,0,0,0,0,0,0
00003601_014.png,No Finding,11,3601,45,M,PA,2992,2991,0.143,0.143,0,0,0,0,0,0,0,0,0,0,0,0,0,0,0
00003601_015.png,No Finding,12,3601,45,M,PA,2500,2048,0.168,0.168,0,0,0,0,0,0,0,0,0,0,0,0,0,0,0
00003601_016.png,No Finding,13,3601,47,M,AP,2500,2048,0.168,0.168,0,0,0,0,0,0,0,0,0,0,0,0,0,0,0
00003601_017.png,No Finding,14,3601,48,M,AP,3056,2544,0.139,0.139,0,0,0,0,0,0,0,0,0,0,0,0,0,0,0
00003601_018.png,No Finding,15,3601,48,M,AP,3016,2544,0.139,0.139,0,0,0,0,0,0,0,0,0,0,0,0,0,0,0
00003601_019.png,No Finding,16,3601,48,M,AP,3056,2544,0.139,0.139,0,0,0,0,0,0,0,0,0,0,0,0,0,0,0
00003601_000.png,No Finding,17,3601,50,M,PA,2992,2991,0.143,0.143,0,0,0,0,0,0,0,0,0,0,0,0,0,0,0
00003601_001.png,No Finding,18,3601,50,M,AP,3056,2544,0.139,0.139,0,0,0,0,0,0,0,0,0,0,0,0,0,0,0
00003601_002.png,Infiltration,19,3601,50,M,PA,2992,2991,0.143,0.143,1,0,0,0,1,0,0,0,0,0,0,0,0,0,0
00003602_000.png,No Finding,0,3602,41,F,PA,2048,2500,0.171,0.171,0,0,0,0,0,0,0,0,0,0,0,0,0,0,0
00003602_001.png,Pneumothorax,1,3602,43,F,PA,2048,2500,0.168,0.168,1,0,0,0,0,0,0,0,1,0,0,0,0,0,0
00003607_000.png,Pleural_Thickening,0,3607,43,M,PA,2500,2048,0.168,0.168,1,0,0,0,0,0,0,0,0,0,0,0,0,1,0
00003607_001.png,Infiltration,1,3607,44,M,AP,2500,2048,0.168,0.168,1,0,0,0,1,0,0,0,0,0,0,0,0,0,0
00003609_000.png,No Finding,0,3609,55,F,PA,2048,2500,0.171,0.171,0,0,0,0,0,0,0,0,0,0,0,0,0,0,0
00003610_002.png,No Finding,0,3610,24,F,PA,2048,2500,0.171,0.171,0,0,0,0,0,0,0,0,0,0,0,0,0,0,0
00003610_003.png,No Finding,1,3610,29,F,PA,2992,2991,0.143,0.143,0,0,0,0,0,0,0,0,0,0,0,0,0,0,0
00003610_004.png,Infiltration,2,3610,29,F,AP,2500,2048,0.168,0.168,1,0,0,0,1,0,0,0,0,0,0,0,0,0,0
00003610_005.png,No Finding,3,3610,30,F,PA,2048,2500,0.168,0.168,0,0,0,0,0,0,0,0,0,0,0,0,0,0,0
00003610_006.png,No Finding,4,3610,30,F,AP,2500,2048,0.168,0.168,0,0,0,0,0,0,0,0,0,0,0,0,0,0,0
00003610_007.png,No Finding,5,3610,30,F,AP,2500,2048,0.168,0.168,0,0,0,0,0,0,0,0,0,0,0,0,0,0,0
00003610_008.png,Cardiomegaly|Infiltration,6,3610,30,F,AP,2500,2048,0.168,0.168,1,0,1,0,1,0,0,0,0,0,0,0,0,0,0
00003610_010.png,Infiltration,8,3610,30,F,PA,2992,2991,0.143,0.143,1,0,0,0,1,0,0,0,0,0,0,0,0,0,0
00003610_011.png,No Finding,9,3610,30,F,AP,2500,2048,0.168,0.168,0,0,0,0,0,0,0,0,0,0,0,0,0,0,0
00003610_012.png,Cardiomegaly,10,3610,30,F,PA,2992,2991,0.143,0.143,1,0,1,0,0,0,0,0,0,0,0,0,0,0,0
00003610_013.png,Cardiomegaly,11,3610,30,F,PA,2718,2991,0.143,0.143,1,0,1,0,0,0,0,0,0,0,0,0,0,0,0
00003610_014.png,Edema,12,3610,30,F,AP,2500,2048,0.168,0.168,1,0,0,0,0,0,0,0,0,0,1,0,0,0,0
00003610_015.png,Cardiomegaly,13,3610,30,F,PA,2500,2048,0.168,0.168,1,0,1,0,0,0,0,0,0,0,0,0,0,0,0
00003610_016.png,Cardiomegaly|Infiltration,14,3610,30,F,PA,2992,2991,0.143,0.143,1,0,1,0,1,0,0,0,0,0,0,0,0,0,0
00003610_017.png,Infiltration,15,3610,31,F,PA,2986,2991,0.143,0.143,1,0,0,0,1,0,0,0,0,0,0,0,0,0,0
00003610_018.png,Cardiomegaly,16,3610,31,F,AP,2500,2048,0.168,0.168,1,0,1,0,0,0,0,0,0,0,0,0,0,0,0
00003610_019.png,No Finding,17,3610,32,F,PA,2992,2991,0.143,0.143,0,0,0,0,0,0,0,0,0,0,0,0,0,0,0
00003610_020.png,No Finding,18,3610,33,F,PA,2992,2991,0.143,0.143,0,0,0,0,0,0,0,0,0,0,0,0,0,0,0
00003610_021.png,Cardiomegaly|Effusion,19,3610,33,F,PA,2992,2991,0.143,0.143,1,0,1,1,0,0,0,0,0,0,0,0,0,0,0
00003610_022.png,Cardiomegaly|Effusion,20,3610,33,F,PA,2894,2991,0.143,0.143,1,0,1,1,0,0,0,0,0,0,0,0,0,0,0
00003610_023.png,Cardiomegaly,21,3610,33,F,PA,2992,2991,0.143,0.143,1,0,1,0,0,0,0,0,0,0,0,0,0,0,0
00003610_000.png,No Finding,22,3610,37,F,PA,2021,2021,0.1943109999999999,0.1943109999999999,0,0,0,0,0,0,0,0,0,0,0,0,0,0,0
00003610_001.png,No Finding,23,3610,37,F,PA,2021,2021,0.1943109999999999,0.1943109999999999,0,0,0,0,0,0,0,0,0,0,0,0,0,0,0
00003611_000.png,Emphysema|Nodule,0,3611,24,F,AP,2500,2048,0.171,0.171,1,0,0,0,0,0,1,0,0,0,0,1,0,0,0
00003611_001.png,Emphysema|Nodule,1,3611,24,F,AP,2500,2048,0.171,0.171,1,0,0,0,0,0,1,0,0,0,0,1,0,0,0
00003611_002.png,Infiltration|Pneumothorax,2,3611,24,F,PA,2048,2500,0.171,0.171,1,0,0,0,1,0,0,0,1,0,0,0,0,0,0
00003611_003.png,Emphysema,3,3611,24,F,PA,2500,2048,0.171,0.171,1,0,0,0,0,0,0,0,0,0,0,1,0,0,0
00003611_004.png,Infiltration|Pneumothorax,4,3611,24,F,PA,2048,2500,0.171,0.171,1,0,0,0,1,0,0,0,1,0,0,0,0,0,0
00003611_005.png,Infiltration|Nodule|Pneumothorax,5,3611,24,F,PA,2048,2500,0.171,0.171,1,0,0,0,1,0,1,0,1,0,0,0,0,0,0
00003611_006.png,Pneumothorax,6,3611,24,F,PA,2048,2500,0.171,0.171,1,0,0,0,0,0,0,0,1,0,0,0,0,0,0
00003611_007.png,No Finding,7,3611,24,F,PA,2048,2500,0.171,0.171,0,0,0,0,0,0,0,0,0,0,0,0,0,0,0
00003612_000.png,No Finding,0,3612,47,M,PA,2500,2048,0.171,0.171,0,0,0,0,0,0,0,0,0,0,0,0,0,0,0
00003614_000.png,Emphysema,0,3614,56,M,PA,2674,2991,0.143,0.143,1,0,0,0,0,0,0,0,0,0,0,1,0,0,0
00003616_000.png,No Finding,0,3616,51,M,PA,2500,2048,0.171,0.171,0,0,0,0,0,0,0,0,0,0,0,0,0,0,0
00003617_000.png,No Finding,0,3617,70,M,PA,2500,2048,0.171,0.171,0,0,0,0,0,0,0,0,0,0,0,0,0,0,0
00003618_000.png,No Finding,0,3618,70,F,AP,2048,2500,0.168,0.168,0,0,0,0,0,0,0,0,0,0,0,0,0,0,0
00003619_000.png,No Finding,0,3619,64,F,PA,2694,2991,0.143,0.143,0,0,0,0,0,0,0,0,0,0,0,0,0,0,0
00003620_000.png,No Finding,0,3620,8,F,PA,2048,2500,0.168,0.168,0,0,0,0,0,0,0,0,0,0,0,0,0,0,0
00003621_000.png,No Finding,0,3621,53,M,PA,2992,2991,0.143,0.143,0,0,0,0,0,0,0,0,0,0,0,0,0,0,0
00003623_000.png,No Finding,0,3623,47,M,AP,2500,2048,0.171,0.171,0,0,0,0,0,0,0,0,0,0,0,0,0,0,0
00003624_000.png,No Finding,0,3624,38,F,AP,2500,2048,0.171,0.171,0,0,0,0,0,0,0,0,0,0,0,0,0,0,0
00003625_000.png,No Finding,0,3625,57,M,PA,2048,2500,0.171,0.171,0,0,0,0,0,0,0,0,0,0,0,0,0,0,0
00003626_000.png,No Finding,0,3626,54,F,AP,3056,2544,0.139,0.139,0,0,0,0,0,0,0,0,0,0,0,0,0,0,0
00003626_001.png,No Finding,1,3626,54,F,PA,2544,3056,0.139,0.139,0,0,0,0,0,0,0,0,0,0,0,0,0,0,0
00003628_000.png,No Finding,0,3628,25,F,PA,2048,2500,0.171,0.171,0,0,0,0,0,0,0,0,0,0,0,0,0,0,0
00003628_001.png,No Finding,1,3628,25,F,PA,2048,2500,0.171,0.171,0,0,0,0,0,0,0,0,0,0,0,0,0,0,0
00003628_002.png,No Finding,2,3628,31,F,AP,2500,2048,0.168,0.168,0,0,0,0,0,0,0,0,0,0,0,0,0,0,0
00003629_000.png,No Finding,0,3629,24,F,PA,2048,2500,0.171,0.171,0,0,0,0,0,0,0,0,0,0,0,0,0,0,0
00003630_000.png,No Finding,0,3630,50,M,PA,2500,2048,0.171,0.171,0,0,0,0,0,0,0,0,0,0,0,0,0,0,0
00003630_001.png,No Finding,1,3630,51,M,PA,2500,2048,0.171,0.171,0,0,0,0,0,0,0,0,0,0,0,0,0,0,0
00003631_000.png,No Finding,0,3631,50,M,AP,2500,2048,0.171,0.171,0,0,0,0,0,0,0,0,0,0,0,0,0,0,0
00003631_001.png,No Finding,1,3631,50,M,AP,2500,2048,0.171,0.171,0,0,0,0,0,0,0,0,0,0,0,0,0,0,0
00003633_000.png,Infiltration,0,3633,39,M,AP,2500,2048,0.171,0.171,1,0,0,0,1,0,0,0,0,0,0,0,0,0,0
00003634_000.png,Effusion|Nodule,0,3634,48,M,AP,2048,2500,0.171,0.171,1,0,0,1,0,0,1,0,0,0,0,0,0,0,0
00003634_001.png,Effusion|Infiltration,1,3634,48,M,PA,2500,2048,0.171,0.171,1,0,0,1,1,0,0,0,0,0,0,0,0,0,0
00003634_002.png,No Finding,2,3634,48,M,PA,2500,2048,0.171,0.171,0,0,0,0,0,0,0,0,0,0,0,0,0,0,0
00003634_003.png,No Finding,3,3634,48,M,PA,2500,2048,0.171,0.171,0,0,0,0,0,0,0,0,0,0,0,0,0,0,0
00003637_000.png,No Finding,0,3637,54,M,PA,2500,2048,0.171,0.171,0,0,0,0,0,0,0,0,0,0,0,0,0,0,0
00003637_001.png,No Finding,1,3637,54,M,PA,2500,2048,0.171,0.171,0,0,0,0,0,0,0,0,0,0,0,0,0,0,0
00003637_002.png,No Finding,2,3637,54,M,PA,2500,2048,0.171,0.171,0,0,0,0,0,0,0,0,0,0,0,0,0,0,0
00003637_003.png,No Finding,3,3637,54,M,PA,2500,2048,0.171,0.171,0,0,0,0,0,0,0,0,0,0,0,0,0,0,0
00003637_004.png,No Finding,4,3637,54,M,PA,2500,2048,0.171,0.171,0,0,0,0,0,0,0,0,0,0,0,0,0,0,0
00003637_005.png,No Finding,5,3637,54,M,PA,2500,2048,0.171,0.171,0,0,0,0,0,0,0,0,0,0,0,0,0,0,0
00003637_006.png,No Finding,6,3637,54,M,PA,2048,2500,0.171,0.171,0,0,0,0,0,0,0,0,0,0,0,0,0,0,0
00003637_007.png,Fibrosis,7,3637,55,M,PA,2048,2500,0.171,0.171,1,0,0,0,0,0,0,0,0,0,0,0,1,0,0
00003637_008.png,No Finding,8,3637,55,M,PA,2500,2048,0.171,0.171,0,0,0,0,0,0,0,0,0,0,0,0,0,0,0
00003637_009.png,No Finding,9,3637,55,M,PA,2048,2500,0.171,0.171,0,0,0,0,0,0,0,0,0,0,0,0,0,0,0
00003637_010.png,No Finding,10,3637,55,M,PA,2500,2048,0.171,0.171,0,0,0,0,0,0,0,0,0,0,0,0,0,0,0
00003637_011.png,No Finding,11,3637,57,M,PA,2500,2048,0.168,0.168,0,0,0,0,0,0,0,0,0,0,0,0,0,0,0
00003638_000.png,No Finding,0,3638,59,F,PA,2048,2500,0.171,0.171,0,0,0,0,0,0,0,0,0,0,0,0,0,0,0
00003639_002.png,No Finding,0,3639,58,M,PA,2992,2991,0.143,0.143,0,0,0,0,0,0,0,0,0,0,0,0,0,0,0
00003639_003.png,Infiltration,1,3639,59,M,PA,3056,2504,0.139,0.139,1,0,0,0,1,0,0,0,0,0,0,0,0,0,0
00003639_004.png,No Finding,2,3639,59,M,PA,3056,2544,0.139,0.139,0,0,0,0,0,0,0,0,0,0,0,0,0,0,0
00003639_000.png,No Finding,3,3639,60,M,PA,2894,2991,0.143,0.143,0,0,0,0,0,0,0,0,0,0,0,0,0,0,0
00003639_001.png,No Finding,4,3639,61,M,PA,2992,2991,0.143,0.143,0,0,0,0,0,0,0,0,0,0,0,0,0,0,0
00003640_002.png,No Finding,0,3640,41,M,PA,2500,2048,0.168,0.168,0,0,0,0,0,0,0,0,0,0,0,0,0,0,0
00003640_003.png,Infiltration,1,3640,45,M,PA,2992,2991,0.143,0.143,1,0,0,0,1,0,0,0,0,0,0,0,0,0,0
00003640_004.png,Pneumonia,2,3640,45,M,PA,2992,2991,0.143,0.143,1,0,0,0,0,0,0,1,0,0,0,0,0,0,0
00003640_005.png,Consolidation,3,3640,45,M,PA,2992,2991,0.143,0.143,1,0,0,0,0,0,0,0,0,1,0,0,0,0,0
00003640_000.png,No Finding,4,3640,46,M,PA,2992,2991,0.143,0.143,0,0,0,0,0,0,0,0,0,0,0,0,0,0,0
00003640_001.png,No Finding,5,3640,46,M,PA,3056,2544,0.139,0.139,0,0,0,0,0,0,0,0,0,0,0,0,0,0,0
00003641_000.png,No Finding,0,3641,48,F,PA,2048,2500,0.168,0.168,0,0,0,0,0,0,0,0,0,0,0,0,0,0,0
00003641_001.png,No Finding,1,3641,49,F,PA,2992,2991,0.143,0.143,0,0,0,0,0,0,0,0,0,0,0,0,0,0,0
00003642_000.png,Fibrosis|Infiltration,0,3642,58,M,PA,2500,2048,0.171,0.171,1,0,0,0,1,0,0,0,0,0,0,0,1,0,0
00003643_000.png,Pleural_Thickening,0,3643,65,F,PA,2048,2500,0.171,0.171,1,0,0,0,0,0,0,0,0,0,0,0,0,1,0
00003643_001.png,Nodule,1,3643,66,F,PA,2048,2500,0.171,0.171,1,0,0,0,0,0,1,0,0,0,0,0,0,0,0
00003643_002.png,No Finding,2,3643,67,F,PA,2048,2500,0.171,0.171,0,0,0,0,0,0,0,0,0,0,0,0,0,0,0
00003643_003.png,Fibrosis|Pleural_Thickening,3,3643,67,F,PA,2048,2500,0.168,0.168,1,0,0,0,0,0,0,0,0,0,0,0,1,1,0
00003646_000.png,No Finding,0,3646,43,F,AP,2500,2048,0.171,0.171,0,0,0,0,0,0,0,0,0,0,0,0,0,0,0
00003646_001.png,No Finding,1,3646,43,F,PA,2048,2500,0.171,0.171,0,0,0,0,0,0,0,0,0,0,0,0,0,0,0
00003647_001.png,No Finding,1,3647,41,M,AP,2500,2048,0.171,0.171,0,0,0,0,0,0,0,0,0,0,0,0,0,0,0
00003647_003.png,No Finding,3,3647,42,M,PA,2500,2048,0.171,0.171,0,0,0,0,0,0,0,0,0,0,0,0,0,0,0
00003647_004.png,Infiltration,4,3647,44,M,PA,2926,2865,0.143,0.143,1,0,0,0,1,0,0,0,0,0,0,0,0,0,0
00003647_005.png,Fibrosis|Infiltration,5,3647,44,M,PA,2992,2991,0.143,0.143,1,0,0,0,1,0,0,0,0,0,0,0,1,0,0
00003647_006.png,Fibrosis,6,3647,44,M,AP,2500,2048,0.168,0.168,1,0,0,0,0,0,0,0,0,0,0,0,1,0,0
00003647_007.png,Fibrosis,7,3647,44,M,PA,2992,2991,0.143,0.143,1,0,0,0,0,0,0,0,0,0,0,0,1,0,0
00003647_008.png,No Finding,8,3647,44,M,PA,2438,2472,0.143,0.143,0,0,0,0,0,0,0,0,0,0,0,0,0,0,0
00003647_009.png,No Finding,9,3647,45,M,PA,2844,2480,0.143,0.143,0,0,0,0,0,0,0,0,0,0,0,0,0,0,0
00003647_010.png,Infiltration|Pleural_Thickening,10,3647,45,M,PA,2826,2991,0.143,0.143,1,0,0,0,1,0,0,0,0,0,0,0,0,1,0
00003648_001.png,No Finding,0,3648,60,F,AP,2500,2048,0.168,0.168,0,0,0,0,0,0,0,0,0,0,0,0,0,0,0
00003648_002.png,No Finding,1,3648,64,F,PA,2850,2991,0.143,0.143,0,0,0,0,0,0,0,0,0,0,0,0,0,0,0
00003648_000.png,No Finding,2,3648,66,F,PA,2992,2991,0.143,0.143,0,0,0,0,0,0,0,0,0,0,0,0,0,0,0
00003649_000.png,No Finding,0,3649,49,M,AP,3056,2544,0.139,0.139,0,0,0,0,0,0,0,0,0,0,0,0,0,0,0
00003649_001.png,No Finding,1,3649,50,M,AP,3056,2544,0.139,0.139,0,0,0,0,0,0,0,0,0,0,0,0,0,0,0
00003649_002.png,No Finding,2,3649,50,M,AP,2952,2544,0.139,0.139,0,0,0,0,0,0,0,0,0,0,0,0,0,0,0
00003649_003.png,Effusion|Infiltration|Pleural_Thickening|Pneumonia,3,3649,50,M,AP,3056,2544,0.139,0.139,1,0,0,1,1,0,0,1,0,0,0,0,0,1,0
00003649_004.png,Infiltration,4,3649,50,M,AP,3056,2544,0.139,0.139,1,0,0,0,1,0,0,0,0,0,0,0,0,0,0
00003649_006.png,No Finding,5,3649,50,M,AP,3056,2544,0.139,0.139,0,0,0,0,0,0,0,0,0,0,0,0,0,0,0
00003649_005.png,Effusion,6,3649,50,M,AP,3056,2544,0.139,0.139,1,0,0,1,0,0,0,0,0,0,0,0,0,0,0
00003650_000.png,No Finding,0,3650,45,F,PA,2048,2500,0.171,0.171,0,0,0,0,0,0,0,0,0,0,0,0,0,0,0
00003650_001.png,Infiltration,1,3650,50,F,PA,2992,2991,0.143,0.143,1,0,0,0,1,0,0,0,0,0,0,0,0,0,0
00003651_000.png,No Finding,0,3651,27,M,PA,2500,2048,0.171,0.171,0,0,0,0,0,0,0,0,0,0,0,0,0,0,0
00003652_000.png,No Finding,0,3652,9,M,PA,2048,2500,0.171,0.171,0,0,0,0,0,0,0,0,0,0,0,0,0,0,0
00003654_000.png,Nodule,0,3654,59,F,PA,2021,2021,0.1943109999999999,0.1943109999999999,1,0,0,0,0,0,1,0,0,0,0,0,0,0,0
00003656_000.png,Cardiomegaly|Hernia,0,3656,74,F,PA,2048,2500,0.171,0.171,1,0,1,0,0,0,0,0,0,0,0,0,0,0,1
00003657_000.png,No Finding,0,3657,59,M,PA,2500,2048,0.171,0.171,0,0,0,0,0,0,0,0,0,0,0,0,0,0,0
00003659_005.png,No Finding,0,3659,46,F,PA,2048,2500,0.171,0.171,0,0,0,0,0,0,0,0,0,0,0,0,0,0,0
00003659_006.png,No Finding,1,3659,48,F,PA,2048,2500,0.168,0.168,0,0,0,0,0,0,0,0,0,0,0,0,0,0,0
00003659_007.png,No Finding,2,3659,49,F,PA,2500,2048,0.168,0.168,0,0,0,0,0,0,0,0,0,0,0,0,0,0,0
00003659_008.png,No Finding,3,3659,49,F,PA,2500,2048,0.168,0.168,0,0,0,0,0,0,0,0,0,0,0,0,0,0,0
00003659_009.png,No Finding,4,3659,50,F,PA,2048,2500,0.168,0.168,0,0,0,0,0,0,0,0,0,0,0,0,0,0,0
00003659_010.png,No Finding,5,3659,51,F,PA,2992,2991,0.143,0.143,0,0,0,0,0,0,0,0,0,0,0,0,0,0,0
00003659_011.png,No Finding,6,3659,51,F,PA,2048,2500,0.168,0.168,0,0,0,0,0,0,0,0,0,0,0,0,0,0,0
00003659_012.png,No Finding,7,3659,52,F,PA,2992,2991,0.143,0.143,0,0,0,0,0,0,0,0,0,0,0,0,0,0,0
00003659_013.png,Pneumothorax,8,3659,54,F,PA,2992,2991,0.143,0.143,1,0,0,0,0,0,0,0,1,0,0,0,0,0,0
00003659_014.png,No Finding,9,3659,55,F,PA,2992,2991,0.143,0.143,0,0,0,0,0,0,0,0,0,0,0,0,0,0,0
00003659_015.png,No Finding,10,3659,56,F,PA,2992,2991,0.143,0.143,0,0,0,0,0,0,0,0,0,0,0,0,0,0,0
00003659_002.png,Infiltration,13,3659,57,F,PA,2992,2991,0.143,0.143,1,0,0,0,1,0,0,0,0,0,0,0,0,0,0
00003659_003.png,No Finding,14,3659,58,F,PA,2992,2991,0.143,0.143,0,0,0,0,0,0,0,0,0,0,0,0,0,0,0
00003659_004.png,Pneumothorax,15,3659,59,F,PA,2021,2021,0.1943109999999999,0.1943109999999999,1,0,0,0,0,0,0,0,1,0,0,0,0,0,0
00003662_002.png,No Finding,0,3662,47,F,PA,2048,2500,0.171,0.171,0,0,0,0,0,0,0,0,0,0,0,0,0,0,0
00003662_003.png,Pneumothorax,1,3662,48,F,PA,2048,2500,0.168,0.168,1,0,0,0,0,0,0,0,1,0,0,0,0,0,0
00003662_004.png,No Finding,2,3662,49,F,PA,2992,2991,0.143,0.143,0,0,0,0,0,0,0,0,0,0,0,0,0,0,0
00003662_005.png,No Finding,3,3662,50,F,PA,2992,2991,0.143,0.143,0,0,0,0,0,0,0,0,0,0,0,0,0,0,0
00003662_006.png,No Finding,4,3662,51,F,PA,2992,2991,0.143,0.143,0,0,0,0,0,0,0,0,0,0,0,0,0,0,0
00003662_007.png,Infiltration,5,3662,53,F,PA,2992,2991,0.143,0.143,1,0,0,0,1,0,0,0,0,0,0,0,0,0,0
00003662_008.png,No Finding,6,3662,54,F,PA,2338,2991,0.143,0.143,0,0,0,0,0,0,0,0,0,0,0,0,0,0,0
00003662_009.png,No Finding,7,3662,55,F,PA,2094,2542,0.143,0.143,0,0,0,0,0,0,0,0,0,0,0,0,0,0,0
00003662_000.png,No Finding,8,3662,57,F,PA,2992,2991,0.143,0.143,0,0,0,0,0,0,0,0,0,0,0,0,0,0,0
00003662_001.png,Pneumothorax,9,3662,58,F,PA,1768,2021,0.1943109999999999,0.1943109999999999,1,0,0,0,0,0,0,0,1,0,0,0,0,0,0
00003664_000.png,Infiltration|Nodule,0,3664,62,F,AP,2500,2048,0.168,0.168,1,0,0,0,1,0,1,0,0,0,0,0,0,0,0
00003665_005.png,No Finding,0,3665,22,M,PA,2048,2500,0.168,0.168,0,0,0,0,0,0,0,0,0,0,0,0,0,0,0
00003665_006.png,No Finding,1,3665,22,M,AP,2500,2048,0.168,0.168,0,0,0,0,0,0,0,0,0,0,0,0,0,0,0
00003665_007.png,No Finding,2,3665,23,M,PA,2604,2947,0.143,0.143,0,0,0,0,0,0,0,0,0,0,0,0,0,0,0
00003665_008.png,No Finding,3,3665,23,M,PA,2990,2991,0.143,0.143,0,0,0,0,0,0,0,0,0,0,0,0,0,0,0
00003665_009.png,No Finding,4,3665,24,M,PA,2658,2991,0.143,0.143,0,0,0,0,0,0,0,0,0,0,0,0,0,0,0
00003665_010.png,Cardiomegaly,5,3665,27,M,PA,2576,2658,0.143,0.143,1,0,1,0,0,0,0,0,0,0,0,0,0,0,0
00003665_011.png,No Finding,6,3665,28,M,PA,2694,2991,0.143,0.143,0,0,0,0,0,0,0,0,0,0,0,0,0,0,0
00003665_000.png,No Finding,7,3665,28,M,PA,2606,2991,0.143,0.143,0,0,0,0,0,0,0,0,0,0,0,0,0,0,0
00003665_001.png,No Finding,8,3665,28,M,PA,2892,2948,0.143,0.143,0,0,0,0,0,0,0,0,0,0,0,0,0,0,0
00003665_002.png,Pleural_Thickening,9,3665,30,M,PA,2021,2021,0.1943109999999999,0.1943109999999999,1,0,0,0,0,0,0,0,0,0,0,0,0,1,0
00003665_003.png,Pleural_Thickening,10,3665,30,M,PA,2021,2021,0.1943109999999999,0.1943109999999999,1,0,0,0,0,0,0,0,0,0,0,0,0,1,0
00003665_004.png,No Finding,11,3665,31,M,PA,2021,2020,0.1943109999999999,0.1943109999999999,0,0,0,0,0,0,0,0,0,0,0,0,0,0,0
00003666_000.png,No Finding,0,3666,61,F,PA,2048,2500,0.171,0.171,0,0,0,0,0,0,0,0,0,0,0,0,0,0,0
00003666_001.png,No Finding,1,3666,62,F,PA,2048,2500,0.171,0.171,0,0,0,0,0,0,0,0,0,0,0,0,0,0,0
00003667_000.png,No Finding,0,3667,53,F,PA,2048,2500,0.171,0.171,0,0,0,0,0,0,0,0,0,0,0,0,0,0,0
00003669_000.png,No Finding,0,3669,76,M,PA,2500,2048,0.171,0.171,0,0,0,0,0,0,0,0,0,0,0,0,0,0,0
00003669_001.png,No Finding,1,3669,78,M,PA,2500,2048,0.168,0.168,0,0,0,0,0,0,0,0,0,0,0,0,0,0,0
00003669_002.png,Nodule,2,3669,80,M,PA,2990,2877,0.143,0.143,1,0,0,0,0,0,1,0,0,0,0,0,0,0,0
00003669_003.png,No Finding,3,3669,80,M,AP,2500,2048,0.168,0.168,0,0,0,0,0,0,0,0,0,0,0,0,0,0,0
00003669_004.png,Emphysema,4,3669,80,M,PA,2986,2991,0.143,0.143,1,0,0,0,0,0,0,0,0,0,0,1,0,0,0
00003669_005.png,Pneumothorax,5,3669,80,M,PA,2992,2991,0.143,0.143,1,0,0,0,0,0,0,0,1,0,0,0,0,0,0
00003669_006.png,Emphysema,6,3669,80,M,PA,2890,2581,0.143,0.143,1,0,0,0,0,0,0,0,0,0,0,1,0,0,0
00003669_007.png,Pneumothorax,7,3669,80,M,PA,2500,2048,0.168,0.168,1,0,0,0,0,0,0,0,1,0,0,0,0,0,0
00003670_000.png,No Finding,0,3670,33,F,PA,2048,2500,0.171,0.171,0,0,0,0,0,0,0,0,0,0,0,0,0,0,0
00003670_001.png,No Finding,1,3670,34,F,PA,2500,2048,0.171,0.171,0,0,0,0,0,0,0,0,0,0,0,0,0,0,0
00003670_002.png,No Finding,2,3670,35,F,PA,2048,2500,0.168,0.168,0,0,0,0,0,0,0,0,0,0,0,0,0,0,0
00003670_003.png,No Finding,3,3670,38,F,PA,2048,2500,0.168,0.168,0,0,0,0,0,0,0,0,0,0,0,0,0,0,0
00003670_004.png,No Finding,4,3670,40,F,PA,2506,2991,0.143,0.143,0,0,0,0,0,0,0,0,0,0,0,0,0,0,0
00003670_005.png,Infiltration,5,3670,42,F,PA,2466,2991,0.143,0.143,1,0,0,0,1,0,0,0,0,0,0,0,0,0,0
00003671_000.png,No Finding,0,3671,66,F,PA,2048,2500,0.171,0.171,0,0,0,0,0,0,0,0,0,0,0,0,0,0,0
00003672_000.png,No Finding,0,3672,56,F,PA,2048,2500,0.171,0.171,0,0,0,0,0,0,0,0,0,0,0,0,0,0,0
00003672_001.png,No Finding,1,3672,56,F,PA,2048,2500,0.171,0.171,0,0,0,0,0,0,0,0,0,0,0,0,0,0,0
00003672_002.png,No Finding,2,3672,57,F,PA,2500,2048,0.168,0.168,0,0,0,0,0,0,0,0,0,0,0,0,0,0,0
00003673_000.png,No Finding,0,3673,57,F,PA,2048,2500,0.168,0.168,0,0,0,0,0,0,0,0,0,0,0,0,0,0,0
00003675_000.png,Fibrosis,0,3675,69,F,PA,2048,2500,0.168,0.168,1,0,0,0,0,0,0,0,0,0,0,0,1,0,0
00003675_001.png,Fibrosis,1,3675,70,F,PA,2048,2500,0.168,0.168,1,0,0,0,0,0,0,0,0,0,0,0,1,0,0
00003675_002.png,Emphysema|Fibrosis,2,3675,70,F,PA,2048,2500,0.168,0.168,1,0,0,0,0,0,0,0,0,0,0,1,1,0,0
00003676_000.png,No Finding,0,3676,33,F,PA,2048,2500,0.171,0.171,0,0,0,0,0,0,0,0,0,0,0,0,0,0,0
00003677_000.png,No Finding,0,3677,25,M,PA,2500,2048,0.171,0.171,0,0,0,0,0,0,0,0,0,0,0,0,0,0,0
00003678_000.png,No Finding,0,3678,45,M,PA,2500,2048,0.171,0.171,0,0,0,0,0,0,0,0,0,0,0,0,0,0,0
00003678_001.png,Pleural_Thickening,1,3678,46,M,PA,2500,2048,0.171,0.171,1,0,0,0,0,0,0,0,0,0,0,0,0,1,0
00003681_000.png,No Finding,0,3681,54,M,PA,2500,2048,0.171,0.171,0,0,0,0,0,0,0,0,0,0,0,0,0,0,0
00003681_001.png,No Finding,1,3681,54,M,PA,2500,2048,0.171,0.171,0,0,0,0,0,0,0,0,0,0,0,0,0,0,0
00003681_002.png,No Finding,2,3681,56,M,PA,2500,2048,0.171,0.171,0,0,0,0,0,0,0,0,0,0,0,0,0,0,0
00003681_005.png,Mass,5,3681,56,M,AP,2500,2048,0.171,0.171,1,0,0,0,0,1,0,0,0,0,0,0,0,0,0
00003682_000.png,Fibrosis|Infiltration,0,3682,59,F,PA,2048,2500,0.171,0.171,1,0,0,0,1,0,0,0,0,0,0,0,1,0,0
00003686_000.png,No Finding,0,3686,85,M,AP,2500,2048,0.168,0.168,0,0,0,0,0,0,0,0,0,0,0,0,0,0,0
00003687_000.png,No Finding,0,3687,37,F,AP,2500,2048,0.168,0.168,0,0,0,0,0,0,0,0,0,0,0,0,0,0,0
00003688_000.png,No Finding,0,3688,70,M,PA,2500,2048,0.171,0.171,0,0,0,0,0,0,0,0,0,0,0,0,0,0,0
00003688_001.png,No Finding,1,3688,70,M,PA,2500,2048,0.171,0.171,0,0,0,0,0,0,0,0,0,0,0,0,0,0,0
00003688_002.png,Pleural_Thickening,2,3688,71,M,PA,2500,2048,0.171,0.171,1,0,0,0,0,0,0,0,0,0,0,0,0,1,0
00003688_003.png,No Finding,3,3688,71,M,PA,2500,2048,0.168,0.168,0,0,0,0,0,0,0,0,0,0,0,0,0,0,0
00003689_000.png,No Finding,0,3689,43,F,PA,2048,2500,0.171,0.171,0,0,0,0,0,0,0,0,0,0,0,0,0,0,0
00003689_001.png,No Finding,1,3689,43,F,PA,2048,2500,0.171,0.171,0,0,0,0,0,0,0,0,0,0,0,0,0,0,0
00003689_002.png,No Finding,2,3689,43,F,PA,2048,2500,0.171,0.171,0,0,0,0,0,0,0,0,0,0,0,0,0,0,0
00003689_003.png,No Finding,3,3689,44,F,PA,2048,2500,0.171,0.171,0,0,0,0,0,0,0,0,0,0,0,0,0,0,0
00003689_004.png,No Finding,4,3689,44,F,PA,2048,2500,0.171,0.171,0,0,0,0,0,0,0,0,0,0,0,0,0,0,0
00003689_005.png,No Finding,5,3689,45,F,PA,2048,2500,0.168,0.168,0,0,0,0,0,0,0,0,0,0,0,0,0,0,0
00003689_006.png,No Finding,6,3689,47,F,PA,2666,2665,0.143,0.143,0,0,0,0,0,0,0,0,0,0,0,0,0,0,0
00003689_007.png,No Finding,7,3689,47,F,PA,2918,2497,0.143,0.143,0,0,0,0,0,0,0,0,0,0,0,0,0,0,0
00003689_008.png,No Finding,8,3689,47,F,PA,2498,2453,0.143,0.143,0,0,0,0,0,0,0,0,0,0,0,0,0,0,0
00003689_009.png,No Finding,9,3689,47,F,PA,2048,2500,0.168,0.168,0,0,0,0,0,0,0,0,0,0,0,0,0,0,0
00003689_010.png,No Finding,10,3689,51,F,PA,2500,2048,0.168,0.168,0,0,0,0,0,0,0,0,0,0,0,0,0,0,0
00003689_011.png,No Finding,11,3689,51,F,PA,2622,2991,0.143,0.143,0,0,0,0,0,0,0,0,0,0,0,0,0,0,0
00003690_001.png,No Finding,0,3690,53,M,PA,2992,2921,0.143,0.143,0,0,0,0,0,0,0,0,0,0,0,0,0,0,0
00003690_002.png,No Finding,1,3690,54,M,PA,2926,2850,0.143,0.143,0,0,0,0,0,0,0,0,0,0,0,0,0,0,0
00003690_003.png,No Finding,2,3690,55,M,PA,2992,2991,0.143,0.143,0,0,0,0,0,0,0,0,0,0,0,0,0,0,0
00003690_004.png,No Finding,3,3690,56,M,PA,2500,2048,0.168,0.168,0,0,0,0,0,0,0,0,0,0,0,0,0,0,0
00003690_005.png,No Finding,4,3690,57,M,PA,2714,2991,0.143,0.143,0,0,0,0,0,0,0,0,0,0,0,0,0,0,0
00003690_000.png,Infiltration,5,3690,59,M,PA,2992,2991,0.143,0.143,1,0,0,0,1,0,0,0,0,0,0,0,0,0,0
00003692_000.png,No Finding,0,3692,25,M,AP,2500,2048,0.171,0.171,0,0,0,0,0,0,0,0,0,0,0,0,0,0,0
00003695_000.png,No Finding,0,3695,63,M,PA,2992,2991,0.143,0.143,0,0,0,0,0,0,0,0,0,0,0,0,0,0,0
00003696_000.png,Infiltration,0,3696,35,F,PA,2558,2991,0.143,0.143,1,0,0,0,1,0,0,0,0,0,0,0,0,0,0
00003696_001.png,No Finding,1,3696,36,F,PA,2240,2349,0.143,0.143,0,0,0,0,0,0,0,0,0,0,0,0,0,0,0
00003698_000.png,No Finding,0,3698,58,M,PA,2500,2048,0.171,0.171,0,0,0,0,0,0,0,0,0,0,0,0,0,0,0
00003699_000.png,Edema|Infiltration|Pneumonia,0,3699,51,M,PA,2500,2048,0.171,0.171,1,0,0,0,1,0,0,1,0,0,1,0,0,0,0
00003701_000.png,No Finding,0,3701,47,F,PA,2048,2500,0.171,0.171,0,0,0,0,0,0,0,0,0,0,0,0,0,0,0
00003702_000.png,No Finding,0,3702,22,F,AP,2048,2500,0.171,0.171,0,0,0,0,0,0,0,0,0,0,0,0,0,0,0
00003702_001.png,Consolidation,1,3702,22,F,AP,2500,2048,0.171,0.171,1,0,0,0,0,0,0,0,0,1,0,0,0,0,0
00003702_002.png,Infiltration|Mass,2,3702,22,F,PA,2048,2500,0.171,0.171,1,0,0,0,1,1,0,0,0,0,0,0,0,0,0
00003702_003.png,Effusion|Mass,3,3702,22,F,PA,2048,2500,0.171,0.171,1,0,0,1,0,1,0,0,0,0,0,0,0,0,0
00003702_004.png,Effusion,4,3702,22,F,PA,2048,2500,0.171,0.171,1,0,0,1,0,0,0,0,0,0,0,0,0,0,0
00003703_000.png,No Finding,0,3703,50,M,PA,2500,2048,0.171,0.171,0,0,0,0,0,0,0,0,0,0,0,0,0,0,0
00003703_001.png,No Finding,1,3703,51,M,AP,2500,2048,0.171,0.171,0,0,0,0,0,0,0,0,0,0,0,0,0,0,0
00003704_000.png,Nodule,0,3704,77,M,PA,2500,2048,0.171,0.171,1,0,0,0,0,0,1,0,0,0,0,0,0,0,0
00003704_001.png,Effusion,1,3704,78,M,PA,2500,2048,0.171,0.171,1,0,0,1,0,0,0,0,0,0,0,0,0,0,0
00003705_000.png,No Finding,0,3705,61,M,PA,2500,2048,0.168,0.168,0,0,0,0,0,0,0,0,0,0,0,0,0,0,0
00003707_000.png,No Finding,0,3707,71,M,AP,2500,2048,0.171,0.171,0,0,0,0,0,0,0,0,0,0,0,0,0,0,0
00003707_001.png,No Finding,1,3707,72,M,PA,2500,2048,0.171,0.171,0,0,0,0,0,0,0,0,0,0,0,0,0,0,0
00003707_002.png,Emphysema|Infiltration,2,3707,72,M,PA,2500,2048,0.171,0.171,1,0,0,0,1,0,0,0,0,0,0,1,0,0,0
00003707_003.png,Emphysema|Infiltration,3,3707,73,M,PA,2500,2048,0.171,0.171,1,0,0,0,1,0,0,0,0,0,0,1,0,0,0
00003710_000.png,No Finding,0,3710,46,M,PA,2500,2048,0.171,0.171,0,0,0,0,0,0,0,0,0,0,0,0,0,0,0
00003711_000.png,No Finding,0,3711,22,M,PA,2048,2500,0.171,0.171,0,0,0,0,0,0,0,0,0,0,0,0,0,0,0
00003711_001.png,No Finding,1,3711,22,M,PA,2048,2500,0.171,0.171,0,0,0,0,0,0,0,0,0,0,0,0,0,0,0
00003712_000.png,No Finding,0,3712,23,F,PA,2542,2991,0.143,0.143,0,0,0,0,0,0,0,0,0,0,0,0,0,0,0
00003714_000.png,Emphysema,0,3714,65,M,PA,2500,2048,0.171,0.171,1,0,0,0,0,0,0,0,0,0,0,1,0,0,0
00003716_000.png,No Finding,0,3716,46,F,PA,2048,2500,0.168,0.168,0,0,0,0,0,0,0,0,0,0,0,0,0,0,0
00003717_000.png,No Finding,0,3717,47,M,PA,2500,2048,0.168,0.168,0,0,0,0,0,0,0,0,0,0,0,0,0,0,0
00003717_001.png,No Finding,1,3717,51,M,PA,2500,2048,0.168,0.168,0,0,0,0,0,0,0,0,0,0,0,0,0,0,0
00003717_002.png,No Finding,2,3717,55,M,PA,2992,2991,0.143,0.143,0,0,0,0,0,0,0,0,0,0,0,0,0,0,0
00003717_003.png,Infiltration,3,3717,55,M,PA,3056,2488,0.139,0.139,1,0,0,0,1,0,0,0,0,0,0,0,0,0,0
00003718_000.png,No Finding,0,3718,27,F,AP,2048,2500,0.171,0.171,0,0,0,0,0,0,0,0,0,0,0,0,0,0,0
00003718_001.png,No Finding,1,3718,30,F,PA,2048,2500,0.168,0.168,0,0,0,0,0,0,0,0,0,0,0,0,0,0,0
00003719_000.png,No Finding,0,3719,49,F,PA,2500,2048,0.168,0.168,0,0,0,0,0,0,0,0,0,0,0,0,0,0,0
00003719_001.png,Effusion,1,3719,51,F,PA,2992,2991,0.143,0.143,1,0,0,1,0,0,0,0,0,0,0,0,0,0,0
00003719_002.png,No Finding,2,3719,52,F,PA,2992,2991,0.143,0.143,0,0,0,0,0,0,0,0,0,0,0,0,0,0,0
00003719_003.png,Effusion,3,3719,52,F,PA,2500,2048,0.168,0.168,1,0,0,1,0,0,0,0,0,0,0,0,0,0,0
00003719_005.png,No Finding,4,3719,52,F,PA,2992,2991,0.143,0.143,0,0,0,0,0,0,0,0,0,0,0,0,0,0,0
00003719_004.png,Effusion|Pleural_Thickening,5,3719,52,F,PA,2992,2761,0.143,0.143,1,0,0,1,0,0,0,0,0,0,0,0,0,1,0
00003719_006.png,Effusion,6,3719,53,F,PA,2992,2991,0.143,0.143,1,0,0,1,0,0,0,0,0,0,0,0,0,0,0
00003719_007.png,Effusion,8,3719,53,F,PA,2992,2991,0.143,0.143,1,0,0,1,0,0,0,0,0,0,0,0,0,0,0
00003719_009.png,No Finding,9,3719,54,F,PA,2500,2048,0.168,0.168,0,0,0,0,0,0,0,0,0,0,0,0,0,0,0
00003719_010.png,Effusion|Pneumothorax,10,3719,55,F,PA,2992,2991,0.143,0.143,1,0,0,1,0,0,0,0,1,0,0,0,0,0,0
00003719_011.png,No Finding,11,3719,56,F,PA,2992,2991,0.143,0.143,0,0,0,0,0,0,0,0,0,0,0,0,0,0,0
00003721_000.png,No Finding,0,3721,54,F,AP,2500,2048,0.171,0.171,0,0,0,0,0,0,0,0,0,0,0,0,0,0,0
00003722_000.png,No Finding,0,3722,51,M,PA,2500,2048,0.168,0.168,0,0,0,0,0,0,0,0,0,0,0,0,0,0,0
00003722_001.png,No Finding,1,3722,51,M,PA,2992,2991,0.143,0.143,0,0,0,0,0,0,0,0,0,0,0,0,0,0,0
00003722_002.png,No Finding,2,3722,51,M,AP,2500,2048,0.168,0.168,0,0,0,0,0,0,0,0,0,0,0,0,0,0,0
00003722_003.png,No Finding,3,3722,53,M,PA,2992,2991,0.143,0.143,0,0,0,0,0,0,0,0,0,0,0,0,0,0,0
00003722_005.png,No Finding,5,3722,54,M,PA,2500,2048,0.168,0.168,0,0,0,0,0,0,0,0,0,0,0,0,0,0,0
00003722_006.png,No Finding,6,3722,55,M,PA,2992,2991,0.143,0.143,0,0,0,0,0,0,0,0,0,0,0,0,0,0,0
00003722_007.png,No Finding,7,3722,55,M,AP,3056,2544,0.139,0.139,0,0,0,0,0,0,0,0,0,0,0,0,0,0,0
00003722_009.png,Cardiomegaly|Effusion,9,3722,55,M,AP,2993,2544,0.139,0.139,1,0,1,1,0,0,0,0,0,0,0,0,0,0,0
00003722_010.png,Pneumothorax,10,3722,55,M,AP,3056,2544,0.139,0.139,1,0,0,0,0,0,0,0,1,0,0,0,0,0,0
00003722_011.png,Pneumothorax,11,3722,55,M,AP,3056,2544,0.139,0.139,1,0,0,0,0,0,0,0,1,0,0,0,0,0,0
00003722_012.png,No Finding,12,3722,55,M,AP,3056,2544,0.139,0.139,0,0,0,0,0,0,0,0,0,0,0,0,0,0,0
00003722_014.png,Infiltration,14,3722,55,M,PA,2992,2991,0.143,0.143,1,0,0,0,1,0,0,0,0,0,0,0,0,0,0
00003722_017.png,Consolidation,17,3722,55,M,PA,2992,2991,0.143,0.143,1,0,0,0,0,0,0,0,0,1,0,0,0,0,0
00003722_021.png,No Finding,21,3722,55,M,PA,2992,2991,0.143,0.143,0,0,0,0,0,0,0,0,0,0,0,0,0,0,0
00003722_022.png,No Finding,22,3722,55,M,PA,2892,2948,0.143,0.143,0,0,0,0,0,0,0,0,0,0,0,0,0,0,0
00003722_023.png,No Finding,23,3722,55,M,AP,3056,2544,0.139,0.139,0,0,0,0,0,0,0,0,0,0,0,0,0,0,0
00003722_024.png,Pneumothorax,24,3722,55,M,PA,2710,2991,0.143,0.143,1,0,0,0,0,0,0,0,1,0,0,0,0,0,0
00003722_025.png,Pneumothorax,25,3722,55,M,PA,2570,2666,0.143,0.143,1,0,0,0,0,0,0,0,1,0,0,0,0,0,0
00003724_000.png,No Finding,0,3724,36,F,PA,2048,2500,0.171,0.171,0,0,0,0,0,0,0,0,0,0,0,0,0,0,0
00003726_000.png,No Finding,0,3726,25,M,AP,2500,2048,0.168,0.168,0,0,0,0,0,0,0,0,0,0,0,0,0,0,0
00003726_001.png,Effusion,1,3726,25,M,AP,2500,2048,0.168,0.168,1,0,0,1,0,0,0,0,0,0,0,0,0,0,0
00003726_002.png,No Finding,2,3726,25,M,AP,2500,2048,0.168,0.168,0,0,0,0,0,0,0,0,0,0,0,0,0,0,0
00003726_003.png,Consolidation,3,3726,25,M,AP,2048,2500,0.168,0.168,1,0,0,0,0,0,0,0,0,1,0,0,0,0,0
00003728_000.png,Fibrosis,0,3728,49,F,PA,2950,2991,0.143,0.143,1,0,0,0,0,0,0,0,0,0,0,0,1,0,0
00003731_000.png,No Finding,0,3731,24,F,PA,2048,2500,0.171,0.171,0,0,0,0,0,0,0,0,0,0,0,0,0,0,0
00003731_001.png,No Finding,1,3731,26,F,PA,2048,2500,0.168,0.168,0,0,0,0,0,0,0,0,0,0,0,0,0,0,0
00003732_000.png,No Finding,0,3732,57,F,PA,2048,2500,0.171,0.171,0,0,0,0,0,0,0,0,0,0,0,0,0,0,0
00003735_000.png,No Finding,0,3735,60,F,PA,2048,2500,0.171,0.171,0,0,0,0,0,0,0,0,0,0,0,0,0,0,0
00003735_001.png,Effusion,1,3735,60,F,PA,2048,2500,0.171,0.171,1,0,0,1,0,0,0,0,0,0,0,0,0,0,0
00003736_001.png,No Finding,0,3736,49,M,PA,2500,2048,0.168,0.168,0,0,0,0,0,0,0,0,0,0,0,0,0,0,0
00003736_002.png,Infiltration,1,3736,54,M,PA,2992,2991,0.143,0.143,1,0,0,0,1,0,0,0,0,0,0,0,0,0,0
00003736_000.png,No Finding,2,3736,57,M,PA,2992,2991,0.143,0.143,0,0,0,0,0,0,0,0,0,0,0,0,0,0,0
00003739_001.png,No Finding,0,3739,50,M,PA,2500,2048,0.171,0.171,0,0,0,0,0,0,0,0,0,0,0,0,0,0,0
00003739_002.png,No Finding,1,3739,50,M,AP,2500,2048,0.171,0.171,0,0,0,0,0,0,0,0,0,0,0,0,0,0,0
00003739_003.png,No Finding,2,3739,52,M,PA,2500,2048,0.168,0.168,0,0,0,0,0,0,0,0,0,0,0,0,0,0,0
00003739_000.png,Infiltration,3,3739,60,M,PA,2992,2991,0.143,0.143,1,0,0,0,1,0,0,0,0,0,0,0,0,0,0
00003740_000.png,No Finding,0,3740,45,F,PA,2048,2500,0.171,0.171,0,0,0,0,0,0,0,0,0,0,0,0,0,0,0
00003741_001.png,Effusion,1,3741,69,M,PA,2500,2048,0.168,0.168,1,0,0,1,0,0,0,0,0,0,0,0,0,0,0
00003741_002.png,No Finding,2,3741,69,M,PA,2500,2048,0.168,0.168,0,0,0,0,0,0,0,0,0,0,0,0,0,0,0
00003741_004.png,No Finding,4,3741,69,M,PA,2500,2048,0.168,0.168,0,0,0,0,0,0,0,0,0,0,0,0,0,0,0
00003741_006.png,No Finding,6,3741,71,M,PA,2882,2991,0.143,0.143,0,0,0,0,0,0,0,0,0,0,0,0,0,0,0
00003741_007.png,Effusion,7,3741,71,M,PA,2946,2951,0.143,0.143,1,0,0,1,0,0,0,0,0,0,0,0,0,0,0
00003741_008.png,Effusion,8,3741,72,M,AP,2500,2048,0.168,0.168,1,0,0,1,0,0,0,0,0,0,0,0,0,0,0
00003741_009.png,Effusion,9,3741,73,M,PA,2500,2048,0.168,0.168,1,0,0,1,0,0,0,0,0,0,0,0,0,0,0
00003742_000.png,No Finding,0,3742,30,M,PA,2500,2048,0.168,0.168,0,0,0,0,0,0,0,0,0,0,0,0,0,0,0
00003742_001.png,No Finding,1,3742,31,M,AP,2500,2048,0.168,0.168,0,0,0,0,0,0,0,0,0,0,0,0,0,0,0
00003743_000.png,Effusion,0,3743,21,F,PA,2048,2500,0.171,0.171,1,0,0,1,0,0,0,0,0,0,0,0,0,0,0
00003743_001.png,Effusion,1,3743,21,F,PA,2048,2500,0.171,0.171,1,0,0,1,0,0,0,0,0,0,0,0,0,0,0
00003743_003.png,Effusion,3,3743,22,F,PA,2500,2048,0.168,0.168,1,0,0,1,0,0,0,0,0,0,0,0,0,0,0
00003743_004.png,Pleural_Thickening,4,3743,22,F,PA,2048,2500,0.168,0.168,1,0,0,0,0,0,0,0,0,0,0,0,0,1,0
00003746_000.png,No Finding,0,3746,68,M,PA,2500,2048,0.171,0.171,0,0,0,0,0,0,0,0,0,0,0,0,0,0,0
00003746_001.png,Mass,1,3746,68,M,AP,2500,2048,0.171,0.171,1,0,0,0,0,1,0,0,0,0,0,0,0,0,0
00003746_002.png,No Finding,2,3746,68,M,AP,2500,2048,0.171,0.171,0,0,0,0,0,0,0,0,0,0,0,0,0,0,0
00003747_000.png,Effusion|Infiltration,0,3747,60,M,PA,2500,2048,0.171,0.171,1,0,0,1,1,0,0,0,0,0,0,0,0,0,0
00003749_000.png,No Finding,0,3749,43,M,PA,2500,2048,0.171,0.171,0,0,0,0,0,0,0,0,0,0,0,0,0,0,0
00003749_001.png,No Finding,1,3749,44,M,PA,2500,2048,0.168,0.168,0,0,0,0,0,0,0,0,0,0,0,0,0,0,0
00003749_002.png,No Finding,2,3749,47,M,PA,2500,2048,0.168,0.168,0,0,0,0,0,0,0,0,0,0,0,0,0,0,0
00003750_000.png,No Finding,0,3750,38,M,PA,2048,2500,0.171,0.171,0,0,0,0,0,0,0,0,0,0,0,0,0,0,0
00003750_001.png,No Finding,1,3750,41,M,PA,2500,2048,0.168,0.168,0,0,0,0,0,0,0,0,0,0,0,0,0,0,0
00003750_002.png,No Finding,2,3750,41,M,AP,2500,2048,0.168,0.168,0,0,0,0,0,0,0,0,0,0,0,0,0,0,0
00003750_003.png,No Finding,3,3750,41,M,AP,2500,2048,0.168,0.168,0,0,0,0,0,0,0,0,0,0,0,0,0,0,0
00003751_000.png,Nodule,0,3751,59,M,PA,2500,2048,0.168,0.168,1,0,0,0,0,0,1,0,0,0,0,0,0,0,0
00003751_001.png,Nodule,1,3751,60,M,PA,2992,2991,0.143,0.143,1,0,0,0,0,0,1,0,0,0,0,0,0,0,0
00003751_002.png,Cardiomegaly|Effusion|Mass,2,3751,61,M,PA,2992,2991,0.143,0.143,1,0,1,1,0,1,0,0,0,0,0,0,0,0,0
00003751_003.png,Mass|Nodule,3,3751,61,M,PA,2992,2991,0.143,0.143,1,0,0,0,0,1,1,0,0,0,0,0,0,0,0
00003751_004.png,No Finding,4,3751,61,M,PA,2924,2948,0.143,0.143,0,0,0,0,0,0,0,0,0,0,0,0,0,0,0
00003752_000.png,No Finding,0,3752,38,M,PA,2500,2048,0.171,0.171,0,0,0,0,0,0,0,0,0,0,0,0,0,0,0
00003752_001.png,No Finding,1,3752,38,M,AP,2500,2048,0.171,0.171,0,0,0,0,0,0,0,0,0,0,0,0,0,0,0
00003752_002.png,No Finding,2,3752,38,M,AP,2500,2048,0.171,0.171,0,0,0,0,0,0,0,0,0,0,0,0,0,0,0
00003752_003.png,Mass,3,3752,39,M,PA,2500,2048,0.171,0.171,1,0,0,0,0,1,0,0,0,0,0,0,0,0,0
00003752_004.png,Nodule,4,3752,40,M,PA,2500,2048,0.168,0.168,1,0,0,0,0,0,1,0,0,0,0,0,0,0,0
00003753_000.png,No Finding,0,3753,36,F,PA,2438,2333,0.143,0.143,0,0,0,0,0,0,0,0,0,0,0,0,0,0,0
00003753_001.png,Infiltration,1,3753,39,F,PA,2426,2981,0.143,0.143,1,0,0,0,1,0,0,0,0,0,0,0,0,0,0
00003754_000.png,No Finding,0,3754,40,M,PA,2500,2048,0.171,0.171,0,0,0,0,0,0,0,0,0,0,0,0,0,0,0
00003754_001.png,No Finding,1,3754,42,M,PA,2500,2048,0.168,0.168,0,0,0,0,0,0,0,0,0,0,0,0,0,0,0
00003754_002.png,No Finding,2,3754,43,M,PA,2500,2048,0.168,0.168,0,0,0,0,0,0,0,0,0,0,0,0,0,0,0
00003758_000.png,Infiltration,0,3758,25,F,PA,2638,2465,0.143,0.143,1,0,0,0,1,0,0,0,0,0,0,0,0,0,0
00003758_001.png,Mass,1,3758,29,F,AP,2500,2048,0.168,0.168,1,0,0,0,0,1,0,0,0,0,0,0,0,0,0
00003758_002.png,Infiltration,2,3758,29,F,PA,2434,2290,0.143,0.143,1,0,0,0,1,0,0,0,0,0,0,0,0,0,0
00003758_003.png,Infiltration|Mass,3,3758,29,F,AP,2500,2048,0.168,0.168,1,0,0,0,1,1,0,0,0,0,0,0,0,0,0
00003758_004.png,Infiltration|Mass,4,3758,29,F,PA,2582,2621,0.143,0.143,1,0,0,0,1,1,0,0,0,0,0,0,0,0,0
00003758_005.png,No Finding,5,3758,29,F,AP,2500,2048,0.168,0.168,0,0,0,0,0,0,0,0,0,0,0,0,0,0,0
00003758_006.png,Infiltration,6,3758,29,F,PA,2982,2833,0.143,0.143,1,0,0,0,1,0,0,0,0,0,0,0,0,0,0
00003759_000.png,Nodule,0,3759,49,F,PA,2500,2048,0.168,0.168,1,0,0,0,0,0,1,0,0,0,0,0,0,0,0
00003759_001.png,No Finding,1,3759,49,F,AP,2500,2048,0.168,0.168,0,0,0,0,0,0,0,0,0,0,0,0,0,0,0
00003759_002.png,No Finding,2,3759,49,F,AP,2500,2048,0.168,0.168,0,0,0,0,0,0,0,0,0,0,0,0,0,0,0
00003759_003.png,Fibrosis,3,3759,49,F,PA,2048,2500,0.168,0.168,1,0,0,0,0,0,0,0,0,0,0,0,1,0,0
00003760_000.png,Pneumothorax,0,3760,76,F,AP,2500,2048,0.171,0.171,1,0,0,0,0,0,0,0,1,0,0,0,0,0,0
00003762_000.png,No Finding,0,3762,47,M,PA,2500,2048,0.171,0.171,0,0,0,0,0,0,0,0,0,0,0,0,0,0,0
00003763_000.png,No Finding,0,3763,52,F,PA,2048,2500,0.171,0.171,0,0,0,0,0,0,0,0,0,0,0,0,0,0,0
00003765_001.png,Mass,1,3765,39,M,PA,2048,2500,0.171,0.171,1,0,0,0,0,1,0,0,0,0,0,0,0,0,0
00003766_000.png,Effusion,0,3766,52,F,PA,2048,2500,0.171,0.171,1,0,0,1,0,0,0,0,0,0,0,0,0,0,0
00003766_001.png,Effusion,1,3766,52,F,PA,2048,2500,0.171,0.171,1,0,0,1,0,0,0,0,0,0,0,0,0,0,0
00003767_000.png,No Finding,0,3767,48,M,PA,2992,2991,0.143,0.143,0,0,0,0,0,0,0,0,0,0,0,0,0,0,0
00003769_000.png,Infiltration|Nodule,0,3769,53,M,PA,2500,2048,0.171,0.171,1,0,0,0,1,0,1,0,0,0,0,0,0,0,0
00003769_001.png,Infiltration|Nodule,1,3769,53,M,PA,2500,2048,0.171,0.171,1,0,0,0,1,0,1,0,0,0,0,0,0,0,0
00003769_002.png,No Finding,2,3769,53,M,PA,2500,2048,0.171,0.171,0,0,0,0,0,0,0,0,0,0,0,0,0,0,0
00003771_000.png,No Finding,0,3771,29,F,PA,2048,2500,0.171,0.171,0,0,0,0,0,0,0,0,0,0,0,0,0,0,0
00003771_001.png,No Finding,1,3771,34,F,PA,2592,2241,0.143,0.143,0,0,0,0,0,0,0,0,0,0,0,0,0,0,0
00003771_002.png,No Finding,2,3771,37,F,PA,2992,2991,0.143,0.143,0,0,0,0,0,0,0,0,0,0,0,0,0,0,0
00003771_003.png,No Finding,3,3771,37,F,AP,2500,2048,0.168,0.168,0,0,0,0,0,0,0,0,0,0,0,0,0,0,0
00003771_004.png,Effusion,4,3771,37,F,PA,2488,2160,0.143,0.143,1,0,0,1,0,0,0,0,0,0,0,0,0,0,0
00003771_005.png,No Finding,5,3771,39,F,PA,2992,2991,0.143,0.143,0,0,0,0,0,0,0,0,0,0,0,0,0,0,0
00003772_000.png,No Finding,0,3772,25,F,PA,2426,2721,0.143,0.143,0,0,0,0,0,0,0,0,0,0,0,0,0,0,0
00003773_000.png,No Finding,0,3773,44,M,AP,2048,2500,0.171,0.171,0,0,0,0,0,0,0,0,0,0,0,0,0,0,0
00003774_000.png,No Finding,0,3774,60,F,PA,2048,2500,0.168,0.168,0,0,0,0,0,0,0,0,0,0,0,0,0,0,0
00003775_000.png,No Finding,0,3775,66,F,PA,2746,2098,0.143,0.143,0,0,0,0,0,0,0,0,0,0,0,0,0,0,0
00003776_000.png,Emphysema,0,3776,52,M,PA,2500,2048,0.171,0.171,1,0,0,0,0,0,0,0,0,0,0,1,0,0,0
00003776_001.png,No Finding,1,3776,53,M,PA,2500,2048,0.171,0.171,0,0,0,0,0,0,0,0,0,0,0,0,0,0,0
00003777_000.png,Infiltration,0,3777,54,F,PA,2544,3056,0.139,0.139,1,0,0,0,1,0,0,0,0,0,0,0,0,0,0
00003778_000.png,Effusion|Nodule,0,3778,40,F,PA,2048,2500,0.171,0.171,1,0,0,1,0,0,1,0,0,0,0,0,0,0,0
00003778_001.png,No Finding,1,3778,41,F,PA,2048,2500,0.171,0.171,0,0,0,0,0,0,0,0,0,0,0,0,0,0,0
00003778_002.png,No Finding,2,3778,45,F,PA,2992,2991,0.143,0.143,0,0,0,0,0,0,0,0,0,0,0,0,0,0,0
00003779_000.png,No Finding,0,3779,56,M,PA,2500,2048,0.168,0.168,0,0,0,0,0,0,0,0,0,0,0,0,0,0,0
00003779_002.png,No Finding,2,3779,59,M,AP,2500,2048,0.168,0.168,0,0,0,0,0,0,0,0,0,0,0,0,0,0,0
00003779_003.png,Infiltration,3,3779,59,M,AP,2500,2048,0.168,0.168,1,0,0,0,1,0,0,0,0,0,0,0,0,0,0
00003779_004.png,Effusion,4,3779,59,M,AP,2500,2048,0.168,0.168,1,0,0,1,0,0,0,0,0,0,0,0,0,0,0
00003779_005.png,No Finding,5,3779,59,M,PA,2500,2048,0.168,0.168,0,0,0,0,0,0,0,0,0,0,0,0,0,0,0
00003780_000.png,No Finding,0,3780,32,M,PA,2048,2500,0.171,0.171,0,0,0,0,0,0,0,0,0,0,0,0,0,0,0
00003780_001.png,No Finding,1,3780,32,M,PA,2048,2500,0.171,0.171,0,0,0,0,0,0,0,0,0,0,0,0,0,0,0
00003780_002.png,No Finding,2,3780,33,M,PA,2500,2048,0.171,0.171,0,0,0,0,0,0,0,0,0,0,0,0,0,0,0
00003782_000.png,No Finding,0,3782,60,M,AP,2500,2048,0.168,0.168,0,0,0,0,0,0,0,0,0,0,0,0,0,0,0
00003783_000.png,No Finding,0,3783,58,M,PA,2500,2048,0.171,0.171,0,0,0,0,0,0,0,0,0,0,0,0,0,0,0
00003784_000.png,No Finding,0,3784,31,M,PA,2500,2048,0.171,0.171,0,0,0,0,0,0,0,0,0,0,0,0,0,0,0
00003786_000.png,No Finding,0,3786,42,M,PA,2992,2991,0.143,0.143,0,0,0,0,0,0,0,0,0,0,0,0,0,0,0
00003787_000.png,No Finding,0,3787,60,F,PA,2992,2991,0.143,0.143,0,0,0,0,0,0,0,0,0,0,0,0,0,0,0
00003787_001.png,No Finding,1,3787,60,F,AP,2500,2048,0.168,0.168,0,0,0,0,0,0,0,0,0,0,0,0,0,0,0
00003789_000.png,Nodule|Pneumonia,0,3789,41,M,AP,2500,2048,0.171,0.171,1,0,0,0,0,0,1,1,0,0,0,0,0,0,0
00003789_002.png,Infiltration,1,3789,41,M,AP,2500,2048,0.171,0.171,1,0,0,0,1,0,0,0,0,0,0,0,0,0,0
00003789_001.png,Infiltration,2,3789,41,M,AP,2500,2048,0.171,0.171,1,0,0,0,1,0,0,0,0,0,0,0,0,0,0
00003789_003.png,Infiltration,3,3789,41,M,AP,2500,2048,0.171,0.171,1,0,0,0,1,0,0,0,0,0,0,0,0,0,0
00003789_004.png,Infiltration,4,3789,41,M,AP,2500,2048,0.171,0.171,1,0,0,0,1,0,0,0,0,0,0,0,0,0,0
00003789_006.png,No Finding,5,3789,41,M,AP,2500,2048,0.171,0.171,0,0,0,0,0,0,0,0,0,0,0,0,0,0,0
00003789_005.png,Infiltration,6,3789,41,M,AP,2500,2048,0.171,0.171,1,0,0,0,1,0,0,0,0,0,0,0,0,0,0
00003789_007.png,Consolidation,7,3789,41,M,AP,2500,2048,0.171,0.171,1,0,0,0,0,0,0,0,0,1,0,0,0,0,0
00003789_008.png,No Finding,8,3789,41,M,PA,2048,2500,0.171,0.171,0,0,0,0,0,0,0,0,0,0,0,0,0,0,0
00003789_009.png,Cardiomegaly|Pleural_Thickening,9,3789,42,M,PA,2500,2048,0.168,0.168,1,0,1,0,0,0,0,0,0,0,0,0,0,1,0
00003790_000.png,No Finding,0,3790,38,F,PA,2730,2693,0.143,0.143,0,0,0,0,0,0,0,0,0,0,0,0,0,0,0
00003791_000.png,No Finding,0,3791,47,F,PA,2048,2500,0.171,0.171,0,0,0,0,0,0,0,0,0,0,0,0,0,0,0
00003791_001.png,No Finding,1,3791,48,F,PA,2048,2500,0.171,0.171,0,0,0,0,0,0,0,0,0,0,0,0,0,0,0
00003791_002.png,No Finding,2,3791,49,F,PA,2048,2500,0.168,0.168,0,0,0,0,0,0,0,0,0,0,0,0,0,0,0
00003792_000.png,No Finding,0,3792,44,M,PA,2500,2048,0.171,0.171,0,0,0,0,0,0,0,0,0,0,0,0,0,0,0
00003792_001.png,No Finding,1,3792,46,M,PA,2500,2048,0.171,0.171,0,0,0,0,0,0,0,0,0,0,0,0,0,0,0
00003794_000.png,Infiltration,0,3794,62,M,PA,2500,2048,0.171,0.171,1,0,0,0,1,0,0,0,0,0,0,0,0,0,0
00003796_000.png,No Finding,0,3796,49,M,PA,2500,2048,0.171,0.171,0,0,0,0,0,0,0,0,0,0,0,0,0,0,0
00003797_000.png,No Finding,0,3797,46,F,PA,2048,2500,0.171,0.171,0,0,0,0,0,0,0,0,0,0,0,0,0,0,0
00003799_000.png,Cardiomegaly|Effusion,0,3799,86,M,PA,2992,2991,0.143,0.143,1,0,1,1,0,0,0,0,0,0,0,0,0,0,0
00003799_001.png,Infiltration,1,3799,86,M,AP,3056,2544,0.139,0.139,1,0,0,0,1,0,0,0,0,0,0,0,0,0,0
00003799_002.png,No Finding,2,3799,86,M,PA,3056,2544,0.139,0.139,0,0,0,0,0,0,0,0,0,0,0,0,0,0,0
00003799_003.png,No Finding,3,3799,87,M,PA,2992,2991,0.143,0.143,0,0,0,0,0,0,0,0,0,0,0,0,0,0,0
00003799_004.png,Effusion|Infiltration,4,3799,87,M,PA,2992,2991,0.143,0.143,1,0,0,1,1,0,0,0,0,0,0,0,0,0,0
00003799_005.png,Consolidation|Effusion,5,3799,87,M,PA,2992,2991,0.143,0.143,1,0,0,1,0,0,0,0,0,1,0,0,0,0,0
00003799_006.png,No Finding,6,3799,87,M,PA,2554,2457,0.143,0.143,0,0,0,0,0,0,0,0,0,0,0,0,0,0,0
00003799_007.png,Effusion,7,3799,87,M,PA,2992,2991,0.143,0.143,1,0,0,1,0,0,0,0,0,0,0,0,0,0,0
00003800_000.png,Infiltration,0,3800,49,M,PA,2616,2831,0.143,0.143,1,0,0,0,1,0,0,0,0,0,0,0,0,0,0
00003802_000.png,No Finding,0,3802,67,M,PA,2500,2048,0.171,0.171,0,0,0,0,0,0,0,0,0,0,0,0,0,0,0
00003802_001.png,No Finding,1,3802,68,M,PA,2500,2048,0.171,0.171,0,0,0,0,0,0,0,0,0,0,0,0,0,0,0
00003802_002.png,Infiltration,2,3802,70,M,PA,2500,2048,0.168,0.168,1,0,0,0,1,0,0,0,0,0,0,0,0,0,0
00003802_003.png,No Finding,3,3802,70,M,PA,2500,2048,0.168,0.168,0,0,0,0,0,0,0,0,0,0,0,0,0,0,0
00003802_004.png,No Finding,4,3802,70,M,PA,2500,2048,0.168,0.168,0,0,0,0,0,0,0,0,0,0,0,0,0,0,0
00003803_000.png,Emphysema,0,3803,47,F,AP,2500,2048,0.168,0.168,1,0,0,0,0,0,0,0,0,0,0,1,0,0,0
00003803_001.png,No Finding,1,3803,47,F,AP,2500,2048,0.168,0.168,0,0,0,0,0,0,0,0,0,0,0,0,0,0,0
00003803_002.png,Effusion|Emphysema|Infiltration|Pneumothorax,2,3803,47,F,PA,2048,2500,0.168,0.168,1,0,0,1,1,0,0,0,1,0,0,1,0,0,0
00003803_003.png,No Finding,3,3803,47,F,PA,2500,2048,0.168,0.168,0,0,0,0,0,0,0,0,0,0,0,0,0,0,0
00003803_004.png,No Finding,4,3803,47,F,PA,2048,2500,0.168,0.168,0,0,0,0,0,0,0,0,0,0,0,0,0,0,0
00003803_005.png,No Finding,5,3803,47,F,PA,2048,2500,0.168,0.168,0,0,0,0,0,0,0,0,0,0,0,0,0,0,0
00003803_006.png,Nodule|Pleural_Thickening,6,3803,47,F,PA,2048,2500,0.168,0.168,1,0,0,0,0,0,1,0,0,0,0,0,0,1,0
00003803_008.png,No Finding,8,3803,51,F,PA,2670,2709,0.143,0.143,0,0,0,0,0,0,0,0,0,0,0,0,0,0,0
00003803_009.png,Edema|Effusion|Mass,9,3803,52,F,AP,2500,2048,0.168,0.168,1,0,0,1,0,1,0,0,0,0,1,0,0,0,0
00003803_010.png,Edema|Effusion,10,3803,52,F,PA,2992,2991,0.143,0.143,1,0,0,1,0,0,0,0,0,0,1,0,0,0,0
00003803_011.png,No Finding,11,3803,52,F,PA,2992,2991,0.143,0.143,0,0,0,0,0,0,0,0,0,0,0,0,0,0,0
00003803_012.png,Effusion|Infiltration,12,3803,52,F,AP,2048,2500,0.168,0.168,1,0,0,1,1,0,0,0,0,0,0,0,0,0,0
00003803_013.png,Consolidation,13,3803,52,F,PA,2498,2453,0.143,0.143,1,0,0,0,0,0,0,0,0,1,0,0,0,0,0
00003804_002.png,No Finding,0,3804,54,M,PA,2500,2048,0.171,0.171,0,0,0,0,0,0,0,0,0,0,0,0,0,0,0
00003804_003.png,No Finding,1,3804,54,M,PA,2500,2048,0.171,0.171,0,0,0,0,0,0,0,0,0,0,0,0,0,0,0
00003804_004.png,No Finding,2,3804,55,M,PA,2500,2048,0.171,0.171,0,0,0,0,0,0,0,0,0,0,0,0,0,0,0
00003804_005.png,No Finding,3,3804,58,M,PA,2992,2991,0.143,0.143,0,0,0,0,0,0,0,0,0,0,0,0,0,0,0
00003804_006.png,No Finding,4,3804,59,M,PA,2992,2991,0.143,0.143,0,0,0,0,0,0,0,0,0,0,0,0,0,0,0
00003804_007.png,Infiltration,5,3804,59,M,PA,2986,2753,0.143,0.143,1,0,0,0,1,0,0,0,0,0,0,0,0,0,0
00003804_008.png,No Finding,6,3804,60,M,PA,2992,2991,0.143,0.143,0,0,0,0,0,0,0,0,0,0,0,0,0,0,0
00003804_009.png,No Finding,7,3804,60,M,PA,2992,2991,0.143,0.143,0,0,0,0,0,0,0,0,0,0,0,0,0,0,0
00003804_010.png,No Finding,8,3804,61,M,PA,2992,2991,0.143,0.143,0,0,0,0,0,0,0,0,0,0,0,0,0,0,0
00003804_011.png,No Finding,9,3804,61,M,PA,2838,2991,0.143,0.143,0,0,0,0,0,0,0,0,0,0,0,0,0,0,0
00003804_012.png,No Finding,10,3804,62,M,PA,2992,2991,0.143,0.143,0,0,0,0,0,0,0,0,0,0,0,0,0,0,0
00003804_013.png,No Finding,11,3804,62,M,PA,2992,2991,0.143,0.143,0,0,0,0,0,0,0,0,0,0,0,0,0,0,0
00003804_014.png,No Finding,12,3804,63,M,PA,2992,2991,0.143,0.143,0,0,0,0,0,0,0,0,0,0,0,0,0,0,0
00003804_000.png,No Finding,13,3804,65,M,PA,2992,2991,0.143,0.143,0,0,0,0,0,0,0,0,0,0,0,0,0,0,0
00003804_001.png,No Finding,14,3804,67,M,PA,2021,2021,0.1943109999999999,0.1943109999999999,0,0,0,0,0,0,0,0,0,0,0,0,0,0,0
00003805_001.png,Nodule,0,3805,38,M,PA,2048,2500,0.171,0.171,1,0,0,0,0,0,1,0,0,0,0,0,0,0,0
00003805_002.png,No Finding,1,3805,40,M,PA,2500,2048,0.168,0.168,0,0,0,0,0,0,0,0,0,0,0,0,0,0,0
00003805_003.png,No Finding,2,3805,43,M,PA,2500,2048,0.168,0.168,0,0,0,0,0,0,0,0,0,0,0,0,0,0,0
00003805_004.png,No Finding,3,3805,44,M,PA,2992,2991,0.143,0.143,0,0,0,0,0,0,0,0,0,0,0,0,0,0,0
00003805_005.png,No Finding,4,3805,45,M,PA,2992,2991,0.143,0.143,0,0,0,0,0,0,0,0,0,0,0,0,0,0,0
00003805_006.png,No Finding,5,3805,46,M,PA,2730,2785,0.143,0.143,0,0,0,0,0,0,0,0,0,0,0,0,0,0,0
00003805_007.png,No Finding,6,3805,48,M,PA,2992,2991,0.143,0.143,0,0,0,0,0,0,0,0,0,0,0,0,0,0,0
00003805_000.png,No Finding,7,3805,50,M,PA,3056,2544,0.139,0.139,0,0,0,0,0,0,0,0,0,0,0,0,0,0,0
00003806_000.png,No Finding,0,3806,44,F,PA,2770,2813,0.143,0.143,0,0,0,0,0,0,0,0,0,0,0,0,0,0,0
00003806_001.png,No Finding,1,3806,44,F,AP,2500,2048,0.168,0.168,0,0,0,0,0,0,0,0,0,0,0,0,0,0,0
00003809_000.png,No Finding,0,3809,40,M,PA,2500,2048,0.168,0.168,0,0,0,0,0,0,0,0,0,0,0,0,0,0,0
00003810_000.png,No Finding,0,3810,65,F,PA,2048,2500,0.171,0.171,0,0,0,0,0,0,0,0,0,0,0,0,0,0,0
00003811_000.png,No Finding,0,3811,21,M,PA,2500,2048,0.171,0.171,0,0,0,0,0,0,0,0,0,0,0,0,0,0,0
00003811_001.png,No Finding,1,3811,21,M,PA,2048,2500,0.171,0.171,0,0,0,0,0,0,0,0,0,0,0,0,0,0,0
00003811_002.png,No Finding,2,3811,23,M,PA,2500,2048,0.168,0.168,0,0,0,0,0,0,0,0,0,0,0,0,0,0,0
00003811_003.png,Nodule,3,3811,25,M,PA,2992,2991,0.143,0.143,1,0,0,0,0,0,1,0,0,0,0,0,0,0,0
00003811_004.png,No Finding,4,3811,26,M,PA,2992,2991,0.143,0.143,0,0,0,0,0,0,0,0,0,0,0,0,0,0,0
00003812_001.png,No Finding,0,3812,54,F,PA,2048,2500,0.171,0.171,0,0,0,0,0,0,0,0,0,0,0,0,0,0,0
00003812_002.png,No Finding,1,3812,58,F,PA,2382,2361,0.143,0.143,0,0,0,0,0,0,0,0,0,0,0,0,0,0,0
00003812_003.png,Fibrosis|Infiltration,2,3812,59,F,PA,2992,2991,0.143,0.143,1,0,0,0,1,0,0,0,0,0,0,0,1,0,0
00003812_000.png,No Finding,3,3812,66,F,PA,2992,2991,0.143,0.143,0,0,0,0,0,0,0,0,0,0,0,0,0,0,0
00003813_000.png,No Finding,0,3813,66,F,PA,2478,2991,0.143,0.143,0,0,0,0,0,0,0,0,0,0,0,0,0,0,0
00003815_000.png,No Finding,0,3815,30,M,PA,2500,2048,0.168,0.168,0,0,0,0,0,0,0,0,0,0,0,0,0,0,0
00003815_001.png,No Finding,1,3815,32,M,PA,2798,2753,0.143,0.143,0,0,0,0,0,0,0,0,0,0,0,0,0,0,0
00003816_000.png,No Finding,0,3816,56,M,PA,2992,2991,0.143,0.143,0,0,0,0,0,0,0,0,0,0,0,0,0,0,0
00003817_000.png,Cardiomegaly,0,3817,70,F,PA,2048,2500,0.171,0.171,1,0,1,0,0,0,0,0,0,0,0,0,0,0,0
00003819_000.png,No Finding,0,3819,20,M,AP,2500,2048,0.171,0.171,0,0,0,0,0,0,0,0,0,0,0,0,0,0,0
00003819_001.png,No Finding,1,3819,23,M,PA,2846,2887,0.143,0.143,0,0,0,0,0,0,0,0,0,0,0,0,0,0,0
00003820_000.png,No Finding,0,3820,87,M,PA,2048,2500,0.171,0.171,0,0,0,0,0,0,0,0,0,0,0,0,0,0,0
00003822_000.png,No Finding,0,3822,34,M,PA,2500,2048,0.168,0.168,0,0,0,0,0,0,0,0,0,0,0,0,0,0,0
00003822_001.png,No Finding,1,3822,35,M,PA,2992,2991,0.143,0.143,0,0,0,0,0,0,0,0,0,0,0,0,0,0,0
00003823_000.png,No Finding,0,3823,66,F,PA,2048,2500,0.171,0.171,0,0,0,0,0,0,0,0,0,0,0,0,0,0,0
00003825_000.png,No Finding,0,3825,43,F,PA,2048,2500,0.168,0.168,0,0,0,0,0,0,0,0,0,0,0,0,0,0,0
00003826_000.png,No Finding,0,3826,39,F,AP,2048,2500,0.168,0.168,0,0,0,0,0,0,0,0,0,0,0,0,0,0,0
00003826_001.png,Effusion,1,3826,39,F,PA,2048,2500,0.171,0.171,1,0,0,1,0,0,0,0,0,0,0,0,0,0,0
00003826_002.png,Consolidation,2,3826,39,F,AP,2500,2048,0.171,0.171,1,0,0,0,0,0,0,0,0,1,0,0,0,0,0
00003827_000.png,Pneumothorax,0,3827,55,F,PA,2500,2048,0.171,0.171,1,0,0,0,0,0,0,0,1,0,0,0,0,0,0
00003828_000.png,No Finding,0,3828,29,F,PA,2500,2048,0.171,0.171,0,0,0,0,0,0,0,0,0,0,0,0,0,0,0
00003829_000.png,No Finding,0,3829,77,F,PA,2048,2500,0.171,0.171,0,0,0,0,0,0,0,0,0,0,0,0,0,0,0
00003830_000.png,No Finding,0,3830,65,F,PA,2500,2048,0.168,0.168,0,0,0,0,0,0,0,0,0,0,0,0,0,0,0
00003830_001.png,No Finding,1,3830,65,F,PA,2500,2048,0.168,0.168,0,0,0,0,0,0,0,0,0,0,0,0,0,0,0
00003831_000.png,No Finding,0,3831,36,F,AP,2500,2048,0.171,0.171,0,0,0,0,0,0,0,0,0,0,0,0,0,0,0
00003833_000.png,No Finding,0,3833,16,F,AP,2500,2048,0.171,0.171,0,0,0,0,0,0,0,0,0,0,0,0,0,0,0
00003833_001.png,No Finding,1,3833,20,F,PA,2626,2341,0.143,0.143,0,0,0,0,0,0,0,0,0,0,0,0,0,0,0
00003835_000.png,No Finding,0,3835,35,M,PA,2500,2048,0.171,0.171,0,0,0,0,0,0,0,0,0,0,0,0,0,0,0
00003836_000.png,No Finding,0,3836,42,M,PA,2992,2991,0.143,0.143,0,0,0,0,0,0,0,0,0,0,0,0,0,0,0
00003837_000.png,No Finding,0,3837,46,F,PA,2048,2500,0.171,0.171,0,0,0,0,0,0,0,0,0,0,0,0,0,0,0
00003837_001.png,Mass,1,3837,48,F,PA,2048,2500,0.171,0.171,1,0,0,0,0,1,0,0,0,0,0,0,0,0,0
00003837_002.png,No Finding,2,3837,49,F,PA,2500,2048,0.168,0.168,0,0,0,0,0,0,0,0,0,0,0,0,0,0,0
00003837_003.png,No Finding,3,3837,49,F,PA,2500,2048,0.168,0.168,0,0,0,0,0,0,0,0,0,0,0,0,0,0,0
00003837_004.png,No Finding,4,3837,50,F,PA,2500,2048,0.168,0.168,0,0,0,0,0,0,0,0,0,0,0,0,0,0,0
00003837_005.png,No Finding,5,3837,50,F,PA,2992,2991,0.143,0.143,0,0,0,0,0,0,0,0,0,0,0,0,0,0,0
00003837_006.png,No Finding,6,3837,51,F,PA,2992,2991,0.143,0.143,0,0,0,0,0,0,0,0,0,0,0,0,0,0,0
00003837_007.png,No Finding,7,3837,51,F,PA,2992,2991,0.143,0.143,0,0,0,0,0,0,0,0,0,0,0,0,0,0,0
00003837_008.png,No Finding,8,3837,52,F,PA,2500,2048,0.168,0.168,0,0,0,0,0,0,0,0,0,0,0,0,0,0,0
00003837_009.png,No Finding,9,3837,53,F,PA,2894,2869,0.143,0.143,0,0,0,0,0,0,0,0,0,0,0,0,0,0,0
00003837_010.png,No Finding,10,3837,53,F,PA,2048,2500,0.168,0.168,0,0,0,0,0,0,0,0,0,0,0,0,0,0,0
00003838_000.png,No Finding,0,3838,51,F,PA,2048,2500,0.168,0.168,0,0,0,0,0,0,0,0,0,0,0,0,0,0,0
00003840_000.png,No Finding,0,3840,53,F,PA,2500,2048,0.168,0.168,0,0,0,0,0,0,0,0,0,0,0,0,0,0,0
00003840_001.png,No Finding,1,3840,55,F,PA,2992,2991,0.143,0.143,0,0,0,0,0,0,0,0,0,0,0,0,0,0,0
00003840_002.png,Pneumothorax,2,3840,55,F,PA,2992,2991,0.143,0.143,1,0,0,0,0,0,0,0,1,0,0,0,0,0,0
00003840_003.png,No Finding,3,3840,56,F,PA,2992,2991,0.143,0.143,0,0,0,0,0,0,0,0,0,0,0,0,0,0,0
00003841_008.png,No Finding,0,3841,33,M,PA,2500,2048,0.171,0.171,0,0,0,0,0,0,0,0,0,0,0,0,0,0,0
00003841_010.png,No Finding,2,3841,41,M,PA,2922,2991,0.143,0.143,0,0,0,0,0,0,0,0,0,0,0,0,0,0,0
00003841_011.png,No Finding,3,3841,41,M,AP,3056,2544,0.139,0.139,0,0,0,0,0,0,0,0,0,0,0,0,0,0,0
00003841_006.png,Infiltration,14,3841,45,M,AP,3056,2544,0.139,0.139,1,0,0,0,1,0,0,0,0,0,0,0,0,0,0
00003841_007.png,No Finding,15,3841,45,M,AP,3056,2544,0.139,0.139,0,0,0,0,0,0,0,0,0,0,0,0,0,0,0
00003844_000.png,No Finding,0,3844,52,F,PA,2048,2500,0.171,0.171,0,0,0,0,0,0,0,0,0,0,0,0,0,0,0
00003845_000.png,Pleural_Thickening,0,3845,65,M,PA,2500,2048,0.171,0.171,1,0,0,0,0,0,0,0,0,0,0,0,0,1,0
00003846_000.png,Nodule,0,3846,50,F,PA,2048,2500,0.171,0.171,1,0,0,0,0,0,1,0,0,0,0,0,0,0,0
00003846_001.png,No Finding,1,3846,50,F,PA,2048,2500,0.171,0.171,0,0,0,0,0,0,0,0,0,0,0,0,0,0,0
00003847_000.png,No Finding,0,3847,35,M,PA,2500,2048,0.168,0.168,0,0,0,0,0,0,0,0,0,0,0,0,0,0,0
00003847_001.png,No Finding,1,3847,35,M,PA,2500,2048,0.168,0.168,0,0,0,0,0,0,0,0,0,0,0,0,0,0,0
00003847_002.png,No Finding,2,3847,35,M,PA,2500,2048,0.168,0.168,0,0,0,0,0,0,0,0,0,0,0,0,0,0,0
00003847_003.png,No Finding,3,3847,35,M,PA,2500,2048,0.168,0.168,0,0,0,0,0,0,0,0,0,0,0,0,0,0,0
00003847_004.png,No Finding,4,3847,35,M,AP,2500,2048,0.171,0.171,0,0,0,0,0,0,0,0,0,0,0,0,0,0,0
00003847_005.png,No Finding,5,3847,35,M,AP,2500,2048,0.168,0.168,0,0,0,0,0,0,0,0,0,0,0,0,0,0,0
00003847_006.png,No Finding,6,3847,35,M,PA,2500,2048,0.168,0.168,0,0,0,0,0,0,0,0,0,0,0,0,0,0,0
00003847_007.png,No Finding,7,3847,35,M,PA,2500,2048,0.168,0.168,0,0,0,0,0,0,0,0,0,0,0,0,0,0,0
00003847_008.png,No Finding,8,3847,35,M,AP,2500,2048,0.168,0.168,0,0,0,0,0,0,0,0,0,0,0,0,0,0,0
00003847_009.png,No Finding,9,3847,35,M,PA,2500,2048,0.168,0.168,0,0,0,0,0,0,0,0,0,0,0,0,0,0,0
00003847_010.png,No Finding,10,3847,35,M,AP,2500,2048,0.168,0.168,0,0,0,0,0,0,0,0,0,0,0,0,0,0,0
00003847_011.png,No Finding,11,3847,35,M,AP,2500,2048,0.168,0.168,0,0,0,0,0,0,0,0,0,0,0,0,0,0,0
00003847_012.png,No Finding,12,3847,37,M,AP,2500,2048,0.168,0.168,0,0,0,0,0,0,0,0,0,0,0,0,0,0,0
00003848_000.png,No Finding,0,3848,26,F,PA,2048,2500,0.171,0.171,0,0,0,0,0,0,0,0,0,0,0,0,0,0,0
00003849_000.png,No Finding,0,3849,48,M,PA,2500,2048,0.171,0.171,0,0,0,0,0,0,0,0,0,0,0,0,0,0,0
00003849_001.png,No Finding,1,3849,55,M,PA,2990,2991,0.143,0.143,0,0,0,0,0,0,0,0,0,0,0,0,0,0,0
00003851_005.png,Nodule,0,3851,42,M,PA,2992,2991,0.143,0.143,1,0,0,0,0,0,1,0,0,0,0,0,0,0,0
00003851_006.png,Nodule,1,3851,42,M,AP,3024,2544,0.139,0.139,1,0,0,0,0,0,1,0,0,0,0,0,0,0,0
00003851_000.png,Infiltration,2,3851,44,M,PA,3056,2544,0.139,0.139,1,0,0,0,1,0,0,0,0,0,0,0,0,0,0
00003851_001.png,Infiltration,3,3851,44,M,PA,2992,2991,0.143,0.143,1,0,0,0,1,0,0,0,0,0,0,0,0,0,0
00003851_004.png,No Finding,6,3851,44,M,AP,3056,2544,0.139,0.139,0,0,0,0,0,0,0,0,0,0,0,0,0,0,0
00003852_000.png,No Finding,0,3852,35,F,PA,2500,2048,0.168,0.168,0,0,0,0,0,0,0,0,0,0,0,0,0,0,0
00003853_000.png,No Finding,0,3853,23,F,PA,2048,2500,0.171,0.171,0,0,0,0,0,0,0,0,0,0,0,0,0,0,0
00003854_000.png,No Finding,0,3854,53,F,PA,2500,2048,0.171,0.171,0,0,0,0,0,0,0,0,0,0,0,0,0,0,0
00003857_001.png,No Finding,1,3857,55,M,AP,2500,2048,0.171,0.171,0,0,0,0,0,0,0,0,0,0,0,0,0,0,0
00003857_002.png,No Finding,2,3857,55,M,AP,2500,2048,0.171,0.171,0,0,0,0,0,0,0,0,0,0,0,0,0,0,0
00003859_000.png,No Finding,0,3859,42,M,AP,2500,2048,0.171,0.171,0,0,0,0,0,0,0,0,0,0,0,0,0,0,0
00003859_001.png,No Finding,1,3859,42,M,PA,2500,2048,0.171,0.171,0,0,0,0,0,0,0,0,0,0,0,0,0,0,0
00003860_000.png,Emphysema,0,3860,62,M,PA,2500,2048,0.171,0.171,1,0,0,0,0,0,0,0,0,0,0,1,0,0,0
00003861_000.png,No Finding,0,3861,11,M,PA,2048,2500,0.171,0.171,0,0,0,0,0,0,0,0,0,0,0,0,0,0,0
00003861_001.png,No Finding,1,3861,11,M,PA,2048,2500,0.171,0.171,0,0,0,0,0,0,0,0,0,0,0,0,0,0,0
00003861_002.png,No Finding,2,3861,11,M,PA,2048,2500,0.171,0.171,0,0,0,0,0,0,0,0,0,0,0,0,0,0,0
00003863_000.png,No Finding,0,3863,47,M,AP,2500,2048,0.171,0.171,0,0,0,0,0,0,0,0,0,0,0,0,0,0,0
00003863_001.png,No Finding,1,3863,47,M,AP,2500,2048,0.171,0.171,0,0,0,0,0,0,0,0,0,0,0,0,0,0,0
00003863_002.png,No Finding,2,3863,47,M,AP,2500,2048,0.171,0.171,0,0,0,0,0,0,0,0,0,0,0,0,0,0,0
00003863_003.png,Effusion,3,3863,47,M,AP,2500,2048,0.171,0.171,1,0,0,1,0,0,0,0,0,0,0,0,0,0,0
00003863_004.png,Effusion,4,3863,47,M,PA,2500,2048,0.171,0.171,1,0,0,1,0,0,0,0,0,0,0,0,0,0,0
00003863_005.png,No Finding,5,3863,47,M,PA,2048,2500,0.171,0.171,0,0,0,0,0,0,0,0,0,0,0,0,0,0,0
00003863_006.png,No Finding,6,3863,51,M,AP,2500,2048,0.168,0.168,0,0,0,0,0,0,0,0,0,0,0,0,0,0,0
00003863_007.png,No Finding,7,3863,51,M,AP,2500,2048,0.168,0.168,0,0,0,0,0,0,0,0,0,0,0,0,0,0,0
00003863_008.png,No Finding,8,3863,51,M,PA,2500,2048,0.168,0.168,0,0,0,0,0,0,0,0,0,0,0,0,0,0,0
00003863_012.png,Effusion,12,3863,52,M,PA,2992,2991,0.143,0.143,1,0,0,1,0,0,0,0,0,0,0,0,0,0,0
00003863_013.png,No Finding,13,3863,52,M,PA,2986,2991,0.143,0.143,0,0,0,0,0,0,0,0,0,0,0,0,0,0,0
00003864_000.png,No Finding,0,3864,17,F,PA,2048,2500,0.171,0.171,0,0,0,0,0,0,0,0,0,0,0,0,0,0,0
00003864_001.png,No Finding,1,3864,17,F,PA,2048,2500,0.171,0.171,0,0,0,0,0,0,0,0,0,0,0,0,0,0,0
00003864_002.png,No Finding,2,3864,18,F,PA,2048,2500,0.171,0.171,0,0,0,0,0,0,0,0,0,0,0,0,0,0,0
00003865_000.png,No Finding,0,3865,55,M,PA,2500,2048,0.168,0.168,0,0,0,0,0,0,0,0,0,0,0,0,0,0,0
00003867_000.png,No Finding,0,3867,28,M,AP,2500,2048,0.171,0.171,0,0,0,0,0,0,0,0,0,0,0,0,0,0,0
00003867_002.png,No Finding,2,3867,29,M,AP,2500,2048,0.171,0.171,0,0,0,0,0,0,0,0,0,0,0,0,0,0,0
00003867_003.png,No Finding,3,3867,29,M,AP,2500,2048,0.171,0.171,0,0,0,0,0,0,0,0,0,0,0,0,0,0,0
00003867_004.png,No Finding,4,3867,29,M,AP,2500,2048,0.171,0.171,0,0,0,0,0,0,0,0,0,0,0,0,0,0,0
00003867_005.png,No Finding,5,3867,30,M,PA,2500,2048,0.168,0.168,0,0,0,0,0,0,0,0,0,0,0,0,0,0,0
00003867_006.png,No Finding,6,3867,33,M,PA,2734,2991,0.143,0.143,0,0,0,0,0,0,0,0,0,0,0,0,0,0,0
00003867_007.png,Effusion,7,3867,33,M,AP,2500,2048,0.168,0.168,1,0,0,1,0,0,0,0,0,0,0,0,0,0,0
00003867_008.png,Effusion,8,3867,33,M,AP,2500,2048,0.168,0.168,1,0,0,1,0,0,0,0,0,0,0,0,0,0,0
00003867_015.png,No Finding,15,3867,33,M,AP,2500,2048,0.168,0.168,0,0,0,0,0,0,0,0,0,0,0,0,0,0,0
00003867_016.png,No Finding,16,3867,34,M,PA,2810,2991,0.143,0.143,0,0,0,0,0,0,0,0,0,0,0,0,0,0,0
00003867_017.png,No Finding,17,3867,34,M,PA,2942,2693,0.143,0.143,0,0,0,0,0,0,0,0,0,0,0,0,0,0,0
00003867_018.png,No Finding,18,3867,34,M,PA,2500,2048,0.168,0.168,0,0,0,0,0,0,0,0,0,0,0,0,0,0,0
00003867_019.png,No Finding,19,3867,36,M,PA,2992,2991,0.143,0.143,0,0,0,0,0,0,0,0,0,0,0,0,0,0,0
00003869_000.png,No Finding,0,3869,54,M,PA,2500,2048,0.171,0.171,0,0,0,0,0,0,0,0,0,0,0,0,0,0,0
00003871_000.png,No Finding,0,3871,23,F,PA,2048,2500,0.171,0.171,0,0,0,0,0,0,0,0,0,0,0,0,0,0,0
00003874_000.png,No Finding,0,3874,11,M,PA,2048,2500,0.171,0.171,0,0,0,0,0,0,0,0,0,0,0,0,0,0,0
00003875_000.png,No Finding,0,3875,18,M,PA,2048,2500,0.171,0.171,0,0,0,0,0,0,0,0,0,0,0,0,0,0,0
00003875_001.png,No Finding,1,3875,18,M,PA,2500,2048,0.171,0.171,0,0,0,0,0,0,0,0,0,0,0,0,0,0,0
00003875_002.png,No Finding,2,3875,20,M,PA,2500,2048,0.168,0.168,0,0,0,0,0,0,0,0,0,0,0,0,0,0,0
00003875_003.png,No Finding,3,3875,20,M,AP,2500,2048,0.168,0.168,0,0,0,0,0,0,0,0,0,0,0,0,0,0,0
00003875_004.png,No Finding,4,3875,20,M,AP,2500,2048,0.171,0.171,0,0,0,0,0,0,0,0,0,0,0,0,0,0,0
00003875_005.png,Infiltration,5,3875,20,M,AP,2500,2048,0.171,0.171,1,0,0,0,1,0,0,0,0,0,0,0,0,0,0
00003875_006.png,Edema|Infiltration,6,3875,20,M,AP,2500,2048,0.171,0.171,1,0,0,0,1,0,0,0,0,0,1,0,0,0,0
00003875_007.png,No Finding,7,3875,20,M,AP,2500,2048,0.168,0.168,0,0,0,0,0,0,0,0,0,0,0,0,0,0,0
00003875_008.png,Cardiomegaly,8,3875,20,M,AP,2500,2048,0.168,0.168,1,0,1,0,0,0,0,0,0,0,0,0,0,0,0
00003875_009.png,Infiltration,9,3875,20,M,PA,2500,2048,0.168,0.168,1,0,0,0,1,0,0,0,0,0,0,0,0,0,0
00003875_010.png,No Finding,10,3875,20,M,PA,2500,2048,0.168,0.168,0,0,0,0,0,0,0,0,0,0,0,0,0,0,0
00003875_011.png,No Finding,11,3875,20,M,PA,2500,2048,0.168,0.168,0,0,0,0,0,0,0,0,0,0,0,0,0,0,0
00003875_012.png,Infiltration,12,3875,20,M,AP,2500,2048,0.168,0.168,1,0,0,0,1,0,0,0,0,0,0,0,0,0,0
00003875_013.png,Infiltration|Nodule,13,3875,21,M,AP,2500,2048,0.171,0.171,1,0,0,0,1,0,1,0,0,0,0,0,0,0,0
00003875_014.png,No Finding,14,3875,21,M,AP,2500,2048,0.171,0.171,0,0,0,0,0,0,0,0,0,0,0,0,0,0,0
00003879_000.png,Mass,0,3879,55,M,AP,2500,2048,0.171,0.171,1,0,0,0,0,1,0,0,0,0,0,0,0,0,0
00003879_001.png,Pleural_Thickening,1,3879,55,M,PA,2048,2500,0.171,0.171,1,0,0,0,0,0,0,0,0,0,0,0,0,1,0
00003879_002.png,No Finding,2,3879,55,M,PA,2048,2500,0.171,0.171,0,0,0,0,0,0,0,0,0,0,0,0,0,0,0
00003882_000.png,No Finding,0,3882,50,M,AP,2500,2048,0.171,0.171,0,0,0,0,0,0,0,0,0,0,0,0,0,0,0
00003882_001.png,No Finding,1,3882,50,M,AP,2500,2048,0.171,0.171,0,0,0,0,0,0,0,0,0,0,0,0,0,0,0
00003882_002.png,No Finding,2,3882,51,M,PA,2500,2048,0.171,0.171,0,0,0,0,0,0,0,0,0,0,0,0,0,0,0
00003882_003.png,No Finding,3,3882,51,M,AP,2500,2048,0.171,0.171,0,0,0,0,0,0,0,0,0,0,0,0,0,0,0
00003882_004.png,No Finding,4,3882,51,M,PA,2500,2048,0.171,0.171,0,0,0,0,0,0,0,0,0,0,0,0,0,0,0
00003882_007.png,No Finding,7,3882,51,M,AP,2500,2048,0.171,0.171,0,0,0,0,0,0,0,0,0,0,0,0,0,0,0
00003883_000.png,No Finding,0,3883,34,M,PA,2500,2048,0.171,0.171,0,0,0,0,0,0,0,0,0,0,0,0,0,0,0
00003884_000.png,No Finding,0,3884,23,M,PA,2798,2526,0.143,0.143,0,0,0,0,0,0,0,0,0,0,0,0,0,0,0
00003885_000.png,No Finding,0,3885,30,M,PA,2500,2048,0.171,0.171,0,0,0,0,0,0,0,0,0,0,0,0,0,0,0
00003886_000.png,No Finding,0,3886,62,M,PA,2992,2991,0.143,0.143,0,0,0,0,0,0,0,0,0,0,0,0,0,0,0
00003887_000.png,Infiltration,0,3887,22,F,PA,2048,2500,0.171,0.171,1,0,0,0,1,0,0,0,0,0,0,0,0,0,0
00003887_001.png,Fibrosis,1,3887,23,F,PA,2048,2500,0.171,0.171,1,0,0,0,0,0,0,0,0,0,0,0,1,0,0
00003887_002.png,No Finding,2,3887,24,F,PA,2500,2048,0.168,0.168,0,0,0,0,0,0,0,0,0,0,0,0,0,0,0
00003887_003.png,No Finding,3,3887,28,F,PA,2048,2500,0.168,0.168,0,0,0,0,0,0,0,0,0,0,0,0,0,0,0
00003888_000.png,No Finding,0,3888,56,F,PA,2048,2500,0.171,0.171,0,0,0,0,0,0,0,0,0,0,0,0,0,0,0
00003889_000.png,Cardiomegaly,0,3889,35,F,PA,2048,2500,0.171,0.171,1,0,1,0,0,0,0,0,0,0,0,0,0,0,0
00003890_001.png,No Finding,0,3890,64,M,PA,2630,2991,0.143,0.143,0,0,0,0,0,0,0,0,0,0,0,0,0,0,0
00003890_002.png,No Finding,1,3890,65,M,PA,2618,2753,0.143,0.143,0,0,0,0,0,0,0,0,0,0,0,0,0,0,0
00003890_003.png,No Finding,2,3890,67,M,PA,2992,2991,0.143,0.143,0,0,0,0,0,0,0,0,0,0,0,0,0,0,0
00003890_004.png,No Finding,3,3890,68,M,PA,2422,2745,0.143,0.143,0,0,0,0,0,0,0,0,0,0,0,0,0,0,0
00003890_000.png,No Finding,4,3890,72,M,PA,2544,3056,0.139,0.139,0,0,0,0,0,0,0,0,0,0,0,0,0,0,0
00003891_000.png,Nodule,0,3891,56,M,PA,2500,2048,0.171,0.171,1,0,0,0,0,0,1,0,0,0,0,0,0,0,0
00003891_001.png,Effusion,1,3891,56,M,PA,2500,2048,0.171,0.171,1,0,0,1,0,0,0,0,0,0,0,0,0,0,0
00003891_002.png,No Finding,2,3891,56,M,PA,2500,2048,0.171,0.171,0,0,0,0,0,0,0,0,0,0,0,0,0,0,0
00003892_000.png,No Finding,0,3892,47,M,PA,2048,2500,0.171,0.171,0,0,0,0,0,0,0,0,0,0,0,0,0,0,0
00003893_001.png,No Finding,0,3893,65,F,PA,2048,2500,0.171,0.171,0,0,0,0,0,0,0,0,0,0,0,0,0,0,0
00003893_002.png,No Finding,1,3893,65,F,PA,2048,2500,0.171,0.171,0,0,0,0,0,0,0,0,0,0,0,0,0,0,0
00003893_003.png,No Finding,2,3893,68,F,PA,2048,2500,0.168,0.168,0,0,0,0,0,0,0,0,0,0,0,0,0,0,0
00003893_000.png,Infiltration,3,3893,75,F,PA,2992,2991,0.143,0.143,1,0,0,0,1,0,0,0,0,0,0,0,0,0,0
00003894_000.png,No Finding,0,3894,75,M,PA,2500,2048,0.168,0.168,0,0,0,0,0,0,0,0,0,0,0,0,0,0,0
00003894_001.png,No Finding,1,3894,77,M,PA,2992,2991,0.143,0.143,0,0,0,0,0,0,0,0,0,0,0,0,0,0,0
00003894_002.png,No Finding,2,3894,78,M,PA,2992,2991,0.143,0.143,0,0,0,0,0,0,0,0,0,0,0,0,0,0,0
00003894_003.png,No Finding,3,3894,79,M,PA,2992,2991,0.143,0.143,0,0,0,0,0,0,0,0,0,0,0,0,0,0,0
00003894_004.png,No Finding,4,3894,79,M,PA,2992,2991,0.143,0.143,0,0,0,0,0,0,0,0,0,0,0,0,0,0,0
00003894_005.png,Nodule|Pneumonia,5,3894,79,M,PA,2992,2991,0.143,0.143,1,0,0,0,0,0,1,1,0,0,0,0,0,0,0
00003894_006.png,Mass|Pneumothorax,6,3894,79,M,PA,2992,2991,0.143,0.143,1,0,0,0,0,1,0,0,1,0,0,0,0,0,0
00003894_007.png,No Finding,7,3894,80,M,PA,2992,2786,0.143,0.143,0,0,0,0,0,0,0,0,0,0,0,0,0,0,0
00003894_008.png,Mass,8,3894,80,M,PA,2500,2048,0.168,0.168,1,0,0,0,0,1,0,0,0,0,0,0,0,0,0
00003894_009.png,No Finding,9,3894,81,M,PA,2882,2991,0.143,0.143,0,0,0,0,0,0,0,0,0,0,0,0,0,0,0
00003895_000.png,No Finding,0,3895,24,F,AP,2500,2048,0.168,0.168,0,0,0,0,0,0,0,0,0,0,0,0,0,0,0
00003895_001.png,Cardiomegaly|Infiltration,1,3895,26,F,PA,2048,2500,0.168,0.168,1,0,1,0,1,0,0,0,0,0,0,0,0,0,0
00003895_002.png,Cardiomegaly|Consolidation,2,3895,27,F,PA,2508,2936,0.143,0.143,1,0,1,0,0,0,0,0,0,1,0,0,0,0,0
00003895_003.png,No Finding,3,3895,28,F,AP,2048,2500,0.168,0.168,0,0,0,0,0,0,0,0,0,0,0,0,0,0,0
00003895_004.png,No Finding,4,3895,28,F,AP,2500,2048,0.168,0.168,0,0,0,0,0,0,0,0,0,0,0,0,0,0,0
00003895_005.png,Cardiomegaly,5,3895,28,F,AP,2500,2048,0.168,0.168,1,0,1,0,0,0,0,0,0,0,0,0,0,0,0
00003895_006.png,No Finding,6,3895,32,F,PA,2992,2991,0.143,0.143,0,0,0,0,0,0,0,0,0,0,0,0,0,0,0
00003896_000.png,No Finding,0,3896,66,F,AP,2500,2048,0.171,0.171,0,0,0,0,0,0,0,0,0,0,0,0,0,0,0
00003896_001.png,Nodule,1,3896,68,F,PA,2048,2500,0.168,0.168,1,0,0,0,0,0,1,0,0,0,0,0,0,0,0
00003896_002.png,No Finding,2,3896,71,F,PA,2758,2657,0.143,0.143,0,0,0,0,0,0,0,0,0,0,0,0,0,0,0
00003896_003.png,No Finding,3,3896,71,F,AP,2500,2048,0.168,0.168,0,0,0,0,0,0,0,0,0,0,0,0,0,0,0
00003896_004.png,No Finding,4,3896,73,F,PA,2598,2729,0.143,0.143,0,0,0,0,0,0,0,0,0,0,0,0,0,0,0
00003896_005.png,Nodule,5,3896,74,F,PA,2392,2728,0.139,0.139,1,0,0,0,0,0,1,0,0,0,0,0,0,0,0
00003896_006.png,No Finding,6,3896,74,F,AP,2500,2048,0.168,0.168,0,0,0,0,0,0,0,0,0,0,0,0,0,0,0
00003897_000.png,No Finding,0,3897,60,M,PA,2500,2048,0.171,0.171,0,0,0,0,0,0,0,0,0,0,0,0,0,0,0
00003898_000.png,No Finding,0,3898,65,M,PA,2048,2500,0.171,0.171,0,0,0,0,0,0,0,0,0,0,0,0,0,0,0
00003898_001.png,No Finding,1,3898,65,M,AP,2500,2048,0.171,0.171,0,0,0,0,0,0,0,0,0,0,0,0,0,0,0
00003900_000.png,No Finding,0,3900,59,F,PA,2678,2991,0.143,0.143,0,0,0,0,0,0,0,0,0,0,0,0,0,0,0
00003901_000.png,Pleural_Thickening,0,3901,53,M,PA,2500,2048,0.171,0.171,1,0,0,0,0,0,0,0,0,0,0,0,0,1,0
00003902_001.png,No Finding,0,3902,58,F,PA,2992,2991,0.143,0.143,0,0,0,0,0,0,0,0,0,0,0,0,0,0,0
00003902_000.png,No Finding,1,3902,60,F,PA,2992,2991,0.143,0.143,0,0,0,0,0,0,0,0,0,0,0,0,0,0,0
00003904_000.png,No Finding,0,3904,74,M,PA,2048,2500,0.171,0.171,0,0,0,0,0,0,0,0,0,0,0,0,0,0,0
00003906_000.png,No Finding,0,3906,31,M,PA,2500,2048,0.171,0.171,0,0,0,0,0,0,0,0,0,0,0,0,0,0,0
00003906_001.png,No Finding,1,3906,31,M,PA,2048,2500,0.171,0.171,0,0,0,0,0,0,0,0,0,0,0,0,0,0,0
00003907_000.png,No Finding,0,3907,34,F,PA,2698,2749,0.143,0.143,0,0,0,0,0,0,0,0,0,0,0,0,0,0,0
00003908_000.png,No Finding,0,3908,41,F,PA,2048,2500,0.171,0.171,0,0,0,0,0,0,0,0,0,0,0,0,0,0,0
00003910_000.png,No Finding,0,3910,46,M,PA,2500,2048,0.171,0.171,0,0,0,0,0,0,0,0,0,0,0,0,0,0,0
00003910_001.png,No Finding,1,3910,46,M,PA,2500,2048,0.171,0.171,0,0,0,0,0,0,0,0,0,0,0,0,0,0,0
00003910_002.png,No Finding,2,3910,47,M,PA,2500,2048,0.171,0.171,0,0,0,0,0,0,0,0,0,0,0,0,0,0,0
00003912_000.png,Pleural_Thickening,0,3912,31,M,AP,2500,2048,0.171,0.171,1,0,0,0,0,0,0,0,0,0,0,0,0,1,0
00003912_003.png,No Finding,3,3912,31,M,AP,2500,2048,0.171,0.171,0,0,0,0,0,0,0,0,0,0,0,0,0,0,0
00003912_004.png,No Finding,4,3912,35,M,PA,2992,2991,0.143,0.143,0,0,0,0,0,0,0,0,0,0,0,0,0,0,0
00003912_005.png,No Finding,5,3912,35,M,PA,2754,2829,0.143,0.143,0,0,0,0,0,0,0,0,0,0,0,0,0,0,0
00003912_006.png,No Finding,6,3912,36,M,PA,2992,2991,0.143,0.143,0,0,0,0,0,0,0,0,0,0,0,0,0,0,0
00003913_000.png,No Finding,0,3913,33,F,PA,2048,2500,0.171,0.171,0,0,0,0,0,0,0,0,0,0,0,0,0,0,0
00003914_000.png,No Finding,0,3914,34,F,PA,2048,2500,0.171,0.171,0,0,0,0,0,0,0,0,0,0,0,0,0,0,0
00003914_001.png,No Finding,1,3914,34,F,AP,2500,2048,0.171,0.171,0,0,0,0,0,0,0,0,0,0,0,0,0,0,0
00003914_002.png,Cardiomegaly|Effusion,2,3914,34,F,PA,2500,2048,0.171,0.171,1,0,1,1,0,0,0,0,0,0,0,0,0,0,0
00003914_003.png,No Finding,3,3914,34,F,PA,2500,2048,0.171,0.171,0,0,0,0,0,0,0,0,0,0,0,0,0,0,0
00003914_004.png,Cardiomegaly,4,3914,34,F,PA,2500,2048,0.171,0.171,1,0,1,0,0,0,0,0,0,0,0,0,0,0,0
00003914_005.png,No Finding,5,3914,34,F,PA,2500,2048,0.171,0.171,0,0,0,0,0,0,0,0,0,0,0,0,0,0,0
00003919_000.png,No Finding,0,3919,59,M,PA,2500,2048,0.171,0.171,0,0,0,0,0,0,0,0,0,0,0,0,0,0,0
00003920_000.png,No Finding,0,3920,53,M,PA,2500,2048,0.171,0.171,0,0,0,0,0,0,0,0,0,0,0,0,0,0,0
